State,District,Crop,Season,Yield-2016-17,Yield-2017-18,Yield-2018-19,Yield-2019-20,Yield-2020-21,Yield-2021-22,Yield-2022-23,Yield-2023-24,Yield-2024-25
Andaman And Nicobar Islands,Nicobars,Maize,Rabi,,,,,,1133.0,,,
Andaman And Nicobar Islands,Nicobars,Moong,Rabi,400.0,,,,3090.0,,,,
Andaman And Nicobar Islands,Nicobars,Rice,Kharif,1430.0,530.0,1466.0,1387.0,,,1260.0,2266.0,735.0
Andaman And Nicobar Islands,Nicobars,Urad,Rabi,,,,,2445.0,,,,
Andaman And Nicobar Islands,North And Middle Andaman,Maize,Kharif,,,,,,,,3347.0,
Andaman And Nicobar Islands,North And Middle Andaman,Maize,Rabi,2360.0,574.0,2164.0,2866.0,2925.0,3001.0,2260.0,,3177.0
Andaman And Nicobar Islands,North And Middle Andaman,Moong,Rabi,291.0,311.0,210.0,598.0,406.0,327.0,363.0,285.0,355.0
Andaman And Nicobar Islands,North And Middle Andaman,Rice,Kharif,2579.0,2104.0,2117.0,3156.0,,,2110.0,2100.0,2062.0
Andaman And Nicobar Islands,North And Middle Andaman,Tur,Kharif,,,,,,,,810.0,
Andaman And Nicobar Islands,North And Middle Andaman,Tur,Rabi,46.0,500.0,,,95.0,185.0,300.0,,
Andaman And Nicobar Islands,North And Middle Andaman,Urad,Rabi,322.0,291.0,161.0,536.0,393.0,300.0,358.0,270.0,338.0
Andaman And Nicobar Islands,South Andamans,Maize,Kharif,,,,,,,,1401.0,
Andaman And Nicobar Islands,South Andamans,Maize,Rabi,1843.0,1538.0,1114.0,2481.0,1305.0,1695.0,,,387.0
Andaman And Nicobar Islands,South Andamans,Moong,Rabi,188.0,600.0,,531.0,260.0,260.0,600.0,105588.0,
Andaman And Nicobar Islands,South Andamans,Rice,Kharif,2713.0,2087.0,2306.0,3040.0,,,2082.0,2168.0,1889.0
Andaman And Nicobar Islands,South Andamans,Urad,Rabi,200.0,1048.0,,20.0,7.0,7.0,492.0,385540.0,
Andhra Pradesh,Alluri Sitharama Raju,Bajra,Kharif,,,,,,,2303.0,2029.0,2551.0
Andhra Pradesh,Alluri Sitharama Raju,Jowar,Kharif,,,,,,,1143.0,1416.0,437.0
Andhra Pradesh,Alluri Sitharama Raju,Jowar,Rabi,,,,,,,649.0,5370.0,6690.0
Andhra Pradesh,Alluri Sitharama Raju,Maize,Kharif,,,,,,,3123.0,3438.0,2535.0
Andhra Pradesh,Alluri Sitharama Raju,Maize,Rabi,,,,,,,4486.0,7397.0,6125.0
Andhra Pradesh,Alluri Sitharama Raju,Moong,Kharif,,,,,,,568.0,901.0,451.0
Andhra Pradesh,Alluri Sitharama Raju,Moong,Rabi,,,,,,,760.0,797.0,965.0
Andhra Pradesh,Alluri Sitharama Raju,Ragi,Kharif,,,,,,,1030.0,1269.0,1317.0
Andhra Pradesh,Alluri Sitharama Raju,Rice,Kharif,,,,,,,2987.0,1762.0,3155.0
Andhra Pradesh,Alluri Sitharama Raju,Rice,Rabi,,,,,,,2999.0,3180.0,2917.0
Andhra Pradesh,Alluri Sitharama Raju,Shree Anna /Nutri Cereals,Kharif,,,,,,,970.0,1194.0,1182.0
Andhra Pradesh,Alluri Sitharama Raju,Shree Anna /Nutri Cereals,Rabi,,,,,,,649.0,5370.0,6690.0
Andhra Pradesh,Alluri Sitharama Raju,Small Millets,Kharif,,,,,,,501.0,542.0,485.0
Andhra Pradesh,Alluri Sitharama Raju,Tur,Kharif,,,,,,,266.0,308.0,402.0
Andhra Pradesh,Alluri Sitharama Raju,Tur,Rabi,,,,,,,250.0,,
Andhra Pradesh,Alluri Sitharama Raju,Urad,Kharif,,,,,,,703.0,435.0,876.0
Andhra Pradesh,Alluri Sitharama Raju,Urad,Rabi,,,,,,,878.0,885.0,916.0
Andhra Pradesh,Anakapalli,Bajra,Kharif,,,,,,,1210.0,855.0,1101.0
Andhra Pradesh,Anakapalli,Gram,Rabi,,,,,,,2000.0,1556.0,
Andhra Pradesh,Anakapalli,Jowar,Rabi,,,,,,,7000.0,,
Andhra Pradesh,Anakapalli,Maize,Kharif,,,,,,,4176.0,4695.0,4586.0
Andhra Pradesh,Anakapalli,Maize,Rabi,,,,,,,9750.0,8811.0,8619.0
Andhra Pradesh,Anakapalli,Moong,Kharif,,,,,,,641.0,616.0,451.0
Andhra Pradesh,Anakapalli,Moong,Rabi,,,,,,,517.0,634.0,624.0
Andhra Pradesh,Anakapalli,Ragi,Kharif,,,,,,,1000.0,1317.0,1881.0
Andhra Pradesh,Anakapalli,Ragi,Rabi,,,,,,,1444.0,,
Andhra Pradesh,Anakapalli,Rice,Kharif,,,,,,,3143.0,2589.0,3164.0
Andhra Pradesh,Anakapalli,Rice,Rabi,,,,,,,2955.0,2986.0,3126.0
Andhra Pradesh,Anakapalli,Shree Anna /Nutri Cereals,Kharif,,,,,,,1209.0,879.0,1131.0
Andhra Pradesh,Anakapalli,Shree Anna /Nutri Cereals,Rabi,,,,,,,1737.0,,
Andhra Pradesh,Anakapalli,Small Millets,Kharif,,,,,,,,1407.0,
Andhra Pradesh,Anakapalli,Tur,Kharif,,,,,,,222.0,606.0,735.0
Andhra Pradesh,Anakapalli,Urad,Kharif,,,,,,,1082.0,1200.0,990.0
Andhra Pradesh,Anakapalli,Urad,Rabi,,,,,,,547.0,721.0,692.0
Andhra Pradesh,Ananthapuramu,Bajra,Kharif,510.0,1337.0,1157.0,1531.0,1414.0,753.0,811.0,828.0,1340.0
Andhra Pradesh,Ananthapuramu,Bajra,Rabi,500.0,1333.0,1154.0,1517.0,1415.0,750.0,1733.0,,
Andhra Pradesh,Ananthapuramu,Bajra,Summer,,,,,,,,,2215.0
Andhra Pradesh,Ananthapuramu,Gram,Kharif,,,,,,250.0,1000.0,,
Andhra Pradesh,Ananthapuramu,Gram,Rabi,259.0,680.0,248.0,767.0,433.0,239.0,1154.0,492.0,555.0
Andhra Pradesh,Ananthapuramu,Jowar,Kharif,201.0,533.0,84.0,584.0,636.0,430.0,538.0,573.0,255.0
Andhra Pradesh,Ananthapuramu,Jowar,Rabi,113.0,439.0,133.0,891.0,406.0,649.0,1560.0,836.0,1101.0
Andhra Pradesh,Ananthapuramu,Maize,Kharif,2063.0,3766.0,2837.0,2794.0,3840.0,1670.0,3890.0,4745.0,5006.0
Andhra Pradesh,Ananthapuramu,Maize,Rabi,4533.0,4704.0,2958.0,4812.0,5109.0,5295.0,8365.0,6615.0,5655.0
Andhra Pradesh,Ananthapuramu,Moong,Kharif,231.0,218.0,86.0,226.0,197.0,111.0,405.0,180.0,309.0
Andhra Pradesh,Ananthapuramu,Moong,Rabi,400.0,946.0,627.0,977.0,242.0,251.0,379.0,237.0,411.0
Andhra Pradesh,Ananthapuramu,Ragi,Kharif,2116.0,2336.0,1986.0,1863.0,1689.0,618.0,1125.0,1027.0,1339.0
Andhra Pradesh,Ananthapuramu,Ragi,Rabi,2094.0,2588.0,2483.0,2456.0,2197.0,2803.0,3056.0,,
Andhra Pradesh,Ananthapuramu,Rice,Kharif,2454.0,2508.0,2674.0,3610.0,2724.0,2081.0,3693.0,3577.0,3431.0
Andhra Pradesh,Ananthapuramu,Rice,Rabi,2711.0,2982.0,2496.0,3135.0,3143.0,2601.0,4429.0,2956.0,2789.0
Andhra Pradesh,Ananthapuramu,Shree Anna /Nutri Cereals,Kharif,578.0,860.0,384.0,697.0,1162.0,457.0,614.0,650.0,902.0
Andhra Pradesh,Ananthapuramu,Shree Anna /Nutri Cereals,Rabi,742.0,770.0,692.0,1129.0,676.0,1107.0,1568.0,836.0,1101.0
Andhra Pradesh,Ananthapuramu,Shree Anna /Nutri Cereals,Summer,,,,,,,,,2215.0
Andhra Pradesh,Ananthapuramu,Small Millets,Kharif,632.0,1202.0,219.0,450.0,559.0,180.0,507.0,568.0,899.0
Andhra Pradesh,Ananthapuramu,Small Millets,Rabi,667.0,1333.0,146.0,364.0,710.0,835.0,1554.0,,
Andhra Pradesh,Ananthapuramu,Tur,Kharif,99.0,194.0,57.0,201.0,73.0,26.0,291.0,166.0,155.0
Andhra Pradesh,Ananthapuramu,Tur,Rabi,,,,205.0,83.0,,308.0,,
Andhra Pradesh,Ananthapuramu,Urad,Kharif,1174.0,799.0,919.0,214.0,187.0,1024.0,739.0,816.0,771.0
Andhra Pradesh,Ananthapuramu,Urad,Rabi,1171.0,1333.0,1042.0,1306.0,1344.0,1464.0,1386.0,873.0,512.0
Andhra Pradesh,Ananthapuramu,Wheat,Rabi,,750.0,,300.0,1524.0,929.0,1000.0,,
Andhra Pradesh,Annamayya,Bajra,Kharif,,,,,,,1761.0,2118.0,2215.0
Andhra Pradesh,Annamayya,Bajra,Rabi,,,,,,,2000.0,,
Andhra Pradesh,Annamayya,Gram,Rabi,,,,,,,1500.0,706.0,879.0
Andhra Pradesh,Annamayya,Jowar,Kharif,,,,,,,933.0,1416.0,437.0
Andhra Pradesh,Annamayya,Jowar,Rabi,,,,,,,2353.0,2338.0,2108.0
Andhra Pradesh,Annamayya,Maize,Kharif,,,,,,,5897.0,5481.0,6375.0
Andhra Pradesh,Annamayya,Maize,Rabi,,,,,,,6343.0,6358.0,7891.0
Andhra Pradesh,Annamayya,Moong,Kharif,,,,,,,394.0,358.0,457.0
Andhra Pradesh,Annamayya,Moong,Rabi,,,,,,,936.0,568.0,668.0
Andhra Pradesh,Annamayya,Ragi,Kharif,,,,,,,1540.0,2774.0,2336.0
Andhra Pradesh,Annamayya,Ragi,Rabi,,,,,,,3059.0,,
Andhra Pradesh,Annamayya,Rice,Kharif,,,,,,,3254.0,3502.0,3681.0
Andhra Pradesh,Annamayya,Rice,Rabi,,,,,,,3393.0,3287.0,3487.0
Andhra Pradesh,Annamayya,Shree Anna /Nutri Cereals,Kharif,,,,,,,1632.0,2401.0,2179.0
Andhra Pradesh,Annamayya,Shree Anna /Nutri Cereals,Rabi,,,,,,,2792.0,2338.0,2108.0
Andhra Pradesh,Annamayya,Small Millets,Kharif,,,,,,,529.0,621.0,640.0
Andhra Pradesh,Annamayya,Small Millets,Rabi,,,,,,,2000.0,,
Andhra Pradesh,Annamayya,Tur,Kharif,,,,,,,298.0,188.0,268.0
Andhra Pradesh,Annamayya,Tur,Rabi,,,,,,,400.0,,
Andhra Pradesh,Annamayya,Urad,Kharif,,,,,,,730.0,816.0,771.0
Andhra Pradesh,Annamayya,Urad,Rabi,,,,,,,1388.0,873.0,865.0
Andhra Pradesh,Bapatla,Bajra,Kharif,,,,,,,2311.0,2029.0,2551.0
Andhra Pradesh,Bapatla,Gram,Rabi,,,,,,,2412.0,1662.0,1917.0
Andhra Pradesh,Bapatla,Jowar,Kharif,,,,,,,1125.0,1416.0,437.0
Andhra Pradesh,Bapatla,Jowar,Rabi,,,,,,,8293.0,6036.0,6919.0
Andhra Pradesh,Bapatla,Maize,Kharif,,,,,,,4913.0,4495.0,5253.0
Andhra Pradesh,Bapatla,Maize,Rabi,,,,,,,11620.0,8732.0,8733.0
Andhra Pradesh,Bapatla,Moong,Kharif,,,,,,,576.0,901.0,451.0
Andhra Pradesh,Bapatla,Moong,Rabi,,,,,,,1419.0,1340.0,1349.0
Andhra Pradesh,Bapatla,Ragi,Kharif,,,,,,,,,1995.0
Andhra Pradesh,Bapatla,Ragi,Rabi,,,,,,,917.0,,
Andhra Pradesh,Bapatla,Rice,Kharif,,,,,,,4145.0,3466.0,3651.0
Andhra Pradesh,Bapatla,Rice,Rabi,,,,,,,4316.0,3160.0,3745.0
Andhra Pradesh,Bapatla,Shree Anna /Nutri Cereals,Kharif,,,,,,,2132.0,1891.0,2200.0
Andhra Pradesh,Bapatla,Shree Anna /Nutri Cereals,Rabi,,,,,,,8139.0,6036.0,6919.0
Andhra Pradesh,Bapatla,Small Millets,Kharif,,,,,,,,,1811.0
Andhra Pradesh,Bapatla,Small Millets,Rabi,,,,,,,1750.0,,
Andhra Pradesh,Bapatla,Tur,Kharif,,,,,,,332.0,816.0,953.0
Andhra Pradesh,Bapatla,Tur,Rabi,,,,,,,351.0,,
Andhra Pradesh,Bapatla,Urad,Kharif,,,,,,,698.0,1195.0,397.0
Andhra Pradesh,Bapatla,Urad,Rabi,,,,,,,1601.0,1317.0,1445.0
Andhra Pradesh,Chittoor,Bajra,Kharif,2760.0,2286.0,2163.0,3701.0,2762.0,2449.0,2611.0,2118.0,2215.0
Andhra Pradesh,Chittoor,Bajra,Rabi,2667.0,,2000.0,4000.0,2750.0,,,,
Andhra Pradesh,Chittoor,Gram,Kharif,,,,,,,,,
Andhra Pradesh,Chittoor,Gram,Rabi,750.0,,,,,750.0,1333.0,706.0,
Andhra Pradesh,Chittoor,Jowar,Kharif,316.0,1550.0,129.0,0.0,1260.0,754.0,927.0,1416.0,437.0
Andhra Pradesh,Chittoor,Jowar,Rabi,,1500.0,,1455.0,1625.0,,2356.0,2338.0,2108.0
Andhra Pradesh,Chittoor,Maize,Kharif,3329.0,5212.0,879.0,2628.0,2633.0,3119.0,6207.0,7102.0,7300.0
Andhra Pradesh,Chittoor,Maize,Rabi,5311.0,6065.0,3905.0,4499.0,4417.0,6191.0,6289.0,6152.0,6361.0
Andhra Pradesh,Chittoor,Moong,Kharif,632.0,353.0,113.0,249.0,345.0,407.0,576.0,358.0,457.0
Andhra Pradesh,Chittoor,Moong,Rabi,412.0,938.0,626.0,975.0,832.0,882.0,945.0,568.0,668.0
Andhra Pradesh,Chittoor,Ragi,Kharif,401.0,1259.0,1624.0,1549.0,1163.0,1241.0,1238.0,1693.0,1485.0
Andhra Pradesh,Chittoor,Ragi,Rabi,1586.0,1320.0,1318.0,1374.0,2965.0,1420.0,1234.0,,
Andhra Pradesh,Chittoor,Rice,Kharif,3428.0,3570.0,3681.0,4030.0,3634.0,3505.0,2997.0,3719.0,3783.0
Andhra Pradesh,Chittoor,Rice,Rabi,3853.0,3867.0,3607.0,3589.0,3557.0,3550.0,3403.0,3637.0,3237.0
Andhra Pradesh,Chittoor,Shree Anna /Nutri Cereals,Kharif,1182.0,1493.0,1746.0,2057.0,1704.0,1829.0,1391.0,1756.0,1641.0
Andhra Pradesh,Chittoor,Shree Anna /Nutri Cereals,Rabi,1591.0,1324.0,1315.0,1376.0,2868.0,1420.0,1409.0,2338.0,2108.0
Andhra Pradesh,Chittoor,Small Millets,Kharif,383.0,531.0,500.0,751.0,523.0,441.0,434.0,511.0,488.0
Andhra Pradesh,Chittoor,Small Millets,Rabi,,,333.0,1200.0,750.0,1000.0,,,
Andhra Pradesh,Chittoor,Tur,Kharif,113.0,254.0,162.0,77.0,123.0,115.0,200.0,301.0,259.0
Andhra Pradesh,Chittoor,Tur,Rabi,,,,,,,,,
Andhra Pradesh,Chittoor,Urad,Kharif,1174.0,798.0,920.0,739.0,790.0,1020.0,736.0,816.0,771.0
Andhra Pradesh,Chittoor,Urad,Rabi,566.0,1314.0,949.0,1185.0,970.0,780.0,857.0,851.0,992.0
Andhra Pradesh,Dr. B.R. Ambedkar Konaseema,Maize,Kharif,,,,,,,4000.0,4695.0,
Andhra Pradesh,Dr. B.R. Ambedkar Konaseema,Maize,Rabi,,,,,,,9573.0,9299.0,8572.0
Andhra Pradesh,Dr. B.R. Ambedkar Konaseema,Moong,Rabi,,,,,,,582.0,1185.0,965.0
Andhra Pradesh,Dr. B.R. Ambedkar Konaseema,Rice,Kharif,,,,,,,3082.0,3518.0,3210.0
Andhra Pradesh,Dr. B.R. Ambedkar Konaseema,Rice,Rabi,,,,,,,5830.0,5083.0,5317.0
Andhra Pradesh,Dr. B.R. Ambedkar Konaseema,Tur,Kharif,,,,,,,360.0,606.0,
Andhra Pradesh,Dr. B.R. Ambedkar Konaseema,Urad,Kharif,,,,,,,1000.0,,
Andhra Pradesh,Dr. B.R. Ambedkar Konaseema,Urad,Rabi,,,,,,,239.0,476.0,408.0
Andhra Pradesh,East Godavari,Bajra,Kharif,1103.0,1115.0,1033.0,1200.0,833.0,714.0,,,
Andhra Pradesh,East Godavari,Bajra,Rabi,1000.0,,,,,,,,
Andhra Pradesh,East Godavari,Gram,Rabi,1505.0,1431.0,1078.0,1713.0,1925.0,1951.0,1758.0,1854.0,1692.0
Andhra Pradesh,East Godavari,Jowar,Kharif,1438.0,1019.0,130.0,840.0,879.0,714.0,,,
Andhra Pradesh,East Godavari,Jowar,Rabi,701.0,642.0,682.0,373.0,493.0,5753.0,7243.0,5370.0,6690.0
Andhra Pradesh,East Godavari,Maize,Kharif,4065.0,4254.0,4274.0,4935.0,2661.0,2348.0,4181.0,4695.0,4586.0
Andhra Pradesh,East Godavari,Maize,Rabi,8775.0,9794.0,8128.0,9494.0,7870.0,9448.0,10555.0,10162.0,10422.0
Andhra Pradesh,East Godavari,Moong,Kharif,1002.0,931.0,974.0,798.0,1657.0,297.0,,901.0,451.0
Andhra Pradesh,East Godavari,Moong,Rabi,611.0,610.0,676.0,750.0,735.0,818.0,1291.0,1252.0,965.0
Andhra Pradesh,East Godavari,Ragi,Kharif,1004.0,986.0,1086.0,856.0,1163.0,873.0,,,
Andhra Pradesh,East Godavari,Rice,Kharif,3345.0,3420.0,3735.0,3367.0,2259.0,2323.0,3668.0,4166.0,3656.0
Andhra Pradesh,East Godavari,Rice,Rabi,5441.0,5601.0,5470.0,5334.0,5202.0,4550.0,5396.0,5260.0,5399.0
Andhra Pradesh,East Godavari,Shree Anna /Nutri Cereals,Kharif,950.0,842.0,665.0,669.0,846.0,758.0,,,
Andhra Pradesh,East Godavari,Shree Anna /Nutri Cereals,Rabi,702.0,642.0,682.0,373.0,493.0,5753.0,7243.0,5370.0,6690.0
Andhra Pradesh,East Godavari,Small Millets,Kharif,409.0,562.0,407.0,358.0,511.0,665.0,,,
Andhra Pradesh,East Godavari,Tur,Kharif,305.0,382.0,211.0,372.0,356.0,408.0,385.0,606.0,
Andhra Pradesh,East Godavari,Tur,Rabi,305.0,378.0,205.0,365.0,333.0,400.0,,,
Andhra Pradesh,East Godavari,Urad,Kharif,909.0,1201.0,1153.0,1065.0,1202.0,927.0,1583.0,1744.0,1463.0
Andhra Pradesh,East Godavari,Urad,Rabi,654.0,785.0,646.0,854.0,929.0,1260.0,1208.0,1566.0,1185.0
Andhra Pradesh,Eluru,Jowar,Kharif,,,,,,,1182.0,1416.0,437.0
Andhra Pradesh,Eluru,Jowar,Rabi,,,,,,,7236.0,5370.0,6690.0
Andhra Pradesh,Eluru,Maize,Kharif,,,,,,,5129.0,6466.0,6488.0
Andhra Pradesh,Eluru,Maize,Rabi,,,,,,,11933.0,9759.0,10210.0
Andhra Pradesh,Eluru,Moong,Kharif,,,,,,,574.0,901.0,451.0
Andhra Pradesh,Eluru,Moong,Rabi,,,,,,,1463.0,1225.0,1417.0
Andhra Pradesh,Eluru,Ragi,Kharif,,,,,,,1000.0,,
Andhra Pradesh,Eluru,Rice,Kharif,,,,,,,4031.0,4206.0,4034.0
Andhra Pradesh,Eluru,Rice,Rabi,,,,,,,5741.0,5066.0,5408.0
Andhra Pradesh,Eluru,Shree Anna /Nutri Cereals,Kharif,,,,,,,1167.0,1230.0,448.0
Andhra Pradesh,Eluru,Shree Anna /Nutri Cereals,Rabi,,,,,,,7236.0,5370.0,6690.0
Andhra Pradesh,Eluru,Small Millets,Kharif,,,,,,,,484.0,487.0
Andhra Pradesh,Eluru,Tur,Kharif,,,,,,,364.0,606.0,735.0
Andhra Pradesh,Eluru,Urad,Kharif,,,,,,,1337.0,1438.0,1233.0
Andhra Pradesh,Eluru,Urad,Rabi,,,,,,,1468.0,1290.0,1421.0
Andhra Pradesh,Guntur,Bajra,Kharif,571.0,936.0,1418.0,2000.0,1144.0,1204.0,,,
Andhra Pradesh,Guntur,Bajra,Rabi,,937.0,,2000.0,1130.0,1167.0,,,
Andhra Pradesh,Guntur,Gram,Kharif,,,,,,1786.0,,,
Andhra Pradesh,Guntur,Gram,Rabi,1962.0,1901.0,2074.0,1684.0,1904.0,1809.0,2395.0,2167.0,2222.0
Andhra Pradesh,Guntur,Jowar,Kharif,1444.0,1014.0,125.0,,1364.0,1091.0,1000.0,1416.0,437.0
Andhra Pradesh,Guntur,Jowar,Rabi,5971.0,5662.0,4647.0,5962.0,5985.0,5535.0,7922.0,6308.0,8057.0
Andhra Pradesh,Guntur,Maize,Kharif,4066.0,4255.0,4275.0,4935.0,6662.0,5442.0,4174.0,4695.0,4586.0
Andhra Pradesh,Guntur,Maize,Rabi,8932.0,10802.0,9197.0,10533.0,9697.0,8087.0,12526.0,10821.0,10512.0
Andhra Pradesh,Guntur,Moong,Kharif,166.0,723.0,775.0,1109.0,835.0,532.0,563.0,901.0,451.0
Andhra Pradesh,Guntur,Moong,Rabi,602.0,1071.0,1084.0,1342.0,1198.0,1234.0,1719.0,1236.0,1317.0
Andhra Pradesh,Guntur,Ragi,Rabi,715.0,914.0,832.0,1197.0,867.0,642.0,,,
Andhra Pradesh,Guntur,Rice,Kharif,4185.0,4170.0,3963.0,3985.0,3127.0,2937.0,4197.0,3759.0,3670.0
Andhra Pradesh,Guntur,Rice,Rabi,4117.0,4623.0,3993.0,3980.0,3915.0,3572.0,3978.0,1594.0,3810.0
Andhra Pradesh,Guntur,Shree Anna /Nutri Cereals,Kharif,588.0,941.0,935.0,1071.0,1155.0,1202.0,1000.0,1413.0,560.0
Andhra Pradesh,Guntur,Shree Anna /Nutri Cereals,Rabi,5736.0,5585.0,4528.0,5813.0,5712.0,5390.0,7922.0,6308.0,8057.0
Andhra Pradesh,Guntur,Small Millets,Kharif,,,,818.0,1194.0,1000.0,,1407.0,837.0
Andhra Pradesh,Guntur,Small Millets,Rabi,,319.0,863.0,768.0,1542.0,1608.0,,,
Andhra Pradesh,Guntur,Tur,Kharif,1001.0,1121.0,675.0,729.0,744.0,879.0,357.0,606.0,735.0
Andhra Pradesh,Guntur,Tur,Rabi,1001.0,1121.0,675.0,729.0,744.0,879.0,350.0,,
Andhra Pradesh,Guntur,Urad,Kharif,372.0,758.0,453.0,700.0,763.0,485.0,1122.0,1121.0,1080.0
Andhra Pradesh,Guntur,Urad,Rabi,533.0,1128.0,988.0,1301.0,1107.0,998.0,1725.0,1351.0,1479.0
Andhra Pradesh,Guntur,Wheat,Rabi,,,,,1667.0,1000.0,,,
Andhra Pradesh,Kakinada,Gram,Rabi,,,,,,,2375.0,1556.0,1692.0
Andhra Pradesh,Kakinada,Jowar,Rabi,,,,,,,7000.0,,
Andhra Pradesh,Kakinada,Maize,Kharif,,,,,,,4179.0,4695.0,4586.0
Andhra Pradesh,Kakinada,Maize,Rabi,,,,,,,7062.0,8811.0,8619.0
Andhra Pradesh,Kakinada,Moong,Kharif,,,,,,,500.0,901.0,451.0
Andhra Pradesh,Kakinada,Moong,Rabi,,,,,,,674.0,708.0,636.0
Andhra Pradesh,Kakinada,Ragi,Kharif,,,,,,,,1317.0,1311.0
Andhra Pradesh,Kakinada,Rice,Kharif,,,,,,,3169.0,3589.0,3727.0
Andhra Pradesh,Kakinada,Rice,Rabi,,,,,,,4975.0,5029.0,5551.0
Andhra Pradesh,Kakinada,Shree Anna /Nutri Cereals,Kharif,,,,,,,,1340.0,1304.0
Andhra Pradesh,Kakinada,Shree Anna /Nutri Cereals,Rabi,,,,,,,7000.0,,
Andhra Pradesh,Kakinada,Small Millets,Kharif,,,,,,,,1407.0,837.0
Andhra Pradesh,Kakinada,Tur,Kharif,,,,,,,368.0,606.0,735.0
Andhra Pradesh,Kakinada,Urad,Kharif,,,,,,,1236.0,1601.0,1143.0
Andhra Pradesh,Kakinada,Urad,Rabi,,,,,,,846.0,733.0,619.0
Andhra Pradesh,Krishna,Gram,Kharif,,,,,,2000.0,,,
Andhra Pradesh,Krishna,Gram,Rabi,1822.0,1895.0,2420.0,2185.0,1649.0,1549.0,1800.0,,1692.0
Andhra Pradesh,Krishna,Jowar,Kharif,1438.0,1000.0,,1179.0,1333.0,1000.0,1000.0,,
Andhra Pradesh,Krishna,Jowar,Rabi,3443.0,4250.0,2745.0,4959.0,3936.0,3178.0,7243.0,5370.0,3744.0
Andhra Pradesh,Krishna,Maize,Kharif,4338.0,5066.0,3510.0,5282.0,4901.0,4170.0,4178.0,4695.0,4586.0
Andhra Pradesh,Krishna,Maize,Rabi,7411.0,6925.0,6566.0,5906.0,5857.0,5555.0,7832.0,6636.0,8859.0
Andhra Pradesh,Krishna,Moong,Kharif,829.0,813.0,300.0,817.0,244.0,629.0,,,
Andhra Pradesh,Krishna,Moong,Rabi,376.0,669.0,1003.0,1058.0,1082.0,1160.0,1450.0,1260.0,1310.0
Andhra Pradesh,Krishna,Rice,Kharif,3861.0,3944.0,4159.0,3877.0,3239.0,3418.0,3969.0,3942.0,3803.0
Andhra Pradesh,Krishna,Rice,Rabi,4139.0,4451.0,4419.0,4437.0,4399.0,3929.0,4063.0,3759.0,4349.0
Andhra Pradesh,Krishna,Shree Anna /Nutri Cereals,Kharif,1438.0,1000.0,,1179.0,1333.0,1000.0,1000.0,,
Andhra Pradesh,Krishna,Shree Anna /Nutri Cereals,Rabi,3443.0,4250.0,2745.0,4959.0,3936.0,3178.0,7243.0,5370.0,3744.0
Andhra Pradesh,Krishna,Tur,Kharif,1000.0,1360.0,819.0,479.0,757.0,1069.0,400.0,606.0,735.0
Andhra Pradesh,Krishna,Tur,Rabi,1000.0,,819.0,500.0,,,,,
Andhra Pradesh,Krishna,Urad,Kharif,920.0,1195.0,1048.0,1264.0,1154.0,707.0,1374.0,1564.0,1368.0
Andhra Pradesh,Krishna,Urad,Rabi,770.0,1176.0,1294.0,1398.0,1342.0,1333.0,1644.0,1470.0,1742.0
Andhra Pradesh,Kurnool,Bajra,Kharif,1721.0,1941.0,730.0,2280.0,1374.0,1796.0,1704.0,2287.0,2351.0
Andhra Pradesh,Kurnool,Bajra,Rabi,1721.0,1942.0,732.0,2280.0,1374.0,1796.0,1762.0,,
Andhra Pradesh,Kurnool,Bajra,Summer,,,,,,,,,2215.0
Andhra Pradesh,Kurnool,Gram,Rabi,933.0,1279.0,239.0,1273.0,1186.0,916.0,1517.0,797.0,1034.0
Andhra Pradesh,Kurnool,Jowar,Kharif,2373.0,2376.0,453.0,1800.0,1247.0,835.0,845.0,1233.0,1332.0
Andhra Pradesh,Kurnool,Jowar,Rabi,1582.0,1771.0,941.0,1689.0,1940.0,2166.0,1272.0,1278.0,1299.0
Andhra Pradesh,Kurnool,Maize,Kharif,5367.0,5576.0,4543.0,5442.0,3878.0,3920.0,4539.0,4133.0,4503.0
Andhra Pradesh,Kurnool,Maize,Rabi,5723.0,5046.0,4950.0,4980.0,4593.0,5148.0,5023.0,5343.0,6332.0
Andhra Pradesh,Kurnool,Moong,Kharif,1016.0,768.0,428.0,361.0,452.0,888.0,364.0,358.0,457.0
Andhra Pradesh,Kurnool,Moong,Rabi,411.0,938.0,628.0,976.0,1082.0,1037.0,946.0,568.0,668.0
Andhra Pradesh,Kurnool,Ragi,Kharif,,,,,1000.0,1000.0,,,
Andhra Pradesh,Kurnool,Ragi,Rabi,,,,,,2000.0,3000.0,,
Andhra Pradesh,Kurnool,Rice,Kharif,4063.0,3473.0,3896.0,3983.0,2944.0,3109.0,3377.0,3485.0,3526.0
Andhra Pradesh,Kurnool,Rice,Rabi,3831.0,3659.0,3555.0,3916.0,3927.0,3701.0,3327.0,2867.0,3178.0
Andhra Pradesh,Kurnool,Shree Anna /Nutri Cereals,Kharif,1545.0,1785.0,632.0,1838.0,1168.0,1510.0,1497.0,2026.0,1437.0
Andhra Pradesh,Kurnool,Shree Anna /Nutri Cereals,Rabi,1575.0,1768.0,939.0,1694.0,1863.0,2123.0,1450.0,1278.0,1299.0
Andhra Pradesh,Kurnool,Shree Anna /Nutri Cereals,Summer,,,,,,,,,2215.0
Andhra Pradesh,Kurnool,Small Millets,Kharif,927.0,996.0,472.0,1484.0,933.0,1029.0,752.0,1622.0,866.0
Andhra Pradesh,Kurnool,Small Millets,Rabi,928.0,996.0,473.0,1486.0,712.0,1571.0,2001.0,,
Andhra Pradesh,Kurnool,Tur,Kharif,353.0,440.0,174.0,600.0,503.0,300.0,608.0,453.0,575.0
Andhra Pradesh,Kurnool,Tur,Rabi,353.0,440.0,174.0,600.0,503.0,300.0,309.0,,
Andhra Pradesh,Kurnool,Urad,Kharif,1320.0,818.0,924.0,731.0,901.0,1117.0,736.0,816.0,771.0
Andhra Pradesh,Kurnool,Urad,Rabi,1528.0,1335.0,1222.0,1405.0,1552.0,1721.0,1385.0,1289.0,1462.0
Andhra Pradesh,Kurnool,Wheat,Kharif,,,,,,1000.0,,,
Andhra Pradesh,Kurnool,Wheat,Rabi,2313.0,688.0,188.0,320.0,1500.0,1400.0,1350.0,,
Andhra Pradesh,Nandyal,Bajra,Kharif,,,,,,,1430.0,2023.0,2429.0
Andhra Pradesh,Nandyal,Bajra,Rabi,,,,,,,1761.0,,
Andhra Pradesh,Nandyal,Bajra,Summer,,,,,,,,,2215.0
Andhra Pradesh,Nandyal,Gram,Rabi,,,,,,,1291.0,610.0,1029.0
Andhra Pradesh,Nandyal,Jowar,Kharif,,,,,,,1065.0,2368.0,1489.0
Andhra Pradesh,Nandyal,Jowar,Rabi,,,,,,,2845.0,2994.0,2777.0
Andhra Pradesh,Nandyal,Maize,Kharif,,,,,,,4522.0,3912.0,4521.0
Andhra Pradesh,Nandyal,Maize,Rabi,,,,,,,4851.0,5371.0,5621.0
Andhra Pradesh,Nandyal,Moong,Kharif,,,,,,,685.0,661.0,918.0
Andhra Pradesh,Nandyal,Moong,Rabi,,,,,,,1293.0,1199.0,1034.0
Andhra Pradesh,Nandyal,Ragi,Kharif,,,,,,,,1027.0,
Andhra Pradesh,Nandyal,Ragi,Rabi,,,,,,,3000.0,,
Andhra Pradesh,Nandyal,Rice,Kharif,,,,,,,3882.0,4128.0,4105.0
Andhra Pradesh,Nandyal,Rice,Rabi,,,,,,,4257.0,3433.0,4026.0
Andhra Pradesh,Nandyal,Shree Anna /Nutri Cereals,Kharif,,,,,,,1225.0,1806.0,1859.0
Andhra Pradesh,Nandyal,Shree Anna /Nutri Cereals,Rabi,,,,,,,2792.0,2994.0,2777.0
Andhra Pradesh,Nandyal,Shree Anna /Nutri Cereals,Summer,,,,,,,,,2215.0
Andhra Pradesh,Nandyal,Small Millets,Kharif,,,,,,,932.0,711.0,1150.0
Andhra Pradesh,Nandyal,Small Millets,Rabi,,,,,,,1303.0,,
Andhra Pradesh,Nandyal,Tur,Kharif,,,,,,,430.0,455.0,693.0
Andhra Pradesh,Nandyal,Tur,Rabi,,,,,,,305.0,,
Andhra Pradesh,Nandyal,Urad,Kharif,,,,,,,906.0,852.0,1012.0
Andhra Pradesh,Nandyal,Urad,Rabi,,,,,,,1524.0,1281.0,1253.0
Andhra Pradesh,Ntr,Gram,Rabi,,,,,,,1908.0,1860.0,2033.0
Andhra Pradesh,Ntr,Jowar,Kharif,,,,,,,1000.0,1416.0,437.0
Andhra Pradesh,Ntr,Jowar,Rabi,,,,,,,4207.0,2834.0,3394.0
Andhra Pradesh,Ntr,Maize,Kharif,,,,,,,4494.0,6167.0,4085.0
Andhra Pradesh,Ntr,Maize,Rabi,,,,,,,6366.0,7060.0,6842.0
Andhra Pradesh,Ntr,Moong,Kharif,,,,,,,551.0,932.0,451.0
Andhra Pradesh,Ntr,Moong,Rabi,,,,,,,1049.0,935.0,965.0
Andhra Pradesh,Ntr,Rice,Kharif,,,,,,,3914.0,3411.0,3310.0
Andhra Pradesh,Ntr,Rice,Rabi,,,,,,,3833.0,3174.0,4233.0
Andhra Pradesh,Ntr,Shree Anna /Nutri Cereals,Kharif,,,,,,,1000.0,1416.0,437.0
Andhra Pradesh,Ntr,Shree Anna /Nutri Cereals,Rabi,,,,,,,4207.0,2834.0,3394.0
Andhra Pradesh,Ntr,Tur,Kharif,,,,,,,1117.0,990.0,1084.0
Andhra Pradesh,Ntr,Urad,Kharif,,,,,,,781.0,977.0,669.0
Andhra Pradesh,Ntr,Urad,Rabi,,,,,,,1036.0,1130.0,1142.0
Andhra Pradesh,Palnadu,Bajra,Kharif,,,,,,,2307.0,2029.0,2551.0
Andhra Pradesh,Palnadu,Bajra,Rabi,,,,,,,2000.0,,
Andhra Pradesh,Palnadu,Gram,Rabi,,,,,,,1804.0,1505.0,2132.0
Andhra Pradesh,Palnadu,Jowar,Kharif,,,,,,,1182.0,1416.0,437.0
Andhra Pradesh,Palnadu,Jowar,Rabi,,,,,,,2391.0,1556.0,1739.0
Andhra Pradesh,Palnadu,Maize,Kharif,,,,,,,5939.0,3941.0,4194.0
Andhra Pradesh,Palnadu,Maize,Rabi,,,,,,,6814.0,4933.0,6906.0
Andhra Pradesh,Palnadu,Moong,Kharif,,,,,,,810.0,743.0,451.0
Andhra Pradesh,Palnadu,Moong,Rabi,,,,,,,822.0,753.0,1256.0
Andhra Pradesh,Palnadu,Ragi,Rabi,,,,,,,1000.0,,
Andhra Pradesh,Palnadu,Rice,Kharif,,,,,,,3748.0,3708.0,3926.0
Andhra Pradesh,Palnadu,Rice,Rabi,,,,,,,3640.0,3444.0,3880.0
Andhra Pradesh,Palnadu,Shree Anna /Nutri Cereals,Kharif,,,,,,,2148.0,1181.0,1664.0
Andhra Pradesh,Palnadu,Shree Anna /Nutri Cereals,Rabi,,,,,,,2381.0,1556.0,1739.0
Andhra Pradesh,Palnadu,Small Millets,Kharif,,,,,,,1500.0,1079.0,1591.0
Andhra Pradesh,Palnadu,Small Millets,Rabi,,,,,,,2388.0,,
Andhra Pradesh,Palnadu,Tur,Kharif,,,,,,,1019.0,1064.0,1266.0
Andhra Pradesh,Palnadu,Tur,Rabi,,,,,,,359.0,,
Andhra Pradesh,Palnadu,Urad,Kharif,,,,,,,564.0,519.0,1204.0
Andhra Pradesh,Palnadu,Urad,Rabi,,,,,,,801.0,862.0,1336.0
Andhra Pradesh,Palnadu,Wheat,Rabi,,,,,,,1200.0,,
Andhra Pradesh,Parvathipuram Manyam,Bajra,Kharif,,,,,,,2278.0,2029.0,2551.0
Andhra Pradesh,Parvathipuram Manyam,Gram,Rabi,,,,,,,1833.0,1556.0,1692.0
Andhra Pradesh,Parvathipuram Manyam,Jowar,Kharif,,,,,,,1147.0,1416.0,437.0
Andhra Pradesh,Parvathipuram Manyam,Jowar,Rabi,,,,,,,,,6690.0
Andhra Pradesh,Parvathipuram Manyam,Maize,Kharif,,,,,,,3799.0,4459.0,4132.0
Andhra Pradesh,Parvathipuram Manyam,Maize,Rabi,,,,,,,5530.0,7776.0,6729.0
Andhra Pradesh,Parvathipuram Manyam,Moong,Kharif,,,,,,,600.0,,451.0
Andhra Pradesh,Parvathipuram Manyam,Moong,Rabi,,,,,,,534.0,767.0,702.0
Andhra Pradesh,Parvathipuram Manyam,Ragi,Kharif,,,,,,,1311.0,1859.0,1209.0
Andhra Pradesh,Parvathipuram Manyam,Ragi,Rabi,,,,,,,1446.0,,
Andhra Pradesh,Parvathipuram Manyam,Rice,Kharif,,,,,,,3325.0,3171.0,3390.0
Andhra Pradesh,Parvathipuram Manyam,Rice,Rabi,,,,,,,3207.0,3681.0,3627.0
Andhra Pradesh,Parvathipuram Manyam,Shree Anna /Nutri Cereals,Kharif,,,,,,,1097.0,1695.0,1039.0
Andhra Pradesh,Parvathipuram Manyam,Shree Anna /Nutri Cereals,Rabi,,,,,,,1446.0,,6690.0
Andhra Pradesh,Parvathipuram Manyam,Small Millets,Kharif,,,,,,,596.0,1057.0,744.0
Andhra Pradesh,Parvathipuram Manyam,Tur,Kharif,,,,,,,463.0,414.0,508.0
Andhra Pradesh,Parvathipuram Manyam,Urad,Kharif,,,,,,,1086.0,1200.0,990.0
Andhra Pradesh,Parvathipuram Manyam,Urad,Rabi,,,,,,,584.0,773.0,619.0
Andhra Pradesh,Prakasam,Bajra,Kharif,1986.0,2031.0,798.0,2298.0,2911.0,1707.0,2342.0,2136.0,2718.0
Andhra Pradesh,Prakasam,Bajra,Rabi,1986.0,2031.0,806.0,2300.0,2910.0,1707.0,2308.0,,
Andhra Pradesh,Prakasam,Bajra,Summer,,,,,,,,,2551.0
Andhra Pradesh,Prakasam,Gram,Rabi,1490.0,1294.0,833.0,1401.0,1494.0,1567.0,1270.0,1315.0,1229.0
Andhra Pradesh,Prakasam,Jowar,Kharif,1438.0,1018.0,131.0,1492.0,1606.0,1084.0,1146.0,1416.0,437.0
Andhra Pradesh,Prakasam,Jowar,Rabi,777.0,598.0,156.0,793.0,949.0,1568.0,2165.0,2293.0,2410.0
Andhra Pradesh,Prakasam,Maize,Kharif,3015.0,4382.0,1804.0,6961.0,4229.0,3331.0,4581.0,3460.0,4127.0
Andhra Pradesh,Prakasam,Maize,Rabi,8042.0,6469.0,4744.0,7448.0,5067.0,5644.0,4605.0,3804.0,4267.0
Andhra Pradesh,Prakasam,Moong,Kharif,540.0,393.0,727.0,282.0,455.0,599.0,688.0,374.0,451.0
Andhra Pradesh,Prakasam,Moong,Rabi,375.0,147.0,359.0,906.0,1014.0,1388.0,469.0,770.0,558.0
Andhra Pradesh,Prakasam,Ragi,Kharif,1000.0,1000.0,1069.0,1121.0,1053.0,889.0,1000.0,1317.0,1524.0
Andhra Pradesh,Prakasam,Ragi,Rabi,1673.0,1666.0,1773.0,1152.0,899.0,1172.0,1014.0,,
Andhra Pradesh,Prakasam,Rice,Kharif,3326.0,3904.0,3673.0,3740.0,3397.0,3079.0,3302.0,3305.0,3278.0
Andhra Pradesh,Prakasam,Rice,Rabi,3837.0,3738.0,3376.0,3791.0,3425.0,3275.0,3615.0,3330.0,3370.0
Andhra Pradesh,Prakasam,Shree Anna /Nutri Cereals,Kharif,1903.0,1940.0,779.0,1876.0,2582.0,1585.0,2222.0,2037.0,2103.0
Andhra Pradesh,Prakasam,Shree Anna /Nutri Cereals,Rabi,964.0,661.0,211.0,847.0,1049.0,1469.0,2010.0,2293.0,2410.0
Andhra Pradesh,Prakasam,Shree Anna /Nutri Cereals,Summer,,,,,,,,,2551.0
Andhra Pradesh,Prakasam,Small Millets,Kharif,721.0,1270.0,1002.0,816.0,1297.0,776.0,974.0,1407.0,953.0
Andhra Pradesh,Prakasam,Small Millets,Rabi,1099.0,363.0,455.0,801.0,1066.0,1033.0,1086.0,,
Andhra Pradesh,Prakasam,Tur,Kharif,442.0,389.0,133.0,498.0,366.0,250.0,151.0,459.0,504.0
Andhra Pradesh,Prakasam,Tur,Rabi,442.0,388.0,134.0,500.0,366.0,250.0,358.0,,
Andhra Pradesh,Prakasam,Urad,Kharif,208.0,441.0,398.0,1049.0,503.0,592.0,945.0,880.0,707.0
Andhra Pradesh,Prakasam,Urad,Rabi,332.0,335.0,399.0,987.0,422.0,697.0,436.0,555.0,441.0
Andhra Pradesh,Prakasam,Wheat,Rabi,,,,,2000.0,,,,
Andhra Pradesh,Sri Potti Sriramulu Nellore,Bajra,Kharif,3736.0,2664.0,1662.0,2728.0,2920.0,2799.0,2603.0,3296.0,2551.0
Andhra Pradesh,Sri Potti Sriramulu Nellore,Bajra,Rabi,3745.0,2679.0,2000.0,2729.0,2918.0,2799.0,2308.0,,
Andhra Pradesh,Sri Potti Sriramulu Nellore,Bajra,Summer,,,,,,,,,2551.0
Andhra Pradesh,Sri Potti Sriramulu Nellore,Gram,Rabi,802.0,1294.0,929.0,1179.0,1393.0,996.0,1382.0,1358.0,1454.0
Andhra Pradesh,Sri Potti Sriramulu Nellore,Jowar,Kharif,1500.0,1000.0,,1500.0,1000.0,,,1416.0,
Andhra Pradesh,Sri Potti Sriramulu Nellore,Jowar,Rabi,2312.0,4250.0,861.0,1443.0,1247.0,1593.0,3138.0,5370.0,3635.0
Andhra Pradesh,Sri Potti Sriramulu Nellore,Maize,Kharif,4069.0,4256.0,4276.0,3735.0,3563.0,3972.0,3381.0,4695.0,4586.0
Andhra Pradesh,Sri Potti Sriramulu Nellore,Maize,Rabi,4069.0,7692.0,6334.0,7897.0,4819.0,5543.0,5844.0,6497.0,6106.0
Andhra Pradesh,Sri Potti Sriramulu Nellore,Moong,Kharif,498.0,673.0,495.0,658.0,419.0,694.0,457.0,901.0,451.0
Andhra Pradesh,Sri Potti Sriramulu Nellore,Moong,Rabi,526.0,506.0,802.0,677.0,306.0,727.0,835.0,559.0,576.0
Andhra Pradesh,Sri Potti Sriramulu Nellore,Ragi,Kharif,1010.0,983.0,1082.0,1455.0,1191.0,1700.0,1032.0,1317.0,1610.0
Andhra Pradesh,Sri Potti Sriramulu Nellore,Ragi,Rabi,1597.0,1711.0,1610.0,594.0,1077.0,1235.0,1417.0,,
Andhra Pradesh,Sri Potti Sriramulu Nellore,Rice,Kharif,3901.0,3825.0,3529.0,3838.0,3600.0,3765.0,3872.0,3953.0,3612.0
Andhra Pradesh,Sri Potti Sriramulu Nellore,Rice,Rabi,4412.0,4699.0,4216.0,4290.0,4043.0,4395.0,4575.0,4409.0,4229.0
Andhra Pradesh,Sri Potti Sriramulu Nellore,Shree Anna /Nutri Cereals,Kharif,3523.0,2602.0,1459.0,2221.0,2823.0,2734.0,2569.0,3054.0,2504.0
Andhra Pradesh,Sri Potti Sriramulu Nellore,Shree Anna /Nutri Cereals,Rabi,2319.0,4031.0,876.0,1469.0,1515.0,2507.0,2990.0,5370.0,3635.0
Andhra Pradesh,Sri Potti Sriramulu Nellore,Shree Anna /Nutri Cereals,Summer,,,,,,,,,2551.0
Andhra Pradesh,Sri Potti Sriramulu Nellore,Small Millets,Kharif,667.0,,,811.0,1286.0,1000.0,933.0,1407.0,881.0
Andhra Pradesh,Sri Potti Sriramulu Nellore,Small Millets,Rabi,,,1000.0,811.0,1130.0,,,,
Andhra Pradesh,Sri Potti Sriramulu Nellore,Tur,Kharif,599.0,634.0,520.0,624.0,216.0,258.0,263.0,455.0,735.0
Andhra Pradesh,Sri Potti Sriramulu Nellore,Tur,Rabi,596.0,633.0,512.0,626.0,216.0,258.0,360.0,,
Andhra Pradesh,Sri Potti Sriramulu Nellore,Urad,Kharif,315.0,775.0,532.0,793.0,36.0,1045.0,1083.0,1200.0,990.0
Andhra Pradesh,Sri Potti Sriramulu Nellore,Urad,Rabi,152.0,680.0,414.0,794.0,96.0,662.0,991.0,670.0,700.0
Andhra Pradesh,Sri Sathya Sai,Bajra,Kharif,,,,,,,1299.0,1904.0,1442.0
Andhra Pradesh,Sri Sathya Sai,Bajra,Rabi,,,,,,,2000.0,,
Andhra Pradesh,Sri Sathya Sai,Gram,Kharif,,,,,,,1286.0,,
Andhra Pradesh,Sri Sathya Sai,Gram,Rabi,,,,,,,565.0,393.0,816.0
Andhra Pradesh,Sri Sathya Sai,Jowar,Kharif,,,,,,,352.0,112.0,164.0
Andhra Pradesh,Sri Sathya Sai,Jowar,Rabi,,,,,,,2358.0,2338.0,2108.0
Andhra Pradesh,Sri Sathya Sai,Maize,Kharif,,,,,,,2466.0,2170.0,3842.0
Andhra Pradesh,Sri Sathya Sai,Maize,Rabi,,,,,,,4496.0,4642.0,5395.0
Andhra Pradesh,Sri Sathya Sai,Moong,Kharif,,,,,,,181.0,145.0,457.0
Andhra Pradesh,Sri Sathya Sai,Moong,Rabi,,,,,,,923.0,568.0,668.0
Andhra Pradesh,Sri Sathya Sai,Ragi,Kharif,,,,,,,1026.0,723.0,1561.0
Andhra Pradesh,Sri Sathya Sai,Ragi,Rabi,,,,,,,3891.0,,
Andhra Pradesh,Sri Sathya Sai,Rice,Kharif,,,,,,,2591.0,2812.0,3432.0
Andhra Pradesh,Sri Sathya Sai,Rice,Rabi,,,,,,,3164.0,2737.0,3597.0
Andhra Pradesh,Sri Sathya Sai,Shree Anna /Nutri Cereals,Kharif,,,,,,,831.0,903.0,1279.0
Andhra Pradesh,Sri Sathya Sai,Shree Anna /Nutri Cereals,Rabi,,,,,,,3675.0,2338.0,2108.0
Andhra Pradesh,Sri Sathya Sai,Small Millets,Kharif,,,,,,,218.0,309.0,501.0
Andhra Pradesh,Sri Sathya Sai,Small Millets,Rabi,,,,,,,1552.0,,
Andhra Pradesh,Sri Sathya Sai,Tur,Kharif,,,,,,,90.0,74.0,225.0
Andhra Pradesh,Sri Sathya Sai,Urad,Kharif,,,,,,,750.0,816.0,771.0
Andhra Pradesh,Sri Sathya Sai,Urad,Rabi,,,,,,,1333.0,873.0,865.0
Andhra Pradesh,Srikakulam,Bajra,Kharif,3360.0,3345.0,1667.0,1530.0,2250.0,1981.0,2320.0,2029.0,2551.0
Andhra Pradesh,Srikakulam,Jowar,Kharif,1412.0,1000.0,125.0,1200.0,1500.0,1000.0,1000.0,,
Andhra Pradesh,Srikakulam,Jowar,Rabi,3500.0,,,,5000.0,,,5370.0,
Andhra Pradesh,Srikakulam,Maize,Kharif,3665.0,4148.0,4570.0,4590.0,3168.0,2931.0,4233.0,4509.0,4886.0
Andhra Pradesh,Srikakulam,Maize,Rabi,5120.0,4853.0,4711.0,7546.0,5285.0,6291.0,8105.0,9209.0,7970.0
Andhra Pradesh,Srikakulam,Moong,Kharif,674.0,658.0,479.0,486.0,818.0,623.0,538.0,901.0,451.0
Andhra Pradesh,Srikakulam,Moong,Rabi,437.0,499.0,512.0,529.0,474.0,571.0,631.0,671.0,608.0
Andhra Pradesh,Srikakulam,Ragi,Kharif,1636.0,1604.0,1273.0,1311.0,1138.0,1725.0,1056.0,1317.0,2178.0
Andhra Pradesh,Srikakulam,Ragi,Rabi,1567.0,1588.0,1561.0,1425.0,1157.0,1205.0,1576.0,,
Andhra Pradesh,Srikakulam,Rice,Kharif,2975.0,2521.0,2059.0,2836.0,2586.0,2612.0,3135.0,2778.0,3234.0
Andhra Pradesh,Srikakulam,Rice,Rabi,2783.0,3039.0,2851.0,3199.0,3059.0,2935.0,3157.0,3129.0,3551.0
Andhra Pradesh,Srikakulam,Shree Anna /Nutri Cereals,Kharif,2145.0,2112.0,1333.0,1355.0,1360.0,1897.0,1756.0,1777.0,2179.0
Andhra Pradesh,Srikakulam,Shree Anna /Nutri Cereals,Rabi,1583.0,1588.0,1561.0,1425.0,1159.0,1205.0,1576.0,5370.0,
Andhra Pradesh,Srikakulam,Small Millets,Kharif,625.0,1091.0,833.0,714.0,1000.0,1000.0,,,
Andhra Pradesh,Srikakulam,Tur,Kharif,473.0,562.0,275.0,404.0,438.0,461.0,358.0,606.0,735.0
Andhra Pradesh,Srikakulam,Tur,Rabi,500.0,571.0,,333.0,,,,,
Andhra Pradesh,Srikakulam,Urad,Kharif,639.0,838.0,773.0,1006.0,771.0,693.0,1067.0,1200.0,990.0
Andhra Pradesh,Srikakulam,Urad,Rabi,498.0,527.0,558.0,477.0,510.0,564.0,734.0,714.0,642.0
Andhra Pradesh,Tirupati,Bajra,Kharif,,,,,,,3134.0,3596.0,3291.0
Andhra Pradesh,Tirupati,Jowar,Kharif,,,,,,,,,437.0
Andhra Pradesh,Tirupati,Jowar,Rabi,,,,,,,2333.0,,
Andhra Pradesh,Tirupati,Maize,Kharif,,,,,,,3975.0,3781.0,4503.0
Andhra Pradesh,Tirupati,Maize,Rabi,,,,,,,5625.0,5528.0,5652.0
Andhra Pradesh,Tirupati,Moong,Kharif,,,,,,,500.0,358.0,457.0
Andhra Pradesh,Tirupati,Moong,Rabi,,,,,,,941.0,568.0,668.0
Andhra Pradesh,Tirupati,Ragi,Kharif,,,,,,,1125.0,1027.0,3317.0
Andhra Pradesh,Tirupati,Ragi,Rabi,,,,,,,3000.0,,
Andhra Pradesh,Tirupati,Rice,Kharif,,,,,,,3893.0,3754.0,3648.0
Andhra Pradesh,Tirupati,Rice,Rabi,,,,,,,3823.0,3725.0,3654.0
Andhra Pradesh,Tirupati,Shree Anna /Nutri Cereals,Kharif,,,,,,,3123.0,3587.0,3284.0
Andhra Pradesh,Tirupati,Shree Anna /Nutri Cereals,Rabi,,,,,,,2750.0,,
Andhra Pradesh,Tirupati,Small Millets,Kharif,,,,,,,1000.0,,869.0
Andhra Pradesh,Tirupati,Tur,Kharif,,,,,,,305.0,313.0,372.0
Andhra Pradesh,Tirupati,Tur,Rabi,,,,,,,320.0,,
Andhra Pradesh,Tirupati,Urad,Kharif,,,,,,,750.0,816.0,771.0
Andhra Pradesh,Tirupati,Urad,Rabi,,,,,,,508.0,533.0,866.0
Andhra Pradesh,Visakhapatnam,Bajra,Kharif,1049.0,1207.0,1131.0,1042.0,957.0,932.0,2307.0,2029.0,2551.0
Andhra Pradesh,Visakhapatnam,Gram,Kharif,,,1000.0,,,,,,
Andhra Pradesh,Visakhapatnam,Gram,Rabi,1500.0,1427.0,1079.0,1451.0,,,,,
Andhra Pradesh,Visakhapatnam,Jowar,Kharif,1435.0,1018.0,131.0,750.0,776.0,1052.0,,,
Andhra Pradesh,Visakhapatnam,Jowar,Rabi,,,,5000.0,,,,,
Andhra Pradesh,Visakhapatnam,Maize,Kharif,1997.0,1795.0,2791.0,3374.0,3194.0,3354.0,4167.0,4695.0,4586.0
Andhra Pradesh,Visakhapatnam,Maize,Rabi,5919.0,6545.0,7077.0,7171.0,7099.0,4478.0,5343.0,7844.0,6757.0
Andhra Pradesh,Visakhapatnam,Moong,Kharif,537.0,576.0,507.0,374.0,473.0,538.0,600.0,901.0,451.0
Andhra Pradesh,Visakhapatnam,Moong,Rabi,701.0,428.0,376.0,376.0,380.0,433.0,1036.0,1008.0,965.0
Andhra Pradesh,Visakhapatnam,Ragi,Kharif,1001.0,997.0,1097.0,1112.0,1040.0,871.0,1000.0,1317.0,2402.0
Andhra Pradesh,Visakhapatnam,Ragi,Rabi,3049.0,2771.0,2282.0,2201.0,1717.0,2171.0,1831.0,,
Andhra Pradesh,Visakhapatnam,Rice,Kharif,2249.0,2087.0,1686.0,2378.0,2432.0,2471.0,3361.0,3044.0,3568.0
Andhra Pradesh,Visakhapatnam,Rice,Rabi,2101.0,2453.0,2595.0,2877.0,3493.0,3001.0,3002.0,2991.0,3525.0
Andhra Pradesh,Visakhapatnam,Shree Anna /Nutri Cereals,Kharif,859.0,853.0,936.0,983.0,939.0,857.0,2198.0,1994.0,2417.0
Andhra Pradesh,Visakhapatnam,Shree Anna /Nutri Cereals,Rabi,3049.0,2771.0,2282.0,2319.0,1717.0,2171.0,1831.0,,
Andhra Pradesh,Visakhapatnam,Small Millets,Kharif,407.0,384.0,398.0,458.0,480.0,721.0,,,
Andhra Pradesh,Visakhapatnam,Tur,Kharif,479.0,480.0,373.0,417.0,365.0,373.0,359.0,606.0,735.0
Andhra Pradesh,Visakhapatnam,Tur,Rabi,333.0,,,0.0,,,,,
Andhra Pradesh,Visakhapatnam,Urad,Kharif,615.0,636.0,343.0,426.0,666.0,611.0,1074.0,1200.0,990.0
Andhra Pradesh,Visakhapatnam,Urad,Rabi,810.0,372.0,548.0,435.0,391.0,452.0,1263.0,1206.0,1343.0
Andhra Pradesh,Vizianagaram,Bajra,Kharif,1222.0,1455.0,1122.0,1206.0,968.0,1757.0,2320.0,2029.0,2551.0
Andhra Pradesh,Vizianagaram,Gram,Kharif,,,,,,,2000.0,,
Andhra Pradesh,Vizianagaram,Gram,Rabi,1508.0,1429.0,1070.0,1455.0,1548.0,1581.0,1750.0,1556.0,1692.0
Andhra Pradesh,Vizianagaram,Jowar,Kharif,1440.0,1019.0,167.0,,1400.0,1000.0,1000.0,,
Andhra Pradesh,Vizianagaram,Jowar,Rabi,,4286.0,,,5261.0,,,,
Andhra Pradesh,Vizianagaram,Maize,Kharif,4658.0,4774.0,4745.0,5346.0,4007.0,4022.0,4282.0,5127.0,5253.0
Andhra Pradesh,Vizianagaram,Maize,Rabi,6537.0,8560.0,6792.0,7554.0,6598.0,6354.0,8419.0,8729.0,9017.0
Andhra Pradesh,Vizianagaram,Moong,Kharif,429.0,233.0,303.0,489.0,535.0,436.0,571.0,901.0,451.0
Andhra Pradesh,Vizianagaram,Moong,Rabi,462.0,604.0,468.0,725.0,496.0,443.0,556.0,587.0,484.0
Andhra Pradesh,Vizianagaram,Ragi,Kharif,951.0,846.0,833.0,1261.0,1431.0,1040.0,1031.0,1317.0,1503.0
Andhra Pradesh,Vizianagaram,Ragi,Rabi,2051.0,2563.0,2188.0,1919.0,1483.0,1559.0,1259.0,,
Andhra Pradesh,Vizianagaram,Rice,Kharif,3037.0,2972.0,2338.0,3223.0,2861.0,2927.0,3620.0,3317.0,3666.0
Andhra Pradesh,Vizianagaram,Rice,Rabi,3041.0,3259.0,3209.0,3163.0,3131.0,3109.0,3216.0,3251.0,3504.0
Andhra Pradesh,Vizianagaram,Shree Anna /Nutri Cereals,Kharif,970.0,878.0,842.0,1251.0,1397.0,1072.0,1438.0,1397.0,1530.0
Andhra Pradesh,Vizianagaram,Shree Anna /Nutri Cereals,Rabi,2051.0,2581.0,2188.0,1919.0,1700.0,1559.0,1259.0,,
Andhra Pradesh,Vizianagaram,Small Millets,Kharif,738.0,737.0,713.0,842.0,550.0,708.0,857.0,1407.0,2169.0
Andhra Pradesh,Vizianagaram,Tur,Kharif,780.0,714.0,285.0,438.0,458.0,495.0,333.0,606.0,735.0
Andhra Pradesh,Vizianagaram,Tur,Rabi,,,500.0,,,,,,
Andhra Pradesh,Vizianagaram,Urad,Kharif,640.0,837.0,773.0,622.0,486.0,455.0,1081.0,1200.0,990.0
Andhra Pradesh,Vizianagaram,Urad,Rabi,472.0,605.0,416.0,641.0,606.0,619.0,704.0,755.0,653.0
Andhra Pradesh,Vizianagaram,Wheat,Kharif,,1000.0,,,,,,,
Andhra Pradesh,West Godavari,Gram,Kharif,,,,,,1500.0,,,
Andhra Pradesh,West Godavari,Gram,Rabi,1600.0,1424.0,1083.0,1500.0,1500.0,,,,
Andhra Pradesh,West Godavari,Jowar,Kharif,1429.0,1000.0,,,1385.0,1059.0,,,
Andhra Pradesh,West Godavari,Jowar,Rabi,3500.0,4250.0,2500.0,,5257.0,5040.0,,,
Andhra Pradesh,West Godavari,Maize,Kharif,5909.0,4997.0,5805.0,5982.0,3754.0,5265.0,,,
Andhra Pradesh,West Godavari,Maize,Rabi,8747.0,7275.0,7193.0,9238.0,8986.0,7623.0,9629.0,8811.0,8619.0
Andhra Pradesh,West Godavari,Moong,Kharif,980.0,1164.0,1452.0,809.0,714.0,1176.0,,,
Andhra Pradesh,West Godavari,Moong,Rabi,227.0,699.0,1020.0,1205.0,1306.0,1235.0,1250.0,,
Andhra Pradesh,West Godavari,Ragi,Kharif,1000.0,,,,,,,,
Andhra Pradesh,West Godavari,Ragi,Rabi,1571.0,,,,,,,,
Andhra Pradesh,West Godavari,Rice,Kharif,3553.0,3561.0,3779.0,3791.0,2562.0,3043.0,3335.0,3672.0,3713.0
Andhra Pradesh,West Godavari,Rice,Rabi,5017.0,5325.0,5220.0,5395.0,5459.0,5300.0,5683.0,5570.0,5684.0
Andhra Pradesh,West Godavari,Shree Anna /Nutri Cereals,Kharif,1256.0,818.0,417.0,529.0,1385.0,1059.0,,,
Andhra Pradesh,West Godavari,Shree Anna /Nutri Cereals,Rabi,2273.0,4250.0,2500.0,,5257.0,5040.0,,,
Andhra Pradesh,West Godavari,Small Millets,Kharif,333.0,333.0,417.0,529.0,,,,,
Andhra Pradesh,West Godavari,Tur,Kharif,583.0,571.0,240.0,533.0,429.0,407.0,,,
Andhra Pradesh,West Godavari,Tur,Rabi,583.0,571.0,250.0,520.0,450.0,409.0,,,
Andhra Pradesh,West Godavari,Urad,Kharif,1288.0,1626.0,1159.0,1089.0,995.0,884.0,1100.0,1200.0,990.0
Andhra Pradesh,West Godavari,Urad,Rabi,198.0,818.0,1247.0,558.0,943.0,1299.0,1429.0,1206.0,1343.0
Andhra Pradesh,West Godavari,Wheat,Kharif,,700.0,,,1500.0,,,,
Andhra Pradesh,Y.S.R. Kadapa,Bajra,Kharif,1169.0,2085.0,1430.0,2528.0,2505.0,1807.0,2393.0,3779.0,2215.0
Andhra Pradesh,Y.S.R. Kadapa,Bajra,Rabi,1169.0,2085.0,1429.0,2528.0,2505.0,1807.0,1762.0,,
Andhra Pradesh,Y.S.R. Kadapa,Bajra,Summer,,,,,,,,,2215.0
Andhra Pradesh,Y.S.R. Kadapa,Gram,Kharif,400.0,,,,1000.0,,,,
Andhra Pradesh,Y.S.R. Kadapa,Gram,Rabi,403.0,710.0,251.0,1278.0,1148.0,1076.0,1248.0,912.0,900.0
Andhra Pradesh,Y.S.R. Kadapa,Jowar,Kharif,963.0,1207.0,786.0,2145.0,2602.0,1865.0,2784.0,3573.0,1403.0
Andhra Pradesh,Y.S.R. Kadapa,Jowar,Rabi,1077.0,626.0,634.0,1031.0,732.0,911.0,1607.0,2021.0,1521.0
Andhra Pradesh,Y.S.R. Kadapa,Maize,Kharif,4232.0,4995.0,4020.0,4498.0,2059.0,3004.0,2928.0,4053.0,3678.0
Andhra Pradesh,Y.S.R. Kadapa,Maize,Rabi,5311.0,13752.0,2689.0,0.0,5784.0,3254.0,3610.0,3985.0,3946.0
Andhra Pradesh,Y.S.R. Kadapa,Moong,Kharif,347.0,637.0,1281.0,1457.0,553.0,797.0,357.0,1093.0,457.0
Andhra Pradesh,Y.S.R. Kadapa,Moong,Rabi,411.0,939.0,627.0,976.0,496.0,677.0,1056.0,482.0,680.0
Andhra Pradesh,Y.S.R. Kadapa,Ragi,Kharif,737.0,1500.0,1700.0,,1333.0,1000.0,1000.0,1027.0,4031.0
Andhra Pradesh,Y.S.R. Kadapa,Ragi,Rabi,1904.0,1952.0,1989.0,1982.0,2377.0,1882.0,3053.0,,
Andhra Pradesh,Y.S.R. Kadapa,Rice,Kharif,3306.0,2295.0,3247.0,3056.0,1909.0,1673.0,3213.0,3400.0,3204.0
Andhra Pradesh,Y.S.R. Kadapa,Rice,Rabi,3180.0,2855.0,3079.0,3252.0,3318.0,2943.0,3593.0,3313.0,3507.0
Andhra Pradesh,Y.S.R. Kadapa,Shree Anna /Nutri Cereals,Kharif,957.0,1701.0,1143.0,2056.0,1659.0,1588.0,2363.0,2849.0,1057.0
Andhra Pradesh,Y.S.R. Kadapa,Shree Anna /Nutri Cereals,Rabi,1085.0,1105.0,686.0,1311.0,1192.0,1315.0,1597.0,2021.0,1521.0
Andhra Pradesh,Y.S.R. Kadapa,Shree Anna /Nutri Cereals,Summer,,,,,,,,,2215.0
Andhra Pradesh,Y.S.R. Kadapa,Small Millets,Kharif,424.0,636.0,640.0,1071.0,578.0,694.0,929.0,662.0,558.0
Andhra Pradesh,Y.S.R. Kadapa,Small Millets,Rabi,423.0,636.0,641.0,1017.0,851.0,1604.0,901.0,,
Andhra Pradesh,Y.S.R. Kadapa,Tur,Kharif,195.0,302.0,144.0,354.0,177.0,81.0,213.0,666.0,346.0
Andhra Pradesh,Y.S.R. Kadapa,Tur,Rabi,188.0,300.0,140.0,355.0,173.0,86.0,308.0,,
Andhra Pradesh,Y.S.R. Kadapa,Urad,Kharif,727.0,584.0,435.0,1154.0,560.0,667.0,397.0,719.0,333.0
Andhra Pradesh,Y.S.R. Kadapa,Urad,Rabi,639.0,1432.0,440.0,918.0,767.0,828.0,1226.0,560.0,447.0
Andhra Pradesh,Y.S.R. Kadapa,Wheat,Rabi,2000.0,714.0,,,1500.0,1000.0,1208.0,,
Arunachal Pradesh,Anjaw,Lentil,Rabi,237.0,314.0,314.0,314.0,,314.0,529.0,538.0,568.0
Arunachal Pradesh,Anjaw,Maize,Kharif,2328.0,2349.0,2360.0,2390.0,2417.0,2400.0,2402.0,2562.0,2563.0
Arunachal Pradesh,Anjaw,Maize,Rabi,,,,,,,,1752.0,1755.0
Arunachal Pradesh,Anjaw,Moong,Kharif,867.0,1400.0,1400.0,1800.0,1800.0,800.0,800.0,800.0,800.0
Arunachal Pradesh,Anjaw,Ragi,Kharif,,,,,,,,1163.0,1163.0
Arunachal Pradesh,Anjaw,Rice,Kharif,686.0,1019.0,1034.0,1088.0,1109.0,1117.0,1122.0,1123.0,1123.0
Arunachal Pradesh,Anjaw,Rice,Rabi,,,,,,,,1088.0,
Arunachal Pradesh,Anjaw,Shree Anna /Nutri Cereals,Kharif,1162.0,1161.0,1163.0,1164.0,1166.0,,1162.0,1163.0,1163.0
Arunachal Pradesh,Anjaw,Small Millets,Kharif,1162.0,1161.0,1163.0,1164.0,1166.0,,1162.0,,
Arunachal Pradesh,Anjaw,Urad,Kharif,833.0,1235.0,1235.0,1235.0,1235.0,889.0,696.0,696.0,826.0
Arunachal Pradesh,Anjaw,Urad,Rabi,969.0,1391.0,1391.0,1391.0,1391.0,909.0,909.0,909.0,
Arunachal Pradesh,Changlang,Maize,Kharif,1463.0,1510.0,1531.0,1574.0,1611.0,1600.0,1602.0,1536.0,1538.0
Arunachal Pradesh,Changlang,Maize,Rabi,,,,,,,,1837.0,1841.0
Arunachal Pradesh,Changlang,Moong,Kharif,1033.0,1031.0,1031.0,1031.0,1031.0,1014.0,1012.0,1011.0,1011.0
Arunachal Pradesh,Changlang,Ragi,Kharif,,,,,,,,817.0,818.0
Arunachal Pradesh,Changlang,Rice,Kharif,2203.0,2209.0,2212.0,2231.0,2238.0,2233.0,2245.0,2248.0,2249.0
Arunachal Pradesh,Changlang,Rice,Rabi,,,,,,,,1475.0,433.0
Arunachal Pradesh,Changlang,Shree Anna /Nutri Cereals,Kharif,614.0,618.0,620.0,621.0,625.0,,655.0,817.0,818.0
Arunachal Pradesh,Changlang,Small Millets,Kharif,614.0,618.0,620.0,621.0,625.0,,655.0,,
Arunachal Pradesh,Changlang,Urad,Kharif,1030.0,1030.0,1030.0,1030.0,1030.0,1042.0,1047.0,1040.0,988.0
Arunachal Pradesh,Changlang,Urad,Rabi,915.0,913.0,913.0,913.0,913.0,941.0,953.0,957.0,
Arunachal Pradesh,Changlang,Wheat,Rabi,2300.0,2299.0,2299.0,2299.0,2299.0,2297.0,2299.0,2449.0,2451.0
Arunachal Pradesh,Dibang Valley,Lentil,Rabi,531.0,654.0,654.0,654.0,,654.0,654.0,654.0,703.0
Arunachal Pradesh,Dibang Valley,Maize,Kharif,1402.0,1429.0,1441.0,1465.0,1484.0,1485.0,1487.0,1434.0,1435.0
Arunachal Pradesh,Dibang Valley,Maize,Rabi,,,,,,,,1726.0,1726.0
Arunachal Pradesh,Dibang Valley,Moong,Kharif,944.0,1214.0,1214.0,1214.0,1214.0,929.0,929.0,929.0,929.0
Arunachal Pradesh,Dibang Valley,Ragi,Kharif,,,,,,,,1028.0,1028.0
Arunachal Pradesh,Dibang Valley,Rice,Kharif,929.0,1015.0,1045.0,1153.0,1196.0,1193.0,1198.0,1201.0,1202.0
Arunachal Pradesh,Dibang Valley,Rice,Rabi,,,,,,,,1112.0,
Arunachal Pradesh,Dibang Valley,Shree Anna /Nutri Cereals,Kharif,1012.0,1012.0,1017.0,1018.0,1024.0,,1027.0,1028.0,1028.0
Arunachal Pradesh,Dibang Valley,Small Millets,Kharif,1012.0,1012.0,1017.0,1018.0,1024.0,,1027.0,,
Arunachal Pradesh,Dibang Valley,Tur,Kharif,577.0,625.0,625.0,625.0,625.0,667.0,673.0,660.0,667.0
Arunachal Pradesh,Dibang Valley,Urad,Kharif,625.0,643.0,643.0,643.0,643.0,655.0,594.0,594.0,686.0
Arunachal Pradesh,Dibang Valley,Urad,Rabi,614.0,711.0,711.0,763.0,763.0,784.0,784.0,784.0,
Arunachal Pradesh,East Kameng,Maize,Kharif,1461.0,1479.0,1487.0,1504.0,1524.0,1524.0,1526.0,1469.0,1470.0
Arunachal Pradesh,East Kameng,Maize,Rabi,,,,,,,,1787.0,1786.0
Arunachal Pradesh,East Kameng,Moong,Kharif,1048.0,804.0,1080.0,1063.0,1063.0,1049.0,1060.0,1059.0,1058.0
Arunachal Pradesh,East Kameng,Ragi,Kharif,,,,,,,,1071.0,1072.0
Arunachal Pradesh,East Kameng,Rice,Kharif,1233.0,1300.0,1305.0,1327.0,1339.0,1343.0,1349.0,1350.0,1353.0
Arunachal Pradesh,East Kameng,Rice,Rabi,,,,,,,,1296.0,417.0
Arunachal Pradesh,East Kameng,Shree Anna /Nutri Cereals,Kharif,1051.0,1050.0,1055.0,1057.0,1065.0,,1070.0,1071.0,1072.0
Arunachal Pradesh,East Kameng,Small Millets,Kharif,1051.0,1050.0,1055.0,1057.0,1065.0,,1070.0,,
Arunachal Pradesh,East Kameng,Tur,Kharif,919.0,950.0,950.0,946.0,946.0,948.0,950.0,951.0,951.0
Arunachal Pradesh,East Kameng,Urad,Kharif,817.0,856.0,856.0,844.0,844.0,862.0,814.0,817.0,872.0
Arunachal Pradesh,East Kameng,Urad,Rabi,795.0,858.0,858.0,844.0,844.0,835.0,857.0,859.0,
Arunachal Pradesh,East Kameng,Wheat,Rabi,2351.0,2347.0,2347.0,2343.0,2343.0,2303.0,2312.0,2147.0,2133.0
Arunachal Pradesh,East Siang,Lentil,Rabi,512.0,511.0,789.0,816.0,,814.0,818.0,800.0,864.0
Arunachal Pradesh,East Siang,Maize,Kharif,1959.0,1971.0,1981.0,2002.0,2021.0,2020.0,2021.0,2091.0,2092.0
Arunachal Pradesh,East Siang,Maize,Rabi,,,,,,,,1831.0,1831.0
Arunachal Pradesh,East Siang,Moong,Kharif,733.0,698.0,986.0,986.0,986.0,1025.0,1035.0,1034.0,1034.0
Arunachal Pradesh,East Siang,Ragi,Kharif,,,,,,,,1181.0,1182.0
Arunachal Pradesh,East Siang,Rice,Kharif,1821.0,1935.0,1826.0,1840.0,1842.0,1853.0,1855.0,1857.0,1857.0
Arunachal Pradesh,East Siang,Rice,Rabi,,,,,,,,1451.0,489.0
Arunachal Pradesh,East Siang,Shree Anna /Nutri Cereals,Kharif,1179.0,1178.0,1183.0,1183.0,1187.0,,1182.0,1181.0,1182.0
Arunachal Pradesh,East Siang,Small Millets,Kharif,1179.0,1178.0,1183.0,1183.0,1187.0,,1182.0,,
Arunachal Pradesh,East Siang,Tur,Kharif,937.0,882.0,882.0,882.0,882.0,900.0,903.0,904.0,904.0
Arunachal Pradesh,East Siang,Urad,Kharif,733.0,703.0,941.0,971.0,971.0,986.0,986.0,973.0,1019.0
Arunachal Pradesh,East Siang,Urad,Rabi,857.0,774.0,854.0,855.0,855.0,1059.0,1059.0,1060.0,
Arunachal Pradesh,East Siang,Wheat,Rabi,2659.0,2648.0,2647.0,2647.0,2647.0,2644.0,2648.0,2549.0,2550.0
Arunachal Pradesh,Kamle,Lentil,Rabi,,,2000.0,2000.0,,1750.0,1393.0,1390.0,1535.0
Arunachal Pradesh,Kamle,Maize,Kharif,,,1968.0,2057.0,2135.0,2099.0,2103.0,2040.0,2042.0
Arunachal Pradesh,Kamle,Maize,Rabi,,,,,,,,2195.0,2193.0
Arunachal Pradesh,Kamle,Moong,Kharif,,,688.0,714.0,714.0,842.0,895.0,895.0,895.0
Arunachal Pradesh,Kamle,Ragi,Kharif,,,,,,,,1072.0,1076.0
Arunachal Pradesh,Kamle,Rice,Kharif,,,2191.0,2242.0,2261.0,2233.0,1934.0,1934.0,1935.0
Arunachal Pradesh,Kamle,Shree Anna /Nutri Cereals,Kharif,,,1694.0,1696.0,1704.0,,1702.0,1072.0,1076.0
Arunachal Pradesh,Kamle,Small Millets,Kharif,,,1694.0,1696.0,1704.0,,1702.0,,
Arunachal Pradesh,Kamle,Tur,Kharif,,,800.0,900.0,900.0,927.0,929.0,952.0,951.0
Arunachal Pradesh,Kamle,Urad,Kharif,,,1000.0,1050.0,1050.0,1048.0,923.0,923.0,1070.0
Arunachal Pradesh,Kamle,Urad,Rabi,,,1750.0,1690.0,1690.0,1207.0,1207.0,1210.0,
Arunachal Pradesh,Kra Daadi,Maize,Kharif,1103.0,1301.0,1381.0,1530.0,1657.0,1650.0,1652.0,1586.0,1587.0
Arunachal Pradesh,Kra Daadi,Maize,Rabi,,,,,,,,1951.0,1950.0
Arunachal Pradesh,Kra Daadi,Ragi,Kharif,,,,,,,,980.0,984.0
Arunachal Pradesh,Kra Daadi,Rice,Kharif,1357.0,1542.0,1612.0,1929.0,2042.0,2006.0,1999.0,2018.0,2018.0
Arunachal Pradesh,Kra Daadi,Rice,Rabi,,,,,,,,1422.0,333.0
Arunachal Pradesh,Kra Daadi,Shree Anna /Nutri Cereals,Kharif,923.0,927.0,945.0,955.0,977.0,,979.0,980.0,984.0
Arunachal Pradesh,Kra Daadi,Small Millets,Kharif,923.0,927.0,945.0,955.0,977.0,,979.0,,
Arunachal Pradesh,Kra Daadi,Urad,Kharif,600.0,2000.0,2000.0,2000.0,2000.0,1250.0,1000.0,1000.0,1053.0
Arunachal Pradesh,Kra Daadi,Urad,Rabi,556.0,556.0,556.0,889.0,889.0,889.0,923.0,923.0,
Arunachal Pradesh,Kurung Kumey,Maize,Kharif,995.0,1265.0,1370.0,1563.0,1727.0,1720.0,1723.0,1620.0,1622.0
Arunachal Pradesh,Kurung Kumey,Maize,Rabi,,,,,,,,2031.0,2030.0
Arunachal Pradesh,Kurung Kumey,Ragi,Kharif,,,,,,,,962.0,963.0
Arunachal Pradesh,Kurung Kumey,Rice,Kharif,1343.0,1529.0,1596.0,1898.0,2006.0,1993.0,1995.0,2015.0,2015.0
Arunachal Pradesh,Kurung Kumey,Rice,Rabi,,,,,,,,1286.0,333.0
Arunachal Pradesh,Kurung Kumey,Shree Anna /Nutri Cereals,Kharif,896.0,903.0,925.0,936.0,963.0,,966.0,962.0,963.0
Arunachal Pradesh,Kurung Kumey,Small Millets,Kharif,896.0,903.0,925.0,936.0,963.0,,966.0,,
Arunachal Pradesh,Kurung Kumey,Urad,Kharif,556.0,556.0,556.0,778.0,778.0,900.0,1000.0,1000.0,917.0
Arunachal Pradesh,Kurung Kumey,Urad,Rabi,571.0,571.0,571.0,625.0,625.0,625.0,750.0,750.0,
Arunachal Pradesh,Leparada,Lentil,Rabi,,,,1500.0,,1375.0,1222.0,1220.0,1314.0
Arunachal Pradesh,Leparada,Maize,Kharif,,,,1528.0,1605.0,1675.0,1676.0,1783.0,1784.0
Arunachal Pradesh,Leparada,Maize,Rabi,,,,,,,,1406.0,1406.0
Arunachal Pradesh,Leparada,Moong,Kharif,,,,900.0,900.0,909.0,909.0,909.0,909.0
Arunachal Pradesh,Leparada,Ragi,Kharif,,,,,,,,935.0,936.0
Arunachal Pradesh,Leparada,Rice,Kharif,,,,1604.0,1625.0,1662.0,1674.0,1678.0,1679.0
Arunachal Pradesh,Leparada,Rice,Rabi,,,,,,,,1334.0,445.0
Arunachal Pradesh,Leparada,Shree Anna /Nutri Cereals,Kharif,,,,889.0,902.0,,930.0,935.0,936.0
Arunachal Pradesh,Leparada,Small Millets,Kharif,,,,889.0,902.0,,930.0,,
Arunachal Pradesh,Leparada,Tur,Kharif,,,,1100.0,1100.0,1167.0,1154.0,1154.0,1153.0
Arunachal Pradesh,Leparada,Urad,Kharif,,,,867.0,867.0,875.0,762.0,762.0,971.0
Arunachal Pradesh,Leparada,Urad,Rabi,,,,1231.0,1231.0,1231.0,1231.0,1230.0,
Arunachal Pradesh,Lohit,Maize,Kharif,1217.0,1231.0,1237.0,1248.0,1258.0,1260.0,1262.0,1168.0,1170.0
Arunachal Pradesh,Lohit,Maize,Rabi,,,,,,,,1674.0,1674.0
Arunachal Pradesh,Lohit,Moong,Kharif,838.0,886.0,886.0,896.0,896.0,1043.0,1028.0,1028.0,1032.0
Arunachal Pradesh,Lohit,Ragi,Kharif,,,,,,,,941.0,952.0
Arunachal Pradesh,Lohit,Rice,Kharif,2052.0,2065.0,2072.0,2112.0,2126.0,2120.0,2132.0,2136.0,2137.0
Arunachal Pradesh,Lohit,Rice,Rabi,,,,,,,,1429.0,500.0
Arunachal Pradesh,Lohit,Shree Anna /Nutri Cereals,Kharif,754.0,793.0,841.0,866.0,928.0,,935.0,941.0,952.0
Arunachal Pradesh,Lohit,Small Millets,Kharif,754.0,793.0,841.0,866.0,928.0,,935.0,,
Arunachal Pradesh,Lohit,Tur,Kharif,538.0,933.0,933.0,875.0,875.0,842.0,850.0,850.0,849.0
Arunachal Pradesh,Lohit,Urad,Kharif,552.0,599.0,599.0,599.0,599.0,614.0,673.0,682.0,850.0
Arunachal Pradesh,Lohit,Urad,Rabi,821.0,952.0,952.0,966.0,966.0,993.0,993.0,1000.0,
Arunachal Pradesh,Lohit,Wheat,Rabi,2126.0,2124.0,2124.0,2124.0,2124.0,2118.0,2122.0,2024.0,2026.0
Arunachal Pradesh,Longding,Lentil,Rabi,,,,,,,,,
Arunachal Pradesh,Longding,Maize,Kharif,2343.0,2365.0,2374.0,2399.0,2422.0,2400.0,2402.0,2607.0,2601.0
Arunachal Pradesh,Longding,Maize,Rabi,,,,,,,,1715.0,1716.0
Arunachal Pradesh,Longding,Moong,Kharif,857.0,1100.0,1100.0,1100.0,1100.0,800.0,800.0,800.0,800.0
Arunachal Pradesh,Longding,Ragi,Kharif,,,,,,,,1176.0,1177.0
Arunachal Pradesh,Longding,Rice,Kharif,1614.0,1642.0,1655.0,1720.0,1744.0,1750.0,1758.0,1762.0,1763.0
Arunachal Pradesh,Longding,Rice,Rabi,,,,,,,,1334.0,
Arunachal Pradesh,Longding,Shree Anna /Nutri Cereals,Kharif,1165.0,1164.0,1166.0,1168.0,1171.0,,1177.0,1176.0,1177.0
Arunachal Pradesh,Longding,Small Millets,Kharif,1165.0,1164.0,1166.0,1168.0,1171.0,,1177.0,,
Arunachal Pradesh,Longding,Tur,Kharif,321.0,333.0,333.0,333.0,333.0,333.0,400.0,400.0,400.0
Arunachal Pradesh,Longding,Urad,Kharif,842.0,1067.0,1067.0,1067.0,1067.0,1063.0,810.0,810.0,868.0
Arunachal Pradesh,Longding,Urad,Rabi,840.0,1118.0,1118.0,1118.0,1118.0,1000.0,1000.0,1000.0,
Arunachal Pradesh,Lower Dibang Valley,Lentil,Rabi,545.0,590.0,590.0,607.0,,803.0,790.0,794.0,857.0
Arunachal Pradesh,Lower Dibang Valley,Maize,Kharif,1333.0,1339.0,1342.0,1348.0,1353.0,1385.0,1386.0,1349.0,1351.0
Arunachal Pradesh,Lower Dibang Valley,Maize,Rabi,,,,,,,,1693.0,1692.0
Arunachal Pradesh,Lower Dibang Valley,Moong,Kharif,1045.0,1063.0,1063.0,1074.0,1074.0,1062.0,1072.0,1071.0,1071.0
Arunachal Pradesh,Lower Dibang Valley,Ragi,Kharif,,,,,,,,893.0,895.0
Arunachal Pradesh,Lower Dibang Valley,Rice,Kharif,1421.0,1518.0,1529.0,1542.0,1547.0,1567.0,1648.0,1649.0,1650.0
Arunachal Pradesh,Lower Dibang Valley,Rice,Rabi,,,,,,,,1422.0,417.0
Arunachal Pradesh,Lower Dibang Valley,Shree Anna /Nutri Cereals,Kharif,866.0,868.0,870.0,871.0,874.0,,893.0,893.0,895.0
Arunachal Pradesh,Lower Dibang Valley,Small Millets,Kharif,866.0,868.0,870.0,871.0,874.0,,893.0,,
Arunachal Pradesh,Lower Dibang Valley,Tur,Kharif,899.0,947.0,947.0,938.0,938.0,939.0,931.0,931.0,931.0
Arunachal Pradesh,Lower Dibang Valley,Urad,Kharif,875.0,907.0,907.0,930.0,930.0,943.0,989.0,1000.0,977.0
Arunachal Pradesh,Lower Dibang Valley,Urad,Rabi,917.0,949.0,949.0,957.0,957.0,958.0,975.0,967.0,
Arunachal Pradesh,Lower Dibang Valley,Wheat,Rabi,2018.0,2018.0,2018.0,2018.0,2018.0,2020.0,2023.0,1951.0,1954.0
Arunachal Pradesh,Lower Siang,Lentil,Rabi,,,2333.0,2333.0,,1667.0,1250.0,1250.0,1382.0
Arunachal Pradesh,Lower Siang,Maize,Kharif,,,1609.0,1627.0,1646.0,1640.0,1642.0,1614.0,1615.0
Arunachal Pradesh,Lower Siang,Maize,Rabi,,,,,,,,1759.0,1757.0
Arunachal Pradesh,Lower Siang,Moong,Kharif,,,559.0,508.0,508.0,1083.0,1100.0,1082.0,1081.0
Arunachal Pradesh,Lower Siang,Ragi,Kharif,,,,,,,,960.0,963.0
Arunachal Pradesh,Lower Siang,Rice,Kharif,,,1509.0,1544.0,1559.0,1563.0,1571.0,1573.0,1574.0
Arunachal Pradesh,Lower Siang,Rice,Rabi,,,,,,,,1500.0,467.0
Arunachal Pradesh,Lower Siang,Shree Anna /Nutri Cereals,Kharif,,,953.0,954.0,957.0,,960.0,960.0,963.0
Arunachal Pradesh,Lower Siang,Small Millets,Kharif,,,953.0,954.0,957.0,,960.0,,
Arunachal Pradesh,Lower Siang,Tur,Kharif,,,1000.0,1000.0,1000.0,1032.0,1030.0,1030.0,1029.0
Arunachal Pradesh,Lower Siang,Urad,Kharif,,,515.0,525.0,525.0,550.0,610.0,610.0,880.0
Arunachal Pradesh,Lower Siang,Urad,Rabi,,,1341.0,1324.0,1324.0,1289.0,1289.0,1290.0,
Arunachal Pradesh,Lower Siang,Wheat,Rabi,,,2650.0,2650.0,2650.0,2605.0,2614.0,,1857.0
Arunachal Pradesh,Lower Subansiri,Lentil,Rabi,818.0,532.0,319.0,340.0,,511.0,511.0,521.0,548.0
Arunachal Pradesh,Lower Subansiri,Maize,Kharif,2176.0,2215.0,2215.0,2290.0,2357.0,2339.0,2342.0,2510.0,2511.0
Arunachal Pradesh,Lower Subansiri,Maize,Rabi,,,,,,,,1818.0,1817.0
Arunachal Pradesh,Lower Subansiri,Moong,Kharif,965.0,,1543.0,1571.0,1571.0,1054.0,1081.0,1081.0,1081.0
Arunachal Pradesh,Lower Subansiri,Ragi,Kharif,,,,,,,,824.0,826.0
Arunachal Pradesh,Lower Subansiri,Rice,Kharif,2237.0,2243.0,2024.0,2055.0,2067.0,2055.0,2064.0,2068.0,2069.0
Arunachal Pradesh,Lower Subansiri,Rice,Rabi,,,,,,,,1534.0,424.0
Arunachal Pradesh,Lower Subansiri,Shree Anna /Nutri Cereals,Kharif,1028.0,1027.0,822.0,823.0,827.0,,823.0,824.0,826.0
Arunachal Pradesh,Lower Subansiri,Small Millets,Kharif,1028.0,1027.0,822.0,823.0,827.0,,823.0,,
Arunachal Pradesh,Lower Subansiri,Tur,Kharif,913.0,759.0,1025.0,1050.0,1050.0,1073.0,1095.0,1119.0,1118.0
Arunachal Pradesh,Lower Subansiri,Urad,Kharif,882.0,690.0,906.0,909.0,909.0,912.0,1000.0,1000.0,962.0
Arunachal Pradesh,Lower Subansiri,Urad,Rabi,935.0,712.0,889.0,911.0,911.0,911.0,911.0,911.0,
Arunachal Pradesh,Namsai,Maize,Kharif,1224.0,1233.0,1237.0,1243.0,1250.0,1250.0,1252.0,1144.0,1145.0
Arunachal Pradesh,Namsai,Maize,Rabi,,,,,,,,1736.0,1735.0
Arunachal Pradesh,Namsai,Moong,Kharif,635.0,589.0,589.0,589.0,589.0,963.0,972.0,972.0,977.0
Arunachal Pradesh,Namsai,Ragi,Kharif,,,,,,,,1043.0,1050.0
Arunachal Pradesh,Namsai,Rice,Kharif,2258.0,2264.0,2267.0,2288.0,2296.0,2267.0,2278.0,2281.0,2281.0
Arunachal Pradesh,Namsai,Rice,Rabi,,,,,,,,1534.0,471.0
Arunachal Pradesh,Namsai,Shree Anna /Nutri Cereals,Kharif,908.0,920.0,960.0,980.0,1039.0,,1046.0,1043.0,1050.0
Arunachal Pradesh,Namsai,Small Millets,Kharif,908.0,920.0,960.0,980.0,1039.0,,1046.0,,
Arunachal Pradesh,Namsai,Tur,Kharif,618.0,420.0,420.0,412.0,412.0,444.0,561.0,552.0,559.0
Arunachal Pradesh,Namsai,Urad,Kharif,1092.0,961.0,961.0,961.0,961.0,1006.0,1051.0,1050.0,947.0
Arunachal Pradesh,Namsai,Urad,Rabi,852.0,778.0,778.0,778.0,778.0,862.0,873.0,874.0,
Arunachal Pradesh,Namsai,Wheat,Rabi,2096.0,2095.0,2095.0,2095.0,2095.0,2094.0,2099.0,2031.0,2034.0
Arunachal Pradesh,Pakke Kessang,Maize,Kharif,,,,1504.0,1552.0,1532.0,1552.0,1497.0,1498.0
Arunachal Pradesh,Pakke Kessang,Maize,Rabi,,,,,,,,1764.0,1763.0
Arunachal Pradesh,Pakke Kessang,Moong,Kharif,,,,1088.0,1088.0,1056.0,1053.0,1079.0,1079.0
Arunachal Pradesh,Pakke Kessang,Ragi,Kharif,,,,,,,,1076.0,1078.0
Arunachal Pradesh,Pakke Kessang,Rice,Kharif,,,,1327.0,1355.0,1355.0,1362.0,1364.0,1365.0
Arunachal Pradesh,Pakke Kessang,Rice,Rabi,,,,,,,,1445.0,445.0
Arunachal Pradesh,Pakke Kessang,Shree Anna /Nutri Cereals,Kharif,,,,1058.0,1078.0,,1078.0,1076.0,1078.0
Arunachal Pradesh,Pakke Kessang,Small Millets,Kharif,,,,1058.0,1078.0,,1078.0,,
Arunachal Pradesh,Pakke Kessang,Tur,Kharif,,,,958.0,958.0,962.0,963.0,963.0,962.0
Arunachal Pradesh,Pakke Kessang,Urad,Kharif,,,,821.0,821.0,828.0,897.0,897.0,926.0
Arunachal Pradesh,Pakke Kessang,Urad,Rabi,,,,868.0,868.0,868.0,921.0,921.0,
Arunachal Pradesh,Pakke Kessang,Wheat,Rabi,,,,2356.0,2356.0,2340.0,2362.0,1649.0,1667.0
Arunachal Pradesh,Papum Pare,Lentil,Rabi,528.0,520.0,520.0,520.0,,691.0,691.0,696.0,755.0
Arunachal Pradesh,Papum Pare,Maize,Kharif,1728.0,1745.0,1754.0,1772.0,1787.0,1780.0,1782.0,1802.0,1805.0
Arunachal Pradesh,Papum Pare,Maize,Rabi,,,,,,,,1724.0,1723.0
Arunachal Pradesh,Papum Pare,Moong,Kharif,938.0,831.0,804.0,821.0,821.0,1102.0,1115.0,1131.0,1129.0
Arunachal Pradesh,Papum Pare,Ragi,Kharif,,,,,,,,1268.0,1270.0
Arunachal Pradesh,Papum Pare,Rice,Kharif,1975.0,1981.0,1983.0,1999.0,2008.0,2008.0,2018.0,2024.0,2024.0
Arunachal Pradesh,Papum Pare,Rice,Rabi,,,,,,,,1096.0,529.0
Arunachal Pradesh,Papum Pare,Shree Anna /Nutri Cereals,Kharif,1273.0,1270.0,1274.0,1276.0,1280.0,,1272.0,1268.0,1270.0
Arunachal Pradesh,Papum Pare,Small Millets,Kharif,1273.0,1270.0,1274.0,1276.0,1280.0,,1272.0,,
Arunachal Pradesh,Papum Pare,Tur,Kharif,1113.0,986.0,986.0,1000.0,1000.0,973.0,961.0,961.0,961.0
Arunachal Pradesh,Papum Pare,Urad,Kharif,907.0,784.0,784.0,804.0,804.0,827.0,900.0,900.0,976.0
Arunachal Pradesh,Papum Pare,Urad,Rabi,1136.0,931.0,931.0,958.0,958.0,1027.0,1027.0,1030.0,
Arunachal Pradesh,Papum Pare,Wheat,Rabi,2468.0,2465.0,2465.0,2465.0,2465.0,2451.0,2453.0,2604.0,2602.0
Arunachal Pradesh,Shi Yomi,Maize,Kharif,,,,1432.0,1600.0,1875.0,1881.0,1945.0,1947.0
Arunachal Pradesh,Shi Yomi,Maize,Rabi,,,,,,,,1399.0,1420.0
Arunachal Pradesh,Shi Yomi,Ragi,Kharif,,,,,,,,1431.0,1390.0
Arunachal Pradesh,Shi Yomi,Rice,Kharif,,,,1615.0,1642.0,1659.0,1666.0,1667.0,1664.0
Arunachal Pradesh,Shi Yomi,Shree Anna /Nutri Cereals,Kharif,,,,840.0,868.0,,1113.0,1431.0,1390.0
Arunachal Pradesh,Shi Yomi,Small Millets,Kharif,,,,840.0,868.0,,1113.0,,
Arunachal Pradesh,Shi Yomi,Urad,Kharif,,,,1200.0,1200.0,909.0,833.0,909.0,952.0
Arunachal Pradesh,Shi Yomi,Urad,Rabi,,,,1200.0,1200.0,1200.0,1200.0,1200.0,
Arunachal Pradesh,Siang,Lentil,Rabi,528.0,643.0,643.0,621.0,,793.0,867.0,867.0,
Arunachal Pradesh,Siang,Maize,Kharif,1714.0,1735.0,1740.0,1761.0,1779.0,1750.0,1752.0,1768.0,1770.0
Arunachal Pradesh,Siang,Maize,Rabi,,,,,,,,1702.0,1704.0
Arunachal Pradesh,Siang,Moong,Kharif,955.0,2278.0,1079.0,1079.0,1079.0,1122.0,1146.0,1171.0,1167.0
Arunachal Pradesh,Siang,Ragi,Kharif,,,,,,,,1067.0,1068.0
Arunachal Pradesh,Siang,Rice,Kharif,1524.0,1535.0,2174.0,2198.0,2209.0,2200.0,2146.0,2150.0,2151.0
Arunachal Pradesh,Siang,Rice,Rabi,,,,,,,,1310.0,489.0
Arunachal Pradesh,Siang,Shree Anna /Nutri Cereals,Kharif,1052.0,1052.0,1054.0,1056.0,1060.0,,1069.0,1067.0,1068.0
Arunachal Pradesh,Siang,Small Millets,Kharif,1052.0,1052.0,1054.0,1056.0,1060.0,,1069.0,,
Arunachal Pradesh,Siang,Tur,Kharif,657.0,705.0,705.0,705.0,705.0,692.0,706.0,710.0,729.0
Arunachal Pradesh,Siang,Urad,Kharif,878.0,977.0,977.0,977.0,977.0,1000.0,978.0,979.0,1079.0
Arunachal Pradesh,Siang,Urad,Rabi,957.0,1158.0,1158.0,1158.0,1158.0,1175.0,1175.0,1170.0,
Arunachal Pradesh,Tawang,Maize,Kharif,2255.0,2297.0,2314.0,2362.0,2404.0,2390.0,2392.0,2490.0,2491.0
Arunachal Pradesh,Tawang,Maize,Rabi,,,,,,,,1934.0,1933.0
Arunachal Pradesh,Tawang,Moong,Kharif,1591.0,1587.0,1587.0,1580.0,1580.0,1106.0,1110.0,1110.0,1109.0
Arunachal Pradesh,Tawang,Ragi,Kharif,,,,,,,,1156.0,1158.0
Arunachal Pradesh,Tawang,Rice,Kharif,1555.0,1654.0,1697.0,1908.0,1983.0,1980.0,1975.0,1978.0,1979.0
Arunachal Pradesh,Tawang,Shree Anna /Nutri Cereals,Kharif,1143.0,1141.0,1144.0,1146.0,1150.0,,1156.0,1156.0,1158.0
Arunachal Pradesh,Tawang,Small Millets,Kharif,1143.0,1141.0,1144.0,1146.0,1150.0,,1156.0,,
Arunachal Pradesh,Tawang,Wheat,Rabi,1748.0,1749.0,1749.0,1749.0,1749.0,1774.0,1776.0,1849.0,1892.0
Arunachal Pradesh,Tirap,Lentil,Rabi,356.0,486.0,486.0,486.0,,486.0,914.0,914.0,956.0
Arunachal Pradesh,Tirap,Maize,Kharif,1156.0,1171.0,1178.0,1191.0,1202.0,1202.0,1205.0,1092.0,1094.0
Arunachal Pradesh,Tirap,Maize,Rabi,,,,,,,,1669.0,1669.0
Arunachal Pradesh,Tirap,Moong,Kharif,882.0,1364.0,1364.0,1364.0,1364.0,857.0,857.0,857.0,857.0
Arunachal Pradesh,Tirap,Ragi,Kharif,,,,,,,,846.0,847.0
Arunachal Pradesh,Tirap,Rice,Kharif,1311.0,1344.0,1359.0,1423.0,1447.0,1450.0,1457.0,1463.0,1463.0
Arunachal Pradesh,Tirap,Rice,Rabi,,,,,,,,1184.0,476.0
Arunachal Pradesh,Tirap,Shree Anna /Nutri Cereals,Kharif,829.0,831.0,834.0,835.0,839.0,,844.0,846.0,847.0
Arunachal Pradesh,Tirap,Small Millets,Kharif,829.0,831.0,834.0,835.0,839.0,,844.0,,
Arunachal Pradesh,Tirap,Tur,Kharif,463.0,543.0,543.0,543.0,543.0,583.0,622.0,622.0,622.0
Arunachal Pradesh,Tirap,Urad,Kharif,789.0,1154.0,1154.0,1154.0,1154.0,1214.0,1000.0,1000.0,1094.0
Arunachal Pradesh,Tirap,Urad,Rabi,950.0,2000.0,2000.0,2000.0,2000.0,1200.0,1200.0,1200.0,
Arunachal Pradesh,Tirap,Wheat,Rabi,1575.0,1583.0,1583.0,1583.0,1583.0,1591.0,1591.0,1183.0,1193.0
Arunachal Pradesh,Upper Siang,Maize,Kharif,1296.0,1328.0,1342.0,1369.0,1393.0,1411.0,1413.0,1332.0,1333.0
Arunachal Pradesh,Upper Siang,Maize,Rabi,,,,,,,,1766.0,1766.0
Arunachal Pradesh,Upper Siang,Moong,Kharif,1125.0,1313.0,1135.0,1135.0,1135.0,1158.0,1125.0,1125.0,1122.0
Arunachal Pradesh,Upper Siang,Ragi,Kharif,,,,,,,,938.0,939.0
Arunachal Pradesh,Upper Siang,Rice,Kharif,1900.0,1900.0,1905.0,1933.0,1943.0,1953.0,1964.0,1969.0,1969.0
Arunachal Pradesh,Upper Siang,Rice,Rabi,,,,,,,,1440.0,
Arunachal Pradesh,Upper Siang,Shree Anna /Nutri Cereals,Kharif,919.0,921.0,924.0,925.0,928.0,,935.0,938.0,939.0
Arunachal Pradesh,Upper Siang,Small Millets,Kharif,919.0,921.0,924.0,925.0,928.0,,935.0,,
Arunachal Pradesh,Upper Siang,Tur,Kharif,916.0,935.0,935.0,935.0,935.0,936.0,938.0,938.0,938.0
Arunachal Pradesh,Upper Siang,Urad,Kharif,857.0,938.0,938.0,969.0,969.0,1091.0,1152.0,1152.0,1026.0
Arunachal Pradesh,Upper Siang,Urad,Rabi,844.0,925.0,925.0,905.0,905.0,1000.0,1000.0,1000.0,
Arunachal Pradesh,Upper Subansiri,Lentil,Rabi,511.0,872.0,795.0,821.0,,821.0,821.0,821.0,860.0
Arunachal Pradesh,Upper Subansiri,Maize,Kharif,1417.0,1458.0,1480.0,1523.0,1561.0,1560.0,1563.0,1436.0,1438.0
Arunachal Pradesh,Upper Subansiri,Maize,Rabi,,,,,,,,1817.0,1817.0
Arunachal Pradesh,Upper Subansiri,Moong,Kharif,1302.0,1720.0,1456.0,1474.0,1474.0,1050.0,1067.0,1066.0,1065.0
Arunachal Pradesh,Upper Subansiri,Ragi,Kharif,,,,,,,,1255.0,1257.0
Arunachal Pradesh,Upper Subansiri,Rice,Kharif,2071.0,2084.0,2072.0,2115.0,2130.0,2100.0,2110.0,2116.0,2116.0
Arunachal Pradesh,Upper Subansiri,Rice,Rabi,,,,,,,,1504.0,351.0
Arunachal Pradesh,Upper Subansiri,Shree Anna /Nutri Cereals,Kharif,1276.0,1270.0,1273.0,1274.0,1277.0,,1269.0,1255.0,1257.0
Arunachal Pradesh,Upper Subansiri,Small Millets,Kharif,1276.0,1270.0,1273.0,1274.0,1277.0,,1269.0,,
Arunachal Pradesh,Upper Subansiri,Tur,Kharif,903.0,1085.0,1385.0,1410.0,1410.0,1390.0,1349.0,1372.0,1363.0
Arunachal Pradesh,Upper Subansiri,Urad,Kharif,1136.0,1157.0,1439.0,1429.0,1429.0,1442.0,1524.0,1523.0,1406.0
Arunachal Pradesh,Upper Subansiri,Urad,Rabi,958.0,1215.0,1411.0,1429.0,1429.0,1429.0,1429.0,1430.0,
Arunachal Pradesh,West Kameng,Maize,Kharif,1756.0,1770.0,1777.0,1792.0,1805.0,1805.0,1806.0,1820.0,1821.0
Arunachal Pradesh,West Kameng,Maize,Rabi,,,,,,,,1756.0,1755.0
Arunachal Pradesh,West Kameng,Moong,Kharif,,1080.0,,,,,,,
Arunachal Pradesh,West Kameng,Ragi,Kharif,,,,,,,,973.0,976.0
Arunachal Pradesh,West Kameng,Rice,Kharif,1425.0,1525.0,1569.0,1774.0,1847.0,1840.0,1847.0,1862.0,1864.0
Arunachal Pradesh,West Kameng,Rice,Rabi,,,,,,,,1387.0,
Arunachal Pradesh,West Kameng,Shree Anna /Nutri Cereals,Kharif,959.0,959.0,962.0,964.0,968.0,,974.0,973.0,976.0
Arunachal Pradesh,West Kameng,Small Millets,Kharif,959.0,959.0,962.0,964.0,968.0,,974.0,,
Arunachal Pradesh,West Kameng,Wheat,Rabi,1692.0,1694.0,1694.0,1694.0,1694.0,1694.0,1696.0,1732.0,1734.0
Arunachal Pradesh,West Siang,Lentil,Rabi,525.0,696.0,1000.0,1000.0,,867.0,867.0,867.0,932.0
Arunachal Pradesh,West Siang,Maize,Kharif,1345.0,1365.0,1388.0,1431.0,1504.0,1665.0,1667.0,2009.0,2011.0
Arunachal Pradesh,West Siang,Maize,Rabi,,,,,,,,1322.0,1351.0
Arunachal Pradesh,West Siang,Moong,Kharif,958.0,865.0,1136.0,1583.0,1583.0,923.0,923.0,923.0,923.0
Arunachal Pradesh,West Siang,Ragi,Kharif,,,,,,,,897.0,900.0
Arunachal Pradesh,West Siang,Rice,Kharif,1222.0,1528.0,1599.0,1616.0,1627.0,1666.0,1685.0,1688.0,1690.0
Arunachal Pradesh,West Siang,Rice,Rabi,,,,,,,,1275.0,433.0
Arunachal Pradesh,West Siang,Shree Anna /Nutri Cereals,Kharif,826.0,829.0,833.0,834.0,846.0,,850.0,897.0,900.0
Arunachal Pradesh,West Siang,Small Millets,Kharif,826.0,829.0,833.0,834.0,846.0,,850.0,,
Arunachal Pradesh,West Siang,Tur,Kharif,882.0,800.0,1111.0,1100.0,1100.0,1136.0,1130.0,1130.0,1129.0
Arunachal Pradesh,West Siang,Urad,Kharif,887.0,818.0,1212.0,1200.0,1200.0,1188.0,875.0,875.0,1024.0
Arunachal Pradesh,West Siang,Urad,Rabi,875.0,759.0,1206.0,1267.0,1267.0,1188.0,1188.0,1190.0,
Assam,Baksa,Gram,Rabi,623.0,816.0,791.0,890.0,887.0,888.0,887.0,890.0,890.0
Assam,Baksa,Lentil,Rabi,573.0,882.0,650.0,968.0,975.0,978.0,975.0,1070.0,997.0
Assam,Baksa,Maize,Kharif,3747.0,3122.0,3200.0,3160.0,3166.0,3166.0,3162.0,2450.0,3446.0
Assam,Baksa,Maize,Rabi,,,,,,,2805.0,2420.0,5382.0
Assam,Baksa,Moong,Rabi,562.0,775.0,592.0,887.0,888.0,887.0,892.0,894.0,894.0
Assam,Baksa,Moong,Summer,,,,,,,,850.0,949.0
Assam,Baksa,Ragi,Kharif,,,,,,,,580.0,591.0
Assam,Baksa,Rice,Kharif,1582.0,1553.0,1663.0,1697.0,1178.0,1217.0,1514.0,2068.0,2067.0
Assam,Baksa,Rice,Rabi,1919.0,2322.0,2199.0,2041.0,2022.0,2272.0,2621.0,,
Assam,Baksa,Rice,Summer,1964.0,2187.0,2446.0,2238.0,2248.0,1579.0,2655.0,3281.0,3657.0
Assam,Baksa,Shree Anna /Nutri Cereals,Kharif,583.0,642.0,560.0,651.0,709.0,713.0,1106.0,544.0,559.0
Assam,Baksa,Small Millets,Kharif,583.0,642.0,560.0,651.0,709.0,713.0,1106.0,542.0,551.0
Assam,Baksa,Tur,Kharif,1095.0,1418.0,1202.0,1496.0,1518.0,1513.0,1518.0,1521.0,1527.0
Assam,Baksa,Urad,Kharif,,,,,,,,359.0,
Assam,Baksa,Urad,Rabi,659.0,629.0,629.0,531.0,658.0,929.0,810.0,361.0,651.0
Assam,Baksa,Urad,Summer,,,,,,,,921.0,920.0
Assam,Baksa,Wheat,Rabi,1761.0,1814.0,2139.0,1272.0,1870.0,1719.0,1307.0,1596.0,1350.0
Assam,Barpeta,Gram,Rabi,542.0,701.0,679.0,679.0,680.0,718.0,725.0,539.0,600.0
Assam,Barpeta,Lentil,Rabi,544.0,528.0,539.0,537.0,539.0,606.0,612.0,624.0,625.0
Assam,Barpeta,Maize,Kharif,4422.0,4947.0,5023.0,5050.0,5110.0,5131.0,5153.0,6720.0,3446.0
Assam,Barpeta,Maize,Rabi,,,,,,,5020.0,6914.0,5771.0
Assam,Barpeta,Moong,Rabi,633.0,626.0,611.0,608.0,613.0,678.0,689.0,620.0,625.0
Assam,Barpeta,Moong,Summer,,,,,,,,610.0,681.0
Assam,Barpeta,Ragi,Kharif,,,,,,,,290.0,800.0
Assam,Barpeta,Rice,Kharif,1182.0,1189.0,1165.0,1435.0,1430.0,1662.0,1826.0,1629.0,2066.0
Assam,Barpeta,Rice,Rabi,1663.0,1526.0,1942.0,2061.0,2109.0,2021.0,2938.0,,
Assam,Barpeta,Rice,Summer,2803.0,3823.0,3095.0,2984.0,2699.0,3197.0,2687.0,3673.0,3040.0
Assam,Barpeta,Shree Anna /Nutri Cereals,Kharif,602.0,593.0,589.0,588.0,591.0,616.0,624.0,511.0,940.0
Assam,Barpeta,Small Millets,Kharif,602.0,593.0,589.0,588.0,591.0,616.0,624.0,528.0,978.0
Assam,Barpeta,Tur,Kharif,671.0,641.0,636.0,629.0,627.0,675.0,682.0,627.0,800.0
Assam,Barpeta,Urad,Kharif,,,,,,,,598.0,
Assam,Barpeta,Urad,Rabi,617.0,656.0,714.0,720.0,729.0,721.0,591.0,602.0,599.0
Assam,Barpeta,Urad,Summer,,,,,,,,625.0,625.0
Assam,Barpeta,Wheat,Rabi,1388.0,1514.0,1451.0,1273.0,1521.0,1404.0,1407.0,1320.0,1350.0
Assam,Biswanath,Gram,Rabi,,,,,500.0,625.0,667.0,778.0,780.0
Assam,Biswanath,Lentil,Rabi,,,,,1079.0,1071.0,1078.0,1060.0,1070.0
Assam,Biswanath,Maize,Kharif,,,,,3400.0,3415.0,3421.0,3421.0,4983.0
Assam,Biswanath,Maize,Rabi,,,,,,,,3406.0,5382.0
Assam,Biswanath,Moong,Rabi,,,,,1000.0,998.0,995.0,998.0,1010.0
Assam,Biswanath,Moong,Summer,,,,,,,,961.0,1073.0
Assam,Biswanath,Ragi,Kharif,,,,,,,,580.0,587.0
Assam,Biswanath,Rice,Kharif,,,,,1629.0,1509.0,1938.0,1688.0,1886.0
Assam,Biswanath,Rice,Rabi,,,,,1812.0,1639.0,2587.0,,
Assam,Biswanath,Rice,Summer,,,,,2306.0,2100.0,2497.0,2618.0,2722.0
Assam,Biswanath,Shree Anna /Nutri Cereals,Kharif,,,,,561.0,737.0,689.0,528.0,551.0
Assam,Biswanath,Small Millets,Kharif,,,,,561.0,737.0,689.0,516.0,527.0
Assam,Biswanath,Tur,Kharif,,,,,1211.0,1202.0,1216.0,1234.0,1237.0
Assam,Biswanath,Urad,Kharif,,,,,,,,709.0,
Assam,Biswanath,Urad,Rabi,,,,,762.0,612.0,743.0,713.0,757.0
Assam,Biswanath,Urad,Summer,,,,,,,,1022.0,1022.0
Assam,Biswanath,Wheat,Rabi,,,,,1300.0,1263.0,1086.0,1255.0,1357.0
Assam,Bongaigaon,Gram,Rabi,620.0,595.0,541.0,549.0,764.0,759.0,596.0,597.0,600.0
Assam,Bongaigaon,Lentil,Rabi,761.0,659.0,947.0,950.0,883.0,867.0,645.0,652.0,651.0
Assam,Bongaigaon,Maize,Kharif,3164.0,3328.0,3259.0,3256.0,3900.0,3303.0,3725.0,3796.0,3446.0
Assam,Bongaigaon,Maize,Rabi,,,,,,,,3803.0,5382.0
Assam,Bongaigaon,Moong,Rabi,662.0,724.0,424.0,419.0,559.0,557.0,410.0,417.0,417.0
Assam,Bongaigaon,Moong,Summer,,,,,,,,664.0,742.0
Assam,Bongaigaon,Ragi,Kharif,,,,,,,,1314.0,1315.0
Assam,Bongaigaon,Rice,Kharif,812.0,814.0,923.0,896.0,790.0,1059.0,1580.0,2044.0,2759.0
Assam,Bongaigaon,Rice,Rabi,1922.0,1953.0,1458.0,1690.0,1880.0,1834.0,2835.0,,
Assam,Bongaigaon,Rice,Summer,2732.0,2570.0,2529.0,1255.0,2017.0,2214.0,3156.0,3255.0,3119.0
Assam,Bongaigaon,Shree Anna /Nutri Cereals,Kharif,532.0,471.0,566.0,447.0,584.0,448.0,472.0,558.0,587.0
Assam,Bongaigaon,Small Millets,Kharif,532.0,471.0,566.0,447.0,584.0,448.0,472.0,512.0,516.0
Assam,Bongaigaon,Tur,Kharif,1120.0,820.0,854.0,835.0,700.0,702.0,824.0,834.0,833.0
Assam,Bongaigaon,Urad,Kharif,,,,,,,,505.0,
Assam,Bongaigaon,Urad,Rabi,686.0,664.0,586.0,950.0,887.0,803.0,678.0,508.0,531.0
Assam,Bongaigaon,Urad,Summer,,,,,,,,712.0,711.0
Assam,Bongaigaon,Wheat,Rabi,987.0,1424.0,1273.0,1212.0,1169.0,881.0,911.0,1405.0,1272.0
Assam,Cachar,Gram,Rabi,564.0,560.0,667.0,667.0,654.0,643.0,760.0,749.0,760.0
Assam,Cachar,Lentil,Rabi,656.0,686.0,658.0,659.0,659.0,656.0,570.0,670.0,590.0
Assam,Cachar,Maize,Kharif,846.0,1250.0,1259.0,1333.0,1351.0,1331.0,2500.0,5500.0,3446.0
Assam,Cachar,Maize,Rabi,,,,,,,2507.0,4500.0,5382.0
Assam,Cachar,Moong,Rabi,657.0,667.0,784.0,780.0,786.0,778.0,451.0,450.0,450.0
Assam,Cachar,Moong,Summer,,,,,,,,600.0,692.0
Assam,Cachar,Ragi,Kharif,,,,,,,,950.0,950.0
Assam,Cachar,Rice,Kharif,1864.0,1793.0,2187.0,1823.0,1549.0,1557.0,2551.0,2580.0,1819.0
Assam,Cachar,Rice,Rabi,2105.0,1487.0,2212.0,2276.0,2176.0,2306.0,2025.0,,
Assam,Cachar,Rice,Summer,510.0,2496.0,2555.0,2593.0,3924.0,2281.0,2653.0,2148.0,2986.0
Assam,Cachar,Shree Anna /Nutri Cereals,Kharif,500.0,455.0,778.0,500.0,800.0,813.0,785.0,845.0,845.0
Assam,Cachar,Small Millets,Kharif,500.0,455.0,778.0,500.0,800.0,813.0,785.0,840.0,830.0
Assam,Cachar,Tur,Kharif,713.0,719.0,752.0,764.0,757.0,757.0,704.0,701.0,700.0
Assam,Cachar,Urad,Kharif,,,,,,,,658.0,
Assam,Cachar,Urad,Rabi,676.0,648.0,665.0,599.0,651.0,661.0,671.0,662.0,652.0
Assam,Cachar,Urad,Summer,,,,,,,,700.0,690.0
Assam,Cachar,Wheat,Rabi,1333.0,1388.0,1409.0,1200.0,1366.0,1262.0,1304.0,1434.0,1350.0
Assam,Charaideo,Lentil,Rabi,,,,,600.0,600.0,600.0,610.0,610.0
Assam,Charaideo,Maize,Kharif,,,,,2500.0,2500.0,2500.0,2500.0,3446.0
Assam,Charaideo,Maize,Rabi,,,,,,,2457.0,2100.0,5382.0
Assam,Charaideo,Moong,Rabi,,,,,652.0,679.0,667.0,670.0,670.0
Assam,Charaideo,Moong,Summer,,,,,,,,950.0,1027.0
Assam,Charaideo,Rice,Kharif,,,,,1615.0,1545.0,1533.0,2084.0,1887.0
Assam,Charaideo,Rice,Rabi,,,,,1952.0,1737.0,2539.0,,
Assam,Charaideo,Rice,Summer,,,,,2828.0,2281.0,2959.0,3080.0,2986.0
Assam,Charaideo,Shree Anna /Nutri Cereals,Kharif,,,,,,,,950.0,950.0
Assam,Charaideo,Small Millets,Kharif,,,,,,,,950.0,950.0
Assam,Charaideo,Tur,Kharif,,,,,810.0,818.0,818.0,801.0,800.0
Assam,Charaideo,Urad,Kharif,,,,,,,,658.0,
Assam,Charaideo,Urad,Rabi,,,,,657.0,667.0,667.0,662.0,652.0
Assam,Charaideo,Urad,Summer,,,,,,,,850.0,880.0
Assam,Charaideo,Wheat,Rabi,,,,,,,1278.0,1434.0,1350.0
Assam,Chirang,Gram,Rabi,469.0,738.0,899.0,482.0,490.0,471.0,675.0,460.0,668.0
Assam,Chirang,Lentil,Rabi,655.0,550.0,500.0,546.0,505.0,1010.0,450.0,450.0,738.0
Assam,Chirang,Maize,Kharif,2256.0,3306.0,3501.0,5045.0,1949.0,4100.0,4117.0,4500.0,3446.0
Assam,Chirang,Maize,Rabi,,,,,,,4050.0,5000.0,5515.0
Assam,Chirang,Moong,Rabi,617.0,489.0,797.0,618.0,610.0,903.0,559.0,700.0,784.0
Assam,Chirang,Moong,Summer,,,,,,,,700.0,781.0
Assam,Chirang,Ragi,Kharif,,,,,,,,925.0,1110.0
Assam,Chirang,Rice,Kharif,1138.0,1148.0,1149.0,1088.0,1068.0,1471.0,2106.0,2340.0,1991.0
Assam,Chirang,Rice,Rabi,1671.0,1738.0,1612.0,1799.0,1996.0,1655.0,2720.0,,
Assam,Chirang,Rice,Summer,2119.0,2013.0,1736.0,1599.0,1499.0,2928.0,3007.0,3165.0,2835.0
Assam,Chirang,Shree Anna /Nutri Cereals,Kharif,1000.0,700.0,556.0,610.0,625.0,677.0,1046.0,1486.0,1024.0
Assam,Chirang,Small Millets,Kharif,1000.0,700.0,556.0,610.0,625.0,677.0,1046.0,1493.0,1021.0
Assam,Chirang,Tur,Kharif,909.0,820.0,901.0,920.0,916.0,845.0,762.0,450.0,750.0
Assam,Chirang,Urad,Kharif,,,,,,,,572.0,
Assam,Chirang,Urad,Rabi,600.0,487.0,595.0,365.0,383.0,543.0,1064.0,575.0,615.0
Assam,Chirang,Urad,Summer,,,,,,,,850.0,850.0
Assam,Chirang,Wheat,Rabi,1358.0,1349.0,1701.0,1568.0,1547.0,1523.0,1439.0,1553.0,1629.0
Assam,Darrang,Gram,Rabi,681.0,786.0,806.0,788.0,677.0,750.0,676.0,741.0,710.0
Assam,Darrang,Lentil,Rabi,745.0,1627.0,1629.0,1250.0,764.0,1030.0,1150.0,1145.0,1075.0
Assam,Darrang,Maize,Kharif,5619.0,6498.0,6502.0,6502.0,6800.0,7200.0,7300.0,8597.0,3446.0
Assam,Darrang,Maize,Rabi,,,,,,,7100.0,8534.0,8586.0
Assam,Darrang,Moong,Rabi,653.0,898.0,900.0,899.0,748.0,781.0,844.0,814.0,680.0
Assam,Darrang,Moong,Summer,,,,,,,,690.0,770.0
Assam,Darrang,Ragi,Kharif,,,,,,,,560.0,138.0
Assam,Darrang,Rice,Kharif,932.0,1033.0,1444.0,1354.0,1559.0,2582.0,1515.0,2099.0,1897.0
Assam,Darrang,Rice,Rabi,1932.0,2052.0,2382.0,2628.0,2539.0,2203.0,2859.0,,
Assam,Darrang,Rice,Summer,3408.0,3023.0,3499.0,3061.0,3305.0,1786.0,3013.0,3490.0,2926.0
Assam,Darrang,Shree Anna /Nutri Cereals,Kharif,686.0,686.0,676.0,677.0,966.0,788.0,687.0,728.0,700.0
Assam,Darrang,Small Millets,Kharif,686.0,686.0,676.0,677.0,966.0,788.0,687.0,740.0,740.0
Assam,Darrang,Tur,Kharif,816.0,820.0,826.0,823.0,749.0,778.0,836.0,798.0,780.0
Assam,Darrang,Urad,Kharif,,,,,,,,636.0,
Assam,Darrang,Urad,Rabi,645.0,688.0,791.0,815.0,751.0,861.0,688.0,640.0,608.0
Assam,Darrang,Urad,Summer,,,,,,,,732.0,732.0
Assam,Darrang,Wheat,Rabi,1445.0,983.0,1690.0,1531.0,1429.0,1206.0,1421.0,1337.0,1350.0
Assam,Dhemaji,Gram,Rabi,800.0,750.0,600.0,500.0,500.0,500.0,,638.0,705.0
Assam,Dhemaji,Lentil,Rabi,713.0,708.0,800.0,625.0,819.0,541.0,523.0,676.0,1002.0
Assam,Dhemaji,Maize,Kharif,4008.0,3986.0,3543.0,3485.0,3503.0,3472.0,3425.0,2417.0,3446.0
Assam,Dhemaji,Maize,Rabi,,,,,,,3060.0,2353.0,2991.0
Assam,Dhemaji,Moong,Rabi,704.0,702.0,643.0,936.0,767.0,633.0,563.0,633.0,460.0
Assam,Dhemaji,Moong,Summer,,,,,,,,1046.0,1168.0
Assam,Dhemaji,Ragi,Kharif,,,,,,,,645.0,645.0
Assam,Dhemaji,Rice,Kharif,1179.0,1079.0,847.0,962.0,1092.0,1448.0,1233.0,2073.0,1742.0
Assam,Dhemaji,Rice,Rabi,1484.0,1718.0,1282.0,1268.0,1483.0,1584.0,2205.0,,
Assam,Dhemaji,Rice,Summer,911.0,1040.0,1087.0,1472.0,2011.0,863.0,2018.0,2978.0,3123.0
Assam,Dhemaji,Shree Anna /Nutri Cereals,Kharif,824.0,824.0,412.0,588.0,563.0,286.0,424.0,607.0,608.0
Assam,Dhemaji,Small Millets,Kharif,824.0,824.0,412.0,588.0,563.0,286.0,424.0,589.0,589.0
Assam,Dhemaji,Tur,Kharif,967.0,947.0,1344.0,1111.0,1000.0,621.0,442.0,506.0,506.0
Assam,Dhemaji,Urad,Kharif,,,,,,,,658.0,
Assam,Dhemaji,Urad,Rabi,677.0,648.0,666.0,599.0,651.0,661.0,671.0,662.0,652.0
Assam,Dhemaji,Urad,Summer,,,,,,,,1025.0,1146.0
Assam,Dhemaji,Wheat,Rabi,400.0,1000.0,1000.0,1000.0,1000.0,1255.0,1306.0,1434.0,1350.0
Assam,Dhubri,Gram,Rabi,727.0,758.0,816.0,815.0,761.0,761.0,770.0,772.0,990.0
Assam,Dhubri,Lentil,Rabi,769.0,869.0,797.0,800.0,778.0,778.0,781.0,760.0,720.0
Assam,Dhubri,Maize,Kharif,4497.0,4128.0,4205.0,4364.0,4200.0,4200.0,4264.0,5073.0,3446.0
Assam,Dhubri,Maize,Rabi,,,,,,,4100.0,6460.0,3709.0
Assam,Dhubri,Moong,Rabi,890.0,1000.0,1039.0,1032.0,1056.0,1056.0,1055.0,1068.0,1329.0
Assam,Dhubri,Moong,Summer,,,,,,,,900.0,1027.0
Assam,Dhubri,Ragi,Kharif,,,,,,,,1799.0,1750.0
Assam,Dhubri,Rice,Kharif,1147.0,1145.0,686.0,1513.0,1588.0,1588.0,1550.0,1969.0,2132.0
Assam,Dhubri,Rice,Rabi,2043.0,1792.0,1802.0,2086.0,2107.0,1638.0,2663.0,,
Assam,Dhubri,Rice,Summer,3901.0,3028.0,3143.0,2995.0,3224.0,2012.0,3420.0,3509.0,3007.0
Assam,Dhubri,Shree Anna /Nutri Cereals,Kharif,902.0,903.0,906.0,910.0,927.0,927.0,928.0,1206.0,1197.0
Assam,Dhubri,Small Millets,Kharif,902.0,903.0,906.0,910.0,927.0,927.0,928.0,983.0,1015.0
Assam,Dhubri,Tur,Kharif,944.0,942.0,963.0,959.0,944.0,944.0,953.0,906.0,1050.0
Assam,Dhubri,Urad,Kharif,,,,,,,,785.0,
Assam,Dhubri,Urad,Rabi,736.0,821.0,820.0,818.0,810.0,720.0,806.0,790.0,666.0
Assam,Dhubri,Urad,Summer,,,,,,,,1065.0,1055.0
Assam,Dhubri,Wheat,Rabi,1341.0,1386.0,1493.0,1272.0,1434.0,1645.0,1647.0,1434.0,2475.0
Assam,Dibrugarh,Gram,Rabi,333.0,333.0,,1000.0,1000.0,,,,
Assam,Dibrugarh,Lentil,Rabi,516.0,517.0,538.0,550.0,563.0,340.0,938.0,910.0,625.0
Assam,Dibrugarh,Maize,Kharif,1607.0,1612.0,1879.0,1881.0,1921.0,1919.0,1605.0,177.0,3446.0
Assam,Dibrugarh,Maize,Rabi,,,,,,,1606.0,1455.0,5382.0
Assam,Dibrugarh,Moong,Rabi,743.0,743.0,587.0,589.0,602.0,360.0,707.0,729.0,729.0
Assam,Dibrugarh,Moong,Summer,,,,,,,,729.0,809.0
Assam,Dibrugarh,Rice,Kharif,2052.0,1355.0,2162.0,797.0,1558.0,1556.0,1509.0,2687.0,1821.0
Assam,Dibrugarh,Rice,Rabi,1933.0,2077.0,1881.0,1805.0,2176.0,1515.0,2763.0,,
Assam,Dibrugarh,Rice,Summer,2340.0,2975.0,2858.0,2593.0,2820.0,2280.0,2965.0,3080.0,2986.0
Assam,Dibrugarh,Shree Anna /Nutri Cereals,Kharif,500.0,1000.0,,632.0,,,,,
Assam,Dibrugarh,Small Millets,Kharif,500.0,1000.0,,632.0,,,,,
Assam,Dibrugarh,Tur,Kharif,814.0,818.0,852.0,852.0,870.0,571.0,788.0,801.0,800.0
Assam,Dibrugarh,Urad,Kharif,,,,,,,,658.0,
Assam,Dibrugarh,Urad,Rabi,678.0,648.0,665.0,598.0,651.0,661.0,672.0,662.0,652.0
Assam,Dibrugarh,Urad,Summer,,,,,,,,742.0,880.0
Assam,Dibrugarh,Wheat,Rabi,1333.0,1500.0,,1222.0,,1255.0,1309.0,1434.0,1350.0
Assam,Dima Hasao,Lentil,Rabi,611.0,400.0,579.0,579.0,600.0,600.0,600.0,1300.0,1050.0
Assam,Dima Hasao,Maize,Kharif,1540.0,750.0,1540.0,1540.0,1540.0,1540.0,1545.0,6550.0,3662.0
Assam,Dima Hasao,Maize,Rabi,,,,,,,1530.0,2105.0,5382.0
Assam,Dima Hasao,Moong,Rabi,469.0,472.0,472.0,473.0,473.0,473.0,473.0,450.0,473.0
Assam,Dima Hasao,Moong,Summer,,,,,,,,815.0,893.0
Assam,Dima Hasao,Rice,Kharif,1847.0,1843.0,2018.0,1854.0,2165.0,1818.0,1514.0,1397.0,2365.0
Assam,Dima Hasao,Rice,Rabi,2279.0,2467.0,2233.0,2341.0,2482.0,2203.0,2732.0,,
Assam,Dima Hasao,Shree Anna /Nutri Cereals,Kharif,,,,,,,,800.0,790.0
Assam,Dima Hasao,Small Millets,Kharif,,,,,,,,800.0,790.0
Assam,Dima Hasao,Tur,Kharif,720.0,720.0,723.0,723.0,721.0,723.0,720.0,721.0,750.0
Assam,Dima Hasao,Urad,Kharif,,,,,,,,658.0,
Assam,Dima Hasao,Urad,Rabi,677.0,649.0,665.0,599.0,650.0,661.0,671.0,662.0,652.0
Assam,Dima Hasao,Urad,Summer,,,,,,,,900.0,800.0
Assam,Dima Hasao,Wheat,Rabi,,,,,,,,1434.0,1350.0
Assam,Goalpara,Gram,Rabi,648.0,696.0,698.0,695.0,696.0,710.0,712.0,719.0,710.0
Assam,Goalpara,Lentil,Rabi,650.0,700.0,700.0,700.0,704.0,708.0,724.0,730.0,725.0
Assam,Goalpara,Maize,Kharif,1746.0,4500.0,4500.0,4500.0,4550.0,4560.0,4430.0,4530.0,3446.0
Assam,Goalpara,Maize,Rabi,,,,,,,4200.0,4250.0,4238.0
Assam,Goalpara,Moong,Rabi,600.0,700.0,700.0,702.0,691.0,694.0,712.0,650.0,712.0
Assam,Goalpara,Moong,Summer,,,,,,,,745.0,781.0
Assam,Goalpara,Ragi,Kharif,,,,,,,,1799.0,690.0
Assam,Goalpara,Rice,Kharif,913.0,922.0,1079.0,1518.0,1670.0,1556.0,1202.0,1945.0,1907.0
Assam,Goalpara,Rice,Rabi,2083.0,2392.0,2394.0,2569.0,2311.0,1997.0,3057.0,,
Assam,Goalpara,Rice,Summer,2861.0,3405.0,3538.0,2187.0,2705.0,2180.0,2829.0,2779.0,3106.0
Assam,Goalpara,Shree Anna /Nutri Cereals,Kharif,899.0,622.0,621.0,622.0,625.0,690.0,690.0,823.0,693.0
Assam,Goalpara,Small Millets,Kharif,899.0,622.0,621.0,622.0,625.0,690.0,690.0,705.0,693.0
Assam,Goalpara,Tur,Kharif,1201.0,701.0,700.0,699.0,702.0,710.0,743.0,711.0,743.0
Assam,Goalpara,Urad,Kharif,,,,,,,,667.0,
Assam,Goalpara,Urad,Rabi,588.0,569.0,450.0,474.0,684.0,757.0,432.0,671.0,622.0
Assam,Goalpara,Urad,Summer,,,,,,,,750.0,720.0
Assam,Goalpara,Wheat,Rabi,1390.0,1445.0,1370.0,1273.0,1431.0,1422.0,1228.0,1560.0,1350.0
Assam,Golaghat,Gram,Rabi,,667.0,667.0,667.0,667.0,625.0,533.0,799.0,800.0
Assam,Golaghat,Lentil,Rabi,705.0,716.0,715.0,718.0,718.0,715.0,716.0,800.0,800.0
Assam,Golaghat,Maize,Kharif,943.0,949.0,948.0,988.0,988.0,1018.0,996.0,2700.0,3446.0
Assam,Golaghat,Maize,Rabi,,,,,,,,2800.0,5382.0
Assam,Golaghat,Moong,Rabi,500.0,520.0,515.0,535.0,528.0,532.0,564.0,700.0,700.0
Assam,Golaghat,Moong,Summer,,,,,,,,700.0,781.0
Assam,Golaghat,Ragi,Kharif,,,,,,,,1020.0,1400.0
Assam,Golaghat,Rice,Kharif,980.0,1812.0,1544.0,1448.0,1560.0,1557.0,1515.0,2966.0,2416.0
Assam,Golaghat,Rice,Rabi,2056.0,2199.0,2223.0,2215.0,2080.0,927.0,2778.0,,
Assam,Golaghat,Rice,Summer,2068.0,2218.0,1973.0,2593.0,2442.0,2684.0,2949.0,3000.0,2791.0
Assam,Golaghat,Shree Anna /Nutri Cereals,Kharif,466.0,491.0,500.0,491.0,490.0,491.0,507.0,625.0,1061.0
Assam,Golaghat,Small Millets,Kharif,466.0,491.0,500.0,491.0,490.0,491.0,507.0,598.0,1049.0
Assam,Golaghat,Tur,Kharif,892.0,869.0,876.0,881.0,873.0,867.0,886.0,624.0,1400.0
Assam,Golaghat,Urad,Kharif,,,,,,,,658.0,
Assam,Golaghat,Urad,Rabi,649.0,608.0,665.0,499.0,450.0,596.0,757.0,662.0,991.0
Assam,Golaghat,Urad,Summer,,,,,,,,1001.0,1000.0
Assam,Golaghat,Wheat,Rabi,1344.0,1386.0,1402.0,1279.0,1377.0,1247.0,892.0,1434.0,1350.0
Assam,Hailakandi,Gram,Rabi,500.0,500.0,333.0,500.0,500.0,500.0,500.0,549.0,550.0
Assam,Hailakandi,Lentil,Rabi,,,,1000.0,667.0,1000.0,500.0,800.0,800.0
Assam,Hailakandi,Maize,Kharif,1750.0,2750.0,2813.0,2778.0,2778.0,2941.0,3000.0,5300.0,3446.0
Assam,Hailakandi,Maize,Rabi,,,,,,,2851.0,6499.0,5382.0
Assam,Hailakandi,Moong,Rabi,451.0,444.0,625.0,609.0,588.0,625.0,467.0,560.0,825.0
Assam,Hailakandi,Moong,Summer,,,,,,,,120.0,134.0
Assam,Hailakandi,Ragi,Kharif,,,,,,,,,950.0
Assam,Hailakandi,Rice,Kharif,2364.0,2040.0,2438.0,1962.0,2245.0,2220.0,1515.0,2850.0,2207.0
Assam,Hailakandi,Rice,Rabi,2221.0,2172.0,2373.0,2797.0,2525.0,1626.0,2786.0,,
Assam,Hailakandi,Rice,Summer,2445.0,2012.0,2223.0,2593.0,2189.0,2462.0,2074.0,2212.0,2986.0
Assam,Hailakandi,Shree Anna /Nutri Cereals,Kharif,667.0,667.0,600.0,500.0,500.0,667.0,500.0,500.0,884.0
Assam,Hailakandi,Small Millets,Kharif,667.0,667.0,600.0,500.0,500.0,667.0,500.0,500.0,811.0
Assam,Hailakandi,Tur,Kharif,545.0,550.0,508.0,509.0,509.0,509.0,444.0,470.0,470.0
Assam,Hailakandi,Urad,Kharif,,,,,,,,658.0,
Assam,Hailakandi,Urad,Rabi,676.0,648.0,665.0,598.0,650.0,661.0,671.0,662.0,652.0
Assam,Hailakandi,Urad,Summer,,,,,,,,300.0,500.0
Assam,Hailakandi,Wheat,Rabi,,,,1273.0,,,,,
Assam,Hojai,Gram,Rabi,,,,,1098.0,765.0,1157.0,1159.0,1160.0
Assam,Hojai,Lentil,Rabi,,,,,902.0,902.0,912.0,911.0,902.0
Assam,Hojai,Maize,Kharif,,,,,3019.0,3427.0,3729.0,3731.0,3446.0
Assam,Hojai,Maize,Rabi,,,,,,,3735.0,3743.0,5382.0
Assam,Hojai,Moong,Rabi,,,,,5841.0,652.0,580.0,581.0,542.0
Assam,Hojai,Moong,Summer,,,,,,,,536.0,598.0
Assam,Hojai,Ragi,Kharif,,,,,,,,915.0,425.0
Assam,Hojai,Rice,Kharif,,,,,2584.0,1557.0,2241.0,3267.0,2380.0
Assam,Hojai,Rice,Rabi,,,,,2958.0,2267.0,3466.0,,
Assam,Hojai,Rice,Summer,,,,,2820.0,2857.0,3174.0,3125.0,2641.0
Assam,Hojai,Shree Anna /Nutri Cereals,Kharif,,,,,400.0,650.0,1200.0,1630.0,556.0
Assam,Hojai,Small Millets,Kharif,,,,,400.0,650.0,1200.0,1786.0,579.0
Assam,Hojai,Tur,Kharif,,,,,,,,,800.0
Assam,Hojai,Urad,Kharif,,,,,,,,859.0,
Assam,Hojai,Urad,Rabi,,,,,911.0,703.0,768.0,864.0,616.0
Assam,Hojai,Urad,Summer,,,,,,,,564.0,560.0
Assam,Hojai,Wheat,Rabi,,,,,1378.0,1248.0,1542.0,1511.0,634.0
Assam,Jorhat,Gram,Rabi,667.0,556.0,714.0,683.0,714.0,714.0,750.0,794.0,500.0
Assam,Jorhat,Lentil,Rabi,788.0,719.0,686.0,798.0,813.0,794.0,813.0,847.0,720.0
Assam,Jorhat,Maize,Kharif,2469.0,2414.0,2568.0,2635.0,2611.0,2600.0,2600.0,1747.0,3446.0
Assam,Jorhat,Maize,Rabi,,,,,,,2600.0,1835.0,5382.0
Assam,Jorhat,Moong,Rabi,672.0,617.0,458.0,687.0,669.0,671.0,669.0,898.0,506.0
Assam,Jorhat,Moong,Summer,,,,,,,,848.0,947.0
Assam,Jorhat,Ragi,Kharif,,,,,,,,532.0,146.0
Assam,Jorhat,Rice,Kharif,1185.0,1377.0,1839.0,1992.0,1067.0,1187.0,1516.0,2883.0,1878.0
Assam,Jorhat,Rice,Rabi,2168.0,2238.0,2503.0,2439.0,2130.0,1378.0,2916.0,,
Assam,Jorhat,Rice,Summer,1886.0,2348.0,2382.0,3043.0,1297.0,2723.0,3039.0,2883.0,2401.0
Assam,Jorhat,Shree Anna /Nutri Cereals,Kharif,,400.0,,500.0,,,503.0,530.0,606.0
Assam,Jorhat,Small Millets,Kharif,,400.0,,500.0,,,503.0,530.0,656.0
Assam,Jorhat,Tur,Kharif,900.0,850.0,889.0,904.0,885.0,905.0,900.0,844.0,980.0
Assam,Jorhat,Urad,Kharif,,,,,,,,498.0,
Assam,Jorhat,Urad,Rabi,423.0,423.0,402.0,373.0,415.0,741.0,528.0,501.0,718.0
Assam,Jorhat,Urad,Summer,,,,,,,,920.0,919.0
Assam,Jorhat,Wheat,Rabi,1250.0,1500.0,1400.0,1286.0,1000.0,1000.0,1318.0,1434.0,1350.0
Assam,Kamrup,Gram,Rabi,322.0,326.0,329.0,325.0,325.0,339.0,952.0,1109.0,1095.0
Assam,Kamrup,Lentil,Rabi,507.0,506.0,513.0,533.0,533.0,554.0,1200.0,1147.0,1116.0
Assam,Kamrup,Maize,Kharif,3581.0,3578.0,3572.0,5975.0,5975.0,6024.0,3525.0,2030.0,3446.0
Assam,Kamrup,Maize,Rabi,,,,,,,3525.0,2030.0,6974.0
Assam,Kamrup,Moong,Rabi,455.0,458.0,456.0,455.0,456.0,578.0,900.0,1013.0,1579.0
Assam,Kamrup,Moong,Summer,,,,,,,,460.0,506.0
Assam,Kamrup,Ragi,Kharif,,,,,,,,211.0,212.0
Assam,Kamrup,Rice,Kharif,1293.0,1161.0,1098.0,885.0,1062.0,1833.0,1343.0,2538.0,2565.0
Assam,Kamrup,Rice,Rabi,2133.0,2303.0,2718.0,2609.0,2249.0,1689.0,2849.0,,
Assam,Kamrup,Rice,Summer,2928.0,2834.0,2858.0,2593.0,2496.0,1654.0,3340.0,3140.0,3076.0
Assam,Kamrup,Shree Anna /Nutri Cereals,Kharif,520.0,525.0,522.0,538.0,533.0,550.0,776.0,474.0,557.0
Assam,Kamrup,Small Millets,Kharif,520.0,525.0,522.0,538.0,533.0,550.0,776.0,490.0,570.0
Assam,Kamrup,Tur,Kharif,927.0,927.0,924.0,924.0,921.0,909.0,781.0,938.0,1452.0
Assam,Kamrup,Urad,Kharif,,,,,,,,614.0,
Assam,Kamrup,Urad,Rabi,692.0,665.0,615.0,664.0,503.0,658.0,438.0,618.0,676.0
Assam,Kamrup,Urad,Summer,,,,,,,,450.0,450.0
Assam,Kamrup,Wheat,Rabi,1279.0,1305.0,1063.0,842.0,979.0,1265.0,1131.0,1240.0,1325.0
Assam,Kamrup Metro,Gram,Rabi,333.0,333.0,364.0,400.0,500.0,417.0,1133.0,1109.0,1100.0
Assam,Kamrup Metro,Lentil,Rabi,509.0,513.0,527.0,530.0,529.0,545.0,1099.0,1075.0,1100.0
Assam,Kamrup Metro,Maize,Kharif,3227.0,3577.0,3458.0,5972.0,5973.0,5826.0,3523.0,4500.0,3446.0
Assam,Kamrup Metro,Maize,Rabi,,,,,,,3398.0,4000.0,5382.0
Assam,Kamrup Metro,Moong,Rabi,455.0,455.0,582.0,585.0,582.0,627.0,1203.0,899.0,1250.0
Assam,Kamrup Metro,Moong,Summer,,,,,,,,400.0,463.0
Assam,Kamrup Metro,Ragi,Kharif,,,,,,,,250.0,210.0
Assam,Kamrup Metro,Rice,Kharif,2038.0,2372.0,1626.0,500.0,1555.0,,,2889.0,2942.0
Assam,Kamrup Metro,Rice,Rabi,2336.0,2209.0,2618.0,2117.0,2087.0,2297.0,2939.0,,
Assam,Kamrup Metro,Rice,Summer,3148.0,3631.0,3087.0,1695.0,2850.0,792.0,3059.0,3080.0,3247.0
Assam,Kamrup Metro,Shree Anna /Nutri Cereals,Kharif,514.0,514.0,513.0,538.0,500.0,538.0,579.0,444.0,264.0
Assam,Kamrup Metro,Small Millets,Kharif,514.0,514.0,513.0,538.0,500.0,538.0,579.0,464.0,540.0
Assam,Kamrup Metro,Tur,Kharif,909.0,931.0,935.0,917.0,926.0,935.0,1500.0,783.0,1500.0
Assam,Kamrup Metro,Urad,Kharif,,,,,,,,658.0,
Assam,Kamrup Metro,Urad,Rabi,675.0,650.0,663.0,600.0,650.0,660.0,672.0,662.0,652.0
Assam,Kamrup Metro,Urad,Summer,,,,,,,,350.0,352.0
Assam,Kamrup Metro,Wheat,Rabi,1250.0,1400.0,1400.0,1273.0,1000.0,1000.0,1500.0,1434.0,1350.0
Assam,Karbi Anglong,Gram,Rabi,767.0,767.0,715.0,766.0,768.0,766.0,768.0,1374.0,1075.0
Assam,Karbi Anglong,Lentil,Rabi,616.0,614.0,603.0,609.0,610.0,611.0,610.0,650.0,630.0
Assam,Karbi Anglong,Maize,Kharif,2214.0,2214.0,2261.0,2269.0,2273.0,2273.0,2273.0,4830.0,3066.0
Assam,Karbi Anglong,Maize,Rabi,,,,,,,2273.0,4825.0,2696.0
Assam,Karbi Anglong,Moong,Rabi,697.0,694.0,782.0,783.0,783.0,783.0,783.0,1089.0,785.0
Assam,Karbi Anglong,Moong,Summer,,,,,,,,820.0,932.0
Assam,Karbi Anglong,Ragi,Kharif,,,,,,,,1100.0,846.0
Assam,Karbi Anglong,Rice,Kharif,1548.0,1628.0,1519.0,1637.0,1767.0,1620.0,989.0,2409.0,2361.0
Assam,Karbi Anglong,Rice,Rabi,1867.0,1902.0,1991.0,1989.0,2049.0,1850.0,2674.0,,
Assam,Karbi Anglong,Rice,Summer,2075.0,2975.0,2858.0,2593.0,2820.0,2266.0,2447.0,2618.0,2675.0
Assam,Karbi Anglong,Shree Anna /Nutri Cereals,Kharif,842.0,842.0,830.0,,847.0,844.0,844.0,803.0,846.0
Assam,Karbi Anglong,Small Millets,Kharif,842.0,842.0,830.0,,847.0,844.0,844.0,784.0,846.0
Assam,Karbi Anglong,Tur,Kharif,787.0,788.0,763.0,763.0,764.0,764.0,764.0,1361.0,763.0
Assam,Karbi Anglong,Urad,Kharif,,,,,,,,658.0,
Assam,Karbi Anglong,Urad,Rabi,677.0,648.0,665.0,598.0,651.0,661.0,671.0,662.0,652.0
Assam,Karbi Anglong,Urad,Summer,,,,,,,,911.0,900.0
Assam,Karbi Anglong,Wheat,Rabi,1550.0,1386.0,1242.0,,1379.0,1438.0,1745.0,1900.0,955.0
Assam,Kokrajhar,Gram,Rabi,565.0,564.0,561.0,550.0,581.0,552.0,1100.0,899.0,687.0
Assam,Kokrajhar,Lentil,Rabi,576.0,580.0,579.0,583.0,580.0,684.0,1120.0,991.0,840.0
Assam,Kokrajhar,Maize,Kharif,660.0,662.0,675.0,674.0,780.0,2778.0,2850.0,2717.0,3446.0
Assam,Kokrajhar,Maize,Rabi,,,,,,,2851.0,3489.0,5382.0
Assam,Kokrajhar,Moong,Rabi,692.0,695.0,694.0,689.0,693.0,681.0,1144.0,711.0,710.0
Assam,Kokrajhar,Moong,Summer,,,,,,,,671.0,749.0
Assam,Kokrajhar,Ragi,Kharif,,,,,,,,923.0,1646.0
Assam,Kokrajhar,Rice,Kharif,1058.0,1173.0,1171.0,1287.0,975.0,1141.0,1152.0,1868.0,1810.0
Assam,Kokrajhar,Rice,Rabi,1892.0,1803.0,2141.0,1918.0,2067.0,1497.0,2109.0,,
Assam,Kokrajhar,Rice,Summer,2347.0,2325.0,2225.0,2102.0,2820.0,2201.0,2499.0,2850.0,2470.0
Assam,Kokrajhar,Shree Anna /Nutri Cereals,Kharif,667.0,670.0,552.0,551.0,556.0,556.0,1135.0,1049.0,1347.0
Assam,Kokrajhar,Small Millets,Kharif,667.0,670.0,552.0,551.0,556.0,556.0,1135.0,1078.0,1271.0
Assam,Kokrajhar,Tur,Kharif,871.0,874.0,875.0,876.0,877.0,887.0,873.0,831.0,1155.0
Assam,Kokrajhar,Urad,Kharif,,,,,,,,454.0,
Assam,Kokrajhar,Urad,Rabi,813.0,635.0,665.0,598.0,651.0,662.0,513.0,457.0,652.0
Assam,Kokrajhar,Urad,Summer,,,,,,,,547.0,547.0
Assam,Kokrajhar,Wheat,Rabi,1650.0,1733.0,1384.0,1295.0,1570.0,1404.0,1904.0,1648.0,909.0
Assam,Lakhimpur,Gram,Rabi,700.0,556.0,500.0,545.0,500.0,550.0,742.0,776.0,744.0
Assam,Lakhimpur,Lentil,Rabi,925.0,881.0,825.0,906.0,904.0,921.0,856.0,949.0,930.0
Assam,Lakhimpur,Maize,Kharif,586.0,4193.0,3707.0,3709.0,4101.0,4105.0,4269.0,2549.0,3446.0
Assam,Lakhimpur,Maize,Rabi,,,,,,,3800.0,2935.0,5382.0
Assam,Lakhimpur,Moong,Rabi,922.0,919.0,875.0,1013.0,1026.0,938.0,873.0,883.0,880.0
Assam,Lakhimpur,Moong,Summer,,,,,,,,747.0,836.0
Assam,Lakhimpur,Ragi,Kharif,,,,,,,,1166.0,1240.0
Assam,Lakhimpur,Rice,Kharif,1211.0,398.0,1090.0,1518.0,1160.0,1168.0,1028.0,1878.0,1660.0
Assam,Lakhimpur,Rice,Rabi,1878.0,2029.0,2233.0,1693.0,1930.0,1711.0,2007.0,,
Assam,Lakhimpur,Rice,Summer,2533.0,1831.0,2858.0,2195.0,2051.0,2478.0,2244.0,2452.0,2400.0
Assam,Lakhimpur,Shree Anna /Nutri Cereals,Kharif,538.0,733.0,450.0,452.0,452.0,417.0,414.0,707.0,773.0
Assam,Lakhimpur,Small Millets,Kharif,538.0,733.0,450.0,452.0,452.0,417.0,414.0,660.0,651.0
Assam,Lakhimpur,Tur,Kharif,958.0,897.0,878.0,919.0,906.0,891.0,982.0,1119.0,972.0
Assam,Lakhimpur,Urad,Kharif,,,,,,,,702.0,
Assam,Lakhimpur,Urad,Rabi,730.0,617.0,665.0,385.0,636.0,549.0,723.0,706.0,823.0
Assam,Lakhimpur,Urad,Summer,,,,,,,,788.0,788.0
Assam,Lakhimpur,Wheat,Rabi,1333.0,1250.0,1375.0,1333.0,1429.0,1240.0,1305.0,1434.0,1350.0
Assam,Majuli,Gram,Rabi,,,,,720.0,700.0,717.0,679.0,714.0
Assam,Majuli,Lentil,Rabi,,,,,792.0,789.0,589.0,625.0,590.0
Assam,Majuli,Maize,Kharif,,,,,2617.0,2627.0,2612.0,5150.0,3446.0
Assam,Majuli,Maize,Rabi,,,,,,,2563.0,5055.0,5382.0
Assam,Majuli,Moong,Rabi,,,,,690.0,690.0,690.0,703.0,690.0
Assam,Majuli,Moong,Summer,,,,,,,,690.0,737.0
Assam,Majuli,Ragi,Kharif,,,,,,,,602.0,750.0
Assam,Majuli,Rice,Kharif,,,,,2219.0,1080.0,976.0,2729.0,2109.0
Assam,Majuli,Rice,Rabi,,,,,2665.0,1545.0,2675.0,,
Assam,Majuli,Rice,Summer,,,,,1717.0,2106.0,2801.0,2703.0,2223.0
Assam,Majuli,Shree Anna /Nutri Cereals,Kharif,,,,,500.0,450.0,1450.0,614.0,959.0
Assam,Majuli,Small Millets,Kharif,,,,,500.0,450.0,1450.0,617.0,1050.0
Assam,Majuli,Tur,Kharif,,,,,1000.0,1000.0,1000.0,951.0,980.0
Assam,Majuli,Urad,Kharif,,,,,,,,631.0,
Assam,Majuli,Urad,Rabi,,,,,348.0,563.0,624.0,635.0,595.0
Assam,Majuli,Urad,Summer,,,,,,,,710.0,700.0
Assam,Majuli,Wheat,Rabi,,,,,1500.0,1000.0,1500.0,1434.0,1350.0
Assam,Marigaon,Gram,Rabi,636.0,646.0,649.0,602.0,714.0,706.0,1150.0,924.0,927.0
Assam,Marigaon,Lentil,Rabi,755.0,770.0,756.0,850.0,849.0,850.0,1000.0,1110.0,1111.0
Assam,Marigaon,Maize,Kharif,1648.0,1681.0,1716.0,3020.0,2020.0,3530.0,4200.0,5850.0,3446.0
Assam,Marigaon,Maize,Rabi,,,,,,,4080.0,6154.0,5271.0
Assam,Marigaon,Moong,Rabi,582.0,587.0,590.0,719.0,720.0,720.0,1199.0,849.0,852.0
Assam,Marigaon,Moong,Summer,,,,,,,,850.0,949.0
Assam,Marigaon,Ragi,Kharif,,,,,,,,602.0,601.0
Assam,Marigaon,Rice,Kharif,1735.0,1648.0,1524.0,1531.0,1611.0,1391.0,1215.0,2457.0,2278.0
Assam,Marigaon,Rice,Rabi,2075.0,1925.0,2134.0,2059.0,2034.0,1966.0,2567.0,,
Assam,Marigaon,Rice,Summer,2687.0,2990.0,2603.0,2534.0,2820.0,2596.0,3140.0,2789.0,3323.0
Assam,Marigaon,Shree Anna /Nutri Cereals,Kharif,486.0,487.0,425.0,426.0,426.0,581.0,1200.0,1118.0,603.0
Assam,Marigaon,Small Millets,Kharif,486.0,487.0,425.0,426.0,426.0,581.0,1200.0,1133.0,603.0
Assam,Marigaon,Tur,Kharif,596.0,605.0,595.0,747.0,747.0,1148.0,1000.0,951.0,925.0
Assam,Marigaon,Urad,Kharif,,,,,,,,569.0,
Assam,Marigaon,Urad,Rabi,535.0,731.0,807.0,726.0,483.0,527.0,635.0,572.0,718.0
Assam,Marigaon,Urad,Summer,,,,,,,,875.0,875.0
Assam,Marigaon,Wheat,Rabi,1281.0,1355.0,1465.0,1191.0,1249.0,875.0,1235.0,1434.0,1350.0
Assam,Nagaon,Gram,Rabi,678.0,760.0,824.0,743.0,947.0,921.0,680.0,684.0,1142.0
Assam,Nagaon,Lentil,Rabi,692.0,638.0,716.0,636.0,643.0,644.0,645.0,697.0,743.0
Assam,Nagaon,Maize,Kharif,3045.0,3338.0,3613.0,3334.0,3769.0,3752.0,4500.0,5548.0,3446.0
Assam,Nagaon,Maize,Rabi,,,,,,,4250.0,5842.0,4371.0
Assam,Nagaon,Moong,Rabi,712.0,633.0,683.0,632.0,601.0,601.0,549.0,750.0,738.0
Assam,Nagaon,Moong,Summer,,,,,,,,750.0,848.0
Assam,Nagaon,Ragi,Kharif,,,,,,,,625.0,426.0
Assam,Nagaon,Rice,Kharif,1650.0,1935.0,2105.0,2197.0,1560.0,1557.0,1514.0,2528.0,2388.0
Assam,Nagaon,Rice,Rabi,2278.0,2379.0,2468.0,2144.0,1774.0,2047.0,2421.0,,
Assam,Nagaon,Rice,Summer,2654.0,2967.0,2905.0,2468.0,3225.0,2385.0,2762.0,2806.0,3217.0
Assam,Nagaon,Shree Anna /Nutri Cereals,Kharif,450.0,442.0,451.0,513.0,551.0,651.0,650.0,634.0,556.0
Assam,Nagaon,Small Millets,Kharif,450.0,442.0,451.0,513.0,551.0,651.0,650.0,636.0,596.0
Assam,Nagaon,Tur,Kharif,749.0,854.0,890.0,912.0,920.0,920.0,946.0,802.0,896.0
Assam,Nagaon,Urad,Kharif,,,,,,,,710.0,
Assam,Nagaon,Urad,Rabi,809.0,694.0,824.0,667.0,525.0,585.0,647.0,714.0,649.0
Assam,Nagaon,Urad,Summer,,,,,,,,814.0,800.0
Assam,Nagaon,Wheat,Rabi,969.0,1042.0,1026.0,1301.0,1128.0,1010.0,1266.0,1434.0,1085.0
Assam,Nalbari,Gram,Rabi,700.0,778.0,722.0,706.0,720.0,833.0,800.0,689.0,681.0
Assam,Nalbari,Lentil,Rabi,749.0,763.0,750.0,720.0,730.0,697.0,692.0,692.0,685.0
Assam,Nalbari,Maize,Kharif,1901.0,3900.0,2100.0,2099.0,2101.0,3468.0,3375.0,4120.0,3446.0
Assam,Nalbari,Maize,Rabi,,,,,,,3375.0,4315.0,3992.0
Assam,Nalbari,Moong,Rabi,864.0,854.0,800.0,801.0,800.0,925.0,927.0,435.0,435.0
Assam,Nalbari,Moong,Summer,,,,,,,,,465.0
Assam,Nalbari,Ragi,Kharif,,,,,,,,,230.0
Assam,Nalbari,Rice,Kharif,1243.0,1628.0,2244.0,1920.0,2810.0,2424.0,1514.0,3223.0,2313.0
Assam,Nalbari,Rice,Rabi,2252.0,2815.0,2819.0,2660.0,2559.0,2246.0,2566.0,,
Assam,Nalbari,Rice,Summer,2782.0,3622.0,3369.0,3424.0,3442.0,1605.0,4042.0,3928.0,3021.0
Assam,Nalbari,Shree Anna /Nutri Cereals,Kharif,500.0,526.0,500.0,500.0,526.0,615.0,613.0,625.0,354.0
Assam,Nalbari,Small Millets,Kharif,500.0,526.0,500.0,500.0,526.0,615.0,613.0,625.0,520.0
Assam,Nalbari,Tur,Kharif,798.0,1073.0,796.0,750.0,724.0,513.0,467.0,591.0,585.0
Assam,Nalbari,Urad,Kharif,,,,,,,,551.0,
Assam,Nalbari,Urad,Rabi,718.0,706.0,761.0,655.0,674.0,654.0,1139.0,554.0,1031.0
Assam,Nalbari,Urad,Summer,,,,,,,,696.0,696.0
Assam,Nalbari,Wheat,Rabi,1007.0,801.0,1071.0,1270.0,1135.0,1374.0,1238.0,362.0,1350.0
Assam,Sivasagar,Gram,Rabi,600.0,600.0,667.0,,,,,460.0,524.0
Assam,Sivasagar,Lentil,Rabi,695.0,747.0,739.0,745.0,657.0,652.0,667.0,632.0,733.0
Assam,Sivasagar,Maize,Kharif,2818.0,3105.0,3000.0,2340.0,2825.0,2793.0,2833.0,2933.0,3446.0
Assam,Sivasagar,Maize,Rabi,,,,,,,2809.0,2795.0,5382.0
Assam,Sivasagar,Moong,Rabi,734.0,798.0,849.0,912.0,724.0,726.0,727.0,726.0,721.0
Assam,Sivasagar,Moong,Summer,,,,,,,,538.0,731.0
Assam,Sivasagar,Ragi,Kharif,,,,,,,,,680.0
Assam,Sivasagar,Rice,Kharif,1349.0,1774.0,1443.0,1520.0,1780.0,1553.0,1513.0,1924.0,1877.0
Assam,Sivasagar,Rice,Rabi,1969.0,2084.0,1944.0,2060.0,1957.0,1546.0,2646.0,,
Assam,Sivasagar,Rice,Summer,2773.0,2975.0,2858.0,2595.0,2820.0,2283.0,2968.0,3080.0,2986.0
Assam,Sivasagar,Shree Anna /Nutri Cereals,Kharif,625.0,571.0,333.0,333.0,1000.0,636.0,600.0,852.0,747.0
Assam,Sivasagar,Small Millets,Kharif,625.0,571.0,333.0,333.0,1000.0,636.0,600.0,852.0,752.0
Assam,Sivasagar,Tur,Kharif,806.0,867.0,1025.0,1022.0,1120.0,1154.0,1000.0,970.0,961.0
Assam,Sivasagar,Urad,Kharif,,,,,,,,658.0,
Assam,Sivasagar,Urad,Rabi,677.0,648.0,665.0,598.0,651.0,661.0,669.0,662.0,652.0
Assam,Sivasagar,Urad,Summer,,,,,,,,627.0,630.0
Assam,Sivasagar,Wheat,Rabi,1000.0,1500.0,1250.0,1333.0,1500.0,1000.0,1333.0,1434.0,1085.0
Assam,Sonitpur,Gram,Rabi,723.0,618.0,695.0,702.0,706.0,747.0,747.0,649.0,650.0
Assam,Sonitpur,Lentil,Rabi,822.0,894.0,860.0,936.0,871.0,835.0,835.0,850.0,850.0
Assam,Sonitpur,Maize,Kharif,5117.0,4896.0,5103.0,5203.0,5456.0,2850.0,3345.0,2911.0,3343.0
Assam,Sonitpur,Maize,Rabi,,,,,,,3345.0,3250.0,2513.0
Assam,Sonitpur,Moong,Rabi,729.0,741.0,748.0,825.0,782.0,780.0,788.0,899.0,900.0
Assam,Sonitpur,Moong,Summer,,,,,,,,450.0,502.0
Assam,Sonitpur,Ragi,Kharif,,,,,,,,700.0,600.0
Assam,Sonitpur,Rice,Kharif,1969.0,2029.0,1556.0,1532.0,2319.0,1802.0,1490.0,1722.0,1957.0
Assam,Sonitpur,Rice,Rabi,1938.0,2033.0,2080.0,2055.0,2013.0,1863.0,3129.0,,
Assam,Sonitpur,Rice,Summer,2959.0,2890.0,2342.0,2879.0,3137.0,1689.0,2963.0,3201.0,2723.0
Assam,Sonitpur,Shree Anna /Nutri Cereals,Kharif,596.0,596.0,570.0,573.0,585.0,682.0,693.0,641.0,597.0
Assam,Sonitpur,Small Millets,Kharif,596.0,596.0,570.0,573.0,585.0,682.0,693.0,611.0,595.0
Assam,Sonitpur,Tur,Kharif,940.0,935.0,960.0,1056.0,1022.0,1051.0,1051.0,859.0,600.0
Assam,Sonitpur,Urad,Kharif,,,,,,,,646.0,
Assam,Sonitpur,Urad,Rabi,817.0,725.0,687.0,672.0,811.0,638.0,776.0,650.0,721.0
Assam,Sonitpur,Urad,Summer,,,,,,,,700.0,700.0
Assam,Sonitpur,Wheat,Rabi,1249.0,1199.0,1102.0,1511.0,977.0,1069.0,1109.0,940.0,3135.0
Assam,South Salmara Mancachar,Gram,Rabi,,,,,855.0,827.0,800.0,899.0,900.0
Assam,South Salmara Mancachar,Lentil,Rabi,,,,,914.0,914.0,902.0,1200.0,1200.0
Assam,South Salmara Mancachar,Maize,Kharif,,,,,4200.0,4200.0,4501.0,5500.0,3420.0
Assam,South Salmara Mancachar,Maize,Rabi,,,,,,,3901.0,5500.0,5382.0
Assam,South Salmara Mancachar,Moong,Rabi,,,,,1000.0,1000.0,854.0,600.0,850.0
Assam,South Salmara Mancachar,Moong,Summer,,,,,,,,900.0,949.0
Assam,South Salmara Mancachar,Ragi,Kharif,,,,,,,,1200.0,1200.0
Assam,South Salmara Mancachar,Rice,Kharif,,,,,1560.0,636.0,907.0,1565.0,1625.0
Assam,South Salmara Mancachar,Rice,Rabi,,,,,2353.0,1949.0,3066.0,,
Assam,South Salmara Mancachar,Rice,Summer,,,,,2973.0,2699.0,3006.0,3290.0,2986.0
Assam,South Salmara Mancachar,Shree Anna /Nutri Cereals,Kharif,,,,,902.0,902.0,900.0,957.0,957.0
Assam,South Salmara Mancachar,Small Millets,Kharif,,,,,902.0,902.0,900.0,941.0,941.0
Assam,South Salmara Mancachar,Tur,Kharif,,,,,980.0,980.0,946.0,821.0,1500.0
Assam,South Salmara Mancachar,Urad,Kharif,,,,,,,,560.0,
Assam,South Salmara Mancachar,Urad,Rabi,,,,,790.0,843.0,602.0,563.0,652.0
Assam,South Salmara Mancachar,Urad,Summer,,,,,,,,650.0,650.0
Assam,South Salmara Mancachar,Wheat,Rabi,,,,,1380.0,1378.0,1481.0,1434.0,1350.0
Assam,Sribhumi,Gram,Rabi,571.0,286.0,375.0,429.0,200.0,800.0,750.0,,
Assam,Sribhumi,Lentil,Rabi,660.0,400.0,688.0,600.0,700.0,749.0,900.0,900.0,800.0
Assam,Sribhumi,Maize,Kharif,2517.0,3200.0,905.0,905.0,2227.0,2227.0,1000.0,950.0,3446.0
Assam,Sribhumi,Maize,Rabi,,,,,,,1000.0,1050.0,5382.0
Assam,Sribhumi,Moong,Rabi,684.0,286.0,350.0,350.0,677.0,803.0,900.0,899.0,900.0
Assam,Sribhumi,Moong,Summer,,,,,,,,1000.0,1133.0
Assam,Sribhumi,Rice,Kharif,1597.0,1468.0,1199.0,1556.0,1419.0,1994.0,1541.0,1934.0,1816.0
Assam,Sribhumi,Rice,Rabi,2062.0,2091.0,2172.0,1921.0,2014.0,1960.0,2039.0,,
Assam,Sribhumi,Rice,Summer,636.0,2533.0,1597.0,2593.0,2194.0,2830.0,2292.0,1996.0,2264.0
Assam,Sribhumi,Shree Anna /Nutri Cereals,Kharif,500.0,500.0,500.0,843.0,500.0,571.0,556.0,500.0,500.0
Assam,Sribhumi,Small Millets,Kharif,500.0,500.0,500.0,843.0,500.0,571.0,556.0,500.0,500.0
Assam,Sribhumi,Tur,Kharif,760.0,385.0,794.0,908.0,908.0,908.0,900.0,901.0,950.0
Assam,Sribhumi,Urad,Kharif,,,,,,,,658.0,
Assam,Sribhumi,Urad,Rabi,675.0,647.0,667.0,597.0,652.0,659.0,670.0,662.0,652.0
Assam,Sribhumi,Urad,Summer,,,,,,,,1051.0,1020.0
Assam,Sribhumi,Wheat,Rabi,1333.0,1400.0,1400.0,,1333.0,1333.0,1333.0,1434.0,
Assam,Tinsukia,Gram,Rabi,667.0,667.0,667.0,667.0,600.0,667.0,667.0,729.0,730.0
Assam,Tinsukia,Lentil,Rabi,571.0,600.0,588.0,632.0,625.0,636.0,577.0,610.0,610.0
Assam,Tinsukia,Maize,Kharif,561.0,563.0,613.0,1081.0,1280.0,1777.0,2054.0,3897.0,2546.0
Assam,Tinsukia,Maize,Rabi,,,,,,,2055.0,3810.0,5382.0
Assam,Tinsukia,Moong,Rabi,563.0,565.0,511.0,664.0,664.0,556.0,694.0,672.0,668.0
Assam,Tinsukia,Moong,Summer,,,,,,,,518.0,580.0
Assam,Tinsukia,Ragi,Kharif,,,,,,,,378.0,372.0
Assam,Tinsukia,Rice,Kharif,1083.0,918.0,929.0,1550.0,1519.0,1222.0,1161.0,1768.0,2035.0
Assam,Tinsukia,Rice,Rabi,1661.0,1690.0,1722.0,1629.0,1753.0,1255.0,1858.0,,
Assam,Tinsukia,Rice,Summer,2774.0,2974.0,2856.0,2592.0,2820.0,2282.0,2964.0,3080.0,2986.0
Assam,Tinsukia,Shree Anna /Nutri Cereals,Kharif,574.0,579.0,583.0,778.0,654.0,653.0,648.0,639.0,610.0
Assam,Tinsukia,Small Millets,Kharif,574.0,579.0,583.0,778.0,654.0,653.0,648.0,644.0,614.0
Assam,Tinsukia,Tur,Kharif,577.0,578.0,565.0,566.0,584.0,596.0,612.0,740.0,737.0
Assam,Tinsukia,Urad,Kharif,,,,,,,,658.0,
Assam,Tinsukia,Urad,Rabi,1064.0,832.0,665.0,668.0,642.0,612.0,289.0,662.0,444.0
Assam,Tinsukia,Urad,Summer,,,,,,,,,880.0
Assam,Tinsukia,Wheat,Rabi,1333.0,1417.0,1400.0,1268.0,1429.0,1250.0,1307.0,1434.0,1350.0
Assam,Udalguri,Gram,Rabi,700.0,650.0,818.0,840.0,833.0,871.0,805.0,983.0,936.0
Assam,Udalguri,Lentil,Rabi,611.0,852.0,831.0,810.0,769.0,791.0,827.0,823.0,737.0
Assam,Udalguri,Maize,Kharif,2220.0,2251.0,1996.0,2119.0,2140.0,2330.0,2131.0,727.0,5521.0
Assam,Udalguri,Maize,Rabi,,,,,,,2131.0,784.0,9974.0
Assam,Udalguri,Moong,Rabi,726.0,726.0,774.0,842.0,843.0,853.0,778.0,465.0,618.0
Assam,Udalguri,Moong,Summer,,,,,,,,483.0,558.0
Assam,Udalguri,Ragi,Kharif,,,,,,,,459.0,1540.0
Assam,Udalguri,Rice,Kharif,1000.0,1076.0,1657.0,1579.0,1814.0,1809.0,1506.0,2207.0,1807.0
Assam,Udalguri,Rice,Rabi,2090.0,2334.0,2546.0,2818.0,2623.0,2192.0,2475.0,,
Assam,Udalguri,Rice,Summer,2485.0,2639.0,3281.0,3372.0,3064.0,2320.0,3578.0,2441.0,2609.0
Assam,Udalguri,Shree Anna /Nutri Cereals,Kharif,650.0,442.0,605.0,720.0,700.0,712.0,835.0,571.0,1161.0
Assam,Udalguri,Small Millets,Kharif,650.0,442.0,605.0,720.0,700.0,712.0,835.0,586.0,1017.0
Assam,Udalguri,Tur,Kharif,831.0,817.0,870.0,910.0,799.0,849.0,877.0,480.0,479.0
Assam,Udalguri,Urad,Kharif,,,,,,,,493.0,
Assam,Udalguri,Urad,Rabi,657.0,561.0,688.0,728.0,616.0,657.0,434.0,496.0,648.0
Assam,Udalguri,Urad,Summer,,,,,,,,703.0,700.0
Assam,Udalguri,Wheat,Rabi,1153.0,980.0,1427.0,1274.0,1293.0,1373.0,1273.0,1434.0,1350.0
Assam,West Karbi Anglong,Gram,Rabi,,,,,756.0,758.0,766.0,700.0,640.0
Assam,West Karbi Anglong,Lentil,Rabi,,,,,537.0,610.0,618.0,650.0,634.0
Assam,West Karbi Anglong,Maize,Kharif,,,,,1625.0,2273.0,2301.0,2255.0,3446.0
Assam,West Karbi Anglong,Maize,Rabi,,,,,,,2301.0,2105.0,5382.0
Assam,West Karbi Anglong,Moong,Rabi,,,,,449.0,784.0,792.0,693.0,590.0
Assam,West Karbi Anglong,Moong,Summer,,,,,,,,815.0,921.0
Assam,West Karbi Anglong,Ragi,Kharif,,,,,,,,1050.0,1800.0
Assam,West Karbi Anglong,Rice,Kharif,,,,,1629.0,2009.0,1927.0,2081.0,2162.0
Assam,West Karbi Anglong,Rice,Rabi,,,,,2238.0,2023.0,2595.0,,
Assam,West Karbi Anglong,Rice,Summer,,,,,2820.0,2260.0,2184.0,2516.0,2986.0
Assam,West Karbi Anglong,Shree Anna /Nutri Cereals,Kharif,,,,,852.0,846.0,851.0,1001.0,1190.0
Assam,West Karbi Anglong,Small Millets,Kharif,,,,,852.0,846.0,851.0,993.0,1091.0
Assam,West Karbi Anglong,Tur,Kharif,,,,,763.0,763.0,764.0,766.0,600.0
Assam,West Karbi Anglong,Urad,Kharif,,,,,,,,658.0,
Assam,West Karbi Anglong,Urad,Rabi,,,,,652.0,662.0,671.0,662.0,652.0
Assam,West Karbi Anglong,Urad,Summer,,,,,,,,900.0,900.0
Assam,West Karbi Anglong,Wheat,Rabi,,,,,1380.0,688.0,844.0,1434.0,1350.0
Bihar,Araria,Barley,Rabi,,,,,,,,1641.0,
Bihar,Araria,Gram,Rabi,1122.0,1146.0,1206.0,,,,,974.0,
Bihar,Araria,Lentil,Rabi,621.0,350.0,778.0,833.0,750.0,667.0,1091.0,874.0,502.0
Bihar,Araria,Maize,Kharif,,2815.0,,,,,,,
Bihar,Araria,Maize,Rabi,5855.0,4947.0,9932.0,9242.0,9740.0,8751.0,9872.0,8200.0,9035.0
Bihar,Araria,Maize,Summer,7130.0,3745.0,3624.0,3495.0,7286.0,3913.0,,,
Bihar,Araria,Moong,Kharif,972.0,,,,,,,,
Bihar,Araria,Moong,Summer,1127.0,871.0,782.0,425.0,731.0,240.0,444.0,539.0,607.0
Bihar,Araria,Ragi,Kharif,724.0,,,,,,,,
Bihar,Araria,Rice,Kharif,1519.0,1833.0,1034.0,,,,,2207.0,2205.0
Bihar,Araria,Rice,Rabi,2049.0,1749.0,2005.0,2199.0,1937.0,1864.0,2534.0,,
Bihar,Araria,Rice,Summer,1979.0,1628.0,2643.0,2317.0,2426.0,2636.0,1984.0,2536.0,2760.0
Bihar,Araria,Shree Anna /Nutri Cereals,Kharif,724.0,,,,,,,,
Bihar,Araria,Tur,Kharif,1579.0,,,,,,,,
Bihar,Araria,Urad,Kharif,917.0,,,,,,,,
Bihar,Araria,Wheat,Rabi,2452.0,2293.0,2641.0,2698.0,2833.0,2985.0,2728.0,2708.0,3034.0
Bihar,Arwal,Barley,Rabi,1344.0,1744.0,1382.0,1288.0,1328.0,1554.0,1121.0,1975.0,1391.0
Bihar,Arwal,Gram,Rabi,1262.0,1129.0,1777.0,611.0,1135.0,1085.0,1050.0,983.0,1071.0
Bihar,Arwal,Lentil,Rabi,796.0,707.0,855.0,594.0,1024.0,972.0,791.0,948.0,880.0
Bihar,Arwal,Maize,Kharif,2664.0,2633.0,1549.0,2519.0,1579.0,1529.0,,,
Bihar,Arwal,Maize,Rabi,7481.0,6140.0,3270.0,2467.0,2619.0,3368.0,3000.0,7262.0,7400.0
Bihar,Arwal,Maize,Summer,5869.0,4203.0,3583.0,3967.0,5179.0,4533.0,6656.0,5969.0,5691.0
Bihar,Arwal,Moong,Kharif,893.0,2607.0,622.0,670.0,706.0,846.0,900.0,876.0,750.0
Bihar,Arwal,Moong,Summer,1013.0,1633.0,717.0,1022.0,302.0,776.0,847.0,635.0,596.0
Bihar,Arwal,Ragi,Kharif,711.0,1000.0,1000.0,800.0,1000.0,1000.0,1000.0,872.0,981.0
Bihar,Arwal,Rice,Kharif,,,,,,,,3279.0,3175.0
Bihar,Arwal,Rice,Rabi,3493.0,3761.0,3113.0,3701.0,3384.0,3821.0,3333.0,,
Bihar,Arwal,Shree Anna /Nutri Cereals,Kharif,711.0,1000.0,1000.0,800.0,1000.0,1000.0,1000.0,872.0,981.0
Bihar,Arwal,Tur,Kharif,967.0,,1714.0,1297.0,1393.0,1742.0,1875.0,1289.0,1633.0
Bihar,Arwal,Urad,Kharif,882.0,765.0,882.0,889.0,857.0,833.0,688.0,733.0,933.0
Bihar,Arwal,Wheat,Rabi,2643.0,2327.0,2609.0,2264.0,2389.0,2775.0,2606.0,2906.0,2647.0
Bihar,Aurangabad,Barley,Rabi,1183.0,2138.0,1594.0,981.0,1400.0,1707.0,1024.0,1046.0,1391.0
Bihar,Aurangabad,Gram,Rabi,875.0,1060.0,917.0,524.0,612.0,900.0,983.0,787.0,900.0
Bihar,Aurangabad,Lentil,Rabi,876.0,833.0,774.0,330.0,464.0,647.0,491.0,584.0,623.0
Bihar,Aurangabad,Maize,Kharif,2414.0,2658.0,1372.0,2730.0,2167.0,3188.0,,,
Bihar,Aurangabad,Maize,Rabi,,,3500.0,,,,,,
Bihar,Aurangabad,Moong,Kharif,800.0,2500.0,750.0,1263.0,867.0,714.0,,,
Bihar,Aurangabad,Moong,Summer,1036.0,1636.0,719.0,1025.0,308.0,788.0,839.0,635.0,596.0
Bihar,Aurangabad,Ragi,Kharif,500.0,1000.0,1000.0,,,,1000.0,,
Bihar,Aurangabad,Rice,Kharif,,,,,,,,3165.0,3345.0
Bihar,Aurangabad,Rice,Rabi,3534.0,3588.0,3086.0,3272.0,3803.0,3838.0,3827.0,,
Bihar,Aurangabad,Shree Anna /Nutri Cereals,Kharif,500.0,1000.0,1000.0,,,,833.0,,
Bihar,Aurangabad,Small Millets,Kharif,,,,,,,800.0,,
Bihar,Aurangabad,Tur,Kharif,1466.0,763.0,1670.0,1229.0,1145.0,1202.0,1400.0,1598.0,1729.0
Bihar,Aurangabad,Urad,Kharif,1000.0,1000.0,1000.0,800.0,,,,,
Bihar,Aurangabad,Wheat,Rabi,2329.0,2523.0,2602.0,2115.0,2273.0,2607.0,2360.0,2361.0,2347.0
Bihar,Banka,Barley,Rabi,2421.0,1020.0,2425.0,1159.0,1860.0,860.0,1041.0,1232.0,1687.0
Bihar,Banka,Gram,Rabi,1367.0,820.0,821.0,770.0,718.0,736.0,866.0,714.0,763.0
Bihar,Banka,Lentil,Rabi,1207.0,703.0,606.0,822.0,655.0,649.0,764.0,494.0,558.0
Bihar,Banka,Maize,Kharif,2716.0,2855.0,2096.0,2669.0,3155.0,2169.0,3507.0,3873.0,2676.0
Bihar,Banka,Maize,Rabi,3291.0,3634.0,9176.0,4607.0,3591.0,3906.0,4105.0,4648.0,4046.0
Bihar,Banka,Maize,Summer,4543.0,6321.0,4927.0,5047.0,6168.0,5232.0,2616.0,4856.0,3771.0
Bihar,Banka,Moong,Kharif,503.0,459.0,585.0,671.0,708.0,636.0,660.0,668.0,504.0
Bihar,Banka,Moong,Summer,690.0,707.0,705.0,666.0,900.0,695.0,736.0,672.0,406.0
Bihar,Banka,Ragi,Kharif,,,,,,,,,981.0
Bihar,Banka,Rice,Kharif,1680.0,,,,,,,2831.0,2845.0
Bihar,Banka,Rice,Rabi,3400.0,3550.0,1463.0,2161.0,2783.0,2375.0,2366.0,,
Bihar,Banka,Rice,Summer,,,,,,,,,2800.0
Bihar,Banka,Shree Anna /Nutri Cereals,Kharif,,,,,,,1000.0,,876.0
Bihar,Banka,Small Millets,Kharif,,,,,,,1000.0,,875.0
Bihar,Banka,Tur,Kharif,965.0,1311.0,1995.0,2043.0,1415.0,1346.0,1568.0,1002.0,1225.0
Bihar,Banka,Urad,Kharif,909.0,893.0,893.0,,,,,,927.0
Bihar,Banka,Wheat,Rabi,2676.0,2743.0,2892.0,2219.0,2497.0,2472.0,2549.0,2509.0,2671.0
Bihar,Begusarai,Bajra,Kharif,1100.0,,,,,,,,
Bihar,Begusarai,Barley,Rabi,1500.0,1578.0,2000.0,,,,,,1881.0
Bihar,Begusarai,Gram,Rabi,1067.0,1235.0,1240.0,,,889.0,1000.0,869.0,1070.0
Bihar,Begusarai,Jowar,Kharif,1064.0,1066.0,1064.0,,,1070.0,1066.0,1068.0,1067.0
Bihar,Begusarai,Lentil,Rabi,815.0,998.0,1042.0,872.0,907.0,920.0,1154.0,1286.0,880.0
Bihar,Begusarai,Maize,Kharif,934.0,411.0,1788.0,1408.0,1244.0,1384.0,1402.0,2232.0,2108.0
Bihar,Begusarai,Maize,Rabi,7682.0,3844.0,6869.0,7928.0,7110.0,6754.0,7212.0,6357.0,5753.0
Bihar,Begusarai,Maize,Summer,2241.0,3902.0,2357.0,3541.0,5358.0,3890.0,3681.0,4171.0,4412.0
Bihar,Begusarai,Moong,Kharif,699.0,617.0,619.0,619.0,804.0,1030.0,1102.0,1114.0,955.0
Bihar,Begusarai,Moong,Summer,1022.0,737.0,929.0,771.0,552.0,544.0,595.0,648.0,380.0
Bihar,Begusarai,Ragi,Kharif,733.0,1000.0,,1000.0,1000.0,,,,981.0
Bihar,Begusarai,Rice,Kharif,3674.0,2326.0,,1351.0,1581.0,,,2799.0,2593.0
Bihar,Begusarai,Rice,Rabi,3363.0,2776.0,1716.0,2127.0,2460.0,2393.0,2722.0,,
Bihar,Begusarai,Shree Anna /Nutri Cereals,Kharif,770.0,761.0,754.0,1000.0,1000.0,994.0,910.0,1020.0,941.0
Bihar,Begusarai,Small Millets,Kharif,751.0,750.0,750.0,,,744.0,756.0,738.0,541.0
Bihar,Begusarai,Tur,Kharif,1667.0,1127.0,1690.0,1454.0,1947.0,1395.0,1700.0,1311.0,1104.0
Bihar,Begusarai,Urad,Kharif,851.0,894.0,894.0,873.0,887.0,1097.0,1185.0,1156.0,1174.0
Bihar,Begusarai,Wheat,Rabi,3779.0,3492.0,3775.0,3742.0,3641.0,3686.0,3843.0,3936.0,3819.0
Bihar,Bhagalpur,Bajra,Kharif,,1100.0,1091.0,1143.0,1143.0,1154.0,1143.0,1136.0,1162.0
Bihar,Bhagalpur,Barley,Rabi,761.0,675.0,869.0,1063.0,1859.0,857.0,1046.0,1232.0,1687.0
Bihar,Bhagalpur,Gram,Rabi,826.0,638.0,892.0,691.0,1033.0,850.0,812.0,728.0,894.0
Bihar,Bhagalpur,Jowar,Kharif,1100.0,1125.0,1111.0,,1083.0,1077.0,1077.0,1070.0,1070.0
Bihar,Bhagalpur,Lentil,Rabi,706.0,706.0,535.0,583.0,672.0,724.0,690.0,636.0,1028.0
Bihar,Bhagalpur,Maize,Kharif,1730.0,4210.0,2780.0,2640.0,3595.0,1382.0,2108.0,2239.0,2785.0
Bihar,Bhagalpur,Maize,Rabi,4642.0,4425.0,8133.0,7306.0,6124.0,7320.0,6915.0,6103.0,6693.0
Bihar,Bhagalpur,Maize,Summer,4567.0,6594.0,5047.0,5143.0,6306.0,5325.0,2868.0,5189.0,4205.0
Bihar,Bhagalpur,Moong,Kharif,385.0,482.0,436.0,434.0,2217.0,628.0,490.0,,525.0
Bihar,Bhagalpur,Moong,Summer,687.0,709.0,706.0,667.0,897.0,679.0,750.0,672.0,406.0
Bihar,Bhagalpur,Ragi,Kharif,,,,,,,,,981.0
Bihar,Bhagalpur,Rice,Kharif,1700.0,,,,,,,2582.0,2519.0
Bihar,Bhagalpur,Rice,Rabi,2344.0,3442.0,874.0,1458.0,1990.0,1986.0,1791.0,,
Bihar,Bhagalpur,Rice,Summer,,,,,,,,,2803.0
Bihar,Bhagalpur,Shree Anna /Nutri Cereals,Kharif,774.0,784.0,787.0,780.0,798.0,810.0,929.0,796.0,918.0
Bihar,Bhagalpur,Small Millets,Kharif,754.0,753.0,754.0,754.0,754.0,763.0,759.0,745.0,512.0
Bihar,Bhagalpur,Tur,Kharif,1923.0,1244.0,830.0,1652.0,1707.0,1775.0,2954.0,1002.0,
Bihar,Bhagalpur,Urad,Kharif,912.0,891.0,906.0,900.0,896.0,912.0,906.0,910.0,927.0
Bihar,Bhagalpur,Wheat,Rabi,3384.0,3294.0,3275.0,2855.0,3210.0,3333.0,2848.0,2880.0,3236.0
Bihar,Bhojpur,Bajra,Kharif,1135.0,1134.0,1134.0,1134.0,1135.0,1140.0,1140.0,1140.0,1011.0
Bihar,Bhojpur,Barley,Rabi,1453.0,2014.0,2864.0,1685.0,2151.0,2363.0,2082.0,1476.0,2034.0
Bihar,Bhojpur,Gram,Rabi,1242.0,1139.0,1298.0,913.0,1171.0,1534.0,1349.0,1073.0,1211.0
Bihar,Bhojpur,Jowar,Kharif,1065.0,1066.0,1064.0,1054.0,1067.0,1066.0,1069.0,1087.0,1124.0
Bihar,Bhojpur,Lentil,Rabi,1282.0,964.0,999.0,567.0,966.0,1146.0,711.0,830.0,705.0
Bihar,Bhojpur,Maize,Kharif,1221.0,1993.0,1232.0,1428.0,1436.0,,1944.0,1258.0,1897.0
Bihar,Bhojpur,Maize,Rabi,4056.0,4226.0,4052.0,5000.0,4209.0,5000.0,,,
Bihar,Bhojpur,Maize,Summer,4918.0,4669.0,2594.0,4506.0,4906.0,4589.0,4384.0,3387.0,
Bihar,Bhojpur,Moong,Kharif,689.0,700.0,,,,,,,684.0
Bihar,Bhojpur,Moong,Summer,683.0,711.0,708.0,680.0,1100.0,750.0,,,
Bihar,Bhojpur,Ragi,Kharif,1000.0,1000.0,,,,,,,
Bihar,Bhojpur,Rice,Kharif,1688.0,1733.0,1400.0,1831.0,,,,3131.0,2541.0
Bihar,Bhojpur,Rice,Rabi,2692.0,4055.0,2722.0,3164.0,3705.0,3139.0,3419.0,,
Bihar,Bhojpur,Rice,Summer,1857.0,,,,,,,,
Bihar,Bhojpur,Shree Anna /Nutri Cereals,Kharif,1086.0,1095.0,1028.0,1110.0,1106.0,1106.0,1101.0,1132.0,1029.0
Bihar,Bhojpur,Small Millets,Kharif,750.0,746.0,764.0,800.0,,,,,
Bihar,Bhojpur,Tur,Kharif,948.0,1307.0,3070.0,1060.0,2273.0,1603.0,2370.0,1442.0,1636.0
Bihar,Bhojpur,Urad,Kharif,882.0,833.0,,,,,,,
Bihar,Bhojpur,Wheat,Rabi,3309.0,2980.0,3585.0,2484.0,3134.0,2817.0,3121.0,3359.0,3188.0
Bihar,Buxar,Bajra,Kharif,1135.0,1134.0,1134.0,1134.0,1134.0,1140.0,1140.0,1140.0,1011.0
Bihar,Buxar,Barley,Rabi,2084.0,1861.0,2216.0,1426.0,2287.0,2435.0,2452.0,1776.0,2340.0
Bihar,Buxar,Gram,Rabi,1199.0,1193.0,1429.0,740.0,1405.0,1267.0,1384.0,1169.0,998.0
Bihar,Buxar,Jowar,Kharif,1065.0,1065.0,1065.0,1066.0,1066.0,1066.0,1067.0,1067.0,1124.0
Bihar,Buxar,Lentil,Rabi,1429.0,1200.0,1397.0,757.0,1553.0,1295.0,976.0,645.0,759.0
Bihar,Buxar,Maize,Kharif,1604.0,2157.0,1885.0,1554.0,2667.0,1900.0,2533.0,2356.0,4560.0
Bihar,Buxar,Maize,Rabi,,,,,,,,,4947.0
Bihar,Buxar,Maize,Summer,5390.0,4896.0,,,,4615.0,5415.0,5107.0,5655.0
Bihar,Buxar,Moong,Kharif,667.0,,,,,,,,684.0
Bihar,Buxar,Moong,Summer,688.0,700.0,684.0,677.0,1129.0,704.0,960.0,702.0,698.0
Bihar,Buxar,Rice,Kharif,,,,,,,,3570.0,2482.0
Bihar,Buxar,Rice,Rabi,3239.0,3498.0,2277.0,3198.0,3243.0,3599.0,3669.0,,
Bihar,Buxar,Shree Anna /Nutri Cereals,Kharif,1116.0,1123.0,1123.0,1060.0,1059.0,1039.0,1043.0,1007.0,1025.0
Bihar,Buxar,Small Millets,Kharif,,,,751.0,751.0,754.0,752.0,738.0,489.0
Bihar,Buxar,Tur,Kharif,1744.0,9059.0,1795.0,1387.0,2022.0,1613.0,1851.0,1683.0,1443.0
Bihar,Buxar,Urad,Kharif,800.0,,,,,,,,869.0
Bihar,Buxar,Wheat,Rabi,3371.0,3456.0,3314.0,2740.0,3357.0,3592.0,3366.0,3096.0,3379.0
Bihar,Darbhanga,Bajra,Kharif,,,,,,,,,1263.0
Bihar,Darbhanga,Barley,Rabi,1533.0,1600.0,2000.0,,,,,1641.0,1881.0
Bihar,Darbhanga,Gram,Rabi,1130.0,1156.0,1200.0,725.0,1048.0,1050.0,,974.0,1045.0
Bihar,Darbhanga,Lentil,Rabi,824.0,818.0,693.0,575.0,720.0,848.0,789.0,702.0,802.0
Bihar,Darbhanga,Maize,Kharif,3487.0,2195.0,1746.0,787.0,397.0,1337.0,1308.0,3192.0,3082.0
Bihar,Darbhanga,Maize,Rabi,7622.0,3814.0,6185.0,4438.0,3364.0,5382.0,5820.0,6305.0,5613.0
Bihar,Darbhanga,Maize,Summer,5726.0,6028.0,3157.0,5001.0,6136.0,,,4903.0,3711.0
Bihar,Darbhanga,Moong,Kharif,619.0,697.0,520.0,550.0,475.0,581.0,659.0,895.0,572.0
Bihar,Darbhanga,Moong,Summer,749.0,741.0,808.0,764.0,315.0,674.0,569.0,443.0,314.0
Bihar,Darbhanga,Ragi,Kharif,676.0,1855.0,1461.0,892.0,1086.0,1178.0,1108.0,818.0,721.0
Bihar,Darbhanga,Rice,Kharif,1864.0,2021.0,1279.0,1456.0,1364.0,1390.0,1851.0,2014.0,2036.0
Bihar,Darbhanga,Rice,Rabi,1792.0,1500.0,1241.0,1248.0,825.0,1343.0,1919.0,,
Bihar,Darbhanga,Rice,Summer,2436.0,1711.0,1655.0,1870.0,1686.0,3750.0,2000.0,2665.0,2865.0
Bihar,Darbhanga,Shree Anna /Nutri Cereals,Kharif,676.0,1855.0,1461.0,892.0,1086.0,1178.0,1108.0,820.0,754.0
Bihar,Darbhanga,Small Millets,Kharif,,,,,,,,1194.0,796.0
Bihar,Darbhanga,Tur,Kharif,5136.0,556.0,1834.0,1439.0,1370.0,1242.0,1942.0,1346.0,1729.0
Bihar,Darbhanga,Urad,Kharif,879.0,896.0,891.0,891.0,905.0,923.0,950.0,944.0,875.0
Bihar,Darbhanga,Wheat,Rabi,2505.0,3004.0,2511.0,2378.0,2734.0,2444.0,2259.0,3056.0,2625.0
Bihar,Gaya,Bajra,Kharif,,,,,,,,,1126.0
Bihar,Gaya,Barley,Rabi,1515.0,1356.0,1236.0,2222.0,1152.0,1276.0,1269.0,2319.0,1391.0
Bihar,Gaya,Gram,Rabi,1214.0,1437.0,1197.0,690.0,966.0,938.0,1177.0,1003.0,1079.0
Bihar,Gaya,Jowar,Kharif,,,,,,,,,1060.0
Bihar,Gaya,Lentil,Rabi,990.0,271.0,999.0,629.0,713.0,815.0,928.0,830.0,1326.0
Bihar,Gaya,Maize,Kharif,2776.0,2473.0,,2317.0,2793.0,1945.0,3286.0,2855.0,2897.0
Bihar,Gaya,Maize,Rabi,7483.0,6134.0,3256.0,2370.0,2593.0,3340.0,3000.0,7262.0,7400.0
Bihar,Gaya,Maize,Summer,4046.0,4244.0,3571.0,4054.0,5267.0,4765.0,5812.0,5658.0,5565.0
Bihar,Gaya,Moong,Kharif,743.0,2620.0,823.0,1277.0,886.0,779.0,537.0,895.0,574.0
Bihar,Gaya,Moong,Summer,1288.0,1216.0,580.0,1088.0,342.0,756.0,833.0,526.0,820.0
Bihar,Gaya,Ragi,Kharif,724.0,989.0,1075.0,797.0,938.0,978.0,1000.0,872.0,981.0
Bihar,Gaya,Rice,Kharif,,,,,,,,2464.0,2603.0
Bihar,Gaya,Rice,Rabi,3323.0,3422.0,1515.0,1812.0,2648.0,3340.0,2615.0,,
Bihar,Gaya,Rice,Summer,,,,,,,,,2727.0
Bihar,Gaya,Shree Anna /Nutri Cereals,Kharif,724.0,989.0,1075.0,797.0,938.0,978.0,1000.0,872.0,1047.0
Bihar,Gaya,Small Millets,Kharif,,,,,,,,,513.0
Bihar,Gaya,Tur,Kharif,1610.0,1071.0,2009.0,1410.0,1352.0,1914.0,1942.0,940.0,1636.0
Bihar,Gaya,Urad,Kharif,887.0,845.0,871.0,833.0,815.0,960.0,875.0,912.0,888.0
Bihar,Gaya,Wheat,Rabi,2773.0,3220.0,2781.0,1725.0,2765.0,2751.0,2743.0,2787.0,2535.0
Bihar,Gopalganj,Barley,Rabi,,,,,,,1727.0,1641.0,1833.0
Bihar,Gopalganj,Gram,Rabi,,,,,,,1076.0,974.0,1045.0
Bihar,Gopalganj,Lentil,Rabi,564.0,1045.0,1197.0,930.0,965.0,1206.0,649.0,790.0,926.0
Bihar,Gopalganj,Maize,Kharif,2287.0,2148.0,2736.0,2616.0,656.0,2179.0,3871.0,3476.0,4613.0
Bihar,Gopalganj,Maize,Rabi,2361.0,3124.0,3831.0,4782.0,4687.0,4715.0,3867.0,4828.0,3224.0
Bihar,Gopalganj,Maize,Summer,6079.0,2887.0,2837.0,2973.0,3579.0,4291.0,2689.0,5713.0,4877.0
Bihar,Gopalganj,Moong,Kharif,,,,,,,,,571.0
Bihar,Gopalganj,Moong,Summer,637.0,796.0,562.0,206.0,681.0,727.0,620.0,883.0,1037.0
Bihar,Gopalganj,Ragi,Kharif,975.0,1000.0,800.0,1000.0,500.0,750.0,750.0,704.0,1150.0
Bihar,Gopalganj,Rice,Kharif,1634.0,1865.0,1298.0,2025.0,1617.0,1513.0,1775.0,1438.0,2311.0
Bihar,Gopalganj,Rice,Rabi,1574.0,1528.0,772.0,2495.0,1452.0,2399.0,2585.0,,
Bihar,Gopalganj,Rice,Summer,,,,,,,,,3000.0
Bihar,Gopalganj,Shree Anna /Nutri Cereals,Kharif,975.0,1000.0,800.0,1000.0,500.0,750.0,750.0,727.0,957.0
Bihar,Gopalganj,Small Millets,Kharif,,,,,,,,744.0,504.0
Bihar,Gopalganj,Tur,Kharif,1645.0,243.0,1998.0,1904.0,1574.0,1326.0,1582.0,1680.0,1745.0
Bihar,Gopalganj,Urad,Kharif,913.0,889.0,902.0,904.0,896.0,,,,891.0
Bihar,Gopalganj,Wheat,Rabi,3400.0,2595.0,2613.0,2917.0,3074.0,3296.0,2909.0,3159.0,3484.0
Bihar,Jamui,Barley,Rabi,1505.0,1586.0,1990.0,1368.0,1176.0,855.0,1726.0,1641.0,1881.0
Bihar,Jamui,Gram,Rabi,884.0,1196.0,1131.0,662.0,983.0,724.0,802.0,669.0,832.0
Bihar,Jamui,Lentil,Rabi,624.0,616.0,684.0,552.0,690.0,574.0,672.0,555.0,671.0
Bihar,Jamui,Maize,Kharif,1443.0,2571.0,2364.0,2392.0,1921.0,1971.0,2245.0,2806.0,3124.0
Bihar,Jamui,Maize,Rabi,9036.0,3234.0,3959.0,3186.0,3201.0,2830.0,2773.0,2426.0,4694.0
Bihar,Jamui,Maize,Summer,1915.0,3394.0,2187.0,3377.0,4916.0,3660.0,4063.0,5426.0,5741.0
Bihar,Jamui,Moong,Kharif,753.0,771.0,568.0,631.0,,,500.0,714.0,
Bihar,Jamui,Moong,Summer,1021.0,736.0,929.0,770.0,553.0,547.0,562.0,557.0,380.0
Bihar,Jamui,Rice,Kharif,,,,1533.0,,,,2734.0,2936.0
Bihar,Jamui,Rice,Rabi,3082.0,2518.0,1164.0,1926.0,2181.0,1851.0,2070.0,,
Bihar,Jamui,Tur,Kharif,1732.0,1025.0,2015.0,1696.0,1277.0,1576.0,2142.0,819.0,1092.0
Bihar,Jamui,Wheat,Rabi,2233.0,2463.0,2113.0,1898.0,1649.0,2316.0,1980.0,2829.0,2911.0
Bihar,Jehanabad,Bajra,Kharif,,,,,,,,,1026.0
Bihar,Jehanabad,Barley,Rabi,1346.0,1742.0,1382.0,1291.0,1337.0,1557.0,1118.0,1975.0,1391.0
Bihar,Jehanabad,Gram,Rabi,1287.0,1242.0,1775.0,690.0,1120.0,1216.0,998.0,1119.0,1045.0
Bihar,Jehanabad,Jowar,Kharif,,,,,,,,1076.0,1060.0
Bihar,Jehanabad,Lentil,Rabi,754.0,1301.0,1110.0,572.0,1122.0,1296.0,1196.0,876.0,872.0
Bihar,Jehanabad,Maize,Kharif,2669.0,2628.0,1600.0,2369.0,2500.0,1778.0,1786.0,2692.0,2909.0
Bihar,Jehanabad,Maize,Rabi,7491.0,6146.0,3262.0,2750.0,2600.0,3333.0,3000.0,7262.0,7400.0
Bihar,Jehanabad,Maize,Summer,5841.0,4903.0,3885.0,4891.0,5834.0,5730.0,6664.0,5970.0,5220.0
Bihar,Jehanabad,Moong,Kharif,929.0,2625.0,815.0,1280.0,893.0,724.0,704.0,875.0,842.0
Bihar,Jehanabad,Moong,Summer,1017.0,1637.0,719.0,1017.0,301.0,779.0,853.0,635.0,596.0
Bihar,Jehanabad,Ragi,Kharif,714.0,1000.0,1063.0,800.0,938.0,1000.0,1000.0,872.0,981.0
Bihar,Jehanabad,Rice,Kharif,,,,,,,,2954.0,2712.0
Bihar,Jehanabad,Rice,Rabi,3028.0,3310.0,2356.0,2624.0,3131.0,3181.0,3581.0,,
Bihar,Jehanabad,Shree Anna /Nutri Cereals,Kharif,714.0,1000.0,1063.0,800.0,938.0,1000.0,765.0,1062.0,1010.0
Bihar,Jehanabad,Small Millets,Kharif,,,,,,,752.0,1194.0,829.0
Bihar,Jehanabad,Tur,Kharif,1258.0,915.0,1740.0,1301.0,1388.0,2229.0,1733.0,2215.0,1633.0
Bihar,Jehanabad,Urad,Kharif,1000.0,750.0,750.0,841.0,750.0,1000.0,857.0,955.0,901.0
Bihar,Jehanabad,Wheat,Rabi,1970.0,2490.0,3316.0,2830.0,3103.0,3162.0,3167.0,3187.0,2825.0
Bihar,Kaimur (Bhabua),Bajra,Kharif,,,,,,,,,1011.0
Bihar,Kaimur (Bhabua),Barley,Rabi,1329.0,1169.0,1552.0,1454.0,1329.0,1725.0,1672.0,1760.0,2149.0
Bihar,Kaimur (Bhabua),Gram,Rabi,878.0,1015.0,782.0,749.0,835.0,994.0,992.0,842.0,943.0
Bihar,Kaimur (Bhabua),Lentil,Rabi,1044.0,885.0,736.0,676.0,660.0,816.0,709.0,703.0,633.0
Bihar,Kaimur (Bhabua),Maize,Kharif,1549.0,3613.0,2397.0,1700.0,2011.0,1905.0,2410.0,2284.0,2484.0
Bihar,Kaimur (Bhabua),Maize,Summer,6071.0,,,4114.0,5167.0,4540.0,,,5536.0
Bihar,Kaimur (Bhabua),Moong,Kharif,,,,578.0,1161.0,1235.0,900.0,756.0,581.0
Bihar,Kaimur (Bhabua),Moong,Summer,692.0,700.0,702.0,667.0,1139.0,699.0,957.0,702.0,698.0
Bihar,Kaimur (Bhabua),Ragi,Kharif,,,,1000.0,1000.0,,,,
Bihar,Kaimur (Bhabua),Rice,Kharif,,,,,,,,3225.0,3491.0
Bihar,Kaimur (Bhabua),Rice,Rabi,2678.0,3412.0,2990.0,3148.0,3220.0,3704.0,3817.0,,
Bihar,Kaimur (Bhabua),Rice,Summer,,,,,2000.0,,,,2800.0
Bihar,Kaimur (Bhabua),Shree Anna /Nutri Cereals,Kharif,,,,1000.0,1000.0,750.0,,740.0,1011.0
Bihar,Kaimur (Bhabua),Small Millets,Kharif,,,,,,750.0,,740.0,
Bihar,Kaimur (Bhabua),Tur,Kharif,660.0,910.0,1478.0,1212.0,1256.0,1621.0,1777.0,1398.0,1412.0
Bihar,Kaimur (Bhabua),Urad,Kharif,,,,886.0,892.0,925.0,904.0,912.0,915.0
Bihar,Kaimur (Bhabua),Wheat,Rabi,2174.0,2356.0,2974.0,2537.0,3053.0,3464.0,3261.0,3024.0,3250.0
Bihar,Katihar,Bajra,Kharif,,,1130.0,,,,,,
Bihar,Katihar,Barley,Rabi,1507.0,,1990.0,,2268.0,1778.0,2161.0,1641.0,1881.0
Bihar,Katihar,Gram,Rabi,1120.0,1125.0,1333.0,,1000.0,1000.0,1000.0,,1045.0
Bihar,Katihar,Lentil,Rabi,1129.0,1185.0,1006.0,861.0,887.0,1091.0,1092.0,1136.0,720.0
Bihar,Katihar,Maize,Kharif,9507.0,8032.0,2814.0,3593.0,3780.0,2579.0,4237.0,3775.0,3877.0
Bihar,Katihar,Maize,Rabi,11986.0,10385.0,10074.0,10243.0,9642.0,8970.0,10702.0,8022.0,8201.0
Bihar,Katihar,Maize,Summer,8490.0,8036.0,5298.0,7042.0,7370.0,7773.0,9332.0,7286.0,7538.0
Bihar,Katihar,Moong,Kharif,832.0,1172.0,824.0,611.0,952.0,453.0,544.0,682.0,663.0
Bihar,Katihar,Moong,Summer,1035.0,938.0,702.0,854.0,719.0,976.0,849.0,889.0,352.0
Bihar,Katihar,Ragi,Kharif,,,,,,1000.0,,,
Bihar,Katihar,Rice,Kharif,1519.0,1780.0,2009.0,2265.0,1963.0,2417.0,2679.0,2215.0,1862.0
Bihar,Katihar,Rice,Rabi,2028.0,1847.0,2167.0,1953.0,1711.0,1800.0,2594.0,,
Bihar,Katihar,Rice,Summer,2979.0,2459.0,2522.0,2347.0,2301.0,2920.0,3165.0,2757.0,2618.0
Bihar,Katihar,Shree Anna /Nutri Cereals,Kharif,758.0,750.0,1111.0,1000.0,800.0,778.0,857.0,738.0,638.0
Bihar,Katihar,Small Millets,Kharif,758.0,750.0,750.0,1000.0,800.0,750.0,857.0,738.0,638.0
Bihar,Katihar,Tur,Kharif,,,2000.0,1667.0,,,,,1558.0
Bihar,Katihar,Urad,Kharif,915.0,889.0,905.0,903.0,899.0,903.0,902.0,910.0,905.0
Bihar,Katihar,Wheat,Rabi,2436.0,2706.0,2952.0,2650.0,2691.0,2955.0,2926.0,3076.0,2612.0
Bihar,Khagaria,Barley,Rabi,1500.0,1581.0,1983.0,1364.0,1182.0,861.0,1729.0,1641.0,1881.0
Bihar,Khagaria,Gram,Rabi,688.0,1000.0,1235.0,765.0,1167.0,870.0,1000.0,869.0,1070.0
Bihar,Khagaria,Jowar,Kharif,,,,1100.0,,1087.0,,,
Bihar,Khagaria,Lentil,Rabi,925.0,1040.0,914.0,786.0,811.0,973.0,980.0,823.0,902.0
Bihar,Khagaria,Maize,Kharif,491.0,611.0,1164.0,1434.0,702.0,902.0,1413.0,1433.0,2179.0
Bihar,Khagaria,Maize,Rabi,9915.0,7668.0,6530.0,7021.0,7573.0,7213.0,7943.0,6078.0,6466.0
Bihar,Khagaria,Maize,Summer,2078.0,3659.0,2274.0,3460.0,5116.0,3755.0,4985.0,5621.0,6374.0
Bihar,Khagaria,Moong,Kharif,761.0,741.0,582.0,628.0,917.0,669.0,500.0,692.0,665.0
Bihar,Khagaria,Moong,Summer,1021.0,736.0,929.0,770.0,554.0,547.0,614.0,659.0,265.0
Bihar,Khagaria,Ragi,Kharif,,989.0,1067.0,800.0,939.0,,,872.0,981.0
Bihar,Khagaria,Rice,Kharif,519.0,2236.0,913.0,1247.0,1714.0,1723.0,1904.0,2345.0,2611.0
Bihar,Khagaria,Rice,Rabi,2778.0,2220.0,1610.0,1661.0,1361.0,2028.0,2744.0,,
Bihar,Khagaria,Rice,Summer,2603.0,2228.0,2318.0,2216.0,,,2061.0,2658.0,
Bihar,Khagaria,Shree Anna /Nutri Cereals,Kharif,752.0,781.0,788.0,762.0,773.0,772.0,753.0,743.0,491.0
Bihar,Khagaria,Small Millets,Kharif,752.0,753.0,752.0,752.0,752.0,751.0,753.0,738.0,412.0
Bihar,Khagaria,Tur,Kharif,1654.0,1050.0,1914.0,1620.0,1514.0,1543.0,1920.0,962.0,1153.0
Bihar,Khagaria,Urad,Kharif,819.0,890.0,885.0,865.0,880.0,1052.0,1185.0,1186.0,1226.0
Bihar,Khagaria,Wheat,Rabi,3044.0,3414.0,3403.0,3123.0,3013.0,3765.0,3960.0,3501.0,3649.0
Bihar,Kishanganj,Barley,Rabi,,,2000.0,1364.0,2276.0,1769.0,2167.0,,1881.0
Bihar,Kishanganj,Gram,Rabi,1120.0,1156.0,1198.0,731.0,1050.0,1053.0,1081.0,974.0,1045.0
Bihar,Kishanganj,Lentil,Rabi,664.0,574.0,395.0,841.0,845.0,744.0,970.0,863.0,470.0
Bihar,Kishanganj,Maize,Kharif,4309.0,6568.0,,,,,,,3932.0
Bihar,Kishanganj,Maize,Rabi,7612.0,9095.0,8744.0,10243.0,8956.0,6492.0,8143.0,8934.0,7695.0
Bihar,Kishanganj,Maize,Summer,6306.0,4898.0,3911.0,3943.0,6812.0,7579.0,7830.0,8032.0,8043.0
Bihar,Kishanganj,Moong,Kharif,972.0,436.0,298.0,518.0,610.0,452.0,536.0,1138.0,662.0
Bihar,Kishanganj,Moong,Summer,1090.0,606.0,463.0,655.0,225.0,777.0,691.0,486.0,504.0
Bihar,Kishanganj,Ragi,Kharif,725.0,991.0,1073.0,797.0,932.0,979.0,1000.0,872.0,981.0
Bihar,Kishanganj,Rice,Kharif,1518.0,1616.0,1412.0,1684.0,2406.0,2299.0,2670.0,2346.0,2428.0
Bihar,Kishanganj,Rice,Rabi,2027.0,1706.0,1369.0,1773.0,1569.0,1804.0,2186.0,,
Bihar,Kishanganj,Rice,Summer,2718.0,2182.0,2011.0,1871.0,2620.0,2481.0,2920.0,3444.0,2994.0
Bihar,Kishanganj,Shree Anna /Nutri Cereals,Kharif,725.0,991.0,1073.0,797.0,932.0,979.0,1000.0,872.0,953.0
Bihar,Kishanganj,Small Millets,Kharif,,,,,,,,,628.0
Bihar,Kishanganj,Tur,Kharif,1571.0,1558.0,1841.0,1690.0,1600.0,1595.0,1882.0,1688.0,
Bihar,Kishanganj,Urad,Kharif,917.0,888.0,911.0,903.0,905.0,904.0,907.0,906.0,
Bihar,Kishanganj,Wheat,Rabi,2214.0,1862.0,2655.0,2000.0,2739.0,2152.0,2237.0,2532.0,2792.0
Bihar,Lakhisarai,Barley,Rabi,,,,,,875.0,1733.0,1641.0,1881.0
Bihar,Lakhisarai,Gram,Rabi,1304.0,1282.0,1366.0,789.0,1379.0,868.0,1116.0,895.0,1289.0
Bihar,Lakhisarai,Lentil,Rabi,1580.0,1161.0,1251.0,623.0,1105.0,826.0,1189.0,463.0,1647.0
Bihar,Lakhisarai,Maize,Kharif,420.0,2032.0,1758.0,1347.0,2065.0,1167.0,1363.0,2474.0,1130.0
Bihar,Lakhisarai,Maize,Rabi,,,4070.0,5046.0,4480.0,4072.0,5651.0,2170.0,6006.0
Bihar,Lakhisarai,Maize,Summer,,,,,,3593.0,3977.0,5429.0,5444.0
Bihar,Lakhisarai,Moong,Kharif,826.0,772.0,,,,,,,617.0
Bihar,Lakhisarai,Moong,Summer,1034.0,750.0,927.0,774.0,559.0,546.0,592.0,648.0,470.0
Bihar,Lakhisarai,Ragi,Kharif,,,,,,,,872.0,
Bihar,Lakhisarai,Rice,Kharif,,,,,,,1895.0,3436.0,3168.0
Bihar,Lakhisarai,Rice,Rabi,3752.0,3387.0,2355.0,2315.0,3510.0,2971.0,3989.0,,
Bihar,Lakhisarai,Rice,Summer,,,,,,,,,2875.0
Bihar,Lakhisarai,Shree Anna /Nutri Cereals,Kharif,1000.0,,,,,,,751.0,533.0
Bihar,Lakhisarai,Small Millets,Kharif,1000.0,,,,,,,744.0,533.0
Bihar,Lakhisarai,Tur,Kharif,,,,,,1548.0,,962.0,1153.0
Bihar,Lakhisarai,Urad,Kharif,920.0,,,,,,,,1213.0
Bihar,Lakhisarai,Wheat,Rabi,3035.0,2966.0,2957.0,2923.0,3087.0,3463.0,3506.0,3830.0,3156.0
Bihar,Madhepura,Bajra,Kharif,,,,,,,,,
Bihar,Madhepura,Barley,Rabi,,1000.0,2000.0,1500.0,2000.0,,,,1881.0
Bihar,Madhepura,Gram,Rabi,,1000.0,,,,1083.0,1000.0,974.0,1045.0
Bihar,Madhepura,Lentil,Rabi,595.0,1122.0,823.0,811.0,616.0,690.0,719.0,599.0,601.0
Bihar,Madhepura,Maize,Kharif,3299.0,2511.0,2453.0,4002.0,,,5732.0,3202.0,3417.0
Bihar,Madhepura,Maize,Rabi,7522.0,5549.0,9258.0,8994.0,8342.0,8508.0,8890.0,9361.0,8326.0
Bihar,Madhepura,Maize,Summer,3480.0,3703.0,5372.0,5720.0,6125.0,6127.0,5778.0,5453.0,7311.0
Bihar,Madhepura,Moong,Kharif,627.0,681.0,592.0,628.0,984.0,678.0,660.0,895.0,572.0
Bihar,Madhepura,Moong,Summer,632.0,857.0,860.0,682.0,495.0,787.0,936.0,592.0,571.0
Bihar,Madhepura,Ragi,Kharif,514.0,731.0,2500.0,632.0,952.0,,1139.0,908.0,895.0
Bihar,Madhepura,Rice,Kharif,2550.0,2037.0,2182.0,2124.0,1900.0,1987.0,1955.0,2330.0,2286.0
Bihar,Madhepura,Rice,Rabi,2601.0,1806.0,2613.0,2256.0,1865.0,2016.0,2375.0,,
Bihar,Madhepura,Rice,Summer,2565.0,2071.0,2527.0,1961.0,2039.0,1908.0,,2778.0,2721.0
Bihar,Madhepura,Shree Anna /Nutri Cereals,Kharif,545.0,743.0,1382.0,704.0,830.0,758.0,970.0,830.0,817.0
Bihar,Madhepura,Small Millets,Kharif,758.0,765.0,743.0,743.0,750.0,758.0,767.0,737.0,711.0
Bihar,Madhepura,Tur,Kharif,1583.0,1545.0,2000.0,1600.0,1615.0,1603.0,1857.0,1688.0,1558.0
Bihar,Madhepura,Urad,Kharif,881.0,891.0,907.0,894.0,897.0,878.0,864.0,882.0,868.0
Bihar,Madhepura,Wheat,Rabi,3184.0,3612.0,3805.0,3274.0,3028.0,3015.0,3403.0,3233.0,3404.0
Bihar,Madhubani,Barley,Rabi,1500.0,1584.0,2000.0,1429.0,1900.0,1750.0,1750.0,1641.0,1881.0
Bihar,Madhubani,Gram,Rabi,1000.0,1182.0,1250.0,750.0,1000.0,1000.0,1000.0,974.0,1045.0
Bihar,Madhubani,Lentil,Rabi,853.0,935.0,1130.0,996.0,779.0,909.0,911.0,597.0,897.0
Bihar,Madhubani,Maize,Kharif,3095.0,2063.0,1676.0,2652.0,25.0,500.0,3000.0,3250.0,3623.0
Bihar,Madhubani,Maize,Rabi,5600.0,8207.0,5491.0,,,,,,5606.0
Bihar,Madhubani,Maize,Summer,4117.0,4467.0,3400.0,5302.0,6222.0,5081.0,5054.0,4990.0,3456.0
Bihar,Madhubani,Moong,Kharif,1000.0,833.0,,,478.0,589.0,620.0,621.0,660.0
Bihar,Madhubani,Moong,Summer,731.0,908.0,1014.0,880.0,575.0,518.0,573.0,276.0,156.0
Bihar,Madhubani,Ragi,Kharif,683.0,1855.0,1537.0,1148.0,1089.0,1179.0,1108.0,1429.0,859.0
Bihar,Madhubani,Rice,Kharif,1739.0,1734.0,1076.0,910.0,1291.0,1583.0,1622.0,2139.0,2089.0
Bihar,Madhubani,Rice,Rabi,1764.0,1346.0,1093.0,1202.0,1354.0,1705.0,1580.0,,
Bihar,Madhubani,Rice,Summer,1842.0,1272.0,1469.0,1669.0,1648.0,2247.0,2196.0,2693.0,2992.0
Bihar,Madhubani,Shree Anna /Nutri Cereals,Kharif,683.0,1855.0,1537.0,1148.0,1070.0,1179.0,1108.0,1429.0,859.0
Bihar,Madhubani,Small Millets,Kharif,,,,,714.0,,,,
Bihar,Madhubani,Tur,Kharif,2044.0,971.0,1473.0,1536.0,1056.0,1333.0,2103.0,1785.0,1729.0
Bihar,Madhubani,Urad,Kharif,882.0,890.0,883.0,885.0,885.0,885.0,885.0,885.0,943.0
Bihar,Madhubani,Wheat,Rabi,1910.0,2177.0,1993.0,2163.0,2094.0,2004.0,2024.0,2658.0,2605.0
Bihar,Munger,Barley,Rabi,,,,,,,,,1881.0
Bihar,Munger,Gram,Rabi,1163.0,1062.0,1005.0,905.0,1101.0,1239.0,733.0,947.0,1000.0
Bihar,Munger,Lentil,Rabi,1194.0,847.0,770.0,770.0,923.0,928.0,658.0,690.0,1024.0
Bihar,Munger,Maize,Kharif,1508.0,947.0,1475.0,2426.0,885.0,2918.0,2047.0,2178.0,1378.0
Bihar,Munger,Maize,Rabi,2845.0,5798.0,2977.0,5517.0,5552.0,4979.0,5890.0,6055.0,4272.0
Bihar,Munger,Maize,Summer,1971.0,3487.0,2215.0,3403.0,4877.0,3641.0,4242.0,5428.0,3652.0
Bihar,Munger,Moong,Kharif,823.0,781.0,568.0,630.0,1000.0,676.0,449.0,714.0,611.0
Bihar,Munger,Moong,Summer,1025.0,736.0,926.0,770.0,554.0,547.0,593.0,648.0,380.0
Bihar,Munger,Rice,Kharif,,,,,,,,3234.0,2825.0
Bihar,Munger,Rice,Rabi,3117.0,2830.0,1395.0,2144.0,3249.0,2732.0,2871.0,,
Bihar,Munger,Rice,Summer,2375.0,1931.0,2172.0,2019.0,2299.0,2517.0,2492.0,2955.0,2780.0
Bihar,Munger,Shree Anna /Nutri Cereals,Kharif,,1000.0,1000.0,1000.0,1000.0,1000.0,,557.0,993.0
Bihar,Munger,Small Millets,Kharif,,1000.0,1000.0,1000.0,1000.0,1000.0,,557.0,993.0
Bihar,Munger,Tur,Kharif,1667.0,1044.0,1911.0,1622.0,1511.0,1533.0,1933.0,962.0,1153.0
Bihar,Munger,Wheat,Rabi,2470.0,2795.0,2765.0,2542.0,2654.0,3286.0,3131.0,3033.0,3256.0
Bihar,Muzaffarpur,Barley,Rabi,1481.0,1587.0,935.0,465.0,1901.0,1778.0,1728.0,1641.0,1881.0
Bihar,Muzaffarpur,Gram,Rabi,1119.0,1156.0,1202.0,726.0,1054.0,1054.0,1080.0,974.0,1045.0
Bihar,Muzaffarpur,Lentil,Rabi,854.0,700.0,817.0,576.0,860.0,549.0,568.0,972.0,926.0
Bihar,Muzaffarpur,Maize,Kharif,1570.0,713.0,3324.0,3010.0,341.0,558.0,2845.0,3023.0,2471.0
Bihar,Muzaffarpur,Maize,Rabi,1882.0,2403.0,4566.0,5043.0,5105.0,5205.0,5432.0,5764.0,5076.0
Bihar,Muzaffarpur,Maize,Summer,2062.0,1637.0,2866.0,2984.0,3417.0,3310.0,5776.0,3266.0,3987.0
Bihar,Muzaffarpur,Moong,Summer,379.0,533.0,750.0,534.0,542.0,726.0,839.0,919.0,1000.0
Bihar,Muzaffarpur,Ragi,Kharif,727.0,1000.0,,,,,,,
Bihar,Muzaffarpur,Rice,Kharif,1268.0,1384.0,1276.0,1603.0,1071.0,1569.0,1732.0,2109.0,1648.0
Bihar,Muzaffarpur,Rice,Rabi,1404.0,1306.0,1017.0,1399.0,786.0,1070.0,1946.0,,
Bihar,Muzaffarpur,Rice,Summer,2822.0,,,,,,,,2800.0
Bihar,Muzaffarpur,Shree Anna /Nutri Cereals,Kharif,741.0,1000.0,,,,,,,829.0
Bihar,Muzaffarpur,Small Millets,Kharif,800.0,,,,,,,,829.0
Bihar,Muzaffarpur,Tur,Kharif,2412.0,1740.0,1839.0,1241.0,1990.0,1191.0,1638.0,2276.0,756.0
Bihar,Muzaffarpur,Wheat,Rabi,2792.0,2810.0,2722.0,2361.0,3079.0,2621.0,2203.0,3252.0,3060.0
Bihar,Nalanda,Barley,Rabi,1653.0,1738.0,2254.0,1552.0,2071.0,2259.0,2207.0,1679.0,2235.0
Bihar,Nalanda,Gram,Rabi,1238.0,1213.0,1188.0,633.0,1134.0,1142.0,1172.0,1184.0,1111.0
Bihar,Nalanda,Lentil,Rabi,924.0,1196.0,1081.0,539.0,1124.0,954.0,1431.0,1039.0,952.0
Bihar,Nalanda,Maize,Kharif,1855.0,2824.0,3250.0,1675.0,3636.0,2795.0,3601.0,3870.0,1912.0
Bihar,Nalanda,Maize,Rabi,4404.0,3636.0,3598.0,5257.0,4407.0,4775.0,6299.0,4909.0,5104.0
Bihar,Nalanda,Maize,Summer,6017.0,5209.0,2374.0,4452.0,4652.0,4635.0,5890.0,5141.0,5585.0
Bihar,Nalanda,Moong,Kharif,753.0,690.0,479.0,577.0,1174.0,1251.0,912.0,756.0,571.0
Bihar,Nalanda,Moong,Summer,690.0,707.0,705.0,666.0,1144.0,695.0,1091.0,754.0,672.0
Bihar,Nalanda,Ragi,Kharif,800.0,1000.0,,833.0,1000.0,,,,
Bihar,Nalanda,Rice,Kharif,,,,1500.0,,,,2786.0,3076.0
Bihar,Nalanda,Rice,Rabi,3114.0,3181.0,2092.0,2114.0,2947.0,2873.0,3038.0,,
Bihar,Nalanda,Rice,Summer,2800.0,2300.0,,2250.0,2375.0,,,2952.0,2809.0
Bihar,Nalanda,Shree Anna /Nutri Cereals,Kharif,778.0,769.0,833.0,800.0,1000.0,1000.0,1000.0,,1000.0
Bihar,Nalanda,Small Millets,Kharif,769.0,750.0,833.0,789.0,,1000.0,1000.0,,1000.0
Bihar,Nalanda,Tur,Kharif,961.0,1770.0,2123.0,1258.0,1919.0,1613.0,1845.0,1683.0,1443.0
Bihar,Nalanda,Urad,Kharif,870.0,909.0,846.0,,,,,,
Bihar,Nalanda,Wheat,Rabi,3154.0,3149.0,3545.0,2534.0,3158.0,3164.0,3437.0,3324.0,3501.0
Bihar,Nawada,Barley,Rabi,1286.0,1737.0,1390.0,1302.0,1333.0,,,,1391.0
Bihar,Nawada,Gram,Rabi,1073.0,1382.0,983.0,1039.0,885.0,1105.0,1038.0,929.0,928.0
Bihar,Nawada,Jowar,Kharif,,,,,,,,,1060.0
Bihar,Nawada,Lentil,Rabi,943.0,942.0,1007.0,904.0,790.0,735.0,818.0,560.0,654.0
Bihar,Nawada,Maize,Kharif,2346.0,3088.0,1407.0,2354.0,1977.0,3375.0,2321.0,2841.0,
Bihar,Nawada,Maize,Rabi,,,,,,,,,7400.0
Bihar,Nawada,Maize,Summer,4496.0,4766.0,3653.0,4277.0,5378.0,4892.0,5924.0,5693.0,5377.0
Bihar,Nawada,Moong,Kharif,827.0,2091.0,769.0,1046.0,827.0,668.0,841.0,895.0,885.0
Bihar,Nawada,Moong,Summer,593.0,2280.0,934.0,908.0,264.0,800.0,865.0,748.0,427.0
Bihar,Nawada,Ragi,Kharif,725.0,989.0,1074.0,795.0,936.0,979.0,1000.0,872.0,
Bihar,Nawada,Rice,Kharif,1778.0,,,,,,,2705.0,2970.0
Bihar,Nawada,Rice,Rabi,3457.0,3208.0,1600.0,2646.0,3393.0,3031.0,3205.0,,
Bihar,Nawada,Rice,Summer,2750.0,2333.0,,,,,,,2833.0
Bihar,Nawada,Shree Anna /Nutri Cereals,Kharif,725.0,989.0,1074.0,795.0,936.0,979.0,910.0,872.0,1060.0
Bihar,Nawada,Small Millets,Kharif,,1000.0,,,,,754.0,,
Bihar,Nawada,Tur,Kharif,577.0,739.0,1385.0,1222.0,1538.0,1719.0,1994.0,1722.0,1520.0
Bihar,Nawada,Urad,Kharif,904.0,762.0,864.0,833.0,837.0,953.0,884.0,912.0,
Bihar,Nawada,Wheat,Rabi,2787.0,3075.0,2768.0,1979.0,2609.0,2567.0,2996.0,2855.0,3020.0
Bihar,Pashchim Champaran,Barley,Rabi,1000.0,,,,,,,,1881.0
Bihar,Pashchim Champaran,Gram,Rabi,1083.0,1182.0,1222.0,667.0,1000.0,1000.0,1000.0,974.0,1045.0
Bihar,Pashchim Champaran,Jowar,Kharif,,,,,,,,,936.0
Bihar,Pashchim Champaran,Lentil,Rabi,1215.0,775.0,888.0,846.0,898.0,1200.0,1013.0,1131.0,783.0
Bihar,Pashchim Champaran,Maize,Kharif,2931.0,1191.0,2645.0,3903.0,938.0,3617.0,1004.0,3469.0,3396.0
Bihar,Pashchim Champaran,Maize,Rabi,4016.0,4127.0,4596.0,5767.0,5558.0,6492.0,6342.0,4846.0,8162.0
Bihar,Pashchim Champaran,Maize,Summer,3105.0,3336.0,3144.0,3467.0,5133.0,4181.0,4568.0,4432.0,6606.0
Bihar,Pashchim Champaran,Moong,Kharif,667.0,800.0,667.0,600.0,1000.0,700.0,,,
Bihar,Pashchim Champaran,Moong,Summer,406.0,734.0,766.0,603.0,523.0,849.0,1140.0,995.0,912.0
Bihar,Pashchim Champaran,Ragi,Kharif,500.0,1000.0,1000.0,,,,,,
Bihar,Pashchim Champaran,Rice,Kharif,1301.0,1480.0,1189.0,2791.0,1947.0,2114.0,2158.0,1913.0,2081.0
Bihar,Pashchim Champaran,Rice,Rabi,2166.0,1768.0,2024.0,2507.0,5264.0,2216.0,2391.0,,
Bihar,Pashchim Champaran,Shree Anna /Nutri Cereals,Kharif,500.0,1000.0,1000.0,,,,,,764.0
Bihar,Pashchim Champaran,Small Millets,Kharif,,,,,,,,,586.0
Bihar,Pashchim Champaran,Tur,Kharif,1171.0,1147.0,1126.0,1743.0,1723.0,1551.0,1632.0,,
Bihar,Pashchim Champaran,Urad,Kharif,905.0,924.0,918.0,926.0,922.0,915.0,919.0,885.0,
Bihar,Pashchim Champaran,Wheat,Rabi,2217.0,2289.0,2751.0,2877.0,3022.0,4904.0,3032.0,3334.0,2716.0
Bihar,Patna,Bajra,Kharif,,1143.0,,,1135.0,1141.0,,1140.0,1011.0
Bihar,Patna,Barley,Rabi,1657.0,1740.0,2243.0,1547.0,2073.0,2256.0,2205.0,1679.0,2235.0
Bihar,Patna,Gram,Rabi,1295.0,1193.0,1477.0,754.0,1324.0,1309.0,1149.0,1255.0,1255.0
Bihar,Patna,Jowar,Kharif,1063.0,1111.0,1111.0,1111.0,1067.0,1069.0,1000.0,1069.0,1124.0
Bihar,Patna,Lentil,Rabi,1183.0,1597.0,1227.0,543.0,1165.0,1182.0,1346.0,884.0,1466.0
Bihar,Patna,Maize,Kharif,1442.0,4100.0,3453.0,1940.0,1617.0,1520.0,2350.0,2029.0,1681.0
Bihar,Patna,Maize,Rabi,2825.0,6072.0,4887.0,4103.0,3521.0,5193.0,5086.0,4909.0,4557.0
Bihar,Patna,Maize,Summer,4526.0,4671.0,2987.0,4112.0,5031.0,4563.0,3432.0,3506.0,5618.0
Bihar,Patna,Moong,Kharif,,652.0,577.0,583.0,,,,,684.0
Bihar,Patna,Moong,Summer,692.0,706.0,705.0,665.0,1144.0,695.0,668.0,548.0,821.0
Bihar,Patna,Ragi,Kharif,722.0,,1000.0,800.0,,,,,981.0
Bihar,Patna,Rice,Kharif,1689.0,1740.0,1368.0,1499.0,1539.0,,1917.0,2954.0,3211.0
Bihar,Patna,Rice,Rabi,3014.0,3089.0,2438.0,2127.0,3352.0,3157.0,3241.0,,
Bihar,Patna,Rice,Summer,,,,1801.0,2286.0,2241.0,2061.0,2654.0,2809.0
Bihar,Patna,Shree Anna /Nutri Cereals,Kharif,935.0,818.0,1077.0,917.0,1103.0,1115.0,1000.0,1131.0,892.0
Bihar,Patna,Small Millets,Kharif,754.0,763.0,,,,,,,533.0
Bihar,Patna,Tur,Kharif,1258.0,2260.0,2185.0,1724.0,1613.0,1106.0,1396.0,1819.0,1426.0
Bihar,Patna,Urad,Kharif,,889.0,897.0,,897.0,,,,
Bihar,Patna,Wheat,Rabi,3322.0,3618.0,3501.0,3300.0,3437.0,3505.0,3521.0,3320.0,3125.0
Bihar,Purbi Champaran,Barley,Rabi,,,,,,,,1641.0,1881.0
Bihar,Purbi Champaran,Gram,Rabi,,,,,,,,974.0,1045.0
Bihar,Purbi Champaran,Lentil,Rabi,719.0,1395.0,1209.0,914.0,1446.0,1118.0,965.0,996.0,1211.0
Bihar,Purbi Champaran,Maize,Kharif,2450.0,2492.0,1652.0,2070.0,703.0,1177.0,3413.0,3398.0,4343.0
Bihar,Purbi Champaran,Maize,Rabi,3535.0,2135.0,3830.0,4100.0,4297.0,4760.0,4648.0,5915.0,6389.0
Bihar,Purbi Champaran,Maize,Summer,3343.0,1939.0,2690.0,3086.0,3706.0,2906.0,4466.0,5066.0,4984.0
Bihar,Purbi Champaran,Moong,Kharif,824.0,771.0,574.0,638.0,1000.0,674.0,667.0,895.0,650.0
Bihar,Purbi Champaran,Moong,Summer,406.0,734.0,1777.0,1008.0,523.0,848.0,1031.0,1064.0,405.0
Bihar,Purbi Champaran,Ragi,Kharif,,,,,,,,,981.0
Bihar,Purbi Champaran,Rice,Kharif,1953.0,1639.0,1253.0,1337.0,1654.0,1990.0,1847.0,1527.0,1992.0
Bihar,Purbi Champaran,Rice,Rabi,1772.0,1197.0,1419.0,1520.0,1012.0,1796.0,1839.0,,
Bihar,Purbi Champaran,Rice,Summer,,,,,,,,,2774.0
Bihar,Purbi Champaran,Shree Anna /Nutri Cereals,Kharif,,,,,,,,,571.0
Bihar,Purbi Champaran,Small Millets,Kharif,,,,,,,,,535.0
Bihar,Purbi Champaran,Tur,Kharif,2622.0,1935.0,2610.0,2914.0,1742.0,1546.0,1602.0,3646.0,2249.0
Bihar,Purbi Champaran,Wheat,Rabi,2422.0,2439.0,2544.0,2110.0,2559.0,2837.0,2464.0,3040.0,3680.0
Bihar,Purnia,Bajra,Kharif,,,,,,,,,967.0
Bihar,Purnia,Barley,Rabi,,,,,,,,,1881.0
Bihar,Purnia,Gram,Rabi,1115.0,,,,,,,,1045.0
Bihar,Purnia,Jowar,Kharif,,,,,,,,,1168.0
Bihar,Purnia,Lentil,Rabi,877.0,597.0,748.0,851.0,431.0,610.0,1269.0,810.0,450.0
Bihar,Purnia,Maize,Kharif,2614.0,3732.0,3583.0,3489.0,1925.0,2077.0,3814.0,4072.0,4602.0
Bihar,Purnia,Maize,Rabi,9937.0,8427.0,9434.0,8834.0,9269.0,8220.0,9412.0,7768.0,7947.0
Bihar,Purnia,Maize,Summer,8803.0,6455.0,5635.0,5353.0,6497.0,5335.0,5960.0,6596.0,6683.0
Bihar,Purnia,Moong,Kharif,973.0,492.0,,945.0,624.0,453.0,583.0,1341.0,720.0
Bihar,Purnia,Moong,Summer,1090.0,357.0,1029.0,826.0,564.0,489.0,1257.0,759.0,486.0
Bihar,Purnia,Ragi,Kharif,,,,,,,,,981.0
Bihar,Purnia,Rice,Kharif,1520.0,1973.0,1343.0,2887.0,1469.0,,,2449.0,2098.0
Bihar,Purnia,Rice,Rabi,2273.0,1944.0,2335.0,1761.0,1602.0,1903.0,2177.0,,
Bihar,Purnia,Rice,Summer,2855.0,2258.0,2189.0,3022.0,2551.0,1385.0,2213.0,2878.0,2702.0
Bihar,Purnia,Shree Anna /Nutri Cereals,Kharif,,,,,,,,,983.0
Bihar,Purnia,Small Millets,Kharif,,,,,,,,,549.0
Bihar,Purnia,Tur,Kharif,1580.0,1552.0,,,,,,,1558.0
Bihar,Purnia,Urad,Kharif,1000.0,857.0,902.0,933.0,909.0,933.0,905.0,901.0,
Bihar,Purnia,Wheat,Rabi,2429.0,2462.0,3252.0,2470.0,3255.0,2803.0,3078.0,3490.0,2695.0
Bihar,Rohtas,Barley,Rabi,2182.0,1790.0,2390.0,1630.0,1431.0,1338.0,2025.0,1762.0,
Bihar,Rohtas,Gram,Rabi,1035.0,1207.0,1319.0,780.0,1631.0,1049.0,1162.0,1149.0,1196.0
Bihar,Rohtas,Lentil,Rabi,1139.0,921.0,953.0,864.0,759.0,727.0,883.0,621.0,893.0
Bihar,Rohtas,Maize,Kharif,1486.0,3027.0,,,,,,,
Bihar,Rohtas,Maize,Rabi,4000.0,,,,,,,,4947.0
Bihar,Rohtas,Maize,Summer,3800.0,,,,,,,,
Bihar,Rohtas,Moong,Kharif,,,,,,,,,576.0
Bihar,Rohtas,Moong,Summer,692.0,706.0,705.0,666.0,1145.0,695.0,821.0,762.0,529.0
Bihar,Rohtas,Rice,Kharif,,,,,,,,3843.0,3772.0
Bihar,Rohtas,Rice,Rabi,3313.0,3878.0,4105.0,4111.0,4370.0,4396.0,4717.0,,
Bihar,Rohtas,Rice,Summer,,,,,,,2042.0,,
Bihar,Rohtas,Tur,Kharif,1349.0,1874.0,2009.0,1830.0,1709.0,2500.0,1400.0,1927.0,1443.0
Bihar,Rohtas,Urad,Kharif,889.0,889.0,875.0,889.0,882.0,932.0,891.0,,911.0
Bihar,Rohtas,Wheat,Rabi,3276.0,3354.0,3680.0,3086.0,3560.0,3627.0,3419.0,3427.0,3167.0
Bihar,Saharsa,Bajra,Kharif,,,,,,,,,1227.0
Bihar,Saharsa,Barley,Rabi,1508.0,1578.0,,,,,,1641.0,1881.0
Bihar,Saharsa,Gram,Rabi,,,,,,,,974.0,1045.0
Bihar,Saharsa,Jowar,Kharif,,,,,,,,,1075.0
Bihar,Saharsa,Lentil,Rabi,1248.0,849.0,657.0,928.0,1061.0,447.0,844.0,642.0,973.0
Bihar,Saharsa,Maize,Kharif,4033.0,,,,,,,2910.0,2898.0
Bihar,Saharsa,Maize,Rabi,6873.0,5556.0,6826.0,6117.0,6551.0,6712.0,6079.0,6065.0,5893.0
Bihar,Saharsa,Maize,Summer,4855.0,4831.0,4764.0,5030.0,4843.0,4823.0,5396.0,5572.0,4616.0
Bihar,Saharsa,Moong,Kharif,,,,,,,,,571.0
Bihar,Saharsa,Moong,Summer,736.0,624.0,748.0,615.0,682.0,660.0,575.0,415.0,338.0
Bihar,Saharsa,Ragi,Kharif,1436.0,940.0,1014.0,799.0,770.0,637.0,842.0,732.0,835.0
Bihar,Saharsa,Rice,Kharif,1781.0,2482.0,1917.0,2212.0,1669.0,1754.0,2013.0,2156.0,1729.0
Bihar,Saharsa,Rice,Rabi,1684.0,1411.0,968.0,1248.0,1308.0,1363.0,1611.0,,
Bihar,Saharsa,Rice,Summer,2930.0,2176.0,2326.0,2781.0,2449.0,2503.0,2139.0,2858.0,1768.0
Bihar,Saharsa,Shree Anna /Nutri Cereals,Kharif,1436.0,940.0,1014.0,799.0,770.0,637.0,842.0,735.0,896.0
Bihar,Saharsa,Small Millets,Kharif,,,,,,,,738.0,440.0
Bihar,Saharsa,Tur,Kharif,,,,,,,,,1558.0
Bihar,Saharsa,Urad,Kharif,1000.0,1000.0,885.0,1000.0,1000.0,,,960.0,909.0
Bihar,Saharsa,Wheat,Rabi,2673.0,2846.0,2563.0,1995.0,2394.0,2380.0,2052.0,3209.0,2935.0
Bihar,Samastipur,Barley,Rabi,1507.0,1600.0,2000.0,1372.0,1902.0,1780.0,1725.0,1641.0,1881.0
Bihar,Samastipur,Gram,Rabi,1127.0,1167.0,1214.0,706.0,1051.0,1049.0,1071.0,974.0,1045.0
Bihar,Samastipur,Jowar,Kharif,,,,,,,,,982.0
Bihar,Samastipur,Lentil,Rabi,1132.0,970.0,981.0,1099.0,891.0,912.0,1054.0,891.0,1083.0
Bihar,Samastipur,Maize,Kharif,3006.0,2020.0,2168.0,1795.0,656.0,569.0,2520.0,3184.0,3363.0
Bihar,Samastipur,Maize,Rabi,4760.0,9245.0,5346.0,5984.0,5681.0,6206.0,6193.0,5326.0,5604.0
Bihar,Samastipur,Maize,Summer,6223.0,6588.0,3083.0,4947.0,5964.0,4750.0,5122.0,5200.0,3368.0
Bihar,Samastipur,Moong,Kharif,647.0,747.0,444.0,459.0,425.0,584.0,648.0,694.0,585.0
Bihar,Samastipur,Moong,Summer,768.0,379.0,319.0,544.0,887.0,1003.0,1059.0,1177.0,467.0
Bihar,Samastipur,Ragi,Kharif,678.0,2000.0,1500.0,919.0,1089.0,,,,785.0
Bihar,Samastipur,Rice,Kharif,1902.0,2266.0,1927.0,1681.0,1719.0,1478.0,,2587.0,2406.0
Bihar,Samastipur,Rice,Rabi,2857.0,1982.0,1670.0,1916.0,1713.0,1363.0,2077.0,,
Bihar,Samastipur,Rice,Summer,2287.0,1989.0,1807.0,1794.0,1687.0,,,,2984.0
Bihar,Samastipur,Shree Anna /Nutri Cereals,Kharif,766.0,772.0,773.0,844.0,902.0,762.0,759.0,746.0,664.0
Bihar,Samastipur,Small Millets,Kharif,773.0,762.0,762.0,760.0,759.0,762.0,759.0,746.0,557.0
Bihar,Samastipur,Tur,Kharif,1117.0,1096.0,1374.0,1565.0,954.0,2237.0,2136.0,2114.0,1729.0
Bihar,Samastipur,Urad,Kharif,887.0,893.0,893.0,892.0,891.0,902.0,920.0,911.0,896.0
Bihar,Samastipur,Wheat,Rabi,3755.0,3616.0,3597.0,3185.0,3387.0,3560.0,3655.0,3562.0,3701.0
Bihar,Saran,Barley,Rabi,,1571.0,1984.0,1365.0,1902.0,1787.0,1729.0,1641.0,1833.0
Bihar,Saran,Gram,Rabi,,1000.0,1205.0,740.0,,1000.0,1125.0,,1045.0
Bihar,Saran,Lentil,Rabi,566.0,1043.0,1188.0,930.0,952.0,1227.0,1000.0,1009.0,1152.0
Bihar,Saran,Maize,Kharif,3850.0,2889.0,1831.0,2365.0,1852.0,2801.0,3484.0,4103.0,3384.0
Bihar,Saran,Maize,Rabi,4361.0,3999.0,4502.0,4476.0,4998.0,4726.0,5019.0,4852.0,4347.0
Bihar,Saran,Maize,Summer,5895.0,2955.0,2860.0,3040.0,3697.0,4311.0,4273.0,4142.0,2757.0
Bihar,Saran,Moong,Kharif,833.0,,,,1000.0,,,,571.0
Bihar,Saran,Moong,Summer,594.0,796.0,562.0,205.0,682.0,743.0,794.0,739.0,209.0
Bihar,Saran,Ragi,Kharif,1020.0,1056.0,1046.0,1031.0,742.0,730.0,776.0,704.0,1150.0
Bihar,Saran,Rice,Kharif,2496.0,1695.0,2195.0,1750.0,1531.0,1580.0,2077.0,2711.0,2182.0
Bihar,Saran,Rice,Rabi,1958.0,1863.0,1013.0,2359.0,1661.0,2333.0,2742.0,,
Bihar,Saran,Rice,Summer,,,,,2293.0,,2056.0,2676.0,2773.0
Bihar,Saran,Shree Anna /Nutri Cereals,Kharif,1000.0,994.0,997.0,947.0,743.0,739.0,776.0,714.0,1058.0
Bihar,Saran,Small Millets,Kharif,760.0,757.0,750.0,759.0,746.0,753.0,,739.0,632.0
Bihar,Saran,Tur,Kharif,1438.0,7107.0,1966.0,2027.0,2618.0,1357.0,2042.0,1787.0,2019.0
Bihar,Saran,Urad,Kharif,902.0,896.0,909.0,909.0,1000.0,893.0,897.0,881.0,
Bihar,Saran,Wheat,Rabi,3482.0,3135.0,2855.0,3141.0,3605.0,3425.0,3625.0,3172.0,3087.0
Bihar,Sheikhpura,Bajra,Kharif,,,,,,,,,876.0
Bihar,Sheikhpura,Barley,Rabi,,1667.0,,,,,,,
Bihar,Sheikhpura,Gram,Rabi,869.0,1193.0,1420.0,826.0,896.0,690.0,691.0,1192.0,1160.0
Bihar,Sheikhpura,Lentil,Rabi,1224.0,1446.0,1042.0,467.0,836.0,598.0,742.0,1191.0,1312.0
Bihar,Sheikhpura,Maize,Kharif,677.0,686.0,1420.0,2278.0,2120.0,2064.0,1683.0,2329.0,1958.0
Bihar,Sheikhpura,Maize,Rabi,9039.0,6100.0,1985.0,3359.0,3391.0,2953.0,3648.0,6055.0,6080.0
Bihar,Sheikhpura,Maize,Summer,2136.0,3674.0,2283.0,3457.0,5070.0,3739.0,4659.0,5426.0,5471.0
Bihar,Sheikhpura,Moong,Kharif,800.0,774.0,571.0,667.0,1000.0,667.0,,714.0,611.0
Bihar,Sheikhpura,Moong,Summer,1018.0,735.0,929.0,771.0,554.0,546.0,559.0,674.0,879.0
Bihar,Sheikhpura,Ragi,Kharif,,1000.0,1000.0,,,,,,
Bihar,Sheikhpura,Rice,Kharif,,,,,,,,2818.0,2944.0
Bihar,Sheikhpura,Rice,Rabi,2865.0,2322.0,1199.0,1740.0,2534.0,1849.0,2780.0,,
Bihar,Sheikhpura,Rice,Summer,,,,,,,,2714.0,2875.0
Bihar,Sheikhpura,Shree Anna /Nutri Cereals,Kharif,1000.0,1000.0,1000.0,,,,,,848.0
Bihar,Sheikhpura,Small Millets,Kharif,1000.0,,,,,,,,
Bihar,Sheikhpura,Tur,Kharif,1659.0,1049.0,1914.0,1621.0,1514.0,1629.0,1241.0,1437.0,1718.0
Bihar,Sheikhpura,Urad,Kharif,,,,,,,,,1189.0
Bihar,Sheikhpura,Wheat,Rabi,2345.0,2766.0,2200.0,1740.0,2147.0,1915.0,2064.0,3024.0,2588.0
Bihar,Sheohar,Barley,Rabi,,1500.0,,,,,,,
Bihar,Sheohar,Gram,Rabi,,,,,,,,974.0,
Bihar,Sheohar,Lentil,Rabi,646.0,143.0,903.0,1043.0,895.0,798.0,1343.0,1034.0,1087.0
Bihar,Sheohar,Maize,Kharif,2604.0,2264.0,2288.0,3195.0,939.0,,3262.0,4765.0,3292.0
Bihar,Sheohar,Maize,Rabi,4835.0,3773.0,4837.0,5036.0,4775.0,5964.0,5762.0,8065.0,5721.0
Bihar,Sheohar,Maize,Summer,3567.0,3169.0,3014.0,3312.0,4705.0,,,4098.0,
Bihar,Sheohar,Moong,Kharif,716.0,692.0,595.0,624.0,799.0,674.0,650.0,895.0,571.0
Bihar,Sheohar,Moong,Summer,406.0,734.0,766.0,603.0,523.0,848.0,1014.0,1178.0,1121.0
Bihar,Sheohar,Ragi,Kharif,800.0,1000.0,,,,,,,
Bihar,Sheohar,Rice,Kharif,1407.0,1895.0,1239.0,1729.0,1668.0,1839.0,1668.0,2016.0,1988.0
Bihar,Sheohar,Rice,Rabi,1684.0,1606.0,1562.0,1685.0,1878.0,1672.0,2158.0,,
Bihar,Sheohar,Shree Anna /Nutri Cereals,Kharif,754.0,774.0,,,750.0,,,,
Bihar,Sheohar,Small Millets,Kharif,750.0,755.0,,,750.0,,,,
Bihar,Sheohar,Tur,Kharif,2408.0,2078.0,2478.0,2261.0,1818.0,1560.0,1625.0,3030.0,1742.0
Bihar,Sheohar,Wheat,Rabi,2425.0,3083.0,3082.0,2312.0,2571.0,2613.0,3268.0,3606.0,3392.0
Bihar,Sitamarhi,Barley,Rabi,1444.0,1556.0,889.0,444.0,1875.0,1750.0,1714.0,1641.0,1881.0
Bihar,Sitamarhi,Lentil,Rabi,958.0,863.0,1030.0,1298.0,755.0,296.0,886.0,992.0,976.0
Bihar,Sitamarhi,Maize,Kharif,2600.0,2162.0,3000.0,,,,,,
Bihar,Sitamarhi,Maize,Rabi,4574.0,4523.0,4788.0,5583.0,6240.0,5136.0,5774.0,6453.0,4737.0
Bihar,Sitamarhi,Maize,Summer,2277.0,2375.0,2621.0,2805.0,3079.0,3756.0,5888.0,6644.0,6436.0
Bihar,Sitamarhi,Moong,Summer,605.0,638.0,437.0,697.0,663.0,810.0,1089.0,1155.0,555.0
Bihar,Sitamarhi,Ragi,Kharif,714.0,939.0,1067.0,800.0,932.0,976.0,1000.0,872.0,981.0
Bihar,Sitamarhi,Rice,Kharif,1345.0,1287.0,1029.0,1901.0,1421.0,1299.0,1554.0,1732.0,1925.0
Bihar,Sitamarhi,Rice,Rabi,2261.0,1940.0,1901.0,2131.0,1590.0,1702.0,1824.0,,
Bihar,Sitamarhi,Shree Anna /Nutri Cereals,Kharif,714.0,939.0,1067.0,800.0,932.0,976.0,1000.0,872.0,981.0
Bihar,Sitamarhi,Tur,Kharif,2417.0,2083.0,2467.0,2271.0,1828.0,1554.0,1636.0,3030.0,1742.0
Bihar,Sitamarhi,Wheat,Rabi,3118.0,2950.0,3629.0,3045.0,2802.0,2718.0,2643.0,2834.0,3539.0
Bihar,Siwan,Bajra,Kharif,1136.0,1136.0,1138.0,1125.0,1138.0,1138.0,1141.0,1145.0,1140.0
Bihar,Siwan,Barley,Rabi,1504.0,1589.0,1992.0,1367.0,1906.0,1781.0,1727.0,1641.0,1833.0
Bihar,Siwan,Gram,Rabi,1121.0,1156.0,1200.0,729.0,1053.0,1053.0,1076.0,974.0,1045.0
Bihar,Siwan,Lentil,Rabi,570.0,1042.0,1191.0,932.0,965.0,1209.0,1208.0,1094.0,1152.0
Bihar,Siwan,Maize,Kharif,2757.0,2210.0,1962.0,1662.0,706.0,1590.0,2977.0,3068.0,3947.0
Bihar,Siwan,Maize,Rabi,9224.0,3903.0,3456.0,3560.0,3761.0,3747.0,3727.0,4211.0,4302.0
Bihar,Siwan,Maize,Summer,5583.0,3162.0,2991.0,3190.0,3927.0,4346.0,3637.0,4542.0,4314.0
Bihar,Siwan,Moong,Kharif,625.0,600.0,600.0,625.0,625.0,600.0,600.0,821.0,733.0
Bihar,Siwan,Moong,Summer,608.0,796.0,562.0,205.0,682.0,740.0,637.0,980.0,678.0
Bihar,Siwan,Ragi,Kharif,948.0,920.0,634.0,811.0,744.0,731.0,778.0,704.0,1150.0
Bihar,Siwan,Rice,Kharif,1756.0,1397.0,1295.0,1369.0,1342.0,1438.0,2385.0,1804.0,2444.0
Bihar,Siwan,Rice,Rabi,2052.0,1778.0,453.0,1979.0,1092.0,2091.0,2472.0,,
Bihar,Siwan,Rice,Summer,1893.0,,,,,,,,2744.0
Bihar,Siwan,Shree Anna /Nutri Cereals,Kharif,924.0,909.0,711.0,832.0,787.0,778.0,825.0,765.0,1067.0
Bihar,Siwan,Small Millets,Kharif,756.0,756.0,755.0,755.0,755.0,755.0,,785.0,502.0
Bihar,Siwan,Tur,Kharif,1585.0,1792.0,1128.0,1540.0,1973.0,1363.0,2183.0,1805.0,1709.0
Bihar,Siwan,Urad,Kharif,907.0,898.0,907.0,907.0,898.0,890.0,898.0,890.0,897.0
Bihar,Siwan,Wheat,Rabi,2917.0,2901.0,3050.0,2068.0,3013.0,3004.0,3052.0,3227.0,3561.0
Bihar,Supaul,Gram,Rabi,,,,,,,,,1045.0
Bihar,Supaul,Jowar,Kharif,1000.0,,,,,,,,
Bihar,Supaul,Lentil,Rabi,899.0,131.0,498.0,764.0,901.0,658.0,668.0,593.0,651.0
Bihar,Supaul,Maize,Kharif,5252.0,3222.0,,,,,,,
Bihar,Supaul,Maize,Rabi,7538.0,6435.0,10090.0,11139.0,8922.0,8194.0,8927.0,9708.0,8128.0
Bihar,Supaul,Maize,Summer,4081.0,5698.0,4933.0,8765.0,7041.0,5771.0,9012.0,6358.0,5355.0
Bihar,Supaul,Moong,Kharif,801.0,731.0,,,1000.0,680.0,660.0,895.0,571.0
Bihar,Supaul,Moong,Summer,686.0,507.0,550.0,717.0,429.0,488.0,684.0,632.0,833.0
Bihar,Supaul,Ragi,Kharif,443.0,666.0,1055.0,483.0,1112.0,1353.0,1308.0,932.0,973.0
Bihar,Supaul,Rice,Kharif,1652.0,875.0,1742.0,1841.0,1435.0,1367.0,2319.0,2296.0,2249.0
Bihar,Supaul,Rice,Rabi,2003.0,1790.0,1988.0,1686.0,1405.0,2402.0,2575.0,,
Bihar,Supaul,Rice,Summer,2478.0,1937.0,2812.0,2080.0,2170.0,2594.0,2134.0,2542.0,2780.0
Bihar,Supaul,Shree Anna /Nutri Cereals,Kharif,448.0,672.0,1000.0,533.0,1063.0,1353.0,1308.0,932.0,973.0
Bihar,Supaul,Small Millets,Kharif,769.0,762.0,763.0,767.0,756.0,,,,
Bihar,Supaul,Tur,Kharif,1581.0,1533.0,1850.0,1683.0,,,,,1558.0
Bihar,Supaul,Urad,Kharif,899.0,888.0,904.0,902.0,899.0,871.0,874.0,868.0,871.0
Bihar,Supaul,Wheat,Rabi,1965.0,2401.0,2468.0,2532.0,2818.0,2805.0,2495.0,3371.0,3138.0
Bihar,Vaishali,Bajra,Kharif,,,,,,,,,1320.0
Bihar,Vaishali,Barley,Rabi,1481.0,1583.0,917.0,458.0,1905.0,1773.0,1714.0,1641.0,1881.0
Bihar,Vaishali,Gram,Rabi,1100.0,1000.0,1000.0,1000.0,1000.0,1000.0,1000.0,,1045.0
Bihar,Vaishali,Jowar,Kharif,,,,,,,,,936.0
Bihar,Vaishali,Lentil,Rabi,958.0,942.0,1000.0,924.0,1027.0,934.0,972.0,1040.0,961.0
Bihar,Vaishali,Maize,Kharif,3833.0,2932.0,2073.0,1821.0,1414.0,1450.0,2572.0,2665.0,2931.0
Bihar,Vaishali,Maize,Rabi,5654.0,3285.0,3695.0,4060.0,3795.0,3788.0,3993.0,4028.0,4775.0
Bihar,Vaishali,Maize,Summer,2651.0,3559.0,2592.0,2829.0,3012.0,4557.0,4377.0,6255.0,4149.0
Bihar,Vaishali,Moong,Kharif,762.0,750.0,600.0,615.0,1000.0,625.0,714.0,,626.0
Bihar,Vaishali,Moong,Summer,406.0,1438.0,818.0,726.0,397.0,1257.0,1086.0,1063.0,905.0
Bihar,Vaishali,Ragi,Kharif,723.0,950.0,1071.0,806.0,938.0,969.0,1000.0,872.0,981.0
Bihar,Vaishali,Rice,Kharif,1680.0,1675.0,1289.0,1718.0,1647.0,1154.0,1980.0,2501.0,2244.0
Bihar,Vaishali,Rice,Rabi,2199.0,2193.0,1096.0,1820.0,1928.0,1662.0,2317.0,,
Bihar,Vaishali,Rice,Summer,2695.0,,,,,,,,2745.0
Bihar,Vaishali,Shree Anna /Nutri Cereals,Kharif,749.0,950.0,1071.0,806.0,938.0,969.0,1000.0,872.0,917.0
Bihar,Vaishali,Small Millets,Kharif,780.0,,,,,,,,604.0
Bihar,Vaishali,Tur,Kharif,2417.0,3090.0,3136.0,1752.0,1972.0,1917.0,1752.0,1787.0,1315.0
Bihar,Vaishali,Urad,Kharif,904.0,978.0,922.0,944.0,973.0,919.0,970.0,,953.0
Bihar,Vaishali,Wheat,Rabi,3326.0,3256.0,2769.0,2859.0,3378.0,3102.0,3106.0,3219.0,3335.0
Chandigarh,Chandigarh,Maize,Kharif,,,,3000.0,3000.0,2889.0,3000.0,3000.0,3000.0
Chandigarh,Chandigarh,Rice,Kharif,5250.0,5500.0,5300.0,5500.0,5500.0,5500.0,5500.0,4979.0,3667.0
Chandigarh,Chandigarh,Wheat,Rabi,4700.0,4700.0,5000.0,4500.0,5000.0,5000.0,5000.0,5000.0,5000.0
Chhattisgarh,Balod,Barley,Rabi,,,,,,2000.0,,,
Chhattisgarh,Balod,Gram,Rabi,1327.0,1328.0,1184.0,388.0,820.0,817.0,957.0,898.0,
Chhattisgarh,Balod,Jowar,Kharif,778.0,,1000.0,,1000.0,,,,
Chhattisgarh,Balod,Lentil,Rabi,346.0,324.0,350.0,323.0,348.0,333.0,330.0,341.0,
Chhattisgarh,Balod,Maize,Kharif,1983.0,1471.0,1662.0,2144.0,2060.0,2197.0,2441.0,1847.0,
Chhattisgarh,Balod,Moong,Kharif,462.0,464.0,542.0,1000.0,667.0,1000.0,1000.0,556.0,
Chhattisgarh,Balod,Moong,Rabi,230.0,227.0,250.0,227.0,267.0,293.0,294.0,479.0,
Chhattisgarh,Balod,Ragi,Kharif,167.0,286.0,,400.0,400.0,313.0,265.0,473.0,
Chhattisgarh,Balod,Rice,Kharif,2347.0,1381.0,1622.0,2159.0,3236.0,3015.0,3009.0,3854.0,
Chhattisgarh,Balod,Shree Anna /Nutri Cereals,Kharif,315.0,174.0,305.0,311.0,371.0,417.0,386.0,462.0,
Chhattisgarh,Balod,Small Millets,Kharif,312.0,171.0,309.0,310.0,333.0,423.0,399.0,158.0,
Chhattisgarh,Balod,Tur,Kharif,582.0,361.0,407.0,621.0,516.0,531.0,724.0,606.0,
Chhattisgarh,Balod,Urad,Kharif,265.0,295.0,300.0,301.0,326.0,438.0,439.0,377.0,
Chhattisgarh,Balod,Urad,Rabi,208.0,215.0,248.0,214.0,354.0,398.0,399.0,306.0,
Chhattisgarh,Balod,Wheat,Rabi,1038.0,1114.0,1203.0,808.0,1177.0,1107.0,1826.0,1162.0,
Chhattisgarh,Balodabazar-Bhatapara,Bajra,Kharif,,,,,,1000.0,1000.0,,
Chhattisgarh,Balodabazar-Bhatapara,Barley,Rabi,,,,1000.0,1000.0,,,,
Chhattisgarh,Balodabazar-Bhatapara,Gram,Rabi,1428.0,946.0,1012.0,514.0,715.0,711.0,844.0,1303.0,
Chhattisgarh,Balodabazar-Bhatapara,Jowar,Kharif,500.0,,,,1000.0,667.0,1227.0,,
Chhattisgarh,Balodabazar-Bhatapara,Lentil,Rabi,487.0,323.0,325.0,339.0,365.0,358.0,394.0,391.0,
Chhattisgarh,Balodabazar-Bhatapara,Maize,Kharif,1960.0,1693.0,1572.0,2122.0,2464.0,2281.0,2622.0,2182.0,
Chhattisgarh,Balodabazar-Bhatapara,Moong,Kharif,362.0,372.0,361.0,405.0,507.0,444.0,625.0,,
Chhattisgarh,Balodabazar-Bhatapara,Moong,Rabi,556.0,250.0,333.0,520.0,444.0,500.0,600.0,565.0,
Chhattisgarh,Balodabazar-Bhatapara,Ragi,Kharif,,,,,,,0.0,,
Chhattisgarh,Balodabazar-Bhatapara,Rice,Kharif,1829.0,1241.0,1326.0,1687.0,2643.0,2564.0,2694.0,2952.0,
Chhattisgarh,Balodabazar-Bhatapara,Shree Anna /Nutri Cereals,Kharif,308.0,162.0,179.0,168.0,198.0,243.0,909.0,79.0,
Chhattisgarh,Balodabazar-Bhatapara,Small Millets,Kharif,308.0,162.0,179.0,168.0,177.0,223.0,267.0,79.0,
Chhattisgarh,Balodabazar-Bhatapara,Tur,Kharif,330.0,231.0,257.0,367.0,311.0,336.0,459.0,395.0,
Chhattisgarh,Balodabazar-Bhatapara,Urad,Kharif,313.0,251.0,313.0,313.0,489.0,549.0,71.0,514.0,
Chhattisgarh,Balodabazar-Bhatapara,Urad,Rabi,167.0,,500.0,167.0,444.0,375.0,500.0,309.0,
Chhattisgarh,Balodabazar-Bhatapara,Wheat,Rabi,2203.0,1565.0,1863.0,1638.0,1739.0,1257.0,1746.0,1660.0,
Chhattisgarh,Balrampur-Ramanujganj,Bajra,Kharif,,,,500.0,500.0,56.0,364.0,292.0,
Chhattisgarh,Balrampur-Ramanujganj,Barley,Rabi,905.0,1055.0,798.0,518.0,703.0,546.0,1058.0,1013.0,
Chhattisgarh,Balrampur-Ramanujganj,Gram,Rabi,1058.0,991.0,924.0,471.0,718.0,648.0,591.0,2119.0,
Chhattisgarh,Balrampur-Ramanujganj,Jowar,Kharif,1321.0,1267.0,918.0,1296.0,1290.0,702.0,1222.0,1016.0,
Chhattisgarh,Balrampur-Ramanujganj,Lentil,Rabi,320.0,299.0,336.0,325.0,305.0,376.0,303.0,333.0,
Chhattisgarh,Balrampur-Ramanujganj,Maize,Kharif,2905.0,2851.0,2721.0,3220.0,3562.0,3099.0,2921.0,2728.0,
Chhattisgarh,Balrampur-Ramanujganj,Moong,Kharif,484.0,416.0,464.0,459.0,455.0,429.0,1000.0,890.0,
Chhattisgarh,Balrampur-Ramanujganj,Moong,Rabi,600.0,431.0,495.0,457.0,432.0,447.0,,,
Chhattisgarh,Balrampur-Ramanujganj,Ragi,Kharif,227.0,196.0,226.0,192.0,242.0,241.0,252.0,218.0,
Chhattisgarh,Balrampur-Ramanujganj,Rice,Kharif,1836.0,1524.0,1508.0,1698.0,1893.0,2210.0,2518.0,2545.0,
Chhattisgarh,Balrampur-Ramanujganj,Shree Anna /Nutri Cereals,Kharif,337.0,564.0,379.0,256.0,260.0,245.0,336.0,261.0,
Chhattisgarh,Balrampur-Ramanujganj,Small Millets,Kharif,282.0,489.0,326.0,205.0,225.0,238.0,340.0,115.0,
Chhattisgarh,Balrampur-Ramanujganj,Tur,Kharif,702.0,411.0,514.0,662.0,587.0,553.0,701.0,597.0,
Chhattisgarh,Balrampur-Ramanujganj,Urad,Kharif,358.0,315.0,320.0,320.0,340.0,351.0,345.0,317.0,
Chhattisgarh,Balrampur-Ramanujganj,Urad,Rabi,,,,,333.0,333.0,,,
Chhattisgarh,Balrampur-Ramanujganj,Wheat,Rabi,1811.0,1849.0,1992.0,1420.0,1786.0,1319.0,1441.0,1389.0,
Chhattisgarh,Bastar,Bajra,Kharif,,,,,1000.0,1000.0,1000.0,858.0,
Chhattisgarh,Bastar,Gram,Rabi,1177.0,1011.0,1070.0,474.0,803.0,755.0,730.0,882.0,
Chhattisgarh,Bastar,Jowar,Kharif,1910.0,2122.0,1259.0,1651.0,1702.0,781.0,1450.0,1032.0,
Chhattisgarh,Bastar,Lentil,Rabi,306.0,281.0,276.0,286.0,269.0,303.0,319.0,323.0,
Chhattisgarh,Bastar,Maize,Kharif,3276.0,3264.0,3294.0,3467.0,4584.0,3840.0,4885.0,3988.0,
Chhattisgarh,Bastar,Moong,Kharif,644.0,702.0,661.0,609.0,625.0,,1000.0,445.0,
Chhattisgarh,Bastar,Moong,Rabi,750.0,745.0,735.0,735.0,730.0,712.0,750.0,1076.0,
Chhattisgarh,Bastar,Ragi,Kharif,202.0,222.0,206.0,196.0,280.0,182.0,178.0,172.0,
Chhattisgarh,Bastar,Rice,Kharif,2097.0,1320.0,1632.0,1943.0,1644.0,1456.0,2452.0,2329.0,
Chhattisgarh,Bastar,Shree Anna /Nutri Cereals,Kharif,322.0,262.0,340.0,301.0,854.0,771.0,821.0,202.0,
Chhattisgarh,Bastar,Small Millets,Kharif,313.0,240.0,345.0,300.0,909.0,832.0,884.0,348.0,
Chhattisgarh,Bastar,Tur,Kharif,585.0,507.0,575.0,663.0,500.0,542.0,688.0,558.0,
Chhattisgarh,Bastar,Urad,Kharif,397.0,423.0,403.0,371.0,358.0,345.0,358.0,346.0,
Chhattisgarh,Bastar,Urad,Rabi,429.0,442.0,533.0,364.0,389.0,377.0,406.0,271.0,
Chhattisgarh,Bastar,Wheat,Rabi,2480.0,1949.0,2319.0,1713.0,2197.0,1631.0,1766.0,1866.0,
Chhattisgarh,Bemetara,Bajra,Kharif,,,,1000.0,1000.0,500.0,,429.0,
Chhattisgarh,Bemetara,Barley,Rabi,,,,571.0,818.0,1500.0,1000.0,916.0,
Chhattisgarh,Bemetara,Gram,Rabi,1284.0,1106.0,1224.0,112.0,873.0,754.0,924.0,628.0,
Chhattisgarh,Bemetara,Jowar,Kharif,,1333.0,,1000.0,1000.0,0.0,1179.0,395.0,
Chhattisgarh,Bemetara,Lentil,Rabi,364.0,364.0,398.0,384.0,486.0,374.0,486.0,485.0,
Chhattisgarh,Bemetara,Maize,Kharif,2000.0,792.0,1775.0,2371.0,2352.0,1877.0,1922.0,1855.0,
Chhattisgarh,Bemetara,Moong,Kharif,400.0,474.0,448.0,467.0,333.0,444.0,455.0,445.0,
Chhattisgarh,Bemetara,Moong,Rabi,278.0,308.0,,333.0,286.0,188.0,286.0,472.0,
Chhattisgarh,Bemetara,Ragi,Kharif,,,,,,500.0,,,
Chhattisgarh,Bemetara,Rice,Kharif,1840.0,1055.0,1349.0,1705.0,2416.0,2527.0,3292.0,2933.0,
Chhattisgarh,Bemetara,Shree Anna /Nutri Cereals,Kharif,293.0,2455.0,396.0,320.0,377.0,347.0,418.0,316.0,
Chhattisgarh,Bemetara,Small Millets,Kharif,293.0,2875.0,396.0,306.0,374.0,347.0,410.0,169.0,
Chhattisgarh,Bemetara,Tur,Kharif,629.0,419.0,483.0,553.0,395.0,531.0,671.0,554.0,
Chhattisgarh,Bemetara,Urad,Kharif,339.0,391.0,358.0,388.0,394.0,426.0,405.0,393.0,
Chhattisgarh,Bemetara,Urad,Rabi,214.0,200.0,154.0,333.0,200.0,238.0,257.0,172.0,
Chhattisgarh,Bemetara,Wheat,Rabi,1223.0,1092.0,1190.0,840.0,1463.0,1309.0,1665.0,1493.0,
Chhattisgarh,Bijapur,Bajra,Kharif,,,,,,,,,
Chhattisgarh,Bijapur,Jowar,Kharif,1290.0,250.0,163.0,265.0,267.0,97.0,290.0,529.0,
Chhattisgarh,Bijapur,Maize,Kharif,2313.0,2324.0,1825.0,2898.0,3873.0,3319.0,3201.0,3034.0,
Chhattisgarh,Bijapur,Moong,Kharif,502.0,460.0,487.0,526.0,422.0,436.0,448.0,403.0,
Chhattisgarh,Bijapur,Moong,Rabi,489.0,471.0,469.0,468.0,564.0,466.0,651.0,594.0,
Chhattisgarh,Bijapur,Ragi,Kharif,127.0,83.0,128.0,194.0,1000.0,176.0,222.0,112.0,
Chhattisgarh,Bijapur,Rice,Kharif,1772.0,1313.0,1357.0,1626.0,1669.0,1458.0,2291.0,1672.0,
Chhattisgarh,Bijapur,Shree Anna /Nutri Cereals,Kharif,749.0,206.0,200.0,267.0,367.0,181.0,276.0,424.0,
Chhattisgarh,Bijapur,Small Millets,Kharif,321.0,171.0,299.0,300.0,409.0,444.0,278.0,96.0,
Chhattisgarh,Bijapur,Tur,Kharif,600.0,333.0,1500.0,667.0,1000.0,1333.0,1250.0,1294.0,
Chhattisgarh,Bijapur,Urad,Kharif,402.0,255.0,249.0,245.0,362.0,389.0,374.0,364.0,
Chhattisgarh,Bijapur,Urad,Rabi,367.0,317.0,380.0,346.0,352.0,431.0,326.0,211.0,
Chhattisgarh,Bijapur,Wheat,Rabi,,,1000.0,,2000.0,,,,
Chhattisgarh,Bilaspur,Bajra,Kharif,400.0,438.0,417.0,,,,,,
Chhattisgarh,Bilaspur,Barley,Rabi,1000.0,556.0,1000.0,,1000.0,1417.0,,,
Chhattisgarh,Bilaspur,Gram,Rabi,1139.0,982.0,1051.0,460.0,613.0,722.0,782.0,1363.0,
Chhattisgarh,Bilaspur,Jowar,Kharif,1538.0,1450.0,778.0,1500.0,1600.0,1000.0,333.0,339.0,
Chhattisgarh,Bilaspur,Lentil,Rabi,326.0,325.0,352.0,321.0,409.0,368.0,357.0,364.0,
Chhattisgarh,Bilaspur,Maize,Kharif,2272.0,1971.0,2374.0,2669.0,2683.0,2371.0,2631.0,2334.0,
Chhattisgarh,Bilaspur,Moong,Kharif,256.0,233.0,231.0,250.0,0.0,400.0,333.0,445.0,
Chhattisgarh,Bilaspur,Moong,Rabi,263.0,,219.0,353.0,278.0,222.0,250.0,377.0,
Chhattisgarh,Bilaspur,Rice,Kharif,2354.0,1126.0,1869.0,2193.0,2612.0,2536.0,3389.0,3161.0,
Chhattisgarh,Bilaspur,Shree Anna /Nutri Cereals,Kharif,755.0,602.0,627.0,588.0,867.0,737.0,621.0,339.0,
Chhattisgarh,Bilaspur,Small Millets,Kharif,532.0,375.0,604.0,467.0,500.0,722.0,696.0,360.0,
Chhattisgarh,Bilaspur,Tur,Kharif,524.0,419.0,482.0,547.0,537.0,569.0,664.0,607.0,
Chhattisgarh,Bilaspur,Urad,Kharif,246.0,239.0,239.0,265.0,368.0,348.0,375.0,376.0,
Chhattisgarh,Bilaspur,Urad,Rabi,243.0,192.0,245.0,192.0,387.0,359.0,367.0,292.0,
Chhattisgarh,Bilaspur,Wheat,Rabi,1605.0,1465.0,1761.0,1270.0,1561.0,1206.0,1648.0,1470.0,
Chhattisgarh,Dakshin Bastar Dantewada,Bajra,Kharif,,,,,,,1400.0,858.0,
Chhattisgarh,Dakshin Bastar Dantewada,Gram,Rabi,788.0,320.0,667.0,333.0,600.0,600.0,1000.0,,
Chhattisgarh,Dakshin Bastar Dantewada,Jowar,Kharif,1849.0,971.0,1211.0,1588.0,1636.0,917.0,1571.0,677.0,
Chhattisgarh,Dakshin Bastar Dantewada,Lentil,Rabi,,,,,0.0,500.0,1000.0,,
Chhattisgarh,Dakshin Bastar Dantewada,Maize,Kharif,2896.0,1836.0,2671.0,2812.0,3535.0,3123.0,3060.0,2849.0,
Chhattisgarh,Dakshin Bastar Dantewada,Moong,Kharif,437.0,368.0,327.0,395.0,438.0,371.0,400.0,301.0,
Chhattisgarh,Dakshin Bastar Dantewada,Moong,Rabi,370.0,250.0,222.0,313.0,385.0,357.0,238.0,502.0,
Chhattisgarh,Dakshin Bastar Dantewada,Ragi,Kharif,204.0,79.0,194.0,250.0,197.0,195.0,192.0,135.0,
Chhattisgarh,Dakshin Bastar Dantewada,Rice,Kharif,1675.0,739.0,1296.0,1548.0,1539.0,1431.0,1989.0,1421.0,
Chhattisgarh,Dakshin Bastar Dantewada,Shree Anna /Nutri Cereals,Kharif,205.0,171.0,296.0,272.0,295.0,328.0,299.0,155.0,
Chhattisgarh,Dakshin Bastar Dantewada,Small Millets,Kharif,197.0,170.0,294.0,270.0,295.0,329.0,298.0,105.0,
Chhattisgarh,Dakshin Bastar Dantewada,Tur,Kharif,1101.0,236.0,543.0,735.0,625.0,577.0,747.0,688.0,
Chhattisgarh,Dakshin Bastar Dantewada,Urad,Kharif,437.0,271.0,280.0,385.0,442.0,389.0,378.0,326.0,
Chhattisgarh,Dakshin Bastar Dantewada,Urad,Rabi,571.0,333.0,500.0,600.0,1000.0,500.0,571.0,,
Chhattisgarh,Dakshin Bastar Dantewada,Wheat,Rabi,2000.0,1100.0,1250.0,1500.0,2200.0,1667.0,2000.0,994.0,
Chhattisgarh,Dhamtari,Barley,Rabi,,,,,,,,785.0,
Chhattisgarh,Dhamtari,Gram,Rabi,1273.0,1097.0,1272.0,530.0,1017.0,981.0,1099.0,844.0,
Chhattisgarh,Dhamtari,Jowar,Kharif,,,,1286.0,2167.0,,,,
Chhattisgarh,Dhamtari,Lentil,Rabi,390.0,391.0,391.0,390.0,409.0,404.0,404.0,407.0,
Chhattisgarh,Dhamtari,Maize,Kharif,3214.0,3345.0,3098.0,4092.0,8280.0,7542.0,7744.0,7878.0,
Chhattisgarh,Dhamtari,Moong,Kharif,563.0,568.0,562.0,556.0,579.0,579.0,579.0,563.0,
Chhattisgarh,Dhamtari,Moong,Rabi,341.0,338.0,337.0,390.0,333.0,310.0,379.0,502.0,
Chhattisgarh,Dhamtari,Ragi,Kharif,284.0,233.0,232.0,293.0,289.0,306.0,389.0,364.0,
Chhattisgarh,Dhamtari,Rice,Kharif,3289.0,2148.0,2423.0,3199.0,3092.0,2748.0,3265.0,3866.0,
Chhattisgarh,Dhamtari,Shree Anna /Nutri Cereals,Kharif,259.0,231.0,232.0,423.0,500.0,543.0,391.0,364.0,
Chhattisgarh,Dhamtari,Small Millets,Kharif,196.0,167.0,231.0,250.0,0.0,1400.0,400.0,172.0,
Chhattisgarh,Dhamtari,Tur,Kharif,426.0,286.0,331.0,466.0,500.0,571.0,629.0,540.0,
Chhattisgarh,Dhamtari,Urad,Kharif,382.0,382.0,382.0,384.0,479.0,524.0,526.0,510.0,
Chhattisgarh,Dhamtari,Urad,Rabi,275.0,275.0,273.0,292.0,438.0,395.0,434.0,317.0,
Chhattisgarh,Dhamtari,Wheat,Rabi,1482.0,1543.0,1830.0,1426.0,1627.0,1332.0,2078.0,1478.0,
Chhattisgarh,Durg,Bajra,Kharif,,333.0,,1000.0,,1000.0,750.0,858.0,
Chhattisgarh,Durg,Barley,Rabi,,,,441.0,656.0,1571.0,1000.0,1009.0,
Chhattisgarh,Durg,Gram,Rabi,1200.0,759.0,886.0,129.0,1022.0,859.0,947.0,1058.0,
Chhattisgarh,Durg,Jowar,Kharif,2304.0,1222.0,385.0,429.0,2071.0,1153.0,2000.0,1186.0,
Chhattisgarh,Durg,Lentil,Rabi,347.0,347.0,346.0,232.0,405.0,405.0,390.0,371.0,
Chhattisgarh,Durg,Maize,Kharif,2091.0,1864.0,1576.0,2258.0,3255.0,3098.0,3444.0,2531.0,
Chhattisgarh,Durg,Moong,Kharif,308.0,276.0,214.0,294.0,333.0,375.0,333.0,356.0,
Chhattisgarh,Durg,Moong,Rabi,313.0,230.0,231.0,250.0,286.0,250.0,250.0,377.0,
Chhattisgarh,Durg,Ragi,Kharif,,,,,,0.0,,271.0,
Chhattisgarh,Durg,Rice,Kharif,2962.0,1365.0,2101.0,2731.0,2474.0,2316.0,2856.0,2611.0,
Chhattisgarh,Durg,Shree Anna /Nutri Cereals,Kharif,432.0,236.0,379.0,12.0,1478.0,977.0,769.0,841.0,
Chhattisgarh,Durg,Small Millets,Kharif,163.0,213.0,333.0,3.0,556.0,571.0,634.0,286.0,
Chhattisgarh,Durg,Tur,Kharif,677.0,322.0,408.0,603.0,497.0,584.0,703.0,558.0,
Chhattisgarh,Durg,Urad,Kharif,339.0,322.0,316.0,310.0,385.0,388.0,389.0,383.0,
Chhattisgarh,Durg,Urad,Rabi,271.0,192.0,217.0,200.0,278.0,259.0,313.0,172.0,
Chhattisgarh,Durg,Wheat,Rabi,1429.0,1023.0,1335.0,945.0,1479.0,1064.0,1322.0,1119.0,
Chhattisgarh,Gariyaband,Bajra,Kharif,,,,,1000.0,1000.0,1000.0,,
Chhattisgarh,Gariyaband,Barley,Rabi,,,,,,2000.0,1500.0,1046.0,
Chhattisgarh,Gariyaband,Gram,Rabi,1304.0,901.0,1112.0,485.0,766.0,691.0,751.0,4031.0,
Chhattisgarh,Gariyaband,Jowar,Kharif,1000.0,1000.0,1000.0,1429.0,0.0,0.0,0.0,1423.0,
Chhattisgarh,Gariyaband,Lentil,Rabi,390.0,375.0,375.0,364.0,450.0,389.0,389.0,563.0,
Chhattisgarh,Gariyaband,Maize,Kharif,2178.0,1782.0,2100.0,2744.0,2661.0,2170.0,2409.0,2101.0,
Chhattisgarh,Gariyaband,Moong,Kharif,251.0,194.0,278.0,222.0,250.0,231.0,211.0,191.0,
Chhattisgarh,Gariyaband,Moong,Rabi,188.0,173.0,172.0,219.0,224.0,196.0,196.0,271.0,
Chhattisgarh,Gariyaband,Ragi,Kharif,147.0,167.0,167.0,250.0,200.0,200.0,200.0,205.0,
Chhattisgarh,Gariyaband,Rice,Kharif,2383.0,1331.0,1601.0,2210.0,2137.0,1875.0,2598.0,2131.0,
Chhattisgarh,Gariyaband,Shree Anna /Nutri Cereals,Kharif,202.0,218.0,308.0,379.0,333.0,360.0,354.0,382.0,
Chhattisgarh,Gariyaband,Small Millets,Kharif,207.0,138.0,246.0,235.0,345.0,382.0,373.0,129.0,
Chhattisgarh,Gariyaband,Tur,Kharif,502.0,226.0,332.0,483.0,369.0,366.0,428.0,389.0,
Chhattisgarh,Gariyaband,Urad,Kharif,376.0,313.0,439.0,408.0,447.0,447.0,446.0,413.0,
Chhattisgarh,Gariyaband,Urad,Rabi,230.0,233.0,258.0,273.0,500.0,400.0,417.0,365.0,
Chhattisgarh,Gariyaband,Wheat,Rabi,1919.0,1708.0,2053.0,1595.0,2164.0,1656.0,1694.0,1572.0,
Chhattisgarh,Gaurela-Pendra-Marwahi,Bajra,Kharif,,,,500.0,714.0,600.0,1000.0,687.0,
Chhattisgarh,Gaurela-Pendra-Marwahi,Barley,Rabi,,,,,,,,785.0,
Chhattisgarh,Gaurela-Pendra-Marwahi,Gram,Rabi,,,,459.0,810.0,733.0,786.0,1766.0,
Chhattisgarh,Gaurela-Pendra-Marwahi,Jowar,Kharif,,,,1450.0,1571.0,750.0,1333.0,1186.0,
Chhattisgarh,Gaurela-Pendra-Marwahi,Lentil,Rabi,,,,329.0,357.0,367.0,357.0,365.0,
Chhattisgarh,Gaurela-Pendra-Marwahi,Maize,Kharif,,,,2672.0,2682.0,2764.0,3070.0,2722.0,
Chhattisgarh,Gaurela-Pendra-Marwahi,Moong,Kharif,,,,500.0,500.0,333.0,154.0,243.0,
Chhattisgarh,Gaurela-Pendra-Marwahi,Moong,Rabi,,,,333.0,200.0,250.0,200.0,753.0,
Chhattisgarh,Gaurela-Pendra-Marwahi,Moong,Summer,,,,,,,,,
Chhattisgarh,Gaurela-Pendra-Marwahi,Rice,Kharif,,,,2066.0,1270.0,2431.0,3662.0,2952.0,
Chhattisgarh,Gaurela-Pendra-Marwahi,Shree Anna /Nutri Cereals,Kharif,,,,421.0,601.0,715.0,712.0,872.0,
Chhattisgarh,Gaurela-Pendra-Marwahi,Small Millets,Kharif,,,,389.0,568.0,717.0,708.0,276.0,
Chhattisgarh,Gaurela-Pendra-Marwahi,Tur,Kharif,,,,542.0,556.0,596.0,695.0,622.0,
Chhattisgarh,Gaurela-Pendra-Marwahi,Urad,Kharif,,,,257.0,362.0,368.0,367.0,368.0,
Chhattisgarh,Gaurela-Pendra-Marwahi,Urad,Rabi,,,,216.0,344.0,346.0,350.0,274.0,
Chhattisgarh,Gaurela-Pendra-Marwahi,Wheat,Rabi,,,,1221.0,1811.0,1416.0,1874.0,1620.0,
Chhattisgarh,Janjgir-Champa,Gram,Rabi,1336.0,1158.0,1239.0,537.0,936.0,785.0,897.0,1288.0,
Chhattisgarh,Janjgir-Champa,Lentil,Rabi,400.0,273.0,500.0,500.0,667.0,,,,
Chhattisgarh,Janjgir-Champa,Maize,Kharif,2760.0,2875.0,2406.0,2615.0,3374.0,3181.0,3592.0,3082.0,
Chhattisgarh,Janjgir-Champa,Moong,Kharif,369.0,339.0,341.0,362.0,364.0,361.0,400.0,445.0,
Chhattisgarh,Janjgir-Champa,Moong,Rabi,384.0,273.0,364.0,333.0,830.0,667.0,1333.0,1130.0,
Chhattisgarh,Janjgir-Champa,Ragi,Kharif,,,,,,,333.0,315.0,
Chhattisgarh,Janjgir-Champa,Rice,Kharif,3280.0,2673.0,2289.0,3001.0,2017.0,3021.0,3173.0,3237.0,
Chhattisgarh,Janjgir-Champa,Shree Anna /Nutri Cereals,Kharif,179.0,101.0,,,,,333.0,315.0,
Chhattisgarh,Janjgir-Champa,Small Millets,Kharif,179.0,101.0,,,,,,,
Chhattisgarh,Janjgir-Champa,Tur,Kharif,650.0,426.0,500.0,675.0,552.0,614.0,699.0,663.0,
Chhattisgarh,Janjgir-Champa,Urad,Kharif,354.0,235.0,235.0,235.0,352.0,367.0,316.0,388.0,
Chhattisgarh,Janjgir-Champa,Urad,Rabi,364.0,363.0,402.0,472.0,609.0,537.0,533.0,401.0,
Chhattisgarh,Janjgir-Champa,Wheat,Rabi,1889.0,1807.0,2193.0,1539.0,2437.0,1694.0,2022.0,1946.0,
Chhattisgarh,Jashpur,Bajra,Kharif,409.0,435.0,385.0,500.0,357.0,429.0,333.0,343.0,
Chhattisgarh,Jashpur,Gram,Rabi,1178.0,997.0,1050.0,414.0,728.0,681.0,739.0,1204.0,
Chhattisgarh,Jashpur,Jowar,Kharif,1354.0,1591.0,1135.0,1663.0,1553.0,800.0,1442.0,1239.0,
Chhattisgarh,Jashpur,Lentil,Rabi,312.0,306.0,283.0,290.0,310.0,316.0,326.0,307.0,
Chhattisgarh,Jashpur,Maize,Kharif,2377.0,2517.0,2214.0,3032.0,2929.0,2675.0,2971.0,2634.0,
Chhattisgarh,Jashpur,Moong,Kharif,256.0,344.0,357.0,302.0,452.0,333.0,333.0,280.0,
Chhattisgarh,Jashpur,Moong,Rabi,,,,,0.0,,,,
Chhattisgarh,Jashpur,Ragi,Kharif,181.0,173.0,180.0,153.0,143.0,253.0,251.0,239.0,
Chhattisgarh,Jashpur,Rice,Kharif,1123.0,1172.0,865.0,1038.0,1499.0,1139.0,1684.0,1452.0,
Chhattisgarh,Jashpur,Shree Anna /Nutri Cereals,Kharif,378.0,468.0,414.0,389.0,350.0,265.0,390.0,381.0,
Chhattisgarh,Jashpur,Small Millets,Kharif,366.0,451.0,407.0,365.0,341.0,262.0,386.0,163.0,
Chhattisgarh,Jashpur,Tur,Kharif,532.0,425.0,490.0,607.0,1143.0,603.0,703.0,650.0,
Chhattisgarh,Jashpur,Urad,Kharif,337.0,398.0,405.0,378.0,425.0,432.0,391.0,433.0,
Chhattisgarh,Jashpur,Wheat,Rabi,1631.0,1621.0,2005.0,1272.0,1640.0,1288.0,1627.0,1784.0,
Chhattisgarh,Kabeerdham,Bajra,Kharif,1000.0,,,,1300.0,,,,
Chhattisgarh,Kabeerdham,Gram,Rabi,942.0,772.0,755.0,355.0,562.0,658.0,920.0,614.0,
Chhattisgarh,Kabeerdham,Jowar,Kharif,1200.0,1104.0,1030.0,1071.0,3129.0,1810.0,3333.0,2767.0,
Chhattisgarh,Kabeerdham,Lentil,Rabi,434.0,299.0,336.0,352.0,255.0,368.0,368.0,312.0,
Chhattisgarh,Kabeerdham,Maize,Kharif,1725.0,1795.0,1360.0,2029.0,2080.0,2473.0,2747.0,2435.0,
Chhattisgarh,Kabeerdham,Moong,Kharif,227.0,250.0,250.0,286.0,500.0,500.0,,,
Chhattisgarh,Kabeerdham,Moong,Rabi,,556.0,400.0,,286.0,,308.0,252.0,
Chhattisgarh,Kabeerdham,Rice,Kharif,1279.0,1080.0,1044.0,1269.0,1235.0,1286.0,2132.0,2054.0,
Chhattisgarh,Kabeerdham,Shree Anna /Nutri Cereals,Kharif,398.0,307.0,326.0,347.0,399.0,522.0,495.0,1136.0,
Chhattisgarh,Kabeerdham,Small Millets,Kharif,397.0,298.0,322.0,340.0,360.0,515.0,479.0,199.0,
Chhattisgarh,Kabeerdham,Tur,Kharif,532.0,387.0,334.0,573.0,479.0,644.0,696.0,432.0,
Chhattisgarh,Kabeerdham,Urad,Kharif,320.0,271.0,253.0,307.0,336.0,392.0,391.0,454.0,
Chhattisgarh,Kabeerdham,Urad,Rabi,324.0,273.0,229.0,274.0,269.0,324.0,319.0,216.0,
Chhattisgarh,Kabeerdham,Wheat,Rabi,1177.0,978.0,1543.0,924.0,1020.0,1005.0,1624.0,926.0,
Chhattisgarh,Khairagarh-Chhuikhadan-Gandai,Gram,Rabi,,,,,,,869.0,939.0,
Chhattisgarh,Khairagarh-Chhuikhadan-Gandai,Jowar,Kharif,,,,,,,0.0,1186.0,
Chhattisgarh,Khairagarh-Chhuikhadan-Gandai,Lentil,Rabi,,,,,,,16880.0,377.0,
Chhattisgarh,Khairagarh-Chhuikhadan-Gandai,Maize,Kharif,,,,,,,17941.0,3191.0,
Chhattisgarh,Khairagarh-Chhuikhadan-Gandai,Moong,Kharif,,,,,,,750.0,712.0,
Chhattisgarh,Khairagarh-Chhuikhadan-Gandai,Moong,Rabi,,,,,,,238.0,405.0,
Chhattisgarh,Khairagarh-Chhuikhadan-Gandai,Ragi,Kharif,,,,,,,250.0,,
Chhattisgarh,Khairagarh-Chhuikhadan-Gandai,Rice,Kharif,,,,,,,1935.0,2196.0,
Chhattisgarh,Khairagarh-Chhuikhadan-Gandai,Shree Anna /Nutri Cereals,Kharif,,,,,,,812.0,944.0,
Chhattisgarh,Khairagarh-Chhuikhadan-Gandai,Small Millets,Kharif,,,,,,,817.0,331.0,
Chhattisgarh,Khairagarh-Chhuikhadan-Gandai,Tur,Kharif,,,,,,,704.0,518.0,
Chhattisgarh,Khairagarh-Chhuikhadan-Gandai,Urad,Kharif,,,,,,,369.0,389.0,
Chhattisgarh,Khairagarh-Chhuikhadan-Gandai,Urad,Rabi,,,,,,,548.0,446.0,
Chhattisgarh,Khairagarh-Chhuikhadan-Gandai,Wheat,Rabi,,,,,,,1687.0,1137.0,
Chhattisgarh,Kondagaon,Gram,Rabi,1276.0,1042.0,1173.0,555.0,798.0,726.0,328.0,1020.0,
Chhattisgarh,Kondagaon,Jowar,Kharif,1476.0,1377.0,1049.0,1667.0,1452.0,1059.0,2000.0,1186.0,
Chhattisgarh,Kondagaon,Lentil,Rabi,,,333.0,,1000.0,1000.0,1000.0,1001.0,
Chhattisgarh,Kondagaon,Maize,Kharif,2953.0,2921.0,2847.0,3761.0,4488.0,3965.0,4404.0,3904.0,
Chhattisgarh,Kondagaon,Moong,Kharif,528.0,505.0,440.0,570.0,521.0,476.0,520.0,474.0,
Chhattisgarh,Kondagaon,Moong,Rabi,250.0,,667.0,333.0,500.0,,0.0,904.0,
Chhattisgarh,Kondagaon,Ragi,Kharif,340.0,323.0,340.0,368.0,412.0,411.0,413.0,390.0,
Chhattisgarh,Kondagaon,Rice,Kharif,1756.0,1135.0,1359.0,1628.0,1361.0,1273.0,2131.0,1838.0,
Chhattisgarh,Kondagaon,Shree Anna /Nutri Cereals,Kharif,358.0,323.0,348.0,347.0,644.0,904.0,660.0,394.0,
Chhattisgarh,Kondagaon,Small Millets,Kharif,303.0,220.0,335.0,290.0,880.0,1493.0,983.0,385.0,
Chhattisgarh,Kondagaon,Tur,Kharif,604.0,411.0,500.0,730.0,550.0,609.0,690.0,632.0,
Chhattisgarh,Kondagaon,Urad,Kharif,569.0,405.0,426.0,462.0,427.0,590.0,426.0,428.0,
Chhattisgarh,Kondagaon,Urad,Rabi,,,529.0,417.0,607.0,455.0,458.0,328.0,
Chhattisgarh,Kondagaon,Wheat,Rabi,2112.0,1916.0,2395.0,1827.0,1982.0,1509.0,1798.0,1740.0,
Chhattisgarh,Korba,Bajra,Kharif,1000.0,,667.0,583.0,395.0,1000.0,1000.0,858.0,
Chhattisgarh,Korba,Barley,Rabi,920.0,1031.0,774.0,487.0,556.0,2000.0,1000.0,785.0,
Chhattisgarh,Korba,Gram,Rabi,947.0,814.0,800.0,348.0,620.0,627.0,710.0,512.0,
Chhattisgarh,Korba,Jowar,Kharif,1361.0,1329.0,862.0,1269.0,1278.0,759.0,1444.0,1106.0,
Chhattisgarh,Korba,Lentil,Rabi,316.0,333.0,310.0,400.0,500.0,1000.0,500.0,5004.0,
Chhattisgarh,Korba,Maize,Kharif,2055.0,2140.0,1817.0,2216.0,2251.0,2314.0,2370.0,2101.0,
Chhattisgarh,Korba,Moong,Kharif,239.0,246.0,235.0,238.0,333.0,200.0,500.0,,
Chhattisgarh,Korba,Moong,Rabi,250.0,250.0,,,,0.0,,,
Chhattisgarh,Korba,Moong,Summer,,,,,0.0,,,,
Chhattisgarh,Korba,Ragi,Kharif,,,,,,333.0,333.0,210.0,
Chhattisgarh,Korba,Rice,Kharif,1637.0,1326.0,1157.0,1528.0,2481.0,1323.0,2051.0,1735.0,
Chhattisgarh,Korba,Shree Anna /Nutri Cereals,Kharif,666.0,581.0,516.0,491.0,466.0,511.0,445.0,697.0,
Chhattisgarh,Korba,Small Millets,Kharif,425.0,328.0,420.0,369.0,411.0,496.0,410.0,161.0,
Chhattisgarh,Korba,Tur,Kharif,649.0,419.0,443.0,599.0,535.0,537.0,672.0,609.0,
Chhattisgarh,Korba,Urad,Kharif,239.0,325.0,298.0,298.0,410.0,398.0,398.0,372.0,
Chhattisgarh,Korba,Urad,Rabi,500.0,400.0,353.0,273.0,350.0,385.0,333.0,267.0,
Chhattisgarh,Korba,Wheat,Rabi,1178.0,1148.0,1269.0,1287.0,1167.0,1075.0,1366.0,1205.0,
Chhattisgarh,Korea,Bajra,Kharif,,,,385.0,,,,,
Chhattisgarh,Korea,Barley,Rabi,664.0,760.0,607.0,484.0,462.0,1457.0,875.0,897.0,
Chhattisgarh,Korea,Gram,Rabi,757.0,664.0,633.0,376.0,530.0,464.0,547.0,751.0,
Chhattisgarh,Korea,Jowar,Kharif,1169.0,1213.0,845.0,1260.0,960.0,514.0,867.0,998.0,
Chhattisgarh,Korea,Lentil,Rabi,257.0,275.0,179.0,325.0,298.0,279.0,286.0,354.0,
Chhattisgarh,Korea,Maize,Kharif,1999.0,2416.0,1859.0,2309.0,2121.0,2647.0,2941.0,2407.0,
Chhattisgarh,Korea,Moong,Kharif,268.0,438.0,386.0,500.0,600.0,333.0,500.0,445.0,
Chhattisgarh,Korea,Moong,Rabi,250.0,250.0,1500.0,500.0,,,0.0,,
Chhattisgarh,Korea,Ragi,Kharif,,200.0,,,0.0,238.0,167.0,236.0,
Chhattisgarh,Korea,Rice,Kharif,1753.0,1060.0,1346.0,1610.0,2240.0,1416.0,1498.0,1768.0,
Chhattisgarh,Korea,Shree Anna /Nutri Cereals,Kharif,341.0,343.0,384.0,323.0,252.0,277.0,356.0,792.0,
Chhattisgarh,Korea,Small Millets,Kharif,290.0,280.0,356.0,291.0,240.0,274.0,345.0,149.0,
Chhattisgarh,Korea,Tur,Kharif,553.0,383.0,441.0,684.0,488.0,506.0,736.0,670.0,
Chhattisgarh,Korea,Urad,Kharif,298.0,271.0,266.0,201.0,249.0,276.0,347.0,353.0,
Chhattisgarh,Korea,Urad,Rabi,,,,,,,,,
Chhattisgarh,Korea,Wheat,Rabi,1335.0,1236.0,1468.0,1206.0,1337.0,1004.0,1332.0,1272.0,
Chhattisgarh,Mahasamund,Bajra,Kharif,947.0,,,,,,1000.0,858.0,
Chhattisgarh,Mahasamund,Barley,Rabi,,,,,,2000.0,1500.0,1046.0,
Chhattisgarh,Mahasamund,Gram,Rabi,1179.0,1020.0,1087.0,394.0,750.0,667.0,750.0,709.0,
Chhattisgarh,Mahasamund,Jowar,Kharif,1333.0,1000.0,500.0,,1000.0,833.0,1250.0,1067.0,
Chhattisgarh,Mahasamund,Lentil,Rabi,,,1000.0,,,667.0,500.0,547.0,
Chhattisgarh,Mahasamund,Maize,Kharif,1947.0,1702.0,1885.0,2308.0,2394.0,2135.0,2358.0,2082.0,
Chhattisgarh,Mahasamund,Moong,Kharif,246.0,246.0,287.0,246.0,245.0,246.0,245.0,182.0,
Chhattisgarh,Mahasamund,Moong,Rabi,232.0,233.0,232.0,192.0,233.0,231.0,232.0,347.0,
Chhattisgarh,Mahasamund,Ragi,Kharif,,,,,,,191.0,184.0,
Chhattisgarh,Mahasamund,Rice,Kharif,1791.0,1448.0,1255.0,1617.0,1675.0,1626.0,2129.0,1936.0,
Chhattisgarh,Mahasamund,Shree Anna /Nutri Cereals,Kharif,466.0,233.0,295.0,214.0,467.0,296.0,292.0,284.0,
Chhattisgarh,Mahasamund,Small Millets,Kharif,241.0,173.0,271.0,214.0,200.0,143.0,308.0,,
Chhattisgarh,Mahasamund,Tur,Kharif,401.0,267.0,306.0,348.0,340.0,360.0,427.0,382.0,
Chhattisgarh,Mahasamund,Urad,Kharif,267.0,267.0,223.0,261.0,267.0,267.0,267.0,267.0,
Chhattisgarh,Mahasamund,Urad,Rabi,220.0,238.0,267.0,219.0,233.0,227.0,233.0,185.0,
Chhattisgarh,Mahasamund,Wheat,Rabi,1741.0,1722.0,1952.0,1274.0,1717.0,1304.0,1557.0,1496.0,
Chhattisgarh,Manendragarh-Chirmiri-Bharatpur(M C B),Bajra,Kharif,,,,,,,500.0,429.0,
Chhattisgarh,Manendragarh-Chirmiri-Bharatpur(M C B),Barley,Rabi,,,,,,,840.0,531.0,
Chhattisgarh,Manendragarh-Chirmiri-Bharatpur(M C B),Gram,Rabi,,,,,,,550.0,732.0,
Chhattisgarh,Manendragarh-Chirmiri-Bharatpur(M C B),Jowar,Kharif,,,,,,,944.0,1099.0,
Chhattisgarh,Manendragarh-Chirmiri-Bharatpur(M C B),Lentil,Rabi,,,,,,,308.0,273.0,
Chhattisgarh,Manendragarh-Chirmiri-Bharatpur(M C B),Maize,Kharif,,,,,,,2940.0,2808.0,
Chhattisgarh,Manendragarh-Chirmiri-Bharatpur(M C B),Moong,Kharif,,,,,,,600.0,534.0,
Chhattisgarh,Manendragarh-Chirmiri-Bharatpur(M C B),Ragi,Kharif,,,,,,,150.0,123.0,
Chhattisgarh,Manendragarh-Chirmiri-Bharatpur(M C B),Rice,Kharif,,,,,,,1485.0,1764.0,
Chhattisgarh,Manendragarh-Chirmiri-Bharatpur(M C B),Shree Anna /Nutri Cereals,Kharif,,,,,,,367.0,641.0,
Chhattisgarh,Manendragarh-Chirmiri-Bharatpur(M C B),Small Millets,Kharif,,,,,,,364.0,155.0,
Chhattisgarh,Manendragarh-Chirmiri-Bharatpur(M C B),Tur,Kharif,,,,,,,737.0,711.0,
Chhattisgarh,Manendragarh-Chirmiri-Bharatpur(M C B),Urad,Kharif,,,,,,,347.0,325.0,
Chhattisgarh,Manendragarh-Chirmiri-Bharatpur(M C B),Wheat,Rabi,,,,,,,1438.0,1480.0,
Chhattisgarh,Mohla-Manpur-Ambagarh Chouki,Gram,Rabi,,,,,,,868.0,1056.0,
Chhattisgarh,Mohla-Manpur-Ambagarh Chouki,Jowar,Kharif,,,,,,,2000.0,1334.0,
Chhattisgarh,Mohla-Manpur-Ambagarh Chouki,Lentil,Rabi,,,,,,,418.0,378.0,
Chhattisgarh,Mohla-Manpur-Ambagarh Chouki,Maize,Kharif,,,,,,,3867.0,3437.0,
Chhattisgarh,Mohla-Manpur-Ambagarh Chouki,Moong,Kharif,,,,,,,1000.0,,
Chhattisgarh,Mohla-Manpur-Ambagarh Chouki,Moong,Rabi,,,,,,,250.0,359.0,
Chhattisgarh,Mohla-Manpur-Ambagarh Chouki,Ragi,Kharif,,,,,,,200.0,315.0,
Chhattisgarh,Mohla-Manpur-Ambagarh Chouki,Rice,Kharif,,,,,,,1889.0,2566.0,
Chhattisgarh,Mohla-Manpur-Ambagarh Chouki,Shree Anna /Nutri Cereals,Kharif,,,,,,,690.0,1016.0,
Chhattisgarh,Mohla-Manpur-Ambagarh Chouki,Small Millets,Kharif,,,,,,,691.0,265.0,
Chhattisgarh,Mohla-Manpur-Ambagarh Chouki,Tur,Kharif,,,,,,,704.0,635.0,
Chhattisgarh,Mohla-Manpur-Ambagarh Chouki,Urad,Kharif,,,,,,,365.0,403.0,
Chhattisgarh,Mohla-Manpur-Ambagarh Chouki,Urad,Rabi,,,,,,,542.0,537.0,
Chhattisgarh,Mohla-Manpur-Ambagarh Chouki,Wheat,Rabi,,,,,,,1391.0,4031.0,
Chhattisgarh,Mungeli,Bajra,Kharif,,,,1000.0,,,,,
Chhattisgarh,Mungeli,Barley,Rabi,,,,,,,2000.0,785.0,
Chhattisgarh,Mungeli,Gram,Rabi,1379.0,877.0,1076.0,103.0,1289.0,729.0,792.0,1794.0,
Chhattisgarh,Mungeli,Jowar,Kharif,1000.0,1000.0,1000.0,1000.0,1000.0,966.0,,1186.0,
Chhattisgarh,Mungeli,Lentil,Rabi,353.0,270.0,325.0,163.0,324.0,324.0,325.0,326.0,
Chhattisgarh,Mungeli,Maize,Kharif,1066.0,2023.0,2205.0,2604.0,2256.0,2017.0,2238.0,2014.0,
Chhattisgarh,Mungeli,Moong,Kharif,647.0,500.0,571.0,500.0,500.0,500.0,500.0,,
Chhattisgarh,Mungeli,Moong,Rabi,500.0,500.0,667.0,389.0,600.0,1000.0,1000.0,1005.0,
Chhattisgarh,Mungeli,Moong,Summer,,,,,0.0,,,,
Chhattisgarh,Mungeli,Ragi,Kharif,,,,250.0,,,,,
Chhattisgarh,Mungeli,Rice,Kharif,2542.0,1660.0,1690.0,2436.0,2623.0,1886.0,2318.0,2775.0,
Chhattisgarh,Mungeli,Shree Anna /Nutri Cereals,Kharif,497.0,283.0,412.0,371.0,448.0,525.0,484.0,910.0,
Chhattisgarh,Mungeli,Small Millets,Kharif,496.0,276.0,375.0,361.0,440.0,485.0,484.0,190.0,
Chhattisgarh,Mungeli,Tur,Kharif,682.0,363.0,467.0,326.0,539.0,580.0,676.0,606.0,
Chhattisgarh,Mungeli,Urad,Kharif,288.0,375.0,354.0,343.0,255.0,239.0,245.0,235.0,
Chhattisgarh,Mungeli,Urad,Rabi,257.0,217.0,200.0,200.0,250.0,194.0,219.0,219.0,
Chhattisgarh,Mungeli,Wheat,Rabi,1570.0,1321.0,1799.0,1300.0,1401.0,1185.0,2015.0,1255.0,
Chhattisgarh,Narayanpur,Gram,Rabi,1115.0,738.0,1032.0,396.0,638.0,630.0,660.0,560.0,
Chhattisgarh,Narayanpur,Jowar,Kharif,1750.0,1000.0,1231.0,,,,,,
Chhattisgarh,Narayanpur,Lentil,Rabi,,500.0,500.0,,667.0,500.0,500.0,500.0,
Chhattisgarh,Narayanpur,Maize,Kharif,3312.0,2849.0,2686.0,3385.0,3359.0,3068.0,3297.0,2923.0,
Chhattisgarh,Narayanpur,Moong,Kharif,400.0,500.0,250.0,,1000.0,1000.0,1000.0,,
Chhattisgarh,Narayanpur,Moong,Rabi,,,,417.0,500.0,333.0,333.0,753.0,
Chhattisgarh,Narayanpur,Ragi,Kharif,190.0,209.0,212.0,291.0,218.0,204.0,183.0,174.0,
Chhattisgarh,Narayanpur,Rice,Kharif,1651.0,879.0,1030.0,1528.0,1294.0,1223.0,1909.0,1354.0,
Chhattisgarh,Narayanpur,Shree Anna /Nutri Cereals,Kharif,177.0,193.0,334.0,253.0,262.0,328.0,261.0,173.0,
Chhattisgarh,Narayanpur,Small Millets,Kharif,172.0,188.0,348.0,248.0,268.0,350.0,271.0,105.0,
Chhattisgarh,Narayanpur,Tur,Kharif,597.0,415.0,1443.0,590.0,600.0,556.0,500.0,582.0,
Chhattisgarh,Narayanpur,Urad,Kharif,326.0,454.0,422.0,403.0,513.0,600.0,427.0,429.0,
Chhattisgarh,Narayanpur,Urad,Rabi,,,,500.0,333.0,500.0,400.0,321.0,
Chhattisgarh,Narayanpur,Wheat,Rabi,1400.0,2333.0,2833.0,1629.0,3031.0,2692.0,3250.0,2982.0,
Chhattisgarh,Raigarh,Bajra,Kharif,500.0,429.0,333.0,500.0,,,,483.0,
Chhattisgarh,Raigarh,Barley,Rabi,,,,,667.0,,,,
Chhattisgarh,Raigarh,Gram,Rabi,1260.0,1033.0,1068.0,481.0,821.0,710.0,769.0,573.0,
Chhattisgarh,Raigarh,Jowar,Kharif,2000.0,2000.0,,1333.0,1000.0,1000.0,2000.0,1779.0,
Chhattisgarh,Raigarh,Lentil,Rabi,326.0,318.0,283.0,315.0,341.0,329.0,316.0,308.0,
Chhattisgarh,Raigarh,Maize,Kharif,2468.0,2487.0,2380.0,2810.0,3495.0,3133.0,3635.0,3224.0,
Chhattisgarh,Raigarh,Moong,Kharif,710.0,710.0,687.0,664.0,744.0,733.0,731.0,607.0,
Chhattisgarh,Raigarh,Moong,Rabi,752.0,145.0,718.0,731.0,764.0,718.0,716.0,,
Chhattisgarh,Raigarh,Ragi,Kharif,,,,,231.0,167.0,200.0,236.0,
Chhattisgarh,Raigarh,Rice,Kharif,2305.0,1795.0,1652.0,2116.0,1893.0,1646.0,2683.0,2316.0,
Chhattisgarh,Raigarh,Shree Anna /Nutri Cereals,Kharif,487.0,455.0,440.0,464.0,280.0,336.0,278.0,298.0,
Chhattisgarh,Raigarh,Small Millets,Kharif,442.0,324.0,441.0,348.0,400.0,1313.0,389.0,158.0,
Chhattisgarh,Raigarh,Tur,Kharif,692.0,446.0,506.0,640.0,588.0,604.0,759.0,660.0,
Chhattisgarh,Raigarh,Urad,Kharif,239.0,231.0,231.0,231.0,251.0,247.0,247.0,247.0,
Chhattisgarh,Raigarh,Urad,Rabi,194.0,189.0,184.0,179.0,202.0,184.0,184.0,145.0,
Chhattisgarh,Raigarh,Wheat,Rabi,1922.0,1761.0,2095.0,1539.0,2015.0,1623.0,1937.0,1808.0,
Chhattisgarh,Raipur,Bajra,Kharif,,,,,,,1000.0,1073.0,
Chhattisgarh,Raipur,Barley,Rabi,,,,1000.0,,,2000.0,785.0,
Chhattisgarh,Raipur,Gram,Rabi,1479.0,1190.0,1091.0,445.0,733.0,844.0,917.0,757.0,
Chhattisgarh,Raipur,Jowar,Kharif,,,,,1000.0,600.0,1000.0,1054.0,
Chhattisgarh,Raipur,Lentil,Rabi,488.0,488.0,488.0,357.0,607.0,608.0,607.0,650.0,
Chhattisgarh,Raipur,Maize,Kharif,1837.0,1918.0,2220.0,2704.0,3730.0,3297.0,3665.0,3261.0,
Chhattisgarh,Raipur,Moong,Kharif,301.0,224.0,304.0,364.0,484.0,400.0,500.0,445.0,
Chhattisgarh,Raipur,Moong,Rabi,284.0,258.0,250.0,257.0,444.0,464.0,462.0,674.0,
Chhattisgarh,Raipur,Ragi,Kharif,,,,,500.0,,232.0,222.0,
Chhattisgarh,Raipur,Rice,Kharif,3237.0,2030.0,2268.0,2961.0,2958.0,2936.0,3483.0,3386.0,
Chhattisgarh,Raipur,Shree Anna /Nutri Cereals,Kharif,,,,200.0,357.0,450.0,305.0,629.0,
Chhattisgarh,Raipur,Small Millets,Kharif,,,,200.0,200.0,300.0,500.0,145.0,
Chhattisgarh,Raipur,Tur,Kharif,463.0,290.0,385.0,379.0,403.0,429.0,491.0,443.0,
Chhattisgarh,Raipur,Urad,Kharif,439.0,411.0,438.0,429.0,438.0,462.0,500.0,459.0,
Chhattisgarh,Raipur,Urad,Rabi,343.0,324.0,318.0,317.0,367.0,432.0,440.0,344.0,
Chhattisgarh,Raipur,Wheat,Rabi,2097.0,1725.0,2102.0,1591.0,2244.0,1728.0,1948.0,1841.0,
Chhattisgarh,Rajnandgaon,Bajra,Kharif,,,1250.0,1000.0,1000.0,,,,
Chhattisgarh,Rajnandgaon,Barley,Rabi,1333.0,1000.0,1250.0,1000.0,1500.0,2750.0,1750.0,1570.0,
Chhattisgarh,Rajnandgaon,Gram,Rabi,1172.0,1010.0,1081.0,290.0,927.0,903.0,869.0,1001.0,
Chhattisgarh,Rajnandgaon,Jowar,Kharif,1422.0,1465.0,852.0,1500.0,0.0,444.0,417.0,103.0,
Chhattisgarh,Rajnandgaon,Lentil,Rabi,336.0,352.0,352.0,276.0,383.0,383.0,415.0,415.0,
Chhattisgarh,Rajnandgaon,Maize,Kharif,2094.0,2025.0,2019.0,2286.0,3952.0,3491.0,3923.0,3444.0,
Chhattisgarh,Rajnandgaon,Moong,Kharif,553.0,798.0,860.0,667.0,741.0,765.0,750.0,445.0,
Chhattisgarh,Rajnandgaon,Moong,Rabi,227.0,245.0,226.0,230.0,237.0,229.0,250.0,371.0,
Chhattisgarh,Rajnandgaon,Ragi,Kharif,220.0,,182.0,238.0,222.0,,256.0,228.0,
Chhattisgarh,Rajnandgaon,Rice,Kharif,1859.0,1046.0,1375.0,1804.0,1927.0,1842.0,1932.0,2622.0,
Chhattisgarh,Rajnandgaon,Shree Anna /Nutri Cereals,Kharif,395.0,229.0,481.0,457.0,721.0,786.0,637.0,160.0,
Chhattisgarh,Rajnandgaon,Small Millets,Kharif,385.0,216.0,476.0,453.0,724.0,787.0,753.0,317.0,
Chhattisgarh,Rajnandgaon,Tur,Kharif,678.0,419.0,520.0,652.0,633.0,632.0,704.0,599.0,
Chhattisgarh,Rajnandgaon,Urad,Kharif,452.0,392.0,361.0,362.0,400.0,400.0,366.0,365.0,
Chhattisgarh,Rajnandgaon,Urad,Rabi,289.0,313.0,313.0,315.0,445.0,444.0,537.0,438.0,
Chhattisgarh,Rajnandgaon,Wheat,Rabi,1287.0,1377.0,1637.0,985.0,1432.0,1200.0,1606.0,1152.0,
Chhattisgarh,Sakti,Gram,Rabi,,,,,,,739.0,,
Chhattisgarh,Sakti,Lentil,Rabi,,,,,,,500.0,500.0,
Chhattisgarh,Sakti,Maize,Kharif,,,,,,,3495.0,3742.0,
Chhattisgarh,Sakti,Moong,Kharif,,,,,,,333.0,407.0,
Chhattisgarh,Sakti,Moong,Rabi,,,,,,,611.0,1507.0,
Chhattisgarh,Sakti,Ragi,Kharif,,,,,,,368.0,236.0,
Chhattisgarh,Sakti,Rice,Kharif,,,,,,,3026.0,3352.0,
Chhattisgarh,Sakti,Shree Anna /Nutri Cereals,Kharif,,,,,,,368.0,236.0,
Chhattisgarh,Sakti,Tur,Kharif,,,,,,,722.0,835.0,
Chhattisgarh,Sakti,Urad,Kharif,,,,,,,751.0,444.0,
Chhattisgarh,Sakti,Urad,Rabi,,,,,,,548.0,519.0,
Chhattisgarh,Sakti,Wheat,Rabi,,,,,,,2021.0,2428.0,
Chhattisgarh,Sarangarh-Bilaigarh,Gram,Rabi,,,,,,,692.0,,
Chhattisgarh,Sarangarh-Bilaigarh,Maize,Kharif,,,,,,,2623.0,2220.0,
Chhattisgarh,Sarangarh-Bilaigarh,Moong,Kharif,,,,,,,442.0,390.0,
Chhattisgarh,Sarangarh-Bilaigarh,Moong,Rabi,,,,,,,342.0,711.0,
Chhattisgarh,Sarangarh-Bilaigarh,Ragi,Kharif,,,,,,,250.0,,
Chhattisgarh,Sarangarh-Bilaigarh,Rice,Kharif,,,,,,,2492.0,3444.0,
Chhattisgarh,Sarangarh-Bilaigarh,Shree Anna /Nutri Cereals,Kharif,,,,,,,4.0,,
Chhattisgarh,Sarangarh-Bilaigarh,Small Millets,Kharif,,,,,,,4.0,,
Chhattisgarh,Sarangarh-Bilaigarh,Tur,Kharif,,,,,,,462.0,502.0,
Chhattisgarh,Sarangarh-Bilaigarh,Urad,Kharif,,,,,,,700.0,507.0,
Chhattisgarh,Sarangarh-Bilaigarh,Urad,Rabi,,,,,,,444.0,401.0,
Chhattisgarh,Sarangarh-Bilaigarh,Wheat,Rabi,,,,,,,1739.0,1670.0,
Chhattisgarh,Sukma,Barley,Rabi,,,,828.0,,,,,
Chhattisgarh,Sukma,Gram,Rabi,,,,357.0,700.0,1000.0,1000.0,,
Chhattisgarh,Sukma,Jowar,Kharif,1232.0,1297.0,1029.0,1505.0,1312.0,675.0,1237.0,974.0,
Chhattisgarh,Sukma,Lentil,Rabi,,,,,,,,500.0,
Chhattisgarh,Sukma,Maize,Kharif,2832.0,2949.0,2916.0,3782.0,4182.0,3590.0,3750.0,3638.0,
Chhattisgarh,Sukma,Moong,Kharif,358.0,378.0,357.0,355.0,345.0,358.0,370.0,329.0,
Chhattisgarh,Sukma,Moong,Rabi,303.0,311.0,310.0,292.0,429.0,428.0,432.0,651.0,
Chhattisgarh,Sukma,Moong,Summer,,,,,,,,,
Chhattisgarh,Sukma,Ragi,Kharif,205.0,79.0,169.0,,250.0,333.0,333.0,183.0,
Chhattisgarh,Sukma,Rice,Kharif,1754.0,1442.0,1354.0,1615.0,1831.0,1787.0,2791.0,2050.0,
Chhattisgarh,Sukma,Shree Anna /Nutri Cereals,Kharif,267.0,314.0,390.0,402.0,556.0,493.0,504.0,487.0,
Chhattisgarh,Sukma,Small Millets,Kharif,195.0,232.0,344.0,287.0,464.0,459.0,377.0,183.0,
Chhattisgarh,Sukma,Tur,Kharif,566.0,427.0,525.0,636.0,489.0,596.0,704.0,626.0,
Chhattisgarh,Sukma,Urad,Kharif,409.0,377.0,346.0,345.0,365.0,365.0,372.0,366.0,
Chhattisgarh,Sukma,Urad,Rabi,320.0,333.0,429.0,362.0,532.0,531.0,531.0,420.0,
Chhattisgarh,Sukma,Wheat,Rabi,1500.0,1000.0,,,,,,,
Chhattisgarh,Surajpur,Bajra,Kharif,,,,,500.0,500.0,,306.0,
Chhattisgarh,Surajpur,Barley,Rabi,961.0,1124.0,849.0,635.0,723.0,1278.0,1191.0,1053.0,
Chhattisgarh,Surajpur,Gram,Rabi,1039.0,896.0,886.0,458.0,718.0,677.0,632.0,835.0,
Chhattisgarh,Surajpur,Jowar,Kharif,1100.0,1286.0,993.0,1385.0,1474.0,795.0,1459.0,1016.0,
Chhattisgarh,Surajpur,Lentil,Rabi,327.0,336.0,368.0,404.0,367.0,397.0,336.0,363.0,
Chhattisgarh,Surajpur,Maize,Kharif,1894.0,2366.0,2556.0,3206.0,2107.0,2977.0,3123.0,2770.0,
Chhattisgarh,Surajpur,Moong,Kharif,195.0,196.0,216.0,242.0,229.0,250.0,233.0,157.0,
Chhattisgarh,Surajpur,Moong,Rabi,172.0,222.0,,333.0,,,,,
Chhattisgarh,Surajpur,Ragi,Kharif,293.0,269.0,329.0,296.0,,300.0,,236.0,
Chhattisgarh,Surajpur,Rice,Kharif,1722.0,1390.0,1558.0,1582.0,1648.0,1606.0,2280.0,1983.0,
Chhattisgarh,Surajpur,Shree Anna /Nutri Cereals,Kharif,297.0,511.0,360.0,351.0,333.0,381.0,354.0,447.0,
Chhattisgarh,Surajpur,Small Millets,Kharif,245.0,416.0,310.0,283.0,276.0,361.0,303.0,138.0,
Chhattisgarh,Surajpur,Tur,Kharif,532.0,489.0,555.0,751.0,645.0,694.0,689.0,692.0,
Chhattisgarh,Surajpur,Urad,Kharif,282.0,352.0,352.0,352.0,390.0,380.0,320.0,375.0,
Chhattisgarh,Surajpur,Urad,Rabi,333.0,333.0,333.0,262.0,224.0,238.0,196.0,188.0,
Chhattisgarh,Surajpur,Wheat,Rabi,1563.0,1497.0,1779.0,1355.0,1800.0,1382.0,1524.0,2478.0,
Chhattisgarh,Surguja,Bajra,Kharif,,,500.0,,,512.0,512.0,343.0,
Chhattisgarh,Surguja,Barley,Rabi,979.0,961.0,773.0,701.0,640.0,1750.0,1000.0,998.0,
Chhattisgarh,Surguja,Gram,Rabi,1041.0,758.0,945.0,420.0,687.0,622.0,645.0,826.0,
Chhattisgarh,Surguja,Jowar,Kharif,1616.0,1203.0,944.0,979.0,1483.0,788.0,1422.0,1104.0,
Chhattisgarh,Surguja,Lentil,Rabi,315.0,353.0,347.0,326.0,449.0,455.0,483.0,455.0,
Chhattisgarh,Surguja,Maize,Kharif,2169.0,2141.0,2344.0,2770.0,3226.0,2850.0,2970.0,2807.0,
Chhattisgarh,Surguja,Moong,Kharif,222.0,,500.0,,250.0,0.0,200.0,198.0,
Chhattisgarh,Surguja,Moong,Rabi,,500.0,,,,1000.0,1000.0,,
Chhattisgarh,Surguja,Ragi,Kharif,250.0,250.0,,,,500.0,0.0,,
Chhattisgarh,Surguja,Rice,Kharif,1660.0,1485.0,1278.0,1530.0,1626.0,1622.0,2298.0,1921.0,
Chhattisgarh,Surguja,Shree Anna /Nutri Cereals,Kharif,256.0,3200.0,177.0,230.0,259.0,298.0,306.0,909.0,
Chhattisgarh,Surguja,Small Millets,Kharif,215.0,15261.0,146.0,211.0,240.0,283.0,276.0,385.0,
Chhattisgarh,Surguja,Tur,Kharif,638.0,404.0,531.0,706.0,606.0,603.0,680.0,630.0,
Chhattisgarh,Surguja,Urad,Kharif,325.0,304.0,363.0,363.0,605.0,560.0,605.0,597.0,
Chhattisgarh,Surguja,Urad,Rabi,,,,500.0,824.0,609.0,571.0,564.0,
Chhattisgarh,Surguja,Wheat,Rabi,1416.0,1516.0,1798.0,1282.0,2364.0,1879.0,2102.0,,
Chhattisgarh,Uttar Bastar Kanker,Gram,Rabi,1196.0,891.0,1102.0,456.0,699.0,667.0,691.0,1672.0,
Chhattisgarh,Uttar Bastar Kanker,Jowar,Kharif,1848.0,1306.0,1176.0,1533.0,1500.0,909.0,1667.0,1355.0,
Chhattisgarh,Uttar Bastar Kanker,Lentil,Rabi,224.0,254.0,244.0,244.0,319.0,337.0,304.0,297.0,
Chhattisgarh,Uttar Bastar Kanker,Maize,Kharif,2837.0,2708.0,3191.0,3336.0,4465.0,3944.0,3909.0,3465.0,
Chhattisgarh,Uttar Bastar Kanker,Moong,Kharif,550.0,540.0,559.0,455.0,596.0,659.0,612.0,519.0,
Chhattisgarh,Uttar Bastar Kanker,Moong,Rabi,310.0,432.0,500.0,455.0,500.0,500.0,1000.0,1507.0,
Chhattisgarh,Uttar Bastar Kanker,Ragi,Kharif,178.0,146.0,162.0,131.0,317.0,327.0,350.0,328.0,
Chhattisgarh,Uttar Bastar Kanker,Rice,Kharif,2334.0,1274.0,1469.0,2184.0,2074.0,1571.0,2829.0,1848.0,
Chhattisgarh,Uttar Bastar Kanker,Shree Anna /Nutri Cereals,Kharif,480.0,183.0,421.0,389.0,444.0,596.0,530.0,367.0,
Chhattisgarh,Uttar Bastar Kanker,Small Millets,Kharif,512.0,180.0,474.0,426.0,459.0,636.0,551.0,215.0,
Chhattisgarh,Uttar Bastar Kanker,Tur,Kharif,598.0,376.0,457.0,576.0,509.0,572.0,684.0,619.0,
Chhattisgarh,Uttar Bastar Kanker,Urad,Kharif,228.0,364.0,377.0,377.0,441.0,456.0,426.0,427.0,
Chhattisgarh,Uttar Bastar Kanker,Urad,Rabi,231.0,224.0,274.0,263.0,278.0,297.0,262.0,206.0,
Chhattisgarh,Uttar Bastar Kanker,Wheat,Rabi,2170.0,1573.0,1961.0,1367.0,1672.0,1445.0,1824.0,1549.0,
Goa,North Goa,Rice,Kharif,2867.0,2805.0,2803.0,2375.0,2911.0,2961.0,44815.0,3101.0,2537.0
Goa,North Goa,Rice,Rabi,2771.0,2992.0,2739.0,3075.0,3232.0,2556.0,3007.0,3077.0,3029.0
Goa,South Goa,Rice,Kharif,2722.0,2462.0,2644.0,2565.0,2390.0,2696.0,39221.0,2714.0,1878.0
Goa,South Goa,Rice,Rabi,2722.0,2717.0,2699.0,2826.0,2638.0,2806.0,2786.0,2951.0,2765.0
Gujarat,Ahmedabad,Bajra,Kharif,2042.0,2016.0,1324.0,2487.0,1533.0,1639.0,1776.0,1776.0,1844.0
Gujarat,Ahmedabad,Bajra,Summer,3637.0,2879.0,2862.0,3349.0,3198.0,3457.0,3228.0,3140.0,2987.0
Gujarat,Ahmedabad,Gram,Rabi,708.0,1040.0,730.0,896.0,861.0,1011.0,905.0,900.0,1067.0
Gujarat,Ahmedabad,Jowar,Kharif,,,,,,,1374.0,,
Gujarat,Ahmedabad,Jowar,Rabi,,1322.0,,,,,,,1773.0
Gujarat,Ahmedabad,Maize,Kharif,1667.0,,,1400.0,,,,,
Gujarat,Ahmedabad,Maize,Rabi,,2276.0,,,,,,,
Gujarat,Ahmedabad,Maize,Summer,2113.0,2111.0,,,,,,2200.0,
Gujarat,Ahmedabad,Moong,Kharif,432.0,669.0,161.0,532.0,622.0,482.0,513.0,579.0,234.0
Gujarat,Ahmedabad,Moong,Summer,906.0,567.0,1180.0,1046.0,1148.0,1326.0,1171.0,1208.0,1201.0
Gujarat,Ahmedabad,Rice,Kharif,2603.0,2148.0,1319.0,2044.0,2366.0,2020.0,2807.0,2661.0,2342.0
Gujarat,Ahmedabad,Rice,Summer,3425.0,2646.0,3600.0,3348.0,3264.0,2927.0,3077.0,2826.0,2926.0
Gujarat,Ahmedabad,Shree Anna /Nutri Cereals,Kharif,2042.0,2016.0,1324.0,2487.0,1533.0,1639.0,1427.0,1776.0,1844.0
Gujarat,Ahmedabad,Shree Anna /Nutri Cereals,Rabi,,1322.0,,,,,,,1773.0
Gujarat,Ahmedabad,Shree Anna /Nutri Cereals,Summer,3637.0,2879.0,2862.0,3349.0,3198.0,3457.0,3228.0,3140.0,2987.0
Gujarat,Ahmedabad,Tur,Kharif,1132.0,1243.0,1209.0,990.0,1186.0,1702.0,865.0,1195.0,1165.0
Gujarat,Ahmedabad,Urad,Kharif,608.0,635.0,111.0,665.0,631.0,632.0,604.0,595.0,226.0
Gujarat,Ahmedabad,Urad,Summer,,,,,,1400.0,,,
Gujarat,Ahmedabad,Wheat,Rabi,2245.0,2156.0,2567.0,2690.0,2607.0,2539.0,2350.0,2201.0,2254.0
Gujarat,Amreli,Bajra,Kharif,2099.0,1771.0,1241.0,2243.0,1278.0,1517.0,2195.0,1212.0,1971.0
Gujarat,Amreli,Bajra,Summer,2497.0,2919.0,2912.0,2873.0,2272.0,3119.0,2795.0,2597.0,2854.0
Gujarat,Amreli,Gram,Rabi,1548.0,2152.0,1358.0,2084.0,2005.0,1881.0,1963.0,1946.0,1809.0
Gujarat,Amreli,Jowar,Kharif,,,1340.0,1520.0,,,1360.0,,
Gujarat,Amreli,Jowar,Rabi,,1324.0,,,,,1575.0,1800.0,
Gujarat,Amreli,Maize,Kharif,,,1774.0,1493.0,,1951.0,,,
Gujarat,Amreli,Maize,Rabi,,,,,,,2749.0,2806.0,
Gujarat,Amreli,Maize,Summer,2031.0,,,2300.0,,2000.0,1500.0,,
Gujarat,Amreli,Moong,Kharif,456.0,571.0,413.0,640.0,413.0,534.0,579.0,588.0,497.0
Gujarat,Amreli,Moong,Summer,541.0,1101.0,1180.0,1045.0,1148.0,1325.0,1020.0,793.0,834.0
Gujarat,Amreli,Shree Anna /Nutri Cereals,Kharif,2099.0,1771.0,1244.0,2220.0,1278.0,1517.0,2177.0,1212.0,1900.0
Gujarat,Amreli,Shree Anna /Nutri Cereals,Rabi,,1324.0,2142.0,2000.0,2250.0,2118.0,1451.0,1800.0,
Gujarat,Amreli,Shree Anna /Nutri Cereals,Summer,2497.0,2919.0,2912.0,2873.0,2272.0,3119.0,2795.0,2597.0,2854.0
Gujarat,Amreli,Small Millets,Kharif,,,,,,,,,626.0
Gujarat,Amreli,Small Millets,Rabi,,,2142.0,2000.0,2250.0,2118.0,1400.0,,
Gujarat,Amreli,Tur,Kharif,1132.0,1243.0,1209.0,1924.0,1368.0,990.0,968.0,1053.0,1292.0
Gujarat,Amreli,Urad,Kharif,608.0,635.0,580.0,1765.0,666.0,593.0,611.0,643.0,570.0
Gujarat,Amreli,Urad,Summer,,923.0,,1584.0,950.0,1251.0,900.0,1410.0,800.0
Gujarat,Amreli,Wheat,Rabi,3414.0,3843.0,3351.0,4047.0,3710.0,3823.0,3742.0,3564.0,3538.0
Gujarat,Anand,Bajra,Kharif,1606.0,1680.0,1581.0,1632.0,1603.0,1783.0,1953.0,1827.0,1880.0
Gujarat,Anand,Bajra,Summer,3113.0,3113.0,3294.0,3166.0,2820.0,3471.0,3277.0,3295.0,3020.0
Gujarat,Anand,Gram,Rabi,918.0,986.0,1020.0,1048.0,981.0,1020.0,999.0,964.0,952.0
Gujarat,Anand,Jowar,Kharif,,,1308.0,1500.0,,,,1257.0,1366.0
Gujarat,Anand,Jowar,Rabi,,,,,,,,1800.0,1773.0
Gujarat,Anand,Maize,Kharif,1680.0,1553.0,1773.0,1500.0,1524.0,1942.0,1933.0,2013.0,1474.0
Gujarat,Anand,Maize,Rabi,,,,2500.0,2280.0,2534.0,2750.0,2806.0,
Gujarat,Anand,Maize,Summer,,,,,2000.0,,,,
Gujarat,Anand,Moong,Kharif,455.0,575.0,,,,,,,497.0
Gujarat,Anand,Moong,Summer,516.0,505.0,981.0,1044.0,1148.0,1064.0,1007.0,1016.0,836.0
Gujarat,Anand,Rice,Kharif,2745.0,2707.0,2793.0,1835.0,2423.0,2532.0,2640.0,2783.0,2647.0
Gujarat,Anand,Rice,Summer,3253.0,2665.0,2813.0,2950.0,2823.0,3157.0,3233.0,3258.0,2928.0
Gujarat,Anand,Shree Anna /Nutri Cereals,Kharif,1606.0,1680.0,1581.0,1632.0,1603.0,1783.0,1953.0,1641.0,1677.0
Gujarat,Anand,Shree Anna /Nutri Cereals,Rabi,,,1465.0,1399.0,1500.0,1379.0,550.0,1800.0,1773.0
Gujarat,Anand,Shree Anna /Nutri Cereals,Summer,3113.0,3113.0,3294.0,3166.0,2820.0,3471.0,3277.0,3295.0,3020.0
Gujarat,Anand,Small Millets,Kharif,,,,,,,,471.0,430.0
Gujarat,Anand,Small Millets,Rabi,,,1465.0,1399.0,1500.0,1379.0,550.0,,
Gujarat,Anand,Tur,Kharif,1133.0,1243.0,1206.0,1000.0,1200.0,1150.0,1154.0,1163.0,1162.0
Gujarat,Anand,Urad,Kharif,,,,,,611.0,,,570.0
Gujarat,Anand,Wheat,Rabi,3188.0,3019.0,3070.0,3104.0,2993.0,3105.0,3068.0,2887.0,2833.0
Gujarat,Arvalli,Bajra,Kharif,1124.0,996.0,1558.0,1564.0,1859.0,2049.0,1996.0,1996.0,1966.0
Gujarat,Arvalli,Bajra,Summer,2626.0,3062.0,1973.0,2948.0,3517.0,3248.0,2997.0,3586.0,3229.0
Gujarat,Arvalli,Gram,Rabi,724.0,687.0,869.0,1273.0,1122.0,1290.0,1339.0,1354.0,1326.0
Gujarat,Arvalli,Jowar,Kharif,,,1337.0,1519.0,,,1380.0,,
Gujarat,Arvalli,Jowar,Rabi,,1321.0,1290.0,,,,,,
Gujarat,Arvalli,Maize,Kharif,1849.0,1343.0,2455.0,1836.0,1963.0,2946.0,2613.0,2807.0,2627.0
Gujarat,Arvalli,Maize,Rabi,2800.0,3200.0,5800.0,5000.0,3259.0,3726.0,3823.0,4039.0,3187.0
Gujarat,Arvalli,Maize,Summer,2319.0,2350.0,2214.0,2800.0,2800.0,2650.0,2751.0,2748.0,2728.0
Gujarat,Arvalli,Moong,Kharif,453.0,568.0,330.0,641.0,411.0,443.0,586.0,588.0,497.0
Gujarat,Arvalli,Moong,Summer,670.0,700.0,1180.0,1045.0,1148.0,1325.0,713.0,1208.0,1201.0
Gujarat,Arvalli,Rice,Kharif,2359.0,2425.0,2449.0,1613.0,1745.0,2398.0,2638.0,2567.0,2123.0
Gujarat,Arvalli,Rice,Summer,,,,2940.0,,,,,
Gujarat,Arvalli,Shree Anna /Nutri Cereals,Kharif,1124.0,996.0,1467.0,1554.0,1859.0,2049.0,1965.0,1996.0,1966.0
Gujarat,Arvalli,Shree Anna /Nutri Cereals,Rabi,,1321.0,1290.0,,,,,,
Gujarat,Arvalli,Shree Anna /Nutri Cereals,Summer,2626.0,3062.0,1973.0,2948.0,3517.0,3248.0,2997.0,3586.0,3229.0
Gujarat,Arvalli,Tur,Kharif,974.0,665.0,1013.0,980.0,1132.0,1113.0,1073.0,931.0,1040.0
Gujarat,Arvalli,Urad,Kharif,690.0,638.0,551.0,404.0,627.0,604.0,652.0,685.0,710.0
Gujarat,Arvalli,Urad,Summer,640.0,680.0,,1600.0,684.0,1133.0,707.0,780.0,803.0
Gujarat,Arvalli,Wheat,Rabi,2382.0,2427.0,2772.0,2969.0,2567.0,2962.0,2882.0,2821.0,2652.0
Gujarat,Banas Kantha,Bajra,Kharif,1214.0,1187.0,901.0,1721.0,1761.0,1714.0,1752.0,1829.0,1867.0
Gujarat,Banas Kantha,Bajra,Summer,2370.0,2874.0,2777.0,2778.0,2821.0,2800.0,2933.0,2924.0,2876.0
Gujarat,Banas Kantha,Gram,Rabi,1120.0,1284.0,1400.0,1567.0,1762.0,1908.0,1699.0,1714.0,1841.0
Gujarat,Banas Kantha,Jowar,Kharif,961.0,813.0,825.0,952.0,1024.0,1001.0,1024.0,1015.0,1115.0
Gujarat,Banas Kantha,Jowar,Rabi,,,,,1236.0,,,,
Gujarat,Banas Kantha,Maize,Kharif,1518.0,1929.0,2710.0,1896.0,1969.0,2325.0,2154.0,2109.0,2417.0
Gujarat,Banas Kantha,Maize,Rabi,,,2710.0,2712.0,2275.0,2528.0,2745.0,2806.0,2656.0
Gujarat,Banas Kantha,Maize,Summer,1683.0,,2707.0,2000.0,2154.0,,2241.0,2051.0,2051.0
Gujarat,Banas Kantha,Moong,Kharif,458.0,683.0,294.0,800.0,750.0,668.0,698.0,739.0,561.0
Gujarat,Banas Kantha,Moong,Summer,538.0,1100.0,580.0,822.0,857.0,1327.0,1169.0,1208.0,1201.0
Gujarat,Banas Kantha,Shree Anna /Nutri Cereals,Kharif,1173.0,1014.0,895.0,1660.0,1718.0,1670.0,1739.0,1864.0,1871.0
Gujarat,Banas Kantha,Shree Anna /Nutri Cereals,Rabi,,1865.0,1865.0,1650.0,1820.0,1670.0,3057.0,,
Gujarat,Banas Kantha,Shree Anna /Nutri Cereals,Summer,2370.0,2874.0,2777.0,2778.0,2821.0,2800.0,2933.0,2924.0,2876.0
Gujarat,Banas Kantha,Small Millets,Kharif,,,,,,,,2602.0,2376.0
Gujarat,Banas Kantha,Small Millets,Rabi,,1865.0,1865.0,1650.0,1850.0,1670.0,3057.0,,
Gujarat,Banas Kantha,Tur,Kharif,1267.0,2325.0,1313.0,1628.0,1635.0,1162.0,1161.0,1163.0,1162.0
Gujarat,Banas Kantha,Urad,Kharif,542.0,958.0,799.0,860.0,715.0,669.0,684.0,665.0,626.0
Gujarat,Banas Kantha,Urad,Summer,,,,,,,,1414.0,
Gujarat,Banas Kantha,Wheat,Rabi,2986.0,3031.0,3096.0,3136.0,3097.0,3104.0,3067.0,3022.0,2832.0
Gujarat,Bharuch,Bajra,Kharif,,1650.0,,1750.0,1533.0,1640.0,1760.0,,
Gujarat,Bharuch,Bajra,Summer,943.0,1878.0,2914.0,2873.0,2778.0,2915.0,2969.0,2960.0,2882.0
Gujarat,Bharuch,Gram,Rabi,294.0,353.0,517.0,660.0,757.0,1249.0,1077.0,1084.0,1038.0
Gujarat,Bharuch,Jowar,Kharif,1356.0,1613.0,1034.0,1018.0,1488.0,1434.0,1372.0,1257.0,1366.0
Gujarat,Bharuch,Jowar,Rabi,1158.0,1327.0,1207.0,1109.0,1288.0,1225.0,1197.0,1283.0,1240.0
Gujarat,Bharuch,Maize,Kharif,1677.0,1551.0,1769.0,1500.0,1522.0,1953.0,,2013.0,1474.0
Gujarat,Bharuch,Maize,Rabi,,,,,,,,,2656.0
Gujarat,Bharuch,Maize,Summer,,,,2267.0,,,,2293.0,
Gujarat,Bharuch,Moong,Kharif,700.0,600.0,303.0,,507.0,444.0,587.0,588.0,497.0
Gujarat,Bharuch,Moong,Rabi,,,,,,,,619.0,
Gujarat,Bharuch,Moong,Summer,518.0,523.0,1180.0,1045.0,1148.0,1325.0,1170.0,1208.0,1201.0
Gujarat,Bharuch,Rice,Kharif,1627.0,1890.0,1531.0,1575.0,1776.0,2016.0,1756.0,1689.0,1634.0
Gujarat,Bharuch,Rice,Summer,2168.0,2665.0,2800.0,2386.0,2375.0,2572.0,2474.0,3138.0,2974.0
Gujarat,Bharuch,Shree Anna /Nutri Cereals,Kharif,1356.0,1615.0,1034.0,1043.0,1493.0,1442.0,1397.0,1257.0,1366.0
Gujarat,Bharuch,Shree Anna /Nutri Cereals,Rabi,1158.0,1327.0,1207.0,1109.0,1288.0,1225.0,1197.0,1283.0,1240.0
Gujarat,Bharuch,Shree Anna /Nutri Cereals,Summer,943.0,1878.0,2914.0,2873.0,2778.0,2915.0,2969.0,2960.0,2882.0
Gujarat,Bharuch,Tur,Kharif,1077.0,1022.0,1088.0,938.0,1060.0,1086.0,1129.0,1041.0,1107.0
Gujarat,Bharuch,Urad,Kharif,794.0,508.0,871.0,1085.0,942.0,867.0,863.0,1102.0,1106.0
Gujarat,Bharuch,Urad,Summer,,,,1571.0,,,,,
Gujarat,Bharuch,Wheat,Rabi,1415.0,1904.0,1918.0,1992.0,1955.0,2029.0,2001.0,1972.0,1933.0
Gujarat,Bhavnagar,Bajra,Kharif,2368.0,2695.0,2650.0,2622.0,1932.0,1987.0,2552.0,2461.0,2589.0
Gujarat,Bhavnagar,Bajra,Summer,2628.0,3254.0,2922.0,3158.0,2713.0,2632.0,2714.0,3164.0,3185.0
Gujarat,Bhavnagar,Gram,Rabi,1124.0,1285.0,1359.0,3080.0,2389.0,2421.0,1657.0,2208.0,2310.0
Gujarat,Bhavnagar,Jowar,Kharif,1540.0,,,,1486.0,1432.0,1429.0,,1366.0
Gujarat,Bhavnagar,Jowar,Rabi,1515.0,,1500.0,,,,1574.0,,
Gujarat,Bhavnagar,Maize,Kharif,1680.0,,,,1524.0,1950.0,1907.0,2013.0,1474.0
Gujarat,Bhavnagar,Maize,Rabi,,1857.0,3000.0,2515.0,,2529.0,2748.0,2806.0,2656.0
Gujarat,Bhavnagar,Maize,Summer,,,,2200.0,2201.0,2420.0,2206.0,1934.0,2022.0
Gujarat,Bhavnagar,Moong,Kharif,504.0,585.0,286.0,625.0,381.0,443.0,582.0,331.0,497.0
Gujarat,Bhavnagar,Moong,Summer,724.0,686.0,989.0,646.0,776.0,944.0,658.0,952.0,1208.0
Gujarat,Bhavnagar,Shree Anna /Nutri Cereals,Kharif,2265.0,2695.0,2650.0,2622.0,1931.0,1984.0,2552.0,2461.0,2579.0
Gujarat,Bhavnagar,Shree Anna /Nutri Cereals,Rabi,1515.0,,1500.0,,,,1574.0,,
Gujarat,Bhavnagar,Shree Anna /Nutri Cereals,Summer,2628.0,3254.0,2922.0,3158.0,2713.0,2632.0,2714.0,3164.0,3185.0
Gujarat,Bhavnagar,Tur,Kharif,1132.0,1243.0,1209.0,990.0,1186.0,1160.0,1163.0,1163.0,1162.0
Gujarat,Bhavnagar,Urad,Kharif,608.0,635.0,880.0,767.0,354.0,592.0,611.0,643.0,570.0
Gujarat,Bhavnagar,Urad,Summer,,714.0,1500.0,1586.0,959.0,1169.0,1134.0,1250.0,1200.0
Gujarat,Bhavnagar,Wheat,Rabi,3219.0,3240.0,3115.0,3308.0,3230.0,3244.0,3079.0,3202.0,3412.0
Gujarat,Botad,Bajra,Kharif,1561.0,1230.0,671.0,482.0,504.0,1635.0,1769.0,1776.0,1844.0
Gujarat,Botad,Bajra,Summer,2495.0,2919.0,2915.0,2873.0,2779.0,2914.0,2969.0,2960.0,2882.0
Gujarat,Botad,Gram,Rabi,1084.0,1120.0,1358.0,1099.0,1645.0,2270.0,2244.0,2557.0,2518.0
Gujarat,Botad,Jowar,Kharif,1540.0,,1337.0,,,,,,
Gujarat,Botad,Jowar,Rabi,,,1214.0,1159.0,,,,,
Gujarat,Botad,Maize,Kharif,1686.0,,1750.0,1494.0,1400.0,,,,
Gujarat,Botad,Maize,Summer,,,,,,,,,2500.0
Gujarat,Botad,Moong,Kharif,458.0,1136.0,453.0,628.0,417.0,443.0,585.0,588.0,497.0
Gujarat,Botad,Moong,Summer,1100.0,1500.0,1200.0,1045.0,1148.0,1326.0,1173.0,1208.0,1201.0
Gujarat,Botad,Rice,Kharif,,,,,,2400.0,,2567.0,2431.0
Gujarat,Botad,Shree Anna /Nutri Cereals,Kharif,1553.0,1230.0,694.0,482.0,504.0,1635.0,1769.0,1776.0,1844.0
Gujarat,Botad,Shree Anna /Nutri Cereals,Rabi,,,1214.0,1159.0,,,,,
Gujarat,Botad,Shree Anna /Nutri Cereals,Summer,2495.0,2919.0,2915.0,2873.0,2779.0,2914.0,2969.0,2960.0,2882.0
Gujarat,Botad,Tur,Kharif,1120.0,1200.0,1227.0,1000.0,1187.0,1160.0,1162.0,1163.0,1162.0
Gujarat,Botad,Urad,Kharif,608.0,634.0,609.0,600.0,667.0,594.0,609.0,643.0,570.0
Gujarat,Botad,Urad,Summer,667.0,,,,679.0,800.0,,,
Gujarat,Botad,Wheat,Rabi,3448.0,3300.0,3019.0,3104.0,3003.0,3588.0,3657.0,3641.0,3409.0
Gujarat,Chhotaudepur,Bajra,Kharif,,,,,,1636.0,,,
Gujarat,Chhotaudepur,Bajra,Summer,2500.0,2925.0,,2857.0,2780.0,2914.0,2972.0,2960.0,2882.0
Gujarat,Chhotaudepur,Gram,Rabi,1122.0,1287.0,1357.0,1568.0,1762.0,2064.0,1761.0,2036.0,1521.0
Gujarat,Chhotaudepur,Jowar,Kharif,1320.0,1302.0,1112.0,1154.0,1485.0,1432.0,1350.0,1257.0,
Gujarat,Chhotaudepur,Jowar,Rabi,1514.0,1320.0,1101.0,1164.0,1238.0,1172.0,1600.0,1800.0,1773.0
Gujarat,Chhotaudepur,Maize,Kharif,2430.0,2229.0,561.0,1737.0,1505.0,1696.0,1605.0,1568.0,946.0
Gujarat,Chhotaudepur,Maize,Rabi,2580.0,2950.0,2580.0,2610.0,1696.0,2684.0,2705.0,3107.0,2801.0
Gujarat,Chhotaudepur,Maize,Summer,2150.0,2156.0,2158.0,2153.0,2150.0,2255.0,1350.0,1500.0,1500.0
Gujarat,Chhotaudepur,Moong,Kharif,456.0,569.0,335.0,645.0,400.0,400.0,586.0,588.0,497.0
Gujarat,Chhotaudepur,Moong,Summer,684.0,693.0,1182.0,1044.0,1148.0,1324.0,1431.0,1101.0,1201.0
Gujarat,Chhotaudepur,Rice,Kharif,1220.0,1067.0,1369.0,1650.0,1570.0,1561.0,1294.0,1258.0,1556.0
Gujarat,Chhotaudepur,Rice,Summer,,,,,,,2875.0,,
Gujarat,Chhotaudepur,Shree Anna /Nutri Cereals,Kharif,1320.0,1302.0,1112.0,1154.0,1485.0,1453.0,1350.0,1257.0,
Gujarat,Chhotaudepur,Shree Anna /Nutri Cereals,Rabi,1514.0,917.0,847.0,1164.0,1238.0,1172.0,1600.0,1800.0,1773.0
Gujarat,Chhotaudepur,Shree Anna /Nutri Cereals,Summer,2500.0,2925.0,,2857.0,2780.0,2914.0,2972.0,2960.0,2882.0
Gujarat,Chhotaudepur,Small Millets,Rabi,,820.0,820.0,,,,,,
Gujarat,Chhotaudepur,Tur,Kharif,1187.0,1851.0,1576.0,726.0,1482.0,1316.0,1069.0,987.0,907.0
Gujarat,Chhotaudepur,Urad,Kharif,661.0,713.0,565.0,546.0,586.0,640.0,600.0,616.0,588.0
Gujarat,Chhotaudepur,Urad,Summer,,636.0,1400.0,1600.0,560.0,554.0,603.0,600.0,600.0
Gujarat,Chhotaudepur,Wheat,Rabi,3304.0,3079.0,3471.0,3126.0,3270.0,3305.0,3285.0,2471.0,2944.0
Gujarat,Dahod,Bajra,Summer,2467.0,3000.0,2900.0,2872.0,2775.0,,2979.0,2960.0,2882.0
Gujarat,Dahod,Gram,Rabi,1323.0,1512.0,1268.0,1095.0,1207.0,1245.0,1311.0,1384.0,1417.0
Gujarat,Dahod,Jowar,Kharif,1537.0,,,,,,,,
Gujarat,Dahod,Jowar,Rabi,,,1200.0,,,,,,
Gujarat,Dahod,Maize,Kharif,1437.0,1487.0,1998.0,1363.0,1436.0,1770.0,1863.0,1597.0,1106.0
Gujarat,Dahod,Maize,Rabi,1923.0,1935.0,1929.0,1929.0,2354.0,2368.0,2888.0,2537.0,2604.0
Gujarat,Dahod,Maize,Summer,,1948.0,1947.0,,2000.0,,,,
Gujarat,Dahod,Moong,Kharif,454.0,571.0,333.0,643.0,375.0,,588.0,,
Gujarat,Dahod,Moong,Summer,422.0,450.0,1181.0,1045.0,641.0,1020.0,1170.0,1208.0,1201.0
Gujarat,Dahod,Ragi,Kharif,,,,,,,,,835.0
Gujarat,Dahod,Rice,Kharif,1178.0,1183.0,1085.0,1196.0,1343.0,1195.0,1275.0,1593.0,1856.0
Gujarat,Dahod,Shree Anna /Nutri Cereals,Kharif,1537.0,,,,,,,,835.0
Gujarat,Dahod,Shree Anna /Nutri Cereals,Rabi,,900.0,1200.0,,,,,,
Gujarat,Dahod,Shree Anna /Nutri Cereals,Summer,2467.0,3000.0,2900.0,2872.0,2775.0,,2979.0,2960.0,2882.0
Gujarat,Dahod,Small Millets,Rabi,,900.0,,,,,,,
Gujarat,Dahod,Tur,Kharif,1329.0,1211.0,497.0,698.0,818.0,820.0,541.0,530.0,625.0
Gujarat,Dahod,Urad,Kharif,677.0,201.0,525.0,623.0,596.0,636.0,688.0,600.0,570.0
Gujarat,Dahod,Urad,Summer,719.0,727.0,1500.0,,1000.0,,600.0,,
Gujarat,Dahod,Wheat,Rabi,1733.0,2447.0,2425.0,2141.0,2378.0,2346.0,2697.0,2541.0,2264.0
Gujarat,Dangs,Gram,Rabi,978.0,866.0,840.0,839.0,1011.0,1036.0,895.0,1007.0,946.0
Gujarat,Dangs,Jowar,Kharif,3428.0,1393.0,,,1481.0,1429.0,1371.0,1257.0,1366.0
Gujarat,Dangs,Maize,Kharif,1678.0,,,,1522.0,1950.0,1907.0,2013.0,1474.0
Gujarat,Dangs,Maize,Rabi,,,,2515.0,2273.0,2528.0,2747.0,2806.0,2656.0
Gujarat,Dangs,Moong,Kharif,,,,,400.0,,,,
Gujarat,Dangs,Moong,Summer,550.0,500.0,1182.0,1046.0,1148.0,1325.0,1170.0,1208.0,1201.0
Gujarat,Dangs,Ragi,Kharif,1391.0,993.0,861.0,898.0,1327.0,945.0,842.0,851.0,881.0
Gujarat,Dangs,Rice,Kharif,2416.0,2398.0,2969.0,1679.0,1934.0,2850.0,1762.0,1958.0,1437.0
Gujarat,Dangs,Rice,Summer,,,,,3000.0,2944.0,2867.0,2816.0,2738.0
Gujarat,Dangs,Shree Anna /Nutri Cereals,Kharif,1559.0,1026.0,861.0,898.0,1328.0,948.0,846.0,854.0,886.0
Gujarat,Dangs,Tur,Kharif,1132.0,1243.0,1209.0,452.0,914.0,399.0,492.0,362.0,366.0
Gujarat,Dangs,Urad,Kharif,900.0,695.0,973.0,803.0,1444.0,1144.0,819.0,1010.0,897.0
Gujarat,Dangs,Urad,Summer,,,,,,750.0,901.0,935.0,863.0
Gujarat,Dangs,Wheat,Rabi,1486.0,799.0,1543.0,1102.0,3271.0,3253.0,3229.0,,917.0
Gujarat,Devbhumi Dwarka,Bajra,Kharif,1532.0,1654.0,1396.0,,1534.0,1625.0,,1776.0,
Gujarat,Devbhumi Dwarka,Bajra,Summer,,2933.0,,2872.0,2779.0,2912.0,2969.0,2960.0,2882.0
Gujarat,Devbhumi Dwarka,Gram,Rabi,731.0,2039.0,1593.0,1880.0,1915.0,2062.0,1628.0,1727.0,1906.0
Gujarat,Devbhumi Dwarka,Jowar,Kharif,,1412.0,,,,,,,
Gujarat,Devbhumi Dwarka,Jowar,Rabi,,1320.0,,,,,,,
Gujarat,Devbhumi Dwarka,Maize,Kharif,,1550.0,,,,,,,
Gujarat,Devbhumi Dwarka,Maize,Rabi,,2000.0,,,,,,,
Gujarat,Devbhumi Dwarka,Moong,Kharif,454.0,757.0,328.0,588.0,481.0,385.0,310.0,580.0,497.0
Gujarat,Devbhumi Dwarka,Moong,Summer,669.0,792.0,1180.0,1045.0,1148.0,1781.0,913.0,947.0,1179.0
Gujarat,Devbhumi Dwarka,Shree Anna /Nutri Cereals,Kharif,1532.0,1611.0,1396.0,,1534.0,1625.0,,1776.0,
Gujarat,Devbhumi Dwarka,Shree Anna /Nutri Cereals,Rabi,,1320.0,,,,,,,
Gujarat,Devbhumi Dwarka,Shree Anna /Nutri Cereals,Summer,,2933.0,,2872.0,2779.0,2912.0,2969.0,2960.0,2882.0
Gujarat,Devbhumi Dwarka,Tur,Kharif,1132.0,1246.0,,,,,,,1162.0
Gujarat,Devbhumi Dwarka,Urad,Kharif,607.0,635.0,580.0,605.0,496.0,593.0,308.0,493.0,570.0
Gujarat,Devbhumi Dwarka,Urad,Summer,,,,1563.0,849.0,1203.0,1450.0,,1557.0
Gujarat,Devbhumi Dwarka,Wheat,Rabi,2996.0,3516.0,3386.0,4309.0,4343.0,4487.0,4026.0,3590.0,3643.0
Gujarat,Gandhinagar,Bajra,Kharif,1415.0,1938.0,1821.0,1568.0,1518.0,1420.0,1581.0,1479.0,1366.0
Gujarat,Gandhinagar,Bajra,Summer,3116.0,3455.0,3507.0,3632.0,3084.0,3359.0,3322.0,3382.0,3134.0
Gujarat,Gandhinagar,Gram,Rabi,1135.0,1285.0,1359.0,1568.0,1762.0,1908.0,1699.0,1850.0,1651.0
Gujarat,Gandhinagar,Jowar,Kharif,,1393.0,,,,1438.0,,1257.0,
Gujarat,Gandhinagar,Maize,Kharif,,1552.0,1750.0,1400.0,,1917.0,1929.0,2013.0,
Gujarat,Gandhinagar,Maize,Rabi,,,,,,2532.0,2500.0,2806.0,2656.0
Gujarat,Gandhinagar,Maize,Summer,,2120.0,,2152.0,,,,,
Gujarat,Gandhinagar,Moong,Kharif,544.0,732.0,670.0,633.0,608.0,657.0,649.0,597.0,440.0
Gujarat,Gandhinagar,Moong,Summer,849.0,594.0,1167.0,1044.0,1147.0,1320.0,1188.0,1208.0,1201.0
Gujarat,Gandhinagar,Rice,Kharif,1248.0,1254.0,2146.0,2313.0,2330.0,2501.0,2471.0,2334.0,2244.0
Gujarat,Gandhinagar,Rice,Summer,,2664.0,2563.0,3000.0,3000.0,2922.0,2900.0,2816.0,2738.0
Gujarat,Gandhinagar,Shree Anna /Nutri Cereals,Kharif,1415.0,1903.0,1821.0,1568.0,1518.0,1420.0,1581.0,1476.0,1366.0
Gujarat,Gandhinagar,Shree Anna /Nutri Cereals,Rabi,,1286.0,,,,,,,
Gujarat,Gandhinagar,Shree Anna /Nutri Cereals,Summer,3116.0,3455.0,3507.0,3632.0,3084.0,3359.0,3322.0,3382.0,3134.0
Gujarat,Gandhinagar,Small Millets,Rabi,,1286.0,,,,,,,
Gujarat,Gandhinagar,Tur,Kharif,1132.0,1241.0,1209.0,984.0,1167.0,1200.0,1143.0,1163.0,1162.0
Gujarat,Gandhinagar,Urad,Kharif,608.0,635.0,662.0,649.0,667.0,593.0,611.0,643.0,570.0
Gujarat,Gandhinagar,Urad,Summer,,,1333.0,,,,,,
Gujarat,Gandhinagar,Wheat,Rabi,3332.0,3486.0,3493.0,3533.0,3503.0,3641.0,3665.0,3464.0,3256.0
Gujarat,Gir Somnath,Bajra,Kharif,1372.0,1649.0,1603.0,1898.0,1529.0,3418.0,2485.0,2423.0,2838.0
Gujarat,Gir Somnath,Bajra,Summer,2494.0,2922.0,2923.0,2872.0,2779.0,3299.0,3647.0,3562.0,3256.0
Gujarat,Gir Somnath,Gram,Rabi,1124.0,1285.0,1358.0,1900.0,2232.0,2219.0,2178.0,2035.0,2180.0
Gujarat,Gir Somnath,Jowar,Rabi,,,,,,1178.0,2398.0,2189.0,2545.0
Gujarat,Gir Somnath,Maize,Rabi,,,2583.0,2500.0,,2527.0,2750.0,2806.0,
Gujarat,Gir Somnath,Moong,Kharif,455.0,572.0,313.0,632.0,420.0,450.0,587.0,588.0,497.0
Gujarat,Gir Somnath,Moong,Rabi,,,,,,,,638.0,
Gujarat,Gir Somnath,Moong,Summer,,,,1036.0,1147.0,1509.0,1570.0,1465.0,1524.0
Gujarat,Gir Somnath,Rice,Kharif,,,,,1667.0,2000.0,1900.0,1904.0,2012.0
Gujarat,Gir Somnath,Shree Anna /Nutri Cereals,Kharif,1372.0,1649.0,1603.0,1898.0,1529.0,3418.0,2485.0,2423.0,2301.0
Gujarat,Gir Somnath,Shree Anna /Nutri Cereals,Rabi,,,,,,1628.0,2398.0,2189.0,2545.0
Gujarat,Gir Somnath,Shree Anna /Nutri Cereals,Summer,2494.0,2922.0,2923.0,2872.0,2779.0,3299.0,3647.0,3562.0,3256.0
Gujarat,Gir Somnath,Small Millets,Kharif,,,,,,,,,782.0
Gujarat,Gir Somnath,Small Millets,Rabi,,,,,,1900.0,2397.0,,
Gujarat,Gir Somnath,Tur,Kharif,1131.0,1243.0,1208.0,990.0,1186.0,1160.0,1163.0,1496.0,1687.0
Gujarat,Gir Somnath,Urad,Kharif,608.0,633.0,583.0,600.0,650.0,1225.0,610.0,643.0,570.0
Gujarat,Gir Somnath,Urad,Summer,,,,,1100.0,1490.0,1225.0,1445.0,1400.0
Gujarat,Gir Somnath,Wheat,Rabi,2580.0,3032.0,3567.0,3883.0,3526.0,4394.0,4045.0,3723.0,3921.0
Gujarat,Jamnagar,Bajra,Kharif,1535.0,1649.0,1399.0,1750.0,1556.0,1667.0,,,1844.0
Gujarat,Jamnagar,Bajra,Summer,2496.0,2918.0,,2873.0,2777.0,2913.0,2971.0,2960.0,2882.0
Gujarat,Jamnagar,Gram,Rabi,1062.0,1212.0,1227.0,1666.0,1807.0,1974.0,2009.0,2136.0,2083.0
Gujarat,Jamnagar,Jowar,Kharif,,1400.0,1341.0,,,,,,
Gujarat,Jamnagar,Maize,Kharif,,,1783.0,,,,,,
Gujarat,Jamnagar,Maize,Rabi,,2278.0,,,,,,,
Gujarat,Jamnagar,Maize,Summer,,,,,,,,2000.0,
Gujarat,Jamnagar,Moong,Kharif,454.0,1017.0,766.0,784.0,264.0,349.0,1041.0,834.0,468.0
Gujarat,Jamnagar,Moong,Summer,649.0,727.0,1174.0,1045.0,1147.0,1325.0,800.0,1208.0,970.0
Gujarat,Jamnagar,Rice,Summer,,,,,3000.0,,,,
Gujarat,Jamnagar,Shree Anna /Nutri Cereals,Kharif,1535.0,1639.0,1387.0,1750.0,1556.0,1667.0,,,1844.0
Gujarat,Jamnagar,Shree Anna /Nutri Cereals,Summer,2496.0,2918.0,,2873.0,2777.0,2913.0,2971.0,2960.0,2882.0
Gujarat,Jamnagar,Tur,Kharif,1132.0,1243.0,1149.0,1628.0,2062.0,1160.0,1163.0,1650.0,1584.0
Gujarat,Jamnagar,Urad,Kharif,608.0,635.0,661.0,856.0,302.0,420.0,1134.0,1036.0,731.0
Gujarat,Jamnagar,Urad,Summer,1000.0,588.0,1333.0,1586.0,896.0,1255.0,955.0,1277.0,1068.0
Gujarat,Jamnagar,Wheat,Rabi,2829.0,3678.0,3485.0,3974.0,3783.0,3876.0,4248.0,4108.0,3795.0
Gujarat,Junagadh,Bajra,Kharif,1532.0,1649.0,1391.0,1744.0,1500.0,,1800.0,1776.0,
Gujarat,Junagadh,Bajra,Summer,2497.0,3147.0,2995.0,3843.0,2913.0,2820.0,2970.0,2397.0,2253.0
Gujarat,Junagadh,Gram,Rabi,1557.0,1642.0,2921.0,2439.0,2280.0,2098.0,1989.0,1818.0,1832.0
Gujarat,Junagadh,Jowar,Kharif,1533.0,,,1600.0,,,,1257.0,1366.0
Gujarat,Junagadh,Jowar,Rabi,1514.0,1321.0,1441.0,1164.0,1236.0,1178.0,1577.0,1800.0,1773.0
Gujarat,Junagadh,Maize,Kharif,,,,1400.0,,,,,
Gujarat,Junagadh,Maize,Rabi,,,2551.0,2511.0,2250.0,,,,
Gujarat,Junagadh,Maize,Summer,,,,,,,,,
Gujarat,Junagadh,Moong,Kharif,454.0,568.0,262.0,642.0,412.0,444.0,586.0,588.0,497.0
Gujarat,Junagadh,Moong,Rabi,,,,,,,,1025.0,
Gujarat,Junagadh,Moong,Summer,1050.0,1150.0,1807.0,926.0,1255.0,1283.0,1169.0,1373.0,1283.0
Gujarat,Junagadh,Shree Anna /Nutri Cereals,Kharif,1532.0,1649.0,1391.0,1735.0,1500.0,,1800.0,1303.0,1366.0
Gujarat,Junagadh,Shree Anna /Nutri Cereals,Rabi,1514.0,1321.0,1376.0,1231.0,1431.0,1287.0,1577.0,1800.0,1773.0
Gujarat,Junagadh,Shree Anna /Nutri Cereals,Summer,2497.0,3147.0,2995.0,3843.0,2913.0,2820.0,2970.0,2397.0,2253.0
Gujarat,Junagadh,Small Millets,Kharif,,,,,,,,1285.0,
Gujarat,Junagadh,Small Millets,Rabi,,,1301.0,1352.0,1550.0,1463.0,,,
Gujarat,Junagadh,Tur,Kharif,1132.0,1243.0,1209.0,2693.0,2685.0,1209.0,2174.0,3135.0,1759.0
Gujarat,Junagadh,Urad,Kharif,921.0,693.0,674.0,703.0,1411.0,659.0,611.0,1323.0,1654.0
Gujarat,Junagadh,Urad,Summer,1150.0,1050.0,1478.0,1738.0,1100.0,1595.0,1485.0,1470.0,1433.0
Gujarat,Junagadh,Wheat,Rabi,3554.0,3824.0,4557.0,4770.0,4388.0,4016.0,3998.0,3800.0,3723.0
Gujarat,Kachchh,Bajra,Kharif,962.0,1403.0,525.0,1194.0,475.0,922.0,1247.0,1256.0,1756.0
Gujarat,Kachchh,Bajra,Summer,2218.0,2919.0,1478.0,2234.0,2370.0,2431.0,1953.0,1857.0,2207.0
Gujarat,Kachchh,Gram,Rabi,1123.0,1284.0,1357.0,1568.0,1750.0,1908.0,1698.0,1714.0,1841.0
Gujarat,Kachchh,Jowar,Kharif,1540.0,1393.0,1336.0,,,,,1257.0,
Gujarat,Kachchh,Maize,Kharif,1688.0,1548.0,,,,,,,
Gujarat,Kachchh,Maize,Rabi,2285.0,,,,,,,,2656.0
Gujarat,Kachchh,Maize,Summer,2098.0,2107.0,,2286.0,,2350.0,,,2340.0
Gujarat,Kachchh,Moong,Kharif,414.0,558.0,110.0,617.0,386.0,395.0,553.0,574.0,510.0
Gujarat,Kachchh,Moong,Summer,719.0,722.0,1178.0,1045.0,1148.0,1325.0,1169.0,1208.0,1201.0
Gujarat,Kachchh,Shree Anna /Nutri Cereals,Kharif,1302.0,1398.0,918.0,1194.0,475.0,922.0,1247.0,1256.0,1756.0
Gujarat,Kachchh,Shree Anna /Nutri Cereals,Summer,2218.0,2919.0,1478.0,2234.0,2370.0,2431.0,1953.0,1857.0,2207.0
Gujarat,Kachchh,Tur,Kharif,1133.0,1238.0,,1000.0,1200.0,,1165.0,1163.0,1162.0
Gujarat,Kachchh,Urad,Kharif,608.0,635.0,580.0,430.0,517.0,593.0,651.0,537.0,570.0
Gujarat,Kachchh,Urad,Summer,,,,,596.0,,,600.0,
Gujarat,Kachchh,Wheat,Rabi,2824.0,2897.0,2652.0,2923.0,2909.0,2971.0,2710.0,2798.0,2817.0
Gujarat,Kheda,Bajra,Kharif,1411.0,1370.0,1518.0,1508.0,1665.0,1551.0,1859.0,1592.0,1542.0
Gujarat,Kheda,Bajra,Summer,2586.0,2770.0,3463.0,2844.0,2560.0,2990.0,3008.0,2791.0,2938.0
Gujarat,Kheda,Gram,Rabi,1124.0,1285.0,1359.0,1568.0,1761.0,1907.0,1465.0,2188.0,1988.0
Gujarat,Kheda,Jowar,Kharif,,,,,,1432.0,1376.0,1257.0,1366.0
Gujarat,Kheda,Jowar,Rabi,1545.0,,,1158.0,,1167.0,,1800.0,1773.0
Gujarat,Kheda,Maize,Kharif,2319.0,1549.0,1770.0,1499.0,1521.0,1949.0,1906.0,2013.0,1474.0
Gujarat,Kheda,Maize,Rabi,2000.0,1940.0,2957.0,3000.0,2274.0,2531.0,2748.0,2806.0,2656.0
Gujarat,Kheda,Maize,Summer,2089.0,2054.0,2050.0,2400.0,2198.0,2290.0,2233.0,2235.0,2276.0
Gujarat,Kheda,Moong,Kharif,459.0,600.0,270.0,561.0,437.0,442.0,555.0,588.0,497.0
Gujarat,Kheda,Moong,Summer,570.0,599.0,1246.0,1045.0,1147.0,1325.0,1171.0,1208.0,1201.0
Gujarat,Kheda,Rice,Kharif,2585.0,2578.0,3185.0,2690.0,2881.0,2828.0,2898.0,2732.0,2548.0
Gujarat,Kheda,Rice,Summer,3357.0,2893.0,3200.0,3117.0,2996.0,3181.0,3068.0,2816.0,2520.0
Gujarat,Kheda,Shree Anna /Nutri Cereals,Kharif,1411.0,1370.0,1518.0,1508.0,1665.0,1550.0,1852.0,1717.0,1758.0
Gujarat,Kheda,Shree Anna /Nutri Cereals,Rabi,1545.0,1996.0,1996.0,1789.0,751.0,1408.0,3180.0,1800.0,1773.0
Gujarat,Kheda,Shree Anna /Nutri Cereals,Summer,2586.0,2770.0,3463.0,2844.0,2560.0,2990.0,3008.0,2791.0,2938.0
Gujarat,Kheda,Small Millets,Kharif,,,,,,,,2726.0,2412.0
Gujarat,Kheda,Small Millets,Rabi,,1996.0,1996.0,1800.0,751.0,1418.0,3180.0,,
Gujarat,Kheda,Tur,Kharif,1131.0,1243.0,1210.0,990.0,1186.0,1159.0,1164.0,1163.0,1162.0
Gujarat,Kheda,Urad,Kharif,608.0,634.0,830.0,709.0,667.0,594.0,612.0,643.0,570.0
Gujarat,Kheda,Urad,Summer,667.0,667.0,1458.0,1600.0,750.0,1500.0,1333.0,,
Gujarat,Kheda,Wheat,Rabi,2745.0,2837.0,3241.0,3349.0,3026.0,2967.0,3047.0,2813.0,2743.0
Gujarat,Mahesana,Bajra,Kharif,1297.0,1545.0,1484.0,1708.0,1171.0,1792.0,1730.0,1555.0,1913.0
Gujarat,Mahesana,Bajra,Summer,3017.0,3225.0,3209.0,3248.0,2649.0,3066.0,3044.0,2956.0,2924.0
Gujarat,Mahesana,Gram,Rabi,1124.0,1285.0,1359.0,1569.0,1762.0,1907.0,1700.0,1767.0,2065.0
Gujarat,Mahesana,Jowar,Kharif,,1391.0,,,,,1371.0,1257.0,1366.0
Gujarat,Mahesana,Maize,Kharif,1680.0,1550.0,1786.0,1497.0,1521.0,1948.0,1906.0,2013.0,1474.0
Gujarat,Mahesana,Maize,Rabi,,2200.0,,2275.0,2277.0,2532.0,2748.0,2806.0,2655.0
Gujarat,Mahesana,Maize,Summer,,2143.0,,2086.0,,,,,2181.0
Gujarat,Mahesana,Moong,Kharif,385.0,577.0,320.0,399.0,436.0,389.0,574.0,588.0,497.0
Gujarat,Mahesana,Moong,Summer,816.0,471.0,1182.0,1044.0,1146.0,1324.0,1173.0,1208.0,1201.0
Gujarat,Mahesana,Rice,Kharif,2365.0,2389.0,2449.0,1949.0,2191.0,2289.0,2320.0,2198.0,2260.0
Gujarat,Mahesana,Rice,Summer,3256.0,2664.0,,2947.0,3000.0,2926.0,2897.0,2816.0,2738.0
Gujarat,Mahesana,Shree Anna /Nutri Cereals,Kharif,1297.0,1542.0,1484.0,1708.0,1171.0,1792.0,1725.0,1539.0,1790.0
Gujarat,Mahesana,Shree Anna /Nutri Cereals,Rabi,,3000.0,,,,1452.0,2502.0,,
Gujarat,Mahesana,Shree Anna /Nutri Cereals,Summer,3017.0,3225.0,3209.0,3248.0,2649.0,3066.0,3044.0,2956.0,2924.0
Gujarat,Mahesana,Small Millets,Kharif,,,,,,,,1460.0,1174.0
Gujarat,Mahesana,Small Millets,Rabi,,3000.0,,,,1452.0,2502.0,,
Gujarat,Mahesana,Tur,Kharif,1131.0,1241.0,1209.0,1000.0,1185.0,1163.0,1152.0,1163.0,1162.0
Gujarat,Mahesana,Urad,Kharif,429.0,802.0,677.0,459.0,591.0,403.0,614.0,515.0,591.0
Gujarat,Mahesana,Urad,Summer,,,,,1000.0,,,,420.0
Gujarat,Mahesana,Wheat,Rabi,3080.0,3327.0,3379.0,3467.0,3390.0,3293.0,3169.0,3194.0,3090.0
Gujarat,Mahisagar,Bajra,Kharif,1463.0,998.0,2134.0,1286.0,1476.0,1960.0,2137.0,2290.0,1844.0
Gujarat,Mahisagar,Bajra,Summer,1795.0,1787.0,2050.0,2539.0,2244.0,2529.0,2488.0,2598.0,2311.0
Gujarat,Mahisagar,Gram,Rabi,1062.0,1070.0,1375.0,1143.0,1154.0,1428.0,1346.0,1351.0,1432.0
Gujarat,Mahisagar,Jowar,Kharif,1540.0,1385.0,1320.0,1524.0,1488.0,,,,
Gujarat,Mahisagar,Jowar,Rabi,,1319.0,,,,,,,
Gujarat,Mahisagar,Maize,Kharif,1228.0,1179.0,1429.0,1223.0,1038.0,2103.0,1843.0,2397.0,2090.0
Gujarat,Mahisagar,Maize,Rabi,2500.0,2511.0,2320.0,2170.0,2180.0,2450.0,2856.0,2343.0,2205.0
Gujarat,Mahisagar,Maize,Summer,2501.0,2500.0,2538.0,1982.0,2019.0,2205.0,2013.0,2040.0,2010.0
Gujarat,Mahisagar,Moong,Kharif,455.0,568.0,333.0,611.0,412.0,447.0,583.0,588.0,497.0
Gujarat,Mahisagar,Moong,Summer,1000.0,1000.0,1192.0,1178.0,1563.0,1219.0,1604.0,1440.0,1140.0
Gujarat,Mahisagar,Ragi,Kharif,,,,,,,,,835.0
Gujarat,Mahisagar,Rice,Kharif,1624.0,1154.0,1437.0,1891.0,1219.0,1750.0,2529.0,2234.0,2505.0
Gujarat,Mahisagar,Rice,Summer,3255.0,2664.0,2199.0,2949.0,3000.0,2923.0,2899.0,2816.0,2738.0
Gujarat,Mahisagar,Shree Anna /Nutri Cereals,Kharif,1464.0,1001.0,2130.0,1295.0,1478.0,1960.0,2137.0,2290.0,1715.0
Gujarat,Mahisagar,Shree Anna /Nutri Cereals,Rabi,,1319.0,,,,,,,
Gujarat,Mahisagar,Shree Anna /Nutri Cereals,Summer,1795.0,1787.0,2050.0,2539.0,2244.0,2529.0,2488.0,2598.0,2311.0
Gujarat,Mahisagar,Tur,Kharif,2151.0,1653.0,1447.0,792.0,713.0,879.0,728.0,605.0,675.0
Gujarat,Mahisagar,Urad,Kharif,607.0,635.0,580.0,604.0,665.0,594.0,611.0,643.0,570.0
Gujarat,Mahisagar,Wheat,Rabi,2294.0,2292.0,2725.0,2762.0,2522.0,2815.0,3016.0,2067.0,2591.0
Gujarat,Morbi,Bajra,Kharif,2508.0,3350.0,2564.0,2793.0,1930.0,1296.0,1134.0,1776.0,1844.0
Gujarat,Morbi,Bajra,Summer,1132.0,3094.0,3197.0,3153.0,2692.0,2914.0,2970.0,3696.0,2882.0
Gujarat,Morbi,Gram,Rabi,1124.0,1285.0,2149.0,2105.0,2112.0,1971.0,1781.0,1513.0,1649.0
Gujarat,Morbi,Jowar,Kharif,,,1339.0,,1484.0,1433.0,,,
Gujarat,Morbi,Jowar,Rabi,,1321.0,1321.0,,1235.0,,,,
Gujarat,Morbi,Maize,Kharif,,,1769.0,1400.0,,,,,
Gujarat,Morbi,Maize,Rabi,,1561.0,2553.0,2550.0,2280.0,,,,
Gujarat,Morbi,Maize,Summer,,1248.0,1000.0,2500.0,,,,,
Gujarat,Morbi,Moong,Kharif,454.0,567.0,333.0,642.0,413.0,444.0,586.0,588.0,497.0
Gujarat,Morbi,Moong,Summer,1500.0,1525.0,1181.0,1397.0,1232.0,1325.0,,1208.0,1201.0
Gujarat,Morbi,Rice,Kharif,,,,1600.0,,,,,
Gujarat,Morbi,Shree Anna /Nutri Cereals,Kharif,2508.0,3350.0,2470.0,2793.0,1893.0,1371.0,1134.0,1776.0,1844.0
Gujarat,Morbi,Shree Anna /Nutri Cereals,Rabi,,1716.0,1803.0,1700.0,1837.0,,,,
Gujarat,Morbi,Shree Anna /Nutri Cereals,Summer,1132.0,3094.0,3197.0,3153.0,2692.0,2914.0,2970.0,3696.0,2882.0
Gujarat,Morbi,Small Millets,Rabi,,1875.0,1875.0,1700.0,2100.0,,,,
Gujarat,Morbi,Tur,Kharif,1133.0,1243.0,1209.0,992.0,1183.0,1160.0,1163.0,1406.0,720.0
Gujarat,Morbi,Urad,Kharif,608.0,635.0,580.0,819.0,679.0,593.0,356.0,617.0,296.0
Gujarat,Morbi,Urad,Summer,1400.0,1390.0,1478.0,1400.0,1400.0,921.0,,900.0,800.0
Gujarat,Morbi,Wheat,Rabi,3784.0,3788.0,4105.0,4177.0,4253.0,3580.0,3515.0,3178.0,3395.0
Gujarat,Narmada,Bajra,Kharif,1571.0,1650.0,1400.0,1737.0,1520.0,1629.0,1800.0,,1844.0
Gujarat,Narmada,Bajra,Summer,1708.0,2918.0,2914.0,2872.0,2789.0,2911.0,2969.0,2960.0,2882.0
Gujarat,Narmada,Gram,Rabi,885.0,1067.0,1358.0,1118.0,1226.0,1195.0,1699.0,1410.0,1420.0
Gujarat,Narmada,Jowar,Kharif,1136.0,1312.0,1344.0,1424.0,1343.0,1447.0,1444.0,1452.0,1447.0
Gujarat,Narmada,Jowar,Rabi,1242.0,445.0,843.0,1165.0,1236.0,1178.0,1577.0,1800.0,1773.0
Gujarat,Narmada,Maize,Kharif,1430.0,1493.0,1767.0,1813.0,1813.0,1818.0,1816.0,1826.0,1832.0
Gujarat,Narmada,Maize,Rabi,2208.0,2236.0,2139.0,2180.0,2273.0,2530.0,2747.0,2343.0,2190.0
Gujarat,Narmada,Maize,Summer,2177.0,2194.0,2190.0,2186.0,2100.0,2300.0,2190.0,2078.0,2272.0
Gujarat,Narmada,Moong,Kharif,453.0,571.0,253.0,844.0,411.0,450.0,583.0,588.0,497.0
Gujarat,Narmada,Moong,Summer,485.0,502.0,1180.0,1054.0,1148.0,1324.0,1170.0,1208.0,1201.0
Gujarat,Narmada,Rice,Kharif,536.0,787.0,854.0,999.0,1015.0,1026.0,1027.0,992.0,1000.0
Gujarat,Narmada,Shree Anna /Nutri Cereals,Kharif,1137.0,1318.0,1345.0,1447.0,1344.0,1449.0,1445.0,1452.0,1457.0
Gujarat,Narmada,Shree Anna /Nutri Cereals,Rabi,1242.0,447.0,843.0,1165.0,1236.0,1178.0,1671.0,1800.0,1773.0
Gujarat,Narmada,Shree Anna /Nutri Cereals,Summer,1708.0,2918.0,2914.0,2872.0,2789.0,2911.0,2969.0,2960.0,2882.0
Gujarat,Narmada,Small Millets,Rabi,,714.0,,,,,2475.0,,
Gujarat,Narmada,Tur,Kharif,839.0,905.0,1054.0,1039.0,1090.0,1109.0,1104.0,1010.0,1130.0
Gujarat,Narmada,Urad,Kharif,745.0,636.0,874.0,888.0,665.0,875.0,874.0,643.0,570.0
Gujarat,Narmada,Urad,Summer,,,,,897.0,,,900.0,
Gujarat,Narmada,Wheat,Rabi,1883.0,2824.0,3083.0,3336.0,2802.0,2808.0,2757.0,2676.0,2538.0
Gujarat,Navsari,Gram,Rabi,629.0,880.0,971.0,812.0,818.0,993.0,783.0,674.0,866.0
Gujarat,Navsari,Jowar,Kharif,1500.0,1409.0,1333.0,1500.0,1487.0,1441.0,1357.0,1257.0,1366.0
Gujarat,Navsari,Jowar,Rabi,2763.0,1312.0,1027.0,1166.0,1233.0,1173.0,1580.0,1800.0,1773.0
Gujarat,Navsari,Maize,Kharif,1625.0,1542.0,,,1500.0,1938.0,1889.0,,1474.0
Gujarat,Navsari,Maize,Rabi,2169.0,2177.0,949.0,951.0,2273.0,2530.0,2747.0,2806.0,2656.0
Gujarat,Navsari,Maize,Summer,,,,2300.0,914.0,1400.0,1053.0,1010.0,1004.0
Gujarat,Navsari,Moong,Kharif,400.0,,,,,,,588.0,
Gujarat,Navsari,Moong,Summer,557.0,563.0,1182.0,1045.0,1147.0,1326.0,1171.0,1208.0,1201.0
Gujarat,Navsari,Ragi,Kharif,1265.0,909.0,795.0,842.0,,,,,
Gujarat,Navsari,Rice,Kharif,2619.0,2471.0,2659.0,2656.0,2718.0,2738.0,2915.0,2827.0,2905.0
Gujarat,Navsari,Rice,Summer,2907.0,2760.0,3100.0,2312.0,2756.0,2823.0,2804.0,2880.0,2971.0
Gujarat,Navsari,Shree Anna /Nutri Cereals,Kharif,1318.0,1109.0,1168.0,1162.0,1487.0,1441.0,1357.0,1257.0,1366.0
Gujarat,Navsari,Shree Anna /Nutri Cereals,Rabi,2763.0,1312.0,1027.0,1166.0,1233.0,1173.0,1580.0,1800.0,1773.0
Gujarat,Navsari,Tur,Kharif,571.0,931.0,854.0,902.0,726.0,1160.0,1162.0,1163.0,1162.0
Gujarat,Navsari,Urad,Kharif,561.0,590.0,677.0,620.0,665.0,595.0,608.0,643.0,570.0
Gujarat,Navsari,Urad,Summer,,625.0,1500.0,1583.0,655.0,649.0,696.0,700.0,700.0
Gujarat,Navsari,Wheat,Rabi,2729.0,3079.0,3081.0,3341.0,3280.0,3250.0,3212.0,3072.0,3058.0
Gujarat,Panch Mahals,Bajra,Kharif,1529.0,1648.0,1396.0,1738.0,1533.0,1639.0,1775.0,1776.0,1844.0
Gujarat,Panch Mahals,Bajra,Summer,2312.0,2100.0,2124.0,2012.0,1723.0,1921.0,1948.0,1981.0,2172.0
Gujarat,Panch Mahals,Gram,Rabi,1017.0,1025.0,1001.0,1273.0,1210.0,1162.0,1699.0,1714.0,1841.0
Gujarat,Panch Mahals,Jowar,Kharif,,1368.0,1333.0,1526.0,1489.0,,,1257.0,
Gujarat,Panch Mahals,Jowar,Rabi,,,1175.0,,,,,,
Gujarat,Panch Mahals,Maize,Kharif,1942.0,1513.0,1621.0,1478.0,1283.0,1444.0,1580.0,2372.0,1169.0
Gujarat,Panch Mahals,Maize,Rabi,2500.0,2500.0,2261.0,2350.0,2176.0,2017.0,2250.0,2728.0,2658.0
Gujarat,Panch Mahals,Maize,Summer,2500.0,2501.0,2500.0,2349.0,2446.0,2481.0,2449.0,2450.0,2490.0
Gujarat,Panch Mahals,Moong,Kharif,459.0,563.0,338.0,633.0,412.0,441.0,586.0,588.0,497.0
Gujarat,Panch Mahals,Moong,Summer,1000.0,1000.0,1181.0,1046.0,1148.0,1325.0,1171.0,1208.0,1201.0
Gujarat,Panch Mahals,Ragi,Kharif,,,,872.0,1231.0,,,,835.0
Gujarat,Panch Mahals,Rice,Kharif,966.0,990.0,1083.0,1759.0,1469.0,1349.0,1694.0,1806.0,1871.0
Gujarat,Panch Mahals,Rice,Summer,3252.0,2665.0,1848.0,1880.0,2999.0,2925.0,1786.0,2816.0,2000.0
Gujarat,Panch Mahals,Shree Anna /Nutri Cereals,Kharif,1529.0,1636.0,1388.0,1613.0,1509.0,1639.0,1775.0,1768.0,1794.0
Gujarat,Panch Mahals,Shree Anna /Nutri Cereals,Rabi,,800.0,878.0,,,,,,
Gujarat,Panch Mahals,Shree Anna /Nutri Cereals,Summer,2312.0,2100.0,2124.0,2012.0,1723.0,1921.0,1948.0,1981.0,2172.0
Gujarat,Panch Mahals,Small Millets,Rabi,,800.0,803.0,,,,,,
Gujarat,Panch Mahals,Tur,Kharif,1569.0,1758.0,1475.0,1297.0,1369.0,1410.0,1565.0,1572.0,1476.0
Gujarat,Panch Mahals,Urad,Kharif,832.0,969.0,815.0,642.0,607.0,608.0,610.0,643.0,570.0
Gujarat,Panch Mahals,Urad,Summer,,800.0,1429.0,1571.0,855.0,762.0,1065.0,980.0,980.0
Gujarat,Panch Mahals,Wheat,Rabi,1618.0,1915.0,1974.0,2247.0,2260.0,2225.0,2289.0,2587.0,2517.0
Gujarat,Patan,Bajra,Kharif,1145.0,169.0,1387.0,881.0,522.0,1161.0,2142.0,1539.0,1090.0
Gujarat,Patan,Bajra,Summer,2933.0,3016.0,2998.0,2950.0,3208.0,2848.0,2933.0,2901.0,2650.0
Gujarat,Patan,Gram,Rabi,832.0,686.0,702.0,1324.0,1467.0,1566.0,1204.0,1420.0,1446.0
Gujarat,Patan,Jowar,Kharif,1541.0,1393.0,1336.0,,,1432.0,,1257.0,1366.0
Gujarat,Patan,Maize,Kharif,,1550.0,,,1600.0,1950.0,,,
Gujarat,Patan,Maize,Rabi,,2286.0,,,,,,,
Gujarat,Patan,Maize,Summer,,2075.0,,,,,,,
Gujarat,Patan,Moong,Kharif,472.0,457.0,425.0,384.0,143.0,417.0,541.0,565.0,459.0
Gujarat,Patan,Moong,Summer,,667.0,,1000.0,,1250.0,,1208.0,1201.0
Gujarat,Patan,Rice,Summer,,2665.0,,,,,,,
Gujarat,Patan,Shree Anna /Nutri Cereals,Kharif,1247.0,301.0,1368.0,881.0,522.0,1170.0,2142.0,1601.0,1205.0
Gujarat,Patan,Shree Anna /Nutri Cereals,Rabi,,,,,,1457.0,1650.0,,
Gujarat,Patan,Shree Anna /Nutri Cereals,Summer,2933.0,3016.0,2998.0,2950.0,3208.0,2848.0,2933.0,2901.0,2650.0
Gujarat,Patan,Small Millets,Kharif,,,,,,,,2414.0,2238.0
Gujarat,Patan,Small Millets,Rabi,,,,,,1457.0,1650.0,,
Gujarat,Patan,Tur,Kharif,1137.0,1243.0,1211.0,1000.0,1186.0,1159.0,1163.0,1163.0,1162.0
Gujarat,Patan,Urad,Kharif,545.0,539.0,271.0,452.0,303.0,319.0,448.0,498.0,375.0
Gujarat,Patan,Wheat,Rabi,2686.0,2695.0,2800.0,3018.0,2781.0,2904.0,2783.0,2704.0,2563.0
Gujarat,Porbandar,Bajra,Kharif,1540.0,,,,,,,,
Gujarat,Porbandar,Bajra,Summer,2489.0,2920.0,2900.0,2871.0,2800.0,2913.0,2971.0,2960.0,2882.0
Gujarat,Porbandar,Gram,Rabi,1959.0,1632.0,1345.0,2107.0,1823.0,2029.0,2199.0,2063.0,2442.0
Gujarat,Porbandar,Jowar,Kharif,1541.0,,1337.0,,,1433.0,,,
Gujarat,Porbandar,Jowar,Rabi,1764.0,1590.0,1159.0,1255.0,1338.0,1321.0,1812.0,2001.0,1651.0
Gujarat,Porbandar,Maize,Summer,,,,,,,1650.0,,
Gujarat,Porbandar,Moong,Kharif,698.0,861.0,333.0,629.0,420.0,442.0,600.0,588.0,497.0
Gujarat,Porbandar,Moong,Rabi,,,,,,,,686.0,
Gujarat,Porbandar,Moong,Summer,1433.0,1129.0,,1045.0,1037.0,1450.0,1244.0,1266.0,1169.0
Gujarat,Porbandar,Shree Anna /Nutri Cereals,Kharif,1541.0,,1337.0,,,1433.0,,,
Gujarat,Porbandar,Shree Anna /Nutri Cereals,Rabi,1764.0,1590.0,1159.0,1255.0,1338.0,1321.0,1812.0,2001.0,1651.0
Gujarat,Porbandar,Shree Anna /Nutri Cereals,Summer,2489.0,2920.0,2900.0,2871.0,2800.0,2913.0,2971.0,2960.0,2882.0
Gujarat,Porbandar,Tur,Kharif,1120.0,,,1000.0,1200.0,1163.0,1150.0,1163.0,1162.0
Gujarat,Porbandar,Urad,Kharif,747.0,633.0,586.0,600.0,,592.0,,,570.0
Gujarat,Porbandar,Urad,Summer,,700.0,1500.0,1578.0,600.0,960.0,900.0,1292.0,1241.0
Gujarat,Porbandar,Wheat,Rabi,2815.0,3419.0,3143.0,3514.0,3387.0,3700.0,3859.0,3396.0,3169.0
Gujarat,Rajkot,Bajra,Kharif,1600.0,1649.0,1397.0,1738.0,1535.0,1638.0,1788.0,1776.0,1844.0
Gujarat,Rajkot,Bajra,Summer,2496.0,2919.0,2913.0,2873.0,2779.0,2914.0,2970.0,2960.0,2882.0
Gujarat,Rajkot,Gram,Rabi,837.0,2179.0,1180.0,2003.0,2046.0,2195.0,2008.0,2082.0,2334.0
Gujarat,Rajkot,Jowar,Kharif,1540.0,,1336.0,1519.0,1490.0,1436.0,,,
Gujarat,Rajkot,Jowar,Rabi,,1311.0,1319.0,,,,,,
Gujarat,Rajkot,Maize,Kharif,1677.0,1550.0,1771.0,1485.0,1500.0,1958.0,,,1474.0
Gujarat,Rajkot,Maize,Rabi,,2299.0,2567.0,,,,,,
Gujarat,Rajkot,Maize,Summer,,2318.0,2319.0,2201.0,2253.0,,,2000.0,
Gujarat,Rajkot,Moong,Kharif,455.0,577.0,299.0,616.0,421.0,444.0,585.0,588.0,497.0
Gujarat,Rajkot,Moong,Summer,1145.0,1416.0,1179.0,1045.0,1148.0,1325.0,1170.0,1208.0,1201.0
Gujarat,Rajkot,Rice,Kharif,,,,,,1952.0,,,
Gujarat,Rajkot,Rice,Summer,,,,,3000.0,,,,
Gujarat,Rajkot,Shree Anna /Nutri Cereals,Kharif,1541.0,1649.0,1373.0,1697.0,1527.0,1606.0,1788.0,1776.0,1844.0
Gujarat,Rajkot,Shree Anna /Nutri Cereals,Rabi,,1311.0,1319.0,,,,,,
Gujarat,Rajkot,Shree Anna /Nutri Cereals,Summer,2496.0,2919.0,2913.0,2873.0,2779.0,2914.0,2970.0,2960.0,2882.0
Gujarat,Rajkot,Tur,Kharif,1132.0,1243.0,2618.0,2257.0,1419.0,1637.0,1959.0,1656.0,2006.0
Gujarat,Rajkot,Urad,Kharif,608.0,635.0,580.0,605.0,665.0,593.0,611.0,643.0,570.0
Gujarat,Rajkot,Urad,Summer,1000.0,1210.0,1488.0,1586.0,990.0,1470.0,1386.0,1368.0,1344.0
Gujarat,Rajkot,Wheat,Rabi,3678.0,3643.0,3917.0,3551.0,3787.0,3800.0,3854.0,3964.0,3858.0
Gujarat,Sabar Kantha,Bajra,Kharif,1141.0,1477.0,1395.0,1249.0,1534.0,1638.0,2614.0,1776.0,1844.0
Gujarat,Sabar Kantha,Bajra,Summer,2999.0,3322.0,3319.0,3473.0,3104.0,3109.0,3085.0,3323.0,2820.0
Gujarat,Sabar Kantha,Gram,Rabi,1124.0,1285.0,1358.0,1568.0,1998.0,2164.0,2080.0,1817.0,1954.0
Gujarat,Sabar Kantha,Jowar,Kharif,,1500.0,1250.0,,,,,,
Gujarat,Sabar Kantha,Maize,Kharif,1623.0,1785.0,1760.0,1600.0,2349.0,2975.0,2323.0,2522.0,2108.0
Gujarat,Sabar Kantha,Maize,Rabi,,9500.0,6000.0,5800.0,2291.0,2530.0,2748.0,2603.0,3084.0
Gujarat,Sabar Kantha,Maize,Summer,2168.0,2168.0,2100.0,3500.0,3000.0,2830.0,4000.0,2400.0,2250.0
Gujarat,Sabar Kantha,Moong,Kharif,597.0,670.0,947.0,544.0,995.0,1369.0,1194.0,779.0,497.0
Gujarat,Sabar Kantha,Moong,Summer,1100.0,1200.0,979.0,1300.0,1260.0,1113.0,1011.0,798.0,1201.0
Gujarat,Sabar Kantha,Rice,Kharif,2852.0,3615.0,3410.0,2615.0,2955.0,2964.0,3301.0,2943.0,3056.0
Gujarat,Sabar Kantha,Rice,Summer,,,,,,,,2816.0,
Gujarat,Sabar Kantha,Shree Anna /Nutri Cereals,Kharif,1141.0,1478.0,1381.0,1249.0,1534.0,1638.0,2614.0,1776.0,1844.0
Gujarat,Sabar Kantha,Shree Anna /Nutri Cereals,Summer,2999.0,3322.0,3319.0,3473.0,3104.0,3109.0,3085.0,3323.0,2820.0
Gujarat,Sabar Kantha,Tur,Kharif,1179.0,1275.0,997.0,1368.0,1403.0,1338.0,1396.0,1155.0,1193.0
Gujarat,Sabar Kantha,Urad,Kharif,558.0,801.0,1016.0,667.0,1029.0,751.0,633.0,679.0,770.0
Gujarat,Sabar Kantha,Urad,Summer,500.0,667.0,1500.0,,,,667.0,,
Gujarat,Sabar Kantha,Wheat,Rabi,2868.0,3253.0,3348.0,3443.0,3284.0,3539.0,3235.0,3040.0,2962.0
Gujarat,Surat,Bajra,Kharif,,,1500.0,1700.0,,1667.0,,1776.0,1844.0
Gujarat,Surat,Bajra,Summer,2491.0,2923.0,,,2750.0,2920.0,2964.0,2960.0,
Gujarat,Surat,Gram,Rabi,1123.0,1285.0,1358.0,1568.0,1762.0,1908.0,1699.0,1714.0,1841.0
Gujarat,Surat,Jowar,Kharif,1745.0,1380.0,1135.0,1304.0,1054.0,1275.0,1182.0,1299.0,1271.0
Gujarat,Surat,Jowar,Rabi,905.0,885.0,1830.0,818.0,782.0,912.0,1245.0,1157.0,1117.0
Gujarat,Surat,Maize,Kharif,1613.0,1551.0,1770.0,1803.0,1557.0,1694.0,2346.0,1459.0,1321.0
Gujarat,Surat,Maize,Rabi,1575.0,1592.0,1891.0,1576.0,2273.0,2530.0,2747.0,2806.0,2656.0
Gujarat,Surat,Maize,Summer,1247.0,930.0,930.0,1100.0,1099.0,2080.0,2150.0,2082.0,1831.0
Gujarat,Surat,Moong,Kharif,454.0,567.0,334.0,643.0,414.0,444.0,586.0,588.0,497.0
Gujarat,Surat,Moong,Summer,665.0,675.0,1181.0,1045.0,1147.0,1325.0,1170.0,1055.0,830.0
Gujarat,Surat,Ragi,Kharif,,,,,,,,820.0,835.0
Gujarat,Surat,Rice,Kharif,2443.0,2653.0,2448.0,2360.0,2310.0,2158.0,2296.0,2322.0,2048.0
Gujarat,Surat,Rice,Summer,2962.0,2465.0,3199.0,2926.0,2743.0,2791.0,2593.0,2570.0,2360.0
Gujarat,Surat,Shree Anna /Nutri Cereals,Kharif,1745.0,1380.0,1135.0,1305.0,1054.0,1275.0,1182.0,1299.0,1271.0
Gujarat,Surat,Shree Anna /Nutri Cereals,Rabi,905.0,855.0,1818.0,818.0,782.0,912.0,1247.0,1157.0,1117.0
Gujarat,Surat,Shree Anna /Nutri Cereals,Summer,2491.0,2923.0,,,2750.0,2920.0,2964.0,2960.0,
Gujarat,Surat,Small Millets,Rabi,,532.0,529.0,,,,2200.0,,
Gujarat,Surat,Tur,Kharif,1414.0,2544.0,2309.0,1157.0,1103.0,1485.0,1205.0,934.0,883.0
Gujarat,Surat,Urad,Kharif,989.0,904.0,1082.0,1267.0,518.0,991.0,1014.0,1252.0,803.0
Gujarat,Surat,Urad,Summer,722.0,724.0,1483.0,1556.0,857.0,969.0,1009.0,1010.0,984.0
Gujarat,Surat,Wheat,Rabi,2591.0,2721.0,2512.0,2576.0,2653.0,2557.0,2567.0,2478.0,2470.0
Gujarat,Surendranagar,Bajra,Kharif,1066.0,2027.0,1162.0,1654.0,1448.0,1292.0,1430.0,1521.0,1330.0
Gujarat,Surendranagar,Bajra,Summer,2158.0,2918.0,2911.0,2873.0,2779.0,2914.0,2970.0,2960.0,2882.0
Gujarat,Surendranagar,Gram,Rabi,730.0,890.0,688.0,1319.0,1377.0,1949.0,1476.0,1669.0,1626.0
Gujarat,Surendranagar,Jowar,Kharif,,1400.0,,,,,,,
Gujarat,Surendranagar,Maize,Kharif,,1600.0,,,,,,,
Gujarat,Surendranagar,Maize,Rabi,,,,2500.0,,,,,
Gujarat,Surendranagar,Moong,Kharif,457.0,588.0,348.0,915.0,419.0,444.0,586.0,588.0,497.0
Gujarat,Surendranagar,Moong,Summer,599.0,522.0,,1047.0,1148.0,,1167.0,1208.0,1201.0
Gujarat,Surendranagar,Rice,Kharif,2597.0,1854.0,1569.0,1275.0,2089.0,2469.0,1887.0,2466.0,1056.0
Gujarat,Surendranagar,Rice,Summer,,,,,3000.0,2924.0,2898.0,2816.0,2738.0
Gujarat,Surendranagar,Shree Anna /Nutri Cereals,Kharif,1066.0,2023.0,1162.0,1654.0,1448.0,1292.0,1430.0,1521.0,1330.0
Gujarat,Surendranagar,Shree Anna /Nutri Cereals,Rabi,,,,,1700.0,,,,
Gujarat,Surendranagar,Shree Anna /Nutri Cereals,Summer,2158.0,2918.0,2911.0,2873.0,2779.0,2914.0,2970.0,2960.0,2882.0
Gujarat,Surendranagar,Small Millets,Rabi,,,,,1700.0,,,,
Gujarat,Surendranagar,Tur,Kharif,1132.0,1241.0,1216.0,985.0,1186.0,1160.0,1245.0,925.0,1131.0
Gujarat,Surendranagar,Urad,Kharif,608.0,636.0,206.0,250.0,666.0,1090.0,557.0,317.0,563.0
Gujarat,Surendranagar,Urad,Summer,560.0,,,,640.0,,,,
Gujarat,Surendranagar,Wheat,Rabi,2847.0,3065.0,2189.0,2533.0,2996.0,3205.0,2996.0,2557.0,2574.0
Gujarat,Tapi,Bajra,Summer,,,,2867.0,2773.0,2914.0,2977.0,2960.0,2882.0
Gujarat,Tapi,Gram,Rabi,920.0,1068.0,1324.0,1066.0,1267.0,1437.0,1258.0,1287.0,1097.0
Gujarat,Tapi,Jowar,Kharif,2281.0,2289.0,1791.0,2151.0,2388.0,2040.0,1762.0,1230.0,1684.0
Gujarat,Tapi,Jowar,Rabi,1137.0,717.0,1800.0,862.0,1298.0,1067.0,1218.0,1355.0,1240.0
Gujarat,Tapi,Maize,Kharif,3248.0,3733.0,3010.0,2972.0,3145.0,2776.0,1990.0,1471.0,1970.0
Gujarat,Tapi,Maize,Rabi,1350.0,1350.0,1951.0,1625.0,2273.0,2530.0,2747.0,2806.0,2656.0
Gujarat,Tapi,Maize,Summer,2033.0,2036.0,2035.0,1200.0,1200.0,2260.0,4052.0,2755.0,2534.0
Gujarat,Tapi,Moong,Kharif,453.0,569.0,333.0,643.0,418.0,436.0,588.0,588.0,
Gujarat,Tapi,Moong,Summer,730.0,800.0,1181.0,635.0,1006.0,777.0,758.0,906.0,1033.0
Gujarat,Tapi,Ragi,Kharif,,,,,,,,,835.0
Gujarat,Tapi,Rice,Kharif,2637.0,2540.0,3202.0,2878.0,3040.0,2945.0,3012.0,2609.0,2997.0
Gujarat,Tapi,Rice,Summer,3252.0,2664.0,3099.0,3057.0,2355.0,2496.0,2332.0,2816.0,3392.0
Gujarat,Tapi,Shree Anna /Nutri Cereals,Kharif,2281.0,2289.0,1791.0,2151.0,2388.0,2040.0,1762.0,1230.0,1681.0
Gujarat,Tapi,Shree Anna /Nutri Cereals,Rabi,1137.0,717.0,1800.0,862.0,1297.0,1067.0,1218.0,1355.0,1240.0
Gujarat,Tapi,Shree Anna /Nutri Cereals,Summer,,,,2867.0,2773.0,2914.0,2977.0,2960.0,2882.0
Gujarat,Tapi,Small Millets,Rabi,,,,,1000.0,,,,
Gujarat,Tapi,Tur,Kharif,868.0,579.0,1351.0,713.0,681.0,768.0,695.0,745.0,749.0
Gujarat,Tapi,Urad,Kharif,709.0,784.0,507.0,720.0,862.0,773.0,610.0,643.0,570.0
Gujarat,Tapi,Urad,Summer,,940.0,1500.0,1577.0,786.0,933.0,1238.0,950.0,1000.0
Gujarat,Tapi,Wheat,Rabi,2587.0,2364.0,2791.0,2819.0,3099.0,3026.0,3008.0,3187.0,2533.0
Gujarat,Vadodara,Bajra,Kharif,2441.0,2021.0,1649.0,1930.0,1677.0,1851.0,,1776.0,
Gujarat,Vadodara,Bajra,Summer,2019.0,2342.0,2241.0,2486.0,2247.0,2212.0,2457.0,2309.0,2360.0
Gujarat,Vadodara,Gram,Rabi,1122.0,1285.0,1450.0,1569.0,1761.0,1907.0,1698.0,1714.0,1841.0
Gujarat,Vadodara,Jowar,Kharif,,,,1525.0,1487.0,1500.0,,,
Gujarat,Vadodara,Jowar,Rabi,,1320.0,983.0,1166.0,1236.0,1177.0,1578.0,1800.0,3065.0
Gujarat,Vadodara,Maize,Kharif,1972.0,1550.0,1771.0,1499.0,1521.0,1951.0,1911.0,2013.0,1474.0
Gujarat,Vadodara,Maize,Rabi,2029.0,1420.0,2257.0,1896.0,2713.0,3172.0,2634.0,2739.0,2754.0
Gujarat,Vadodara,Maize,Summer,2027.0,1552.0,1551.0,1815.0,1566.0,1843.0,1610.0,1778.0,1610.0
Gujarat,Vadodara,Moong,Kharif,457.0,570.0,340.0,619.0,415.0,450.0,581.0,588.0,497.0
Gujarat,Vadodara,Moong,Rabi,,,,,,,,281.0,
Gujarat,Vadodara,Moong,Summer,532.0,500.0,1180.0,1045.0,1148.0,1325.0,1170.0,1208.0,1201.0
Gujarat,Vadodara,Rice,Kharif,2160.0,2091.0,2165.0,2019.0,2074.0,2013.0,2066.0,1989.0,1984.0
Gujarat,Vadodara,Rice,Summer,3252.0,2665.0,3252.0,2950.0,2008.0,2422.0,2227.0,2155.0,2088.0
Gujarat,Vadodara,Shree Anna /Nutri Cereals,Kharif,2441.0,2021.0,1649.0,1913.0,1596.0,1839.0,,1776.0,1949.0
Gujarat,Vadodara,Shree Anna /Nutri Cereals,Rabi,,1323.0,988.0,1176.0,1236.0,1177.0,1577.0,1800.0,3065.0
Gujarat,Vadodara,Shree Anna /Nutri Cereals,Summer,2019.0,2342.0,2241.0,2486.0,2247.0,2212.0,2457.0,2309.0,2360.0
Gujarat,Vadodara,Small Millets,Kharif,,,,,,,,,1949.0
Gujarat,Vadodara,Small Millets,Rabi,,1500.0,1455.0,1500.0,,,1500.0,,
Gujarat,Vadodara,Tur,Kharif,1151.0,1233.0,1299.0,1195.0,1243.0,1231.0,1345.0,1140.0,1210.0
Gujarat,Vadodara,Urad,Kharif,613.0,622.0,575.0,605.0,663.0,597.0,,643.0,570.0
Gujarat,Vadodara,Urad,Summer,636.0,,1462.0,,900.0,1000.0,,830.0,
Gujarat,Vadodara,Wheat,Rabi,2609.0,2668.0,2583.0,2352.0,2472.0,2393.0,2829.0,2662.0,2547.0
Gujarat,Valsad,Gram,Rabi,577.0,719.0,822.0,792.0,1762.0,892.0,905.0,1016.0,1076.0
Gujarat,Valsad,Jowar,Kharif,1548.0,1400.0,1320.0,,,,,,
Gujarat,Valsad,Jowar,Rabi,1515.0,1320.0,800.0,1170.0,1225.0,,,,
Gujarat,Valsad,Maize,Rabi,,1600.0,2500.0,,,,,,
Gujarat,Valsad,Moong,Kharif,,,,,,,,,497.0
Gujarat,Valsad,Moong,Summer,500.0,500.0,1221.0,1048.0,1150.0,1322.0,1171.0,1208.0,1201.0
Gujarat,Valsad,Ragi,Kharif,754.0,726.0,698.0,707.0,683.0,682.0,684.0,689.0,626.0
Gujarat,Valsad,Rice,Kharif,2700.0,2564.0,2477.0,2321.0,2479.0,2570.0,2584.0,2678.0,2472.0
Gujarat,Valsad,Rice,Summer,3252.0,2479.0,3121.0,3099.0,2999.0,2924.0,2899.0,2816.0,2738.0
Gujarat,Valsad,Shree Anna /Nutri Cereals,Kharif,759.0,733.0,701.0,707.0,683.0,682.0,684.0,689.0,626.0
Gujarat,Valsad,Shree Anna /Nutri Cereals,Rabi,1515.0,1320.0,800.0,1170.0,1225.0,,,,
Gujarat,Valsad,Tur,Kharif,755.0,1243.0,487.0,611.0,679.0,695.0,744.0,649.0,651.0
Gujarat,Valsad,Urad,Kharif,633.0,628.0,657.0,557.0,549.0,547.0,560.0,578.0,637.0
Gujarat,Valsad,Urad,Summer,,,,,,1136.0,,,
Gujarat,Valsad,Wheat,Rabi,,3000.0,,,,,,,
Haryana,Ambala,Bajra,Kharif,2000.0,1500.0,,2000.0,2372.0,2316.0,3000.0,2200.0,2225.0
Haryana,Ambala,Barley,Rabi,,,,4000.0,3000.0,3077.0,3500.0,3714.0,
Haryana,Ambala,Gram,Rabi,,,,1000.0,1000.0,1222.0,,,
Haryana,Ambala,Jowar,Kharif,,,,1000.0,,714.0,,527.0,
Haryana,Ambala,Lentil,Rabi,800.0,971.0,502.0,800.0,800.0,800.0,,,
Haryana,Ambala,Maize,Kharif,2333.0,,5000.0,4750.0,3593.0,3945.0,3455.0,4642.0,3714.0
Haryana,Ambala,Moong,Kharif,,,500.0,500.0,500.0,200.0,,,
Haryana,Ambala,Rice,Kharif,3843.0,3894.0,3259.0,3965.0,4150.0,4107.0,3719.0,4275.0,4233.0
Haryana,Ambala,Shree Anna /Nutri Cereals,Kharif,2000.0,1500.0,,1909.0,2372.0,2110.0,3000.0,1991.0,2225.0
Haryana,Ambala,Tur,Kharif,,,1000.0,,,1000.0,,,
Haryana,Ambala,Urad,Kharif,333.0,301.0,600.0,583.0,608.0,,,,
Haryana,Ambala,Wheat,Rabi,4506.0,4651.0,4750.0,4182.0,5060.0,4107.0,4639.0,4433.0,4640.0
Haryana,Bhiwani,Bajra,Kharif,1700.0,1236.0,1448.0,1644.0,1861.0,1758.0,2273.0,2003.0,2484.0
Haryana,Bhiwani,Barley,Rabi,3608.0,3452.0,3720.0,3430.0,3164.0,3266.0,2953.0,3516.0,3488.0
Haryana,Bhiwani,Gram,Rabi,994.0,775.0,1006.0,796.0,874.0,989.0,604.0,809.0,1372.0
Haryana,Bhiwani,Jowar,Kharif,533.0,,,524.0,533.0,,500.0,,
Haryana,Bhiwani,Maize,Kharif,,2000.0,,2833.0,2000.0,4000.0,,3685.0,3714.0
Haryana,Bhiwani,Moong,Kharif,137.0,447.0,700.0,686.0,,0.0,362.0,442.0,890.0
Haryana,Bhiwani,Rice,Kharif,2286.0,2521.0,1769.0,2030.0,2276.0,2099.0,2781.0,2808.0,3805.0
Haryana,Bhiwani,Shree Anna /Nutri Cereals,Kharif,1669.0,1234.0,1448.0,1635.0,1858.0,1758.0,2270.0,2003.0,2484.0
Haryana,Bhiwani,Tur,Kharif,167.0,1167.0,1240.0,1242.0,1239.0,1200.0,,,
Haryana,Bhiwani,Urad,Kharif,,,,,600.0,,,,
Haryana,Bhiwani,Wheat,Rabi,4322.0,4325.0,4425.0,4186.0,4239.0,4271.0,4098.0,4311.0,4735.0
Haryana,Charkhi Dadri,Bajra,Kharif,,751.0,1838.0,1980.0,2241.0,2010.0,2300.0,1716.0,2230.0
Haryana,Charkhi Dadri,Barley,Rabi,,3476.0,4357.0,3935.0,3525.0,3235.0,3275.0,3405.0,3988.0
Haryana,Charkhi Dadri,Gram,Rabi,,1154.0,1692.0,1322.0,1973.0,1846.0,1043.0,1169.0,1627.0
Haryana,Charkhi Dadri,Jowar,Kharif,,500.0,529.0,,,524.0,521.0,527.0,527.0
Haryana,Charkhi Dadri,Lentil,Rabi,,,,,,800.0,,,
Haryana,Charkhi Dadri,Maize,Kharif,,,,3000.0,667.0,0.0,,,
Haryana,Charkhi Dadri,Moong,Kharif,,714.0,916.0,916.0,916.0,914.0,983.0,948.0,834.0
Haryana,Charkhi Dadri,Rice,Kharif,,1840.0,2400.0,2133.0,2472.0,1849.0,2445.0,2579.0,3175.0
Haryana,Charkhi Dadri,Shree Anna /Nutri Cereals,Kharif,,739.0,1780.0,1980.0,2241.0,1974.0,2270.0,1706.0,2214.0
Haryana,Charkhi Dadri,Tur,Kharif,,1222.0,1212.0,1214.0,1214.0,1213.0,,,
Haryana,Charkhi Dadri,Wheat,Rabi,,4117.0,5000.0,4569.0,4988.0,4124.0,3660.0,4250.0,4591.0
Haryana,Faridabad,Bajra,Kharif,2250.0,1857.0,3333.0,2231.0,2309.0,1650.0,2025.0,2236.0,1963.0
Haryana,Faridabad,Barley,Rabi,4000.0,3500.0,4000.0,,2846.0,2063.0,3714.0,3714.0,3653.0
Haryana,Faridabad,Gram,Rabi,,,,,,0.0,,,
Haryana,Faridabad,Jowar,Kharif,500.0,500.0,500.0,524.0,527.0,526.0,525.0,527.0,527.0
Haryana,Faridabad,Maize,Kharif,,,,3000.0,3000.0,3000.0,3500.0,3685.0,3714.0
Haryana,Faridabad,Moong,Kharif,,,602.0,238.0,500.0,500.0,333.0,655.0,898.0
Haryana,Faridabad,Rice,Kharif,2750.0,2700.0,2769.0,2509.0,2615.0,2218.0,2659.0,2743.0,2874.0
Haryana,Faridabad,Shree Anna /Nutri Cereals,Kharif,1900.0,1419.0,2625.0,1819.0,2008.0,1349.0,1662.0,1776.0,1854.0
Haryana,Faridabad,Tur,Kharif,1000.0,1100.0,1205.0,,1214.0,1205.0,,,
Haryana,Faridabad,Wheat,Rabi,4700.0,4453.0,5135.0,4195.0,3370.0,3916.0,4139.0,4531.0,4135.0
Haryana,Fatehabad,Bajra,Kharif,2300.0,2083.0,2500.0,2364.0,2519.0,2282.0,2446.0,2426.0,2767.0
Haryana,Fatehabad,Barley,Rabi,3727.0,3778.0,4200.0,3966.0,3240.0,2868.0,3677.0,4052.0,4037.0
Haryana,Fatehabad,Gram,Rabi,1800.0,1769.0,2000.0,1300.0,1494.0,1648.0,1614.0,1335.0,1612.0
Haryana,Fatehabad,Jowar,Kharif,,,,,1000.0,,1000.0,527.0,527.0
Haryana,Fatehabad,Maize,Kharif,,,,,2778.0,1622.0,2000.0,3685.0,3714.0
Haryana,Fatehabad,Moong,Kharif,1000.0,583.0,598.0,592.0,598.0,589.0,647.0,859.0,779.0
Haryana,Fatehabad,Rice,Kharif,4190.0,4356.0,3992.0,3898.0,4222.0,4057.0,4190.0,4212.0,4272.0
Haryana,Fatehabad,Shree Anna /Nutri Cereals,Kharif,2300.0,2083.0,2500.0,2364.0,2513.0,2282.0,2441.0,2398.0,2759.0
Haryana,Fatehabad,Tur,Kharif,1000.0,1000.0,,,,0.0,,,
Haryana,Fatehabad,Wheat,Rabi,5265.0,5384.0,5385.0,4854.0,5037.0,4665.0,5139.0,4986.0,5308.0
Haryana,Gurugram,Bajra,Kharif,1894.0,1912.0,2344.0,2773.0,2629.0,2710.0,2670.0,2291.0,2187.0
Haryana,Gurugram,Barley,Rabi,4700.0,4625.0,4857.0,4760.0,3429.0,3718.0,4647.0,4112.0,4170.0
Haryana,Gurugram,Gram,Rabi,,,,,1000.0,1083.0,1000.0,,
Haryana,Gurugram,Jowar,Kharif,500.0,667.0,500.0,522.0,522.0,,526.0,527.0,527.0
Haryana,Gurugram,Maize,Kharif,,,,3000.0,3000.0,2941.0,3000.0,,3714.0
Haryana,Gurugram,Moong,Kharif,,,667.0,500.0,500.0,500.0,400.0,,898.0
Haryana,Gurugram,Rice,Kharif,2364.0,2577.0,2800.0,2907.0,2870.0,2778.0,2870.0,2289.0,2978.0
Haryana,Gurugram,Shree Anna /Nutri Cereals,Kharif,1850.0,1900.0,2310.0,2741.0,2604.0,2710.0,2638.0,2276.0,2180.0
Haryana,Gurugram,Tur,Kharif,,1180.0,1152.0,1154.0,1154.0,,,,
Haryana,Gurugram,Urad,Kharif,,,667.0,,,,,,
Haryana,Gurugram,Wheat,Rabi,4667.0,4907.0,4953.0,5064.0,4741.0,4673.0,4499.0,4403.0,4039.0
Haryana,Hisar,Bajra,Kharif,1921.0,1783.0,2000.0,1989.0,2128.0,2438.0,2694.0,2395.0,2160.0
Haryana,Hisar,Barley,Rabi,3567.0,3778.0,3842.0,3592.0,3538.0,3388.0,3749.0,3160.0,3788.0
Haryana,Hisar,Gram,Rabi,1267.0,1425.0,1658.0,1132.0,981.0,1380.0,1152.0,1041.0,1839.0
Haryana,Hisar,Jowar,Kharif,,,,,531.0,,529.0,,
Haryana,Hisar,Lentil,Rabi,,1000.0,750.0,1000.0,,800.0,,,
Haryana,Hisar,Maize,Kharif,3000.0,2000.0,,4571.0,3750.0,3913.0,3500.0,3685.0,2048.0
Haryana,Hisar,Moong,Kharif,533.0,433.0,700.0,696.0,699.0,700.0,606.0,875.0,936.0
Haryana,Hisar,Rice,Kharif,2735.0,2686.0,2474.0,2553.0,2925.0,2882.0,3096.0,3156.0,3248.0
Haryana,Hisar,Shree Anna /Nutri Cereals,Kharif,1921.0,1783.0,2000.0,1989.0,2102.0,2438.0,2672.0,2395.0,2160.0
Haryana,Hisar,Tur,Kharif,1000.0,949.0,1000.0,1000.0,1000.0,1000.0,,,
Haryana,Hisar,Wheat,Rabi,4757.0,4915.0,4957.0,4560.0,4972.0,4644.0,4990.0,4546.0,4883.0
Haryana,Jhajjar,Bajra,Kharif,2208.0,1564.0,2421.0,2375.0,2507.0,2070.0,2368.0,2180.0,2224.0
Haryana,Jhajjar,Barley,Rabi,4059.0,3720.0,4231.0,4424.0,3837.0,3829.0,4121.0,4543.0,3815.0
Haryana,Jhajjar,Gram,Rabi,1500.0,1333.0,1000.0,1556.0,1909.0,1033.0,889.0,1025.0,1688.0
Haryana,Jhajjar,Jowar,Kharif,530.0,522.0,529.0,538.0,526.0,0.0,526.0,,526.0
Haryana,Jhajjar,Maize,Kharif,3000.0,1000.0,3000.0,2875.0,3333.0,3120.0,3333.0,3685.0,3714.0
Haryana,Jhajjar,Moong,Kharif,,,375.0,375.0,367.0,375.0,500.0,655.0,898.0
Haryana,Jhajjar,Rice,Kharif,2162.0,2442.0,2600.0,2562.0,2699.0,2685.0,2791.0,2781.0,3169.0
Haryana,Jhajjar,Shree Anna /Nutri Cereals,Kharif,1715.0,1384.0,2134.0,2363.0,2247.0,1694.0,2052.0,2180.0,2075.0
Haryana,Jhajjar,Tur,Kharif,,1176.0,1586.0,1587.0,1584.0,1586.0,,,
Haryana,Jhajjar,Wheat,Rabi,5086.0,4654.0,4762.0,4809.0,4531.0,4400.0,4355.0,4715.0,4616.0
Haryana,Jind,Bajra,Kharif,1789.0,1719.0,1818.0,2076.0,2359.0,2369.0,2580.0,2321.0,2183.0
Haryana,Jind,Barley,Rabi,2000.0,4333.0,4000.0,4381.0,4417.0,4561.0,4667.0,3152.0,4054.0
Haryana,Jind,Gram,Rabi,1000.0,2000.0,2000.0,1500.0,2000.0,1188.0,1000.0,,1390.0
Haryana,Jind,Jowar,Kharif,667.0,,,,,,,,527.0
Haryana,Jind,Maize,Kharif,,,,1778.0,2667.0,3333.0,3000.0,,3714.0
Haryana,Jind,Moong,Kharif,,,500.0,571.0,571.0,500.0,400.0,655.0,898.0
Haryana,Jind,Rice,Kharif,2585.0,2763.0,2709.0,2958.0,3195.0,3331.0,3291.0,4230.0,3310.0
Haryana,Jind,Shree Anna /Nutri Cereals,Kharif,1769.0,1719.0,1818.0,2076.0,2359.0,2369.0,2580.0,2321.0,2180.0
Haryana,Jind,Tur,Kharif,1000.0,1100.0,1000.0,,,1000.0,,,
Haryana,Jind,Wheat,Rabi,4866.0,5047.0,5242.0,4807.0,5011.0,4660.0,4871.0,4886.0,4922.0
Haryana,Kaithal,Bajra,Kharif,2080.0,2000.0,2000.0,2000.0,2000.0,2141.0,2654.0,2177.0,1735.0
Haryana,Kaithal,Barley,Rabi,,,,,3333.0,3333.0,4000.0,,
Haryana,Kaithal,Gram,Rabi,,,,1000.0,1000.0,1174.0,1000.0,,
Haryana,Kaithal,Jowar,Kharif,,,,667.0,667.0,0.0,,,
Haryana,Kaithal,Lentil,Rabi,,500.0,571.0,,1000.0,,,,
Haryana,Kaithal,Maize,Kharif,,,,2833.0,3000.0,3333.0,3500.0,,3714.0
Haryana,Kaithal,Moong,Kharif,,,,500.0,455.0,500.0,,,
Haryana,Kaithal,Rice,Kharif,3407.0,3864.0,3117.0,3565.0,4006.0,4033.0,4354.0,4253.0,4060.0
Haryana,Kaithal,Shree Anna /Nutri Cereals,Kharif,2080.0,2000.0,2000.0,1937.0,1957.0,2103.0,2654.0,2177.0,1735.0
Haryana,Kaithal,Tur,Kharif,,,1000.0,,,,,,
Haryana,Kaithal,Wheat,Rabi,4977.0,4832.0,4916.0,4605.0,4949.0,4623.0,4707.0,5135.0,4865.0
Haryana,Karnal,Bajra,Kharif,2000.0,1500.0,2000.0,2000.0,2000.0,2338.0,2500.0,2200.0,2225.0
Haryana,Karnal,Barley,Rabi,3500.0,,,4000.0,3000.0,3220.0,,3714.0,3653.0
Haryana,Karnal,Gram,Rabi,1000.0,,1000.0,1000.0,1000.0,1231.0,1000.0,1025.0,1688.0
Haryana,Karnal,Jowar,Kharif,,,,1000.0,,0.0,529.0,527.0,527.0
Haryana,Karnal,Lentil,Rabi,1000.0,1000.0,507.0,1000.0,1000.0,1000.0,,,
Haryana,Karnal,Maize,Kharif,3000.0,3000.0,,2833.0,3300.0,4815.0,3333.0,3685.0,3714.0
Haryana,Karnal,Moong,Kharif,,,500.0,600.0,600.0,500.0,,,
Haryana,Karnal,Rice,Kharif,3171.0,3799.0,3349.0,3760.0,4448.0,3868.0,3970.0,4242.0,4292.0
Haryana,Karnal,Shree Anna /Nutri Cereals,Kharif,2000.0,1500.0,2000.0,1909.0,2000.0,2195.0,852.0,1865.0,788.0
Haryana,Karnal,Tur,Kharif,1000.0,1000.0,1000.0,1000.0,,,,,
Haryana,Karnal,Urad,Kharif,,,600.0,500.0,,,,,
Haryana,Karnal,Wheat,Rabi,5213.0,4923.0,5641.0,4846.0,5181.0,5105.0,5385.0,4761.0,4896.0
Haryana,Kurukshetra,Bajra,Kharif,,,,,2000.0,0.0,,,
Haryana,Kurukshetra,Barley,Rabi,,,,4000.0,3500.0,3333.0,,,3653.0
Haryana,Kurukshetra,Gram,Rabi,,1000.0,,,1000.0,1186.0,,,
Haryana,Kurukshetra,Jowar,Kharif,550.0,,,,,,,,
Haryana,Kurukshetra,Lentil,Rabi,1000.0,1000.0,500.0,1000.0,1000.0,1000.0,,,
Haryana,Kurukshetra,Maize,Kharif,3077.0,4000.0,,2667.0,2488.0,2865.0,3333.0,3685.0,3714.0
Haryana,Kurukshetra,Moong,Kharif,,659.0,500.0,501.0,501.0,200.0,,,
Haryana,Kurukshetra,Rice,Kharif,4304.0,4180.0,3496.0,4483.0,4580.0,4767.0,4520.0,4825.0,4732.0
Haryana,Kurukshetra,Shree Anna /Nutri Cereals,Kharif,550.0,,,,2000.0,0.0,,,
Haryana,Kurukshetra,Tur,Kharif,,,,,1000.0,,,,
Haryana,Kurukshetra,Urad,Kharif,500.0,471.0,453.0,448.0,450.0,,,,
Haryana,Kurukshetra,Wheat,Rabi,4774.0,4821.0,4956.0,4712.0,5154.0,4256.0,4782.0,4776.0,4571.0
Haryana,Mahendragarh,Bajra,Kharif,2300.0,1505.0,2061.0,2492.0,2540.0,2802.0,2673.0,2311.0,2239.0
Haryana,Mahendragarh,Barley,Rabi,3200.0,3000.0,3400.0,3395.0,3455.0,3472.0,3306.0,3714.0,2813.0
Haryana,Mahendragarh,Gram,Rabi,1283.0,927.0,1489.0,1249.0,933.0,1243.0,1201.0,924.0,1401.0
Haryana,Mahendragarh,Jowar,Kharif,1000.0,500.0,1000.0,667.0,500.0,471.0,1000.0,527.0,527.0
Haryana,Mahendragarh,Lentil,Rabi,,800.0,500.0,,,,,,
Haryana,Mahendragarh,Maize,Kharif,,,,,,0.0,,,3714.0
Haryana,Mahendragarh,Moong,Kharif,1000.0,471.0,503.0,437.0,500.0,503.0,553.0,655.0,898.0
Haryana,Mahendragarh,Rice,Kharif,,,,,,,,3822.0,3766.0
Haryana,Mahendragarh,Shree Anna /Nutri Cereals,Kharif,2299.0,1503.0,2060.0,2491.0,2540.0,2800.0,2672.0,2310.0,2239.0
Haryana,Mahendragarh,Tur,Kharif,1000.0,1000.0,1000.0,,,1000.0,,,
Haryana,Mahendragarh,Wheat,Rabi,4720.0,4267.0,4740.0,4475.0,4841.0,4647.0,4428.0,4853.0,4518.0
Haryana,Nuh,Bajra,Kharif,1972.0,2365.0,2615.0,2764.0,2740.0,2672.0,2686.0,2326.0,2402.0
Haryana,Nuh,Barley,Rabi,3500.0,3500.0,3800.0,4205.0,3120.0,1171.0,3450.0,1587.0,2955.0
Haryana,Nuh,Gram,Rabi,1333.0,1500.0,1750.0,1706.0,1667.0,1667.0,1000.0,1025.0,1688.0
Haryana,Nuh,Jowar,Kharif,536.0,523.0,529.0,527.0,525.0,527.0,526.0,527.0,527.0
Haryana,Nuh,Lentil,Rabi,400.0,967.0,449.0,401.0,400.0,400.0,,,
Haryana,Nuh,Maize,Kharif,,,,3000.0,,0.0,,,
Haryana,Nuh,Moong,Kharif,,,400.0,417.0,364.0,400.0,1000.0,,898.0
Haryana,Nuh,Rice,Kharif,2316.0,2893.0,2727.0,2509.0,2160.0,2544.0,2149.0,2268.0,2510.0
Haryana,Nuh,Shree Anna /Nutri Cereals,Kharif,1567.0,1900.0,2101.0,2137.0,2312.0,2337.0,2375.0,2046.0,2111.0
Haryana,Nuh,Tur,Kharif,1000.0,1108.0,1000.0,1000.0,1000.0,1000.0,,,
Haryana,Nuh,Urad,Kharif,,,1000.0,,,,,,
Haryana,Nuh,Wheat,Rabi,4173.0,4316.0,4542.0,4604.0,4224.0,4262.0,3897.0,3911.0,4271.0
Haryana,Palwal,Bajra,Kharif,1920.0,2185.0,2714.0,2657.0,2667.0,2434.0,2300.0,2310.0,2116.0
Haryana,Palwal,Barley,Rabi,3000.0,3286.0,3571.0,3867.0,3400.0,3370.0,3313.0,4016.0,3788.0
Haryana,Palwal,Jowar,Kharif,533.0,519.0,529.0,526.0,524.0,527.0,526.0,527.0,527.0
Haryana,Palwal,Lentil,Rabi,,1000.0,1000.0,,,400.0,,,
Haryana,Palwal,Maize,Kharif,,,,3000.0,3000.0,3134.0,,3685.0,
Haryana,Palwal,Moong,Kharif,,1000.0,500.0,500.0,500.0,484.0,333.0,655.0,898.0
Haryana,Palwal,Rice,Kharif,2714.0,2704.0,2750.0,2922.0,2979.0,2830.0,2652.0,3024.0,2820.0
Haryana,Palwal,Shree Anna /Nutri Cereals,Kharif,1305.0,1206.0,1621.0,1831.0,2098.0,1986.0,1870.0,1833.0,1835.0
Haryana,Palwal,Tur,Kharif,1000.0,1053.0,925.0,925.0,924.0,925.0,,,
Haryana,Palwal,Wheat,Rabi,4371.0,4549.0,4232.0,4837.0,4445.0,4641.0,4237.0,4503.0,4439.0
Haryana,Panchkula,Bajra,Kharif,,1778.0,3000.0,2500.0,2664.0,2572.0,3451.0,2200.0,1951.0
Haryana,Panchkula,Barley,Rabi,,4000.0,,,3000.0,4000.0,,3714.0,3653.0
Haryana,Panchkula,Gram,Rabi,1000.0,1000.0,1000.0,1000.0,500.0,844.0,1000.0,1025.0,1688.0
Haryana,Panchkula,Jowar,Kharif,,,,,,0.0,,,527.0
Haryana,Panchkula,Lentil,Rabi,1000.0,429.0,500.0,1000.0,1000.0,1000.0,,,
Haryana,Panchkula,Maize,Kharif,2875.0,3159.0,2565.0,2606.0,2796.0,2962.0,3328.0,3627.0,3742.0
Haryana,Panchkula,Moong,Kharif,,,,,,196.0,1000.0,,898.0
Haryana,Panchkula,Rice,Kharif,3516.0,3733.0,3909.0,3574.0,3577.0,4012.0,2586.0,4819.0,4052.0
Haryana,Panchkula,Shree Anna /Nutri Cereals,Kharif,,1778.0,3000.0,2500.0,2664.0,2563.0,3451.0,2200.0,1935.0
Haryana,Panchkula,Tur,Kharif,,1000.0,1190.0,1000.0,1000.0,1167.0,,,
Haryana,Panchkula,Urad,Kharif,500.0,333.0,502.0,,504.0,,,,
Haryana,Panchkula,Wheat,Rabi,3833.0,3739.0,3944.0,4170.0,3596.0,3772.0,3832.0,4071.0,3710.0
Haryana,Panipat,Bajra,Kharif,2000.0,2000.0,1750.0,1333.0,2607.0,2205.0,2515.0,2200.0,2225.0
Haryana,Panipat,Barley,Rabi,,,,4000.0,3000.0,3571.0,4000.0,3714.0,3653.0
Haryana,Panipat,Gram,Rabi,,1000.0,2000.0,667.0,2000.0,857.0,2000.0,,
Haryana,Panipat,Jowar,Kharif,,,,1000.0,571.0,435.0,526.0,,
Haryana,Panipat,Lentil,Rabi,,,500.0,1000.0,,1000.0,,,
Haryana,Panipat,Maize,Kharif,,,,3000.0,4333.0,2241.0,2765.0,3685.0,3714.0
Haryana,Panipat,Moong,Kharif,,,500.0,524.0,500.0,500.0,1000.0,,898.0
Haryana,Panipat,Rice,Kharif,2605.0,3057.0,2827.0,3097.0,3180.0,2830.0,3061.0,3409.0,3609.0
Haryana,Panipat,Shree Anna /Nutri Cereals,Kharif,2000.0,2000.0,1750.0,1323.0,2496.0,2072.0,1451.0,2200.0,2225.0
Haryana,Panipat,Tur,Kharif,,1250.0,1000.0,1000.0,1000.0,1000.0,,,
Haryana,Panipat,Urad,Kharif,,,500.0,600.0,,,,,
Haryana,Panipat,Wheat,Rabi,5110.0,5185.0,5217.0,4746.0,4936.0,4632.0,4473.0,5060.0,4851.0
Haryana,Rewari,Bajra,Kharif,2187.0,1953.0,2092.0,2158.0,2470.0,2042.0,2579.0,2290.0,1955.0
Haryana,Rewari,Barley,Rabi,4700.0,4500.0,4500.0,5038.0,4125.0,5000.0,4235.0,3714.0,4309.0
Haryana,Rewari,Gram,Rabi,,,,1000.0,1000.0,750.0,1000.0,1025.0,
Haryana,Rewari,Jowar,Kharif,500.0,500.0,667.0,525.0,516.0,535.0,529.0,527.0,527.0
Haryana,Rewari,Maize,Kharif,,,,,3000.0,3125.0,,,3714.0
Haryana,Rewari,Moong,Kharif,,,,533.0,571.0,500.0,226.0,511.0,898.0
Haryana,Rewari,Rice,Kharif,2000.0,2278.0,2500.0,2483.0,2857.0,1976.0,2449.0,2881.0,2667.0
Haryana,Rewari,Shree Anna /Nutri Cereals,Kharif,2177.0,1944.0,2086.0,2144.0,2463.0,2035.0,2566.0,2281.0,1953.0
Haryana,Rewari,Tur,Kharif,500.0,1167.0,1000.0,1000.0,1000.0,1000.0,,,
Haryana,Rewari,Urad,Kharif,,,,500.0,,,,,
Haryana,Rewari,Wheat,Rabi,5021.0,4898.0,4951.0,4406.0,4698.0,4579.0,4153.0,4750.0,4395.0
Haryana,Rohtak,Bajra,Kharif,1938.0,1856.0,2250.0,2019.0,2176.0,1816.0,2103.0,2245.0,1812.0
Haryana,Rohtak,Barley,Rabi,2850.0,2944.0,2750.0,2882.0,2529.0,2196.0,2593.0,2990.0,2775.0
Haryana,Rohtak,Gram,Rabi,1333.0,1333.0,1333.0,1364.0,1000.0,1474.0,1000.0,1512.0,1745.0
Haryana,Rohtak,Jowar,Kharif,531.0,521.0,524.0,525.0,524.0,527.0,,,
Haryana,Rohtak,Maize,Kharif,,3200.0,2750.0,3000.0,,3152.0,,,3714.0
Haryana,Rohtak,Moong,Kharif,,,,,667.0,700.0,,655.0,898.0
Haryana,Rohtak,Rice,Kharif,2038.0,2626.0,2729.0,2446.0,2826.0,2850.0,2926.0,3126.0,2899.0
Haryana,Rohtak,Shree Anna /Nutri Cereals,Kharif,1281.0,1132.0,1279.0,1694.0,1835.0,1330.0,2103.0,2245.0,1812.0
Haryana,Rohtak,Tur,Kharif,1125.0,1283.0,1078.0,1080.0,1077.0,1077.0,,,
Haryana,Rohtak,Wheat,Rabi,4596.0,4626.0,4568.0,4319.0,4792.0,4373.0,4170.0,4554.0,4476.0
Haryana,Sirsa,Bajra,Kharif,2350.0,1688.0,2750.0,2815.0,2361.0,2837.0,2432.0,2526.0,2332.0
Haryana,Sirsa,Barley,Rabi,3697.0,3774.0,4000.0,3929.0,3305.0,3667.0,3862.0,4325.0,3536.0
Haryana,Sirsa,Gram,Rabi,1382.0,1500.0,1706.0,1443.0,1289.0,1346.0,1453.0,1315.0,1751.0
Haryana,Sirsa,Jowar,Kharif,,,,500.0,500.0,476.0,571.0,527.0,527.0
Haryana,Sirsa,Lentil,Rabi,,,667.0,,1000.0,,,,
Haryana,Sirsa,Maize,Kharif,3000.0,2000.0,,3333.0,3000.0,1765.0,3400.0,3685.0,3714.0
Haryana,Sirsa,Moong,Kharif,660.0,581.0,596.0,561.0,594.0,599.0,804.0,740.0,793.0
Haryana,Sirsa,Rice,Kharif,3661.0,3378.0,3309.0,2745.0,3596.0,3524.0,3510.0,3515.0,3676.0
Haryana,Sirsa,Shree Anna /Nutri Cereals,Kharif,2350.0,1688.0,2750.0,2789.0,2355.0,2805.0,2398.0,2512.0,2310.0
Haryana,Sirsa,Tur,Kharif,1000.0,1000.0,1200.0,1333.0,,1200.0,,,
Haryana,Sirsa,Wheat,Rabi,5071.0,5062.0,5063.0,4863.0,4639.0,4293.0,4463.0,5005.0,5016.0
Haryana,Sonipat,Bajra,Kharif,2032.0,1271.0,1600.0,2567.0,2610.0,2230.0,2496.0,2388.0,2129.0
Haryana,Sonipat,Barley,Rabi,4000.0,,,,2000.0,3125.0,3000.0,3714.0,3136.0
Haryana,Sonipat,Gram,Rabi,,,,1000.0,2000.0,2500.0,,,
Haryana,Sonipat,Jowar,Kharif,540.0,512.0,525.0,527.0,526.0,526.0,526.0,527.0,527.0
Haryana,Sonipat,Maize,Kharif,4800.0,3000.0,2714.0,1750.0,2789.0,3310.0,3333.0,3685.0,3714.0
Haryana,Sonipat,Moong,Kharif,,,,600.0,500.0,500.0,500.0,655.0,898.0
Haryana,Sonipat,Rice,Kharif,2422.0,2546.0,2907.0,2683.0,3006.0,2676.0,2880.0,2856.0,2965.0
Haryana,Sonipat,Shree Anna /Nutri Cereals,Kharif,1366.0,951.0,1122.0,1670.0,2187.0,1884.0,1926.0,1600.0,1642.0
Haryana,Sonipat,Tur,Kharif,120.0,1190.0,1196.0,1200.0,1191.0,1196.0,,,
Haryana,Sonipat,Wheat,Rabi,5128.0,5070.0,4476.0,4892.0,5019.0,4720.0,4530.0,4479.0,4458.0
Haryana,Yamunanagar,Bajra,Kharif,,1000.0,2000.0,2000.0,2714.0,2295.0,2526.0,2200.0,2225.0
Haryana,Yamunanagar,Barley,Rabi,,,,,3333.0,4000.0,4000.0,,
Haryana,Yamunanagar,Gram,Rabi,1000.0,,,1000.0,1000.0,1189.0,1000.0,1025.0,1688.0
Haryana,Yamunanagar,Jowar,Kharif,,,,,,,,,527.0
Haryana,Yamunanagar,Lentil,Rabi,1000.0,786.0,506.0,1000.0,1000.0,1000.0,,,
Haryana,Yamunanagar,Maize,Kharif,3100.0,3750.0,,4792.0,4557.0,4475.0,4875.0,3685.0,3714.0
Haryana,Yamunanagar,Moong,Kharif,,,,1000.0,1000.0,270.0,500.0,,898.0
Haryana,Yamunanagar,Rice,Kharif,3933.0,4176.0,3526.0,4239.0,4368.0,4454.0,3409.0,4286.0,4621.0
Haryana,Yamunanagar,Shree Anna /Nutri Cereals,Kharif,,1000.0,2000.0,2000.0,2714.0,2295.0,2526.0,2200.0,1376.0
Haryana,Yamunanagar,Tur,Kharif,,,,,1000.0,,,,
Haryana,Yamunanagar,Urad,Kharif,5000.0,500.0,600.0,596.0,597.0,,,,
Haryana,Yamunanagar,Wheat,Rabi,4483.0,4783.0,4295.0,4893.0,5101.0,4510.0,5143.0,4769.0,5002.0
Himachal Pradesh,Bilaspur,Bajra,Kharif,,,500.0,1000.0,,,,,
Himachal Pradesh,Bilaspur,Barley,Rabi,969.0,1955.0,1947.0,1650.0,1339.0,1675.0,1577.0,1806.0,1754.0
Himachal Pradesh,Bilaspur,Gram,Rabi,78.0,1026.0,1000.0,1000.0,1333.0,1400.0,1333.0,1087.0,1455.0
Himachal Pradesh,Bilaspur,Jowar,Kharif,,,,,5000.0,667.0,,,
Himachal Pradesh,Bilaspur,Lentil,Rabi,,,,,1000.0,1000.0,1000.0,992.0,1052.0
Himachal Pradesh,Bilaspur,Maize,Kharif,1982.0,2818.0,2000.0,2220.0,2591.0,1746.0,2043.0,1797.0,1794.0
Himachal Pradesh,Bilaspur,Moong,Kharif,143.0,750.0,692.0,800.0,750.0,1000.0,,,
Himachal Pradesh,Bilaspur,Ragi,Kharif,,,600.0,1000.0,,,,,
Himachal Pradesh,Bilaspur,Rice,Kharif,2079.0,2090.0,2090.0,1980.0,12880.0,1890.0,1684.0,1660.0,951.0
Himachal Pradesh,Bilaspur,Shree Anna /Nutri Cereals,Kharif,,,538.0,824.0,5000.0,667.0,,,
Himachal Pradesh,Bilaspur,Small Millets,Kharif,,,,754.0,,,,,
Himachal Pradesh,Bilaspur,Tur,Kharif,,,333.0,1000.0,,900.0,,,
Himachal Pradesh,Bilaspur,Urad,Kharif,589.0,643.0,818.0,912.0,700.0,600.0,706.0,710.0,712.0
Himachal Pradesh,Bilaspur,Wheat,Rabi,649.0,1590.0,1650.0,2020.0,1315.0,2611.0,1315.0,2541.0,2266.0
Himachal Pradesh,Chamba,Barley,Rabi,1097.0,1932.0,1913.0,1630.0,1283.0,1410.0,1842.0,1633.0,1276.0
Himachal Pradesh,Chamba,Lentil,Rabi,500.0,1000.0,1000.0,1000.0,1203.0,1200.0,1167.0,992.0,1052.0
Himachal Pradesh,Chamba,Maize,Kharif,2672.0,3693.0,2670.0,2570.0,2190.0,3748.0,3718.0,2680.0,2977.0
Himachal Pradesh,Chamba,Moong,Kharif,318.0,595.0,688.0,806.0,552.0,576.0,484.0,484.0,486.0
Himachal Pradesh,Chamba,Ragi,Kharif,600.0,800.0,762.0,1000.0,,,,,
Himachal Pradesh,Chamba,Rice,Kharif,1204.0,1204.0,1200.0,1500.0,1888.0,2007.0,1200.0,1370.0,1983.0
Himachal Pradesh,Chamba,Shree Anna /Nutri Cereals,Kharif,293.0,428.0,877.0,980.0,1000.0,755.0,757.0,618.0,620.0
Himachal Pradesh,Chamba,Shree Anna /Nutri Cereals,Rabi,,,,,1000.0,,,,
Himachal Pradesh,Chamba,Small Millets,Kharif,292.0,427.0,879.0,980.0,1000.0,755.0,757.0,618.0,620.0
Himachal Pradesh,Chamba,Small Millets,Rabi,,,,,1000.0,,,,
Himachal Pradesh,Chamba,Tur,Kharif,,,500.0,750.0,,,,,
Himachal Pradesh,Chamba,Urad,Kharif,289.0,541.0,776.0,710.0,657.0,662.0,674.0,710.0,712.0
Himachal Pradesh,Chamba,Wheat,Rabi,1348.0,2692.0,2389.0,2290.0,1859.0,2037.0,2479.0,2441.0,1853.0
Himachal Pradesh,Hamirpur,Bajra,Kharif,400.0,600.0,500.0,1000.0,,,,,
Himachal Pradesh,Hamirpur,Barley,Rabi,811.0,1658.0,1759.0,1758.0,1338.0,1673.0,1583.0,1806.0,1754.0
Himachal Pradesh,Hamirpur,Gram,Rabi,,1000.0,1000.0,1143.0,,,,,
Himachal Pradesh,Hamirpur,Lentil,Rabi,,1000.0,1000.0,1000.0,,,,,
Himachal Pradesh,Hamirpur,Maize,Kharif,1916.0,2647.0,2650.0,2650.0,1566.0,2206.0,1809.0,1340.0,2212.0
Himachal Pradesh,Hamirpur,Rice,Kharif,1412.0,1465.0,1460.0,1580.0,15726.0,1555.0,1664.0,1430.0,1612.0
Himachal Pradesh,Hamirpur,Shree Anna /Nutri Cereals,Kharif,400.0,600.0,500.0,898.0,,,,,
Himachal Pradesh,Hamirpur,Small Millets,Kharif,,,,890.0,,,,,
Himachal Pradesh,Hamirpur,Urad,Kharif,263.0,368.0,737.0,722.0,,,,,
Himachal Pradesh,Hamirpur,Wheat,Rabi,579.0,1121.0,1190.0,1950.0,1009.0,1608.0,1319.0,1901.0,1390.0
Himachal Pradesh,Kangra,Bajra,Kharif,483.0,750.0,820.0,1027.0,5541.0,557.0,556.0,560.0,571.0
Himachal Pradesh,Kangra,Barley,Rabi,1088.0,1932.0,1930.0,1830.0,1495.0,1832.0,1699.0,2029.0,1723.0
Himachal Pradesh,Kangra,Gram,Rabi,695.0,1082.0,1069.0,1081.0,1051.0,1053.0,1049.0,839.0,1124.0
Himachal Pradesh,Kangra,Lentil,Rabi,548.0,812.0,860.0,976.0,1190.0,1250.0,1214.0,992.0,1052.0
Himachal Pradesh,Kangra,Maize,Kharif,1604.0,2222.0,2185.0,2420.0,2326.0,2311.0,2047.0,1868.0,2324.0
Himachal Pradesh,Kangra,Moong,Kharif,,,,721.0,,,,,
Himachal Pradesh,Kangra,Ragi,Kharif,750.0,1000.0,1000.0,1000.0,806.0,1000.0,,,
Himachal Pradesh,Kangra,Rice,Kharif,1507.0,1507.0,1519.0,1550.0,1845.0,2553.0,2096.0,2450.0,2083.0
Himachal Pradesh,Kangra,Shree Anna /Nutri Cereals,Kharif,680.0,884.0,862.0,961.0,4125.0,558.0,556.0,560.0,571.0
Himachal Pradesh,Kangra,Small Millets,Kharif,902.0,942.0,885.0,912.0,,,,,
Himachal Pradesh,Kangra,Tur,Kharif,,417.0,526.0,607.0,,,,,
Himachal Pradesh,Kangra,Urad,Kharif,446.0,874.0,742.0,780.0,624.0,624.0,624.0,572.0,573.0
Himachal Pradesh,Kangra,Wheat,Rabi,1114.0,2200.0,2250.0,2250.0,1580.0,2229.0,2017.0,2451.0,1964.0
Himachal Pradesh,Kinnaur,Barley,Rabi,1551.0,1883.0,1879.0,1879.0,1747.0,1478.0,602.0,1816.0,1941.0
Himachal Pradesh,Kinnaur,Lentil,Rabi,,,,,1000.0,,,,
Himachal Pradesh,Kinnaur,Maize,Kharif,2372.0,3284.0,2554.0,2553.0,2726.0,2862.0,2651.0,2437.0,2701.0
Himachal Pradesh,Kinnaur,Ragi,Kharif,882.0,882.0,800.0,1000.0,,,,,
Himachal Pradesh,Kinnaur,Rice,Kharif,1500.0,1571.0,1625.0,1500.0,1667.0,,1000.0,2470.0,2083.0
Himachal Pradesh,Kinnaur,Shree Anna /Nutri Cereals,Kharif,459.0,918.0,439.0,652.0,838.0,,,,
Himachal Pradesh,Kinnaur,Small Millets,Kharif,453.0,918.0,436.0,650.0,838.0,,,,
Himachal Pradesh,Kinnaur,Urad,Kharif,1500.0,1500.0,1000.0,1000.0,750.0,,,,
Himachal Pradesh,Kinnaur,Wheat,Rabi,1005.0,995.0,988.0,1089.0,1307.0,1241.0,1290.0,1851.0,2034.0
Himachal Pradesh,Kullu,Barley,Rabi,1014.0,1884.0,1880.0,1880.0,1619.0,1651.0,1832.0,2364.0,2044.0
Himachal Pradesh,Kullu,Gram,Rabi,514.0,974.0,1026.0,1093.0,,1294.0,0.0,,
Himachal Pradesh,Kullu,Lentil,Rabi,255.0,894.0,708.0,815.0,1204.0,1206.0,1200.0,992.0,1052.0
Himachal Pradesh,Kullu,Maize,Kharif,2842.0,3925.0,2760.0,2660.0,2818.0,3440.0,3838.0,2376.0,2385.0
Himachal Pradesh,Kullu,Moong,Kharif,333.0,765.0,750.0,800.0,1000.0,,,,
Himachal Pradesh,Kullu,Ragi,Kharif,764.0,807.0,890.0,982.0,1000.0,1000.0,1000.0,819.0,823.0
Himachal Pradesh,Kullu,Rice,Kharif,1308.0,1308.0,1310.0,1328.0,1217.0,1477.0,1256.0,1260.0,1352.0
Himachal Pradesh,Kullu,Shree Anna /Nutri Cereals,Kharif,780.0,820.0,922.0,989.0,830.0,872.0,871.0,796.0,795.0
Himachal Pradesh,Kullu,Small Millets,Kharif,1000.0,1000.0,990.0,1000.0,548.0,556.0,559.0,775.0,778.0
Himachal Pradesh,Kullu,Tur,Kharif,,,500.0,545.0,,,,,
Himachal Pradesh,Kullu,Urad,Kharif,179.0,571.0,630.0,730.0,1000.0,1000.0,1000.0,922.0,925.0
Himachal Pradesh,Kullu,Wheat,Rabi,1302.0,1581.0,1580.0,1620.0,1798.0,1992.0,1807.0,2861.0,2014.0
Himachal Pradesh,Lahaul And Spiti,Barley,Rabi,895.0,894.0,1779.0,1780.0,1336.0,1676.0,1578.0,1806.0,0.0
Himachal Pradesh,Lahaul And Spiti,Maize,Kharif,1850.0,2762.0,2739.0,2760.0,2750.0,2750.0,3500.0,2437.0,2701.0
Himachal Pradesh,Lahaul And Spiti,Shree Anna /Nutri Cereals,Kharif,,,615.0,644.0,,1315.0,1304.0,775.0,778.0
Himachal Pradesh,Lahaul And Spiti,Small Millets,Kharif,,,615.0,644.0,,1315.0,1304.0,775.0,778.0
Himachal Pradesh,Lahaul And Spiti,Wheat,Rabi,904.0,1415.0,1419.0,1420.0,1714.0,2247.0,1849.0,2481.0,0.0
Himachal Pradesh,Mandi,Bajra,Kharif,515.0,739.0,467.0,1000.0,434.0,436.0,437.0,420.0,429.0
Himachal Pradesh,Mandi,Barley,Rabi,915.0,1799.0,1607.0,1780.0,1460.0,1933.0,1341.0,1937.0,2117.0
Himachal Pradesh,Mandi,Gram,Rabi,174.0,1042.0,1000.0,1056.0,600.0,583.0,588.0,480.0,642.0
Himachal Pradesh,Mandi,Lentil,Rabi,69.0,939.0,924.0,939.0,1000.0,1077.0,1077.0,891.0,945.0
Himachal Pradesh,Mandi,Maize,Kharif,260.0,358.0,2520.0,2560.0,4048.0,4263.0,3109.0,3614.0,3068.0
Himachal Pradesh,Mandi,Moong,Kharif,400.0,757.0,708.0,750.0,500.0,571.0,571.0,494.0,496.0
Himachal Pradesh,Mandi,Ragi,Kharif,978.0,979.0,1168.0,1210.0,,1000.0,1000.0,819.0,823.0
Himachal Pradesh,Mandi,Rice,Kharif,1205.0,1733.0,1729.0,1630.0,2078.0,1944.0,2058.0,2030.0,1833.0
Himachal Pradesh,Mandi,Shree Anna /Nutri Cereals,Kharif,967.0,979.0,1162.0,1227.0,827.0,823.0,848.0,731.0,725.0
Himachal Pradesh,Mandi,Small Millets,Kharif,1119.0,1119.0,1172.0,1250.0,973.0,557.0,743.0,775.0,778.0
Himachal Pradesh,Mandi,Tur,Kharif,,,,,1000.0,1000.0,1000.0,870.0,869.0
Himachal Pradesh,Mandi,Urad,Kharif,965.0,680.0,620.0,740.0,877.0,877.0,877.0,811.0,814.0
Himachal Pradesh,Mandi,Wheat,Rabi,727.0,1972.0,1980.0,2010.0,1713.0,2112.0,1575.0,1961.0,2316.0
Himachal Pradesh,Shimla,Bajra,Kharif,1000.0,1000.0,500.0,1000.0,558.0,543.0,556.0,560.0,571.0
Himachal Pradesh,Shimla,Barley,Rabi,575.0,1765.0,1702.0,1760.0,1173.0,2548.0,1468.0,1451.0,1826.0
Himachal Pradesh,Shimla,Gram,Rabi,250.0,1000.0,1000.0,1000.0,1000.0,1000.0,1000.0,783.0,1049.0
Himachal Pradesh,Shimla,Lentil,Rabi,304.0,911.0,875.0,909.0,2571.0,2569.0,2571.0,2160.0,2291.0
Himachal Pradesh,Shimla,Maize,Kharif,2268.0,3132.0,2650.0,2650.0,2753.0,2736.0,3303.0,3239.0,4261.0
Himachal Pradesh,Shimla,Moong,Kharif,400.0,750.0,706.0,722.0,500.0,514.0,523.0,494.0,496.0
Himachal Pradesh,Shimla,Ragi,Kharif,1413.0,1408.0,1320.0,1407.0,899.0,902.0,899.0,737.0,740.0
Himachal Pradesh,Shimla,Rice,Kharif,917.0,917.0,910.0,1020.0,1189.0,1368.0,1968.0,1380.0,1552.0
Himachal Pradesh,Shimla,Shree Anna /Nutri Cereals,Kharif,1088.0,1083.0,1029.0,1099.0,640.0,609.0,615.0,765.0,770.0
Himachal Pradesh,Shimla,Small Millets,Kharif,1009.0,957.0,947.0,1010.0,558.0,558.0,558.0,775.0,778.0
Himachal Pradesh,Shimla,Tur,Kharif,111.0,611.0,500.0,556.0,833.0,750.0,,,
Himachal Pradesh,Shimla,Urad,Kharif,355.0,559.0,562.0,690.0,840.0,840.0,841.0,774.0,777.0
Himachal Pradesh,Shimla,Wheat,Rabi,767.0,1997.0,1910.0,1810.0,1689.0,2590.0,1843.0,1681.0,2145.0
Himachal Pradesh,Sirmaur,Bajra,Kharif,500.0,500.0,1000.0,1000.0,533.0,,,,
Himachal Pradesh,Sirmaur,Barley,Rabi,699.0,1438.0,1710.0,1710.0,1380.0,1897.0,2489.0,1572.0,2024.0
Himachal Pradesh,Sirmaur,Gram,Rabi,321.0,1046.0,1033.0,1056.0,1400.0,1443.0,1486.0,1191.0,1594.0
Himachal Pradesh,Sirmaur,Lentil,Rabi,354.0,836.0,921.0,940.0,1190.0,1184.0,1188.0,992.0,1052.0
Himachal Pradesh,Sirmaur,Maize,Kharif,2665.0,3305.0,2894.0,2920.0,3853.0,4913.0,3615.0,2670.0,3293.0
Himachal Pradesh,Sirmaur,Moong,Kharif,,,,,1000.0,,500.0,494.0,496.0
Himachal Pradesh,Sirmaur,Ragi,Kharif,594.0,591.0,724.0,979.0,730.0,728.0,727.0,598.0,601.0
Himachal Pradesh,Sirmaur,Rice,Kharif,1184.0,1184.0,1180.0,1210.0,2767.0,4203.0,943.0,2590.0,3335.0
Himachal Pradesh,Sirmaur,Shree Anna /Nutri Cereals,Kharif,544.0,543.0,654.0,898.0,721.0,732.0,736.0,607.0,610.0
Himachal Pradesh,Sirmaur,Small Millets,Kharif,407.0,413.0,404.0,613.0,745.0,758.0,759.0,618.0,620.0
Himachal Pradesh,Sirmaur,Tur,Kharif,1000.0,467.0,556.0,667.0,,,,,
Himachal Pradesh,Sirmaur,Urad,Kharif,355.0,774.0,670.0,750.0,475.0,437.0,450.0,618.0,620.0
Himachal Pradesh,Sirmaur,Wheat,Rabi,1317.0,1193.0,1220.0,1580.0,2104.0,2268.0,2219.0,2551.0,2598.0
Himachal Pradesh,Solan,Bajra,Kharif,,,,,5455.0,545.0,553.0,560.0,571.0
Himachal Pradesh,Solan,Barley,Rabi,577.0,1474.0,1470.0,1570.0,620.0,906.0,1344.0,1704.0,1141.0
Himachal Pradesh,Solan,Gram,Rabi,87.0,1042.0,1000.0,1038.0,1000.0,1000.0,1000.0,1143.0,1530.0
Himachal Pradesh,Solan,Jowar,Kharif,,,,,5789.0,571.0,,,
Himachal Pradesh,Solan,Lentil,Rabi,1750.0,750.0,750.0,800.0,1250.0,1000.0,,992.0,1052.0
Himachal Pradesh,Solan,Maize,Kharif,2535.0,3501.0,2830.0,2830.0,3266.0,2880.0,2952.0,3188.0,3354.0
Himachal Pradesh,Solan,Moong,Kharif,,800.0,750.0,800.0,600.0,600.0,658.0,,
Himachal Pradesh,Solan,Ragi,Kharif,,,,,714.0,778.0,778.0,598.0,601.0
Himachal Pradesh,Solan,Rice,Kharif,2521.0,2521.0,2516.0,2510.0,2320.0,1497.0,2971.0,5110.0,1653.0
Himachal Pradesh,Solan,Shree Anna /Nutri Cereals,Kharif,,,,840.0,4091.0,630.0,596.0,567.0,575.0
Himachal Pradesh,Solan,Small Millets,Kharif,,,,840.0,,,,,
Himachal Pradesh,Solan,Tur,Kharif,,,,,,,833.0,870.0,869.0
Himachal Pradesh,Solan,Urad,Kharif,129.0,591.0,709.0,730.0,404.0,389.0,389.0,406.0,407.0
Himachal Pradesh,Solan,Wheat,Rabi,1415.0,1243.0,1240.0,1540.0,2367.0,2022.0,2141.0,3391.0,2467.0
Himachal Pradesh,Una,Gram,Rabi,1038.0,1038.0,1000.0,1000.0,2000.0,2000.0,2000.0,1591.0,2129.0
Himachal Pradesh,Una,Lentil,Rabi,500.0,500.0,500.0,800.0,1000.0,1000.0,,,
Himachal Pradesh,Una,Maize,Kharif,2169.0,2997.0,2767.0,2780.0,2178.0,2080.0,3211.0,2010.0,2273.0
Himachal Pradesh,Una,Moong,Kharif,333.0,650.0,667.0,778.0,571.0,641.0,588.0,474.0,476.0
Himachal Pradesh,Una,Rice,Kharif,2309.0,2309.0,2310.0,2410.0,2443.0,2370.0,2437.0,2170.0,2574.0
Himachal Pradesh,Una,Shree Anna /Nutri Cereals,Kharif,,,,860.0,,,,,
Himachal Pradesh,Una,Small Millets,Kharif,,,,860.0,,,,,
Himachal Pradesh,Una,Urad,Kharif,733.0,931.0,788.0,792.0,978.0,979.0,977.0,904.0,906.0
Himachal Pradesh,Una,Wheat,Rabi,1194.0,1310.0,1310.0,1510.0,2120.0,2970.0,2523.0,3311.0,2346.0
Jammu And Kashmir,Anantnag,Maize,Kharif,1342.0,1712.0,2531.0,2489.0,,,,2032.0,2024.0
Jammu And Kashmir,Anantnag,Moong,Kharif,520.0,521.0,521.0,536.0,539.0,,,668.0,1163.0
Jammu And Kashmir,Anantnag,Rice,Kharif,3020.0,3011.0,2803.0,2975.0,3037.0,,,3005.0,2955.0
Jammu And Kashmir,Anantnag,Urad,Kharif,340.0,343.0,340.0,341.0,339.0,,,458.0,452.0
Jammu And Kashmir,Anantnag,Wheat,Rabi,,,,,,,,2062.0,
Jammu And Kashmir,Bandipora,Lentil,Kharif,,2050.0,2050.0,2050.0,2050.0,,,,
Jammu And Kashmir,Bandipora,Maize,Kharif,1703.0,2159.0,2047.0,1332.0,,,,3819.0,3379.0
Jammu And Kashmir,Bandipora,Moong,Kharif,486.0,486.0,486.0,486.0,486.0,,,418.0,733.0
Jammu And Kashmir,Bandipora,Ragi,Kharif,,600.0,600.0,600.0,600.0,,,609.0,
Jammu And Kashmir,Bandipora,Rice,Kharif,2861.0,3227.0,3190.0,3090.0,3575.0,,,3044.0,3333.0
Jammu And Kashmir,Bandipora,Shree Anna /Nutri Cereals,Kharif,653.0,587.0,430.0,395.0,392.0,,,609.0,
Jammu And Kashmir,Bandipora,Small Millets,Kharif,653.0,579.0,389.0,355.0,352.0,,,,
Jammu And Kashmir,Baramulla,Lentil,Kharif,,200.0,200.0,200.0,200.0,,,,
Jammu And Kashmir,Baramulla,Maize,Kharif,1460.0,1439.0,1763.0,2026.0,,,,1065.0,1176.0
Jammu And Kashmir,Baramulla,Moong,Kharif,1071.0,753.0,1187.0,1187.0,1078.0,,,410.0,715.0
Jammu And Kashmir,Baramulla,Rice,Kharif,2664.0,2263.0,2434.0,2899.0,1979.0,,,2570.0,2647.0
Jammu And Kashmir,Baramulla,Shree Anna /Nutri Cereals,Kharif,396.0,396.0,,396.0,396.0,,,642.0,382.0
Jammu And Kashmir,Baramulla,Small Millets,Kharif,396.0,396.0,,396.0,396.0,,,642.0,382.0
Jammu And Kashmir,Baramulla,Urad,Kharif,,341.0,341.0,341.0,341.0,,,350.0,354.0
Jammu And Kashmir,Budgam,Maize,Kharif,2014.0,1478.0,1374.0,1872.0,,,,1600.0,1684.0
Jammu And Kashmir,Budgam,Moong,Kharif,778.0,784.0,793.0,785.0,784.0,,,693.0,1198.0
Jammu And Kashmir,Budgam,Rice,Kharif,2429.0,2342.0,2005.0,2636.0,2509.0,,,2189.0,2325.0
Jammu And Kashmir,Budgam,Shree Anna /Nutri Cereals,Rabi,,,,,,555.0,508.0,,
Jammu And Kashmir,Budgam,Small Millets,Rabi,,,,,,555.0,508.0,,
Jammu And Kashmir,Budgam,Wheat,Rabi,686.0,640.0,686.0,1066.0,2192.0,1417.0,1900.0,2062.0,496.0
Jammu And Kashmir,Doda,Bajra,Kharif,600.0,600.0,,,,,,,
Jammu And Kashmir,Doda,Barley,Kharif,,350.0,,,,,,,
Jammu And Kashmir,Doda,Barley,Rabi,321.0,321.0,321.0,321.0,321.0,321.0,321.0,313.0,302.0
Jammu And Kashmir,Doda,Maize,Kharif,1606.0,1480.0,1509.0,1711.0,,,,1988.0,1885.0
Jammu And Kashmir,Doda,Moong,Kharif,500.0,,,,,,,204.0,352.0
Jammu And Kashmir,Doda,Rice,Kharif,1452.0,1985.0,2156.0,1433.0,1451.0,,,1570.0,1624.0
Jammu And Kashmir,Doda,Shree Anna /Nutri Cereals,Kharif,494.0,491.0,,,,,,,
Jammu And Kashmir,Doda,Small Millets,Kharif,488.0,,,,,,,,
Jammu And Kashmir,Doda,Urad,Kharif,420.0,420.0,420.0,420.0,420.0,,,420.0,421.0
Jammu And Kashmir,Doda,Urad,Rabi,,600.0,,483.0,,,,,268.0
Jammu And Kashmir,Doda,Wheat,Rabi,1247.0,2074.0,1631.0,1655.0,1659.0,850.0,2195.0,1156.0,2265.0
Jammu And Kashmir,Ganderbal,Barley,Kharif,350.0,350.0,,352.0,352.0,,,,
Jammu And Kashmir,Ganderbal,Maize,Kharif,1750.0,1039.0,1088.0,1156.0,,,,1012.0,1031.0
Jammu And Kashmir,Ganderbal,Moong,Kharif,,,,,800.0,,,,
Jammu And Kashmir,Ganderbal,Rice,Kharif,2475.0,2882.0,2946.0,3148.0,3062.0,,,2947.0,3159.0
Jammu And Kashmir,Ganderbal,Shree Anna /Nutri Cereals,Kharif,396.0,396.0,,350.0,350.0,,,,
Jammu And Kashmir,Ganderbal,Small Millets,Kharif,396.0,396.0,,350.0,350.0,,,,
Jammu And Kashmir,Jammu,Bajra,Kharif,596.0,596.0,596.0,596.0,596.0,,,434.0,421.0
Jammu And Kashmir,Jammu,Bajra,Rabi,700.0,,313.0,,,,170.0,,
Jammu And Kashmir,Jammu,Barley,Kharif,,,,352.0,352.0,,,,
Jammu And Kashmir,Jammu,Barley,Rabi,1478.0,1478.0,1477.0,1477.0,1477.0,1477.0,1477.0,1434.0,1450.0
Jammu And Kashmir,Jammu,Lentil,Rabi,,,900.0,900.0,900.0,,900.0,,
Jammu And Kashmir,Jammu,Maize,Kharif,2949.0,1935.0,1519.0,1656.0,,,,2228.0,2360.0
Jammu And Kashmir,Jammu,Moong,Kharif,686.0,,500.0,,500.0,,,187.0,320.0
Jammu And Kashmir,Jammu,Rice,Kharif,1481.0,2601.0,2283.0,1932.0,1928.0,,,3068.0,3115.0
Jammu And Kashmir,Jammu,Shree Anna /Nutri Cereals,Kharif,596.0,596.0,596.0,596.0,596.0,,,434.0,421.0
Jammu And Kashmir,Jammu,Shree Anna /Nutri Cereals,Rabi,676.0,,368.0,700.0,,,180.0,,
Jammu And Kashmir,Jammu,Small Millets,Rabi,560.0,,700.0,700.0,,,680.0,,
Jammu And Kashmir,Jammu,Urad,Kharif,336.0,336.0,336.0,336.0,336.0,,,273.0,273.0
Jammu And Kashmir,Jammu,Urad,Rabi,,,,,,277.0,277.0,277.0,276.0
Jammu And Kashmir,Jammu,Wheat,Rabi,2554.0,2769.0,2800.0,2519.0,2207.0,2588.0,2550.0,2424.0,2551.0
Jammu And Kashmir,Kathua,Bajra,Kharif,550.0,550.0,550.0,550.0,550.0,,,550.0,541.0
Jammu And Kashmir,Kathua,Barley,Kharif,,367.0,,352.0,,,,,
Jammu And Kashmir,Kathua,Barley,Rabi,880.0,880.0,880.0,880.0,880.0,880.0,880.0,860.0,860.0
Jammu And Kashmir,Kathua,Gram,Kharif,,,,300.0,,,,,
Jammu And Kashmir,Kathua,Gram,Rabi,,,,,,,200.0,,200.0
Jammu And Kashmir,Kathua,Lentil,Kharif,,,,2067.0,,,,,
Jammu And Kashmir,Kathua,Lentil,Rabi,,900.0,900.0,900.0,50.0,50.0,50.0,,
Jammu And Kashmir,Kathua,Maize,Kharif,2573.0,3504.0,3486.0,3137.0,,,,2219.0,2307.0
Jammu And Kashmir,Kathua,Moong,Kharif,500.0,,,,,,,,
Jammu And Kashmir,Kathua,Rice,Kharif,1467.0,2529.0,2415.0,1688.0,1994.0,,,2088.0,2044.0
Jammu And Kashmir,Kathua,Shree Anna /Nutri Cereals,Kharif,548.0,549.0,548.0,547.0,549.0,,,550.0,541.0
Jammu And Kashmir,Kathua,Shree Anna /Nutri Cereals,Rabi,,,700.0,,700.0,700.0,700.0,,
Jammu And Kashmir,Kathua,Small Millets,Kharif,427.0,440.0,429.0,419.0,408.0,,,,
Jammu And Kashmir,Kathua,Small Millets,Rabi,,,700.0,,700.0,700.0,700.0,,
Jammu And Kashmir,Kathua,Urad,Kharif,301.0,301.0,301.0,301.0,301.0,,,301.0,302.0
Jammu And Kashmir,Kathua,Wheat,Rabi,2123.0,2184.0,2516.0,2422.0,2279.0,2106.0,2045.0,2157.0,1695.0
Jammu And Kashmir,Kishtwar,Barley,Kharif,351.0,351.0,350.0,351.0,351.0,,,,
Jammu And Kashmir,Kishtwar,Barley,Rabi,321.0,321.0,321.0,321.0,321.0,321.0,321.0,314.0,313.0
Jammu And Kashmir,Kishtwar,Lentil,Rabi,,,900.0,,900.0,900.0,900.0,,
Jammu And Kashmir,Kishtwar,Maize,Kharif,1482.0,1149.0,750.0,1431.0,,,,1118.0,1008.0
Jammu And Kashmir,Kishtwar,Ragi,Kharif,,503.0,500.0,500.0,500.0,,,527.0,
Jammu And Kashmir,Kishtwar,Rice,Kharif,1452.0,2941.0,2876.0,1802.0,1223.0,,,1622.0,1894.0
Jammu And Kashmir,Kishtwar,Shree Anna /Nutri Cereals,Kharif,386.0,402.0,406.0,394.0,386.0,,,538.0,401.0
Jammu And Kashmir,Kishtwar,Shree Anna /Nutri Cereals,Rabi,,,,,,,500.0,,
Jammu And Kashmir,Kishtwar,Small Millets,Kharif,386.0,390.0,389.0,381.0,374.0,,,662.0,401.0
Jammu And Kashmir,Kishtwar,Small Millets,Rabi,,,,,,,500.0,,
Jammu And Kashmir,Kishtwar,Urad,Kharif,426.0,426.0,420.0,420.0,420.0,,,420.0,422.0
Jammu And Kashmir,Kishtwar,Wheat,Rabi,1919.0,1869.0,1172.0,540.0,962.0,931.0,1013.0,1154.0,3556.0
Jammu And Kashmir,Kulgam,Maize,Kharif,641.0,1643.0,3505.0,2661.0,,,,1118.0,1137.0
Jammu And Kashmir,Kulgam,Moong,Kharif,520.0,517.0,517.0,517.0,517.0,,,596.0,1038.0
Jammu And Kashmir,Kulgam,Rice,Kharif,1999.0,2205.0,3369.0,2109.0,2847.0,,,2857.0,2363.0
Jammu And Kashmir,Kulgam,Wheat,Rabi,,,,,,2060.0,,,
Jammu And Kashmir,Kupwara,Maize,Kharif,1312.0,1147.0,1919.0,1563.0,,,,1980.0,1935.0
Jammu And Kashmir,Kupwara,Rice,Kharif,2676.0,2341.0,2165.0,2222.0,1852.0,,,2316.0,2304.0
Jammu And Kashmir,Kupwara,Shree Anna /Nutri Cereals,Kharif,625.0,625.0,625.0,338.0,338.0,,,,
Jammu And Kashmir,Kupwara,Small Millets,Kharif,625.0,625.0,625.0,338.0,338.0,,,,
Jammu And Kashmir,Poonch,Maize,Kharif,1636.0,2128.0,2921.0,2556.0,,,,1726.0,1567.0
Jammu And Kashmir,Poonch,Moong,Kharif,500.0,500.0,500.0,500.0,500.0,,,,
Jammu And Kashmir,Poonch,Rice,Kharif,1460.0,2419.0,2026.0,1748.0,1946.0,,,979.0,616.0
Jammu And Kashmir,Poonch,Urad,Kharif,333.0,333.0,329.0,329.0,329.0,,,,
Jammu And Kashmir,Poonch,Wheat,Rabi,1424.0,2263.0,2454.0,2227.0,1812.0,2305.0,1214.0,1670.0,1909.0
Jammu And Kashmir,Pulwama,Maize,Kharif,1583.0,642.0,957.0,1428.0,,,,874.0,860.0
Jammu And Kashmir,Pulwama,Moong,Kharif,692.0,674.0,675.0,642.0,677.0,,,577.0,1010.0
Jammu And Kashmir,Pulwama,Rice,Kharif,2726.0,1728.0,2274.0,2709.0,2372.0,,,2244.0,2201.0
Jammu And Kashmir,Pulwama,Urad,Kharif,,,343.0,,,,,,
Jammu And Kashmir,Pulwama,Wheat,Rabi,799.0,1667.0,1065.0,1065.0,2192.0,4632.0,2383.0,2062.0,496.0
Jammu And Kashmir,Rajouri,Bajra,Kharif,672.0,672.0,673.0,673.0,673.0,,,673.0,654.0
Jammu And Kashmir,Rajouri,Bajra,Rabi,,,,,250.0,175.0,167.0,,
Jammu And Kashmir,Rajouri,Barley,Kharif,351.0,,350.0,,,,,,
Jammu And Kashmir,Rajouri,Barley,Rabi,,925.0,,,,,,,
Jammu And Kashmir,Rajouri,Lentil,Rabi,,,900.0,900.0,,325.0,325.0,,
Jammu And Kashmir,Rajouri,Maize,Kharif,1704.0,2200.0,3035.0,2382.0,,,,2549.0,2675.0
Jammu And Kashmir,Rajouri,Moong,Kharif,500.0,,,500.0,,,,539.0,884.0
Jammu And Kashmir,Rajouri,Rice,Kharif,1025.0,1743.0,1744.0,1248.0,1342.0,,,2223.0,2166.0
Jammu And Kashmir,Rajouri,Shree Anna /Nutri Cereals,Kharif,672.0,672.0,673.0,672.0,673.0,,,673.0,654.0
Jammu And Kashmir,Rajouri,Shree Anna /Nutri Cereals,Rabi,,,,,250.0,175.0,167.0,,
Jammu And Kashmir,Rajouri,Small Millets,Kharif,,,,400.0,,,,,
Jammu And Kashmir,Rajouri,Urad,Kharif,498.0,498.0,498.0,498.0,400.0,,,499.0,501.0
Jammu And Kashmir,Rajouri,Urad,Rabi,,,,,,,,,284.0
Jammu And Kashmir,Rajouri,Wheat,Rabi,1319.0,1753.0,2297.0,1560.0,1893.0,1789.0,1837.0,2062.0,2410.0
Jammu And Kashmir,Ramban,Barley,Rabi,,320.0,320.0,320.0,320.0,320.0,320.0,325.0,322.0
Jammu And Kashmir,Ramban,Maize,Kharif,1715.0,1323.0,1485.0,1442.0,,,,1560.0,1510.0
Jammu And Kashmir,Ramban,Rice,Kharif,1264.0,918.0,1372.0,677.0,1016.0,,,1015.0,1001.0
Jammu And Kashmir,Ramban,Wheat,Rabi,874.0,833.0,1438.0,1337.0,1580.0,885.0,1099.0,1045.0,1011.0
Jammu And Kashmir,Reasi,Bajra,Kharif,610.0,610.0,610.0,610.0,610.0,,,,
Jammu And Kashmir,Reasi,Bajra,Rabi,,,,913.0,,250.0,,,
Jammu And Kashmir,Reasi,Barley,Kharif,353.0,350.0,353.0,350.0,350.0,,,,
Jammu And Kashmir,Reasi,Barley,Rabi,915.0,915.0,915.0,915.0,917.0,922.0,,,
Jammu And Kashmir,Reasi,Maize,Kharif,977.0,808.0,1308.0,1750.0,,,,2517.0,3039.0
Jammu And Kashmir,Reasi,Moong,Kharif,,500.0,500.0,500.0,500.0,,,,
Jammu And Kashmir,Reasi,Rice,Kharif,1341.0,1646.0,1646.0,1596.0,1884.0,,,2949.0,2870.0
Jammu And Kashmir,Reasi,Shree Anna /Nutri Cereals,Kharif,610.0,610.0,610.0,610.0,610.0,,,,
Jammu And Kashmir,Reasi,Shree Anna /Nutri Cereals,Rabi,,,,913.0,,250.0,,,
Jammu And Kashmir,Reasi,Urad,Kharif,420.0,421.0,420.0,420.0,421.0,,,423.0,426.0
Jammu And Kashmir,Reasi,Wheat,Rabi,1670.0,1342.0,1782.0,1914.0,1474.0,1556.0,1584.0,1691.0,1536.0
Jammu And Kashmir,Samba,Bajra,Kharif,595.0,595.0,595.0,595.0,595.0,,,673.0,724.0
Jammu And Kashmir,Samba,Barley,Kharif,,,,350.0,,,,,
Jammu And Kashmir,Samba,Barley,Rabi,498.0,498.0,499.0,499.0,499.0,498.0,499.0,484.0,490.0
Jammu And Kashmir,Samba,Gram,Kharif,,209.0,,,,,,,
Jammu And Kashmir,Samba,Jowar,Kharif,,597.0,,,,,,,
Jammu And Kashmir,Samba,Maize,Kharif,1477.0,1517.0,1361.0,1354.0,,,,1860.0,1659.0
Jammu And Kashmir,Samba,Moong,Kharif,500.0,,,,788.0,,,,
Jammu And Kashmir,Samba,Rice,Kharif,1550.0,1755.0,1717.0,1463.0,1472.0,,,1611.0,1549.0
Jammu And Kashmir,Samba,Shree Anna /Nutri Cereals,Kharif,595.0,595.0,593.0,595.0,595.0,,,673.0,724.0
Jammu And Kashmir,Samba,Shree Anna /Nutri Cereals,Rabi,700.0,,,,,,,,
Jammu And Kashmir,Samba,Small Millets,Kharif,,,318.0,,,,,,
Jammu And Kashmir,Samba,Small Millets,Rabi,700.0,,,,,,,,
Jammu And Kashmir,Samba,Urad,Kharif,299.0,299.0,299.0,299.0,299.0,,,299.0,300.0
Jammu And Kashmir,Samba,Wheat,Rabi,1873.0,2164.0,2125.0,2123.0,1963.0,2128.0,2148.0,2341.0,1466.0
Jammu And Kashmir,Shopian,Maize,Kharif,713.0,658.0,1909.0,1792.0,,,,1730.0,1722.0
Jammu And Kashmir,Shopian,Rice,Kharif,3259.0,3420.0,3572.0,2688.0,2557.0,,,1803.0,2611.0
Jammu And Kashmir,Shopian,Shree Anna /Nutri Cereals,Kharif,,,,,,,,,
Jammu And Kashmir,Shopian,Small Millets,Kharif,,,,,,,,,
Jammu And Kashmir,Srinagar,Maize,Kharif,1381.0,437.0,1907.0,1876.0,,,,1730.0,1722.0
Jammu And Kashmir,Srinagar,Rice,Kharif,2633.0,2495.0,2545.0,2291.0,2557.0,,,2962.0,3159.0
Jammu And Kashmir,Udhampur,Bajra,Kharif,599.0,599.0,599.0,599.0,599.0,,,599.0,585.0
Jammu And Kashmir,Udhampur,Bajra,Rabi,250.0,250.0,,250.0,,,,,
Jammu And Kashmir,Udhampur,Barley,Kharif,,,,353.0,353.0,,,,
Jammu And Kashmir,Udhampur,Barley,Rabi,918.0,918.0,918.0,918.0,918.0,918.0,918.0,895.0,898.0
Jammu And Kashmir,Udhampur,Maize,Kharif,2643.0,2273.0,2604.0,2350.0,,,,2442.0,2045.0
Jammu And Kashmir,Udhampur,Moong,Kharif,500.0,500.0,500.0,500.0,500.0,,,592.0,1042.0
Jammu And Kashmir,Udhampur,Ragi,Kharif,,600.0,,,,,,,
Jammu And Kashmir,Udhampur,Rice,Kharif,1282.0,1750.0,1446.0,1146.0,1341.0,,,1822.0,1570.0
Jammu And Kashmir,Udhampur,Shree Anna /Nutri Cereals,Kharif,598.0,598.0,598.0,588.0,598.0,,,599.0,585.0
Jammu And Kashmir,Udhampur,Shree Anna /Nutri Cereals,Rabi,250.0,250.0,700.0,266.0,700.0,700.0,700.0,,
Jammu And Kashmir,Udhampur,Small Millets,Kharif,470.0,410.0,333.0,482.0,425.0,,,,
Jammu And Kashmir,Udhampur,Small Millets,Rabi,,,700.0,700.0,700.0,700.0,700.0,,
Jammu And Kashmir,Udhampur,Urad,Kharif,367.0,367.0,367.0,367.0,367.0,,,375.0,376.0
Jammu And Kashmir,Udhampur,Wheat,Rabi,1557.0,1699.0,1858.0,1474.0,1826.0,1579.0,1659.0,1492.0,1728.0
Jharkhand,Bokaro,Bajra,Kharif,,325.0,318.0,906.0,,875.0,1000.0,900.0,900.0
Jharkhand,Bokaro,Gram,Rabi,1226.0,1369.0,975.0,1600.0,1600.0,1100.0,1600.0,900.0,1600.0
Jharkhand,Bokaro,Jowar,Kharif,,720.0,714.0,3500.0,345.0,3500.0,3510.0,3501.0,3499.0
Jharkhand,Bokaro,Lentil,Rabi,,640.0,271.0,1300.0,1400.0,1200.0,1400.0,1801.0,1400.0
Jharkhand,Bokaro,Maize,Kharif,1499.0,2147.0,1525.0,2950.0,3700.0,2900.0,3700.0,3700.0,3701.0
Jharkhand,Bokaro,Maize,Rabi,,,,,,,,1400.0,3200.0
Jharkhand,Bokaro,Moong,Kharif,,489.0,489.0,1100.0,1300.0,800.0,1301.0,1300.0,1300.0
Jharkhand,Bokaro,Moong,Summer,,,,,1300.0,,,,
Jharkhand,Bokaro,Ragi,Kharif,612.0,,,2201.0,2200.0,2200.0,2200.0,1976.0,2201.0
Jharkhand,Bokaro,Rice,Kharif,687.0,2667.0,1000.0,2500.0,3400.0,3300.0,2000.0,1148.0,1310.0
Jharkhand,Bokaro,Rice,Rabi,1432.0,,,,,,2000.0,,
Jharkhand,Bokaro,Shree Anna /Nutri Cereals,Kharif,612.0,637.0,632.0,2193.0,1808.0,2387.0,2382.0,2351.0,2373.0
Jharkhand,Bokaro,Tur,Kharif,,791.0,785.0,1400.0,1030.0,1000.0,1400.0,2156.0,1400.0
Jharkhand,Bokaro,Tur,Rabi,3828.0,,,,,,,,
Jharkhand,Bokaro,Urad,Kharif,1000.0,471.0,835.0,1600.0,,1750.0,820.0,,1197.0
Jharkhand,Bokaro,Wheat,Rabi,2227.0,3750.0,1470.0,2170.0,3500.0,2700.0,2400.0,2400.0,2400.0
Jharkhand,Chatra,Bajra,Kharif,,,,,,,,,510.0
Jharkhand,Chatra,Gram,Rabi,1379.0,1160.0,1140.0,1010.0,1170.0,1170.0,1105.0,1105.0,1115.0
Jharkhand,Chatra,Jowar,Kharif,,477.0,486.0,467.0,456.0,385.0,429.0,,450.0
Jharkhand,Chatra,Lentil,Rabi,,930.0,910.0,920.0,930.0,712.0,713.0,925.0,715.0
Jharkhand,Chatra,Maize,Kharif,2635.0,2250.0,2304.0,2150.0,2180.0,2180.0,1840.0,2150.0,2550.0
Jharkhand,Chatra,Maize,Rabi,,1627.0,1813.0,1778.0,2150.0,1958.0,1810.0,1810.0,1810.0
Jharkhand,Chatra,Moong,Kharif,,820.0,840.0,850.0,860.0,860.0,849.0,850.0,860.0
Jharkhand,Chatra,Moong,Summer,,,,,860.0,,,,
Jharkhand,Chatra,Ragi,Kharif,608.0,1427.0,1433.0,1460.0,1465.0,1465.0,,1312.0,1470.0
Jharkhand,Chatra,Rice,Kharif,,2667.0,1800.0,3350.0,3350.0,3350.0,3350.0,1924.0,2260.0
Jharkhand,Chatra,Rice,Rabi,2502.0,,,,,,3150.0,,
Jharkhand,Chatra,Shree Anna /Nutri Cereals,Kharif,608.0,824.0,1052.0,1421.0,1402.0,1400.0,429.0,1312.0,1352.0
Jharkhand,Chatra,Tur,Kharif,,1250.0,1270.0,1310.0,960.0,1350.0,1340.0,1284.0,1320.0
Jharkhand,Chatra,Tur,Rabi,1275.0,,,,,,,,
Jharkhand,Chatra,Urad,Kharif,1084.0,1070.0,1105.0,1120.0,1130.0,1130.0,1130.0,1120.0,1127.0
Jharkhand,Chatra,Wheat,Rabi,2608.0,1990.0,2380.0,1520.0,1925.0,1880.0,1950.0,2150.0,2150.0
Jharkhand,Deoghar,Bajra,Kharif,,,,,,667.0,667.0,700.0,700.0
Jharkhand,Deoghar,Gram,Rabi,1111.0,1450.0,1500.0,1460.0,1450.0,1500.0,1450.0,1450.0,1500.0
Jharkhand,Deoghar,Jowar,Kharif,,,,,,714.0,652.0,700.0,700.0
Jharkhand,Deoghar,Lentil,Rabi,,950.0,1200.0,950.0,950.0,950.0,950.0,950.0,950.0
Jharkhand,Deoghar,Maize,Kharif,3297.0,1800.0,2500.0,2100.0,2300.0,2900.0,2900.0,2900.0,2901.0
Jharkhand,Deoghar,Maize,Rabi,,1801.0,2500.0,2597.0,2300.0,2902.0,1800.0,,2300.0
Jharkhand,Deoghar,Moong,Kharif,,600.0,600.0,901.0,900.0,900.0,904.0,900.0,900.0
Jharkhand,Deoghar,Moong,Summer,,,,,900.0,,,,
Jharkhand,Deoghar,Ragi,Kharif,,,,514.0,1810.0,783.0,783.0,719.0,800.0
Jharkhand,Deoghar,Rice,Kharif,1101.0,2733.0,1761.0,3750.0,3750.0,3900.0,3900.0,2240.0,2555.0
Jharkhand,Deoghar,Rice,Rabi,2512.0,,,,,,3900.0,,
Jharkhand,Deoghar,Shree Anna /Nutri Cereals,Kharif,,,,514.0,1810.0,737.0,694.0,716.0,779.0
Jharkhand,Deoghar,Tur,Kharif,,750.0,750.0,900.0,900.0,1100.0,1100.0,1078.0,1100.0
Jharkhand,Deoghar,Urad,Kharif,,650.0,650.0,830.0,830.0,850.0,851.0,850.0,848.0
Jharkhand,Deoghar,Wheat,Rabi,1978.0,2100.0,2500.0,2600.0,2600.0,2600.0,2500.0,2600.0,2599.0
Jharkhand,Dhanbad,Bajra,Kharif,,571.0,,,,,,,700.0
Jharkhand,Dhanbad,Gram,Rabi,1000.0,1499.0,1200.0,1500.0,1500.0,1500.0,1500.0,1500.0,1500.0
Jharkhand,Dhanbad,Jowar,Kharif,,598.0,556.0,,,750.0,,,2399.0
Jharkhand,Dhanbad,Lentil,Rabi,,806.0,1202.0,598.0,596.0,595.0,,600.0,600.0
Jharkhand,Dhanbad,Maize,Kharif,145.0,2500.0,2500.0,2400.0,2400.0,2400.0,2400.0,2400.0,2400.0
Jharkhand,Dhanbad,Maize,Rabi,,,,,,,0.0,,
Jharkhand,Dhanbad,Moong,Kharif,,879.0,799.0,799.0,800.0,800.0,799.0,800.0,800.0
Jharkhand,Dhanbad,Moong,Summer,,,,,800.0,,,,
Jharkhand,Dhanbad,Ragi,Kharif,,688.0,600.0,710.0,697.0,688.0,600.0,1437.0,700.0
Jharkhand,Dhanbad,Rice,Kharif,,1987.0,994.0,2836.0,2640.0,2750.0,1550.0,1522.0,2050.0
Jharkhand,Dhanbad,Rice,Rabi,1733.0,,,,,,2650.0,,
Jharkhand,Dhanbad,Shree Anna /Nutri Cereals,Kharif,,660.0,591.0,710.0,697.0,694.0,600.0,1437.0,2006.0
Jharkhand,Dhanbad,Tur,Kharif,,1200.0,1100.0,1200.0,1200.0,1200.0,1200.0,1176.0,1200.0
Jharkhand,Dhanbad,Urad,Kharif,,700.0,700.0,700.0,700.0,700.0,701.0,700.0,698.0
Jharkhand,Dhanbad,Wheat,Rabi,1533.0,2150.0,2500.0,2128.0,2124.0,2500.0,2100.0,2400.0,2400.0
Jharkhand,Dumka,Bajra,Kharif,,762.0,750.0,776.0,769.0,,,700.0,700.0
Jharkhand,Dumka,Gram,Rabi,1391.0,1384.0,1275.0,1275.0,1280.0,1290.0,1000.0,1280.0,1280.0
Jharkhand,Dumka,Jowar,Kharif,,667.0,671.0,680.0,692.0,689.0,545.0,560.0,560.0
Jharkhand,Dumka,Lentil,Rabi,,740.0,1000.0,1010.0,1050.0,1059.0,800.0,1050.0,600.0
Jharkhand,Dumka,Maize,Kharif,3496.0,3000.0,2260.0,2500.0,2500.0,2500.0,2400.0,2400.0,2150.0
Jharkhand,Dumka,Maize,Rabi,,2500.0,2150.0,2150.0,2149.0,2159.0,2000.0,2600.0,2600.0
Jharkhand,Dumka,Moong,Kharif,,783.0,782.0,890.0,850.0,850.0,851.0,800.0,850.0
Jharkhand,Dumka,Moong,Summer,,,,,850.0,,,,
Jharkhand,Dumka,Ragi,Kharif,1160.0,715.0,715.0,725.0,650.0,653.0,667.0,584.0,650.0
Jharkhand,Dumka,Rice,Kharif,1090.0,2100.0,2175.0,2890.0,2650.0,2000.0,2000.0,1292.0,1703.0
Jharkhand,Dumka,Rice,Rabi,2974.0,,,,,,2250.0,,
Jharkhand,Dumka,Shree Anna /Nutri Cereals,Kharif,1160.0,712.0,712.0,724.0,656.0,663.0,571.0,583.0,651.0
Jharkhand,Dumka,Tur,Kharif,,765.0,885.0,925.0,900.0,900.0,899.0,784.0,900.0
Jharkhand,Dumka,Tur,Rabi,1917.0,,,,,,,,
Jharkhand,Dumka,Urad,Kharif,2000.0,625.0,720.0,950.0,800.0,940.0,810.0,750.0,848.0
Jharkhand,Dumka,Wheat,Rabi,2352.0,1580.0,2250.0,2250.0,2270.0,2290.0,2100.0,1800.0,2000.0
Jharkhand,East Singhbum,Bajra,Kharif,,541.0,,,,,500.0,,
Jharkhand,East Singhbum,Gram,Rabi,1688.0,868.0,900.0,900.0,950.0,960.0,980.0,1104.0,1104.0
Jharkhand,East Singhbum,Jowar,Kharif,,541.0,580.0,560.0,681.0,697.0,700.0,695.0,695.0
Jharkhand,East Singhbum,Lentil,Rabi,,1050.0,800.0,800.0,820.0,825.0,830.0,830.0,830.0
Jharkhand,East Singhbum,Maize,Kharif,1844.0,1530.0,1500.0,1500.0,2100.0,2400.0,2425.0,2415.0,2400.0
Jharkhand,East Singhbum,Maize,Rabi,,1351.0,1500.0,1501.0,1700.0,1900.0,1950.0,1919.0,2200.0
Jharkhand,East Singhbum,Moong,Kharif,,790.0,580.0,580.0,630.0,634.0,646.0,645.0,635.0
Jharkhand,East Singhbum,Moong,Summer,,,,,630.0,,,,
Jharkhand,East Singhbum,Ragi,Kharif,,,,,1000.0,1000.0,1000.0,898.0,1000.0
Jharkhand,East Singhbum,Rice,Kharif,634.0,2046.0,2740.0,3200.0,3600.0,3500.0,3600.0,2125.0,1638.0
Jharkhand,East Singhbum,Rice,Rabi,1447.0,,,,,,2500.0,,
Jharkhand,East Singhbum,Shree Anna /Nutri Cereals,Kharif,,541.0,580.0,560.0,737.0,701.0,843.0,859.0,904.0
Jharkhand,East Singhbum,Tur,Kharif,,1050.0,800.0,1100.0,980.0,985.0,990.0,965.0,985.0
Jharkhand,East Singhbum,Tur,Rabi,1500.0,,,,,,,,
Jharkhand,East Singhbum,Urad,Kharif,875.0,902.0,600.0,600.0,670.0,680.0,685.0,690.0,678.0
Jharkhand,East Singhbum,Wheat,Rabi,1461.0,2180.0,1500.0,1500.0,1600.0,1900.0,2100.0,1850.0,2100.0
Jharkhand,Garhwa,Bajra,Kharif,,,,,,,,975.0,980.0
Jharkhand,Garhwa,Gram,Rabi,1811.0,820.0,1050.0,879.0,975.0,1484.0,1487.0,1500.0,1500.0
Jharkhand,Garhwa,Jowar,Kharif,,501.0,,,,700.0,,900.0,950.0
Jharkhand,Garhwa,Lentil,Rabi,,1220.0,620.0,532.0,835.0,1174.0,835.0,1201.0,1200.0
Jharkhand,Garhwa,Maize,Kharif,1770.0,1150.0,1618.0,1620.0,2550.0,2550.0,2000.0,2200.0,2008.0
Jharkhand,Garhwa,Maize,Rabi,,1200.0,932.0,880.0,2070.0,2069.0,1200.0,,
Jharkhand,Garhwa,Moong,Kharif,,400.0,206.0,204.0,733.0,735.0,700.0,850.0,800.0
Jharkhand,Garhwa,Moong,Summer,,,,,733.0,,,,
Jharkhand,Garhwa,Ragi,Kharif,1165.0,,,,,1267.0,,853.0,960.0
Jharkhand,Garhwa,Rice,Kharif,502.0,2033.0,1575.0,2650.0,2930.0,2930.0,1600.0,1235.0,2153.0
Jharkhand,Garhwa,Rice,Rabi,2369.0,,,,,,1800.0,,
Jharkhand,Garhwa,Shree Anna /Nutri Cereals,Kharif,1165.0,501.0,,,,1040.0,,876.0,960.0
Jharkhand,Garhwa,Tur,Kharif,,559.0,650.0,650.0,975.0,980.0,825.0,1166.0,1200.0
Jharkhand,Garhwa,Tur,Rabi,2229.0,,,,,,,,
Jharkhand,Garhwa,Urad,Kharif,752.0,530.0,280.0,804.0,825.0,825.0,720.0,1250.0,1247.0
Jharkhand,Garhwa,Wheat,Rabi,1750.0,2100.0,1058.0,1050.0,2800.0,2420.0,2700.0,2400.0,2479.0
Jharkhand,Giridih,Bajra,Kharif,,1000.0,857.0,773.0,808.0,824.0,857.0,980.0,980.0
Jharkhand,Giridih,Gram,Rabi,680.0,1518.0,1472.0,1265.0,1580.0,1590.0,1620.0,1620.0,1620.0
Jharkhand,Giridih,Jowar,Kharif,,1209.0,1184.0,1182.0,1186.0,1192.0,1186.0,1240.0,1250.0
Jharkhand,Giridih,Lentil,Rabi,,882.0,859.0,862.0,849.0,865.0,716.0,715.0,715.0
Jharkhand,Giridih,Maize,Kharif,2245.0,1850.0,2285.0,1508.0,1894.0,1905.0,1672.0,2555.0,2560.0
Jharkhand,Giridih,Maize,Rabi,,1400.0,1400.0,1400.0,1520.0,1519.0,1420.0,1518.0,2500.0
Jharkhand,Giridih,Moong,Kharif,,872.0,865.0,1270.0,965.0,972.0,995.0,910.0,910.0
Jharkhand,Giridih,Moong,Summer,,,,,965.0,,,,
Jharkhand,Giridih,Ragi,Kharif,413.0,,,360.0,375.0,410.0,414.0,1100.0,1250.0
Jharkhand,Giridih,Rice,Kharif,1392.0,2033.0,1425.0,3346.0,3682.0,3842.0,3480.0,1932.0,2332.0
Jharkhand,Giridih,Rice,Rabi,1957.0,,,,,,3560.0,,
Jharkhand,Giridih,Shree Anna /Nutri Cereals,Kharif,413.0,1206.0,1178.0,400.0,573.0,550.0,662.0,1118.0,1224.0
Jharkhand,Giridih,Tur,Kharif,,1525.0,1360.0,1376.0,1405.0,1412.0,1430.0,1431.0,1625.0
Jharkhand,Giridih,Tur,Rabi,1271.0,,,,,,,,
Jharkhand,Giridih,Urad,Kharif,982.0,1014.0,1014.0,1012.0,923.0,994.0,1068.0,1025.0,1060.0
Jharkhand,Giridih,Wheat,Rabi,2622.0,2312.0,2215.0,2604.0,2723.0,2658.0,2586.0,2480.0,2499.0
Jharkhand,Godda,Bajra,Kharif,,,,529.0,600.0,500.0,417.0,450.0,530.0
Jharkhand,Godda,Gram,Rabi,554.0,1260.0,1440.0,1450.0,1500.0,1430.0,1050.0,1500.0,1500.0
Jharkhand,Godda,Jowar,Kharif,,,,521.0,545.0,660.0,567.0,560.0,700.0
Jharkhand,Godda,Lentil,Rabi,,1080.0,1110.0,1120.0,1200.0,1110.0,925.0,1201.0,1200.0
Jharkhand,Godda,Maize,Kharif,1427.0,2005.0,1125.0,590.0,1125.0,2500.0,2575.0,2050.0,2600.0
Jharkhand,Godda,Maize,Rabi,,1740.0,1810.0,2381.0,1900.0,2430.0,1740.0,2500.0,2500.0
Jharkhand,Godda,Moong,Kharif,,900.0,900.0,920.0,892.0,630.0,550.0,660.0,700.0
Jharkhand,Godda,Moong,Summer,,,,,892.0,,,,
Jharkhand,Godda,Ragi,Kharif,,,,1092.0,600.0,750.0,649.0,593.0,750.0
Jharkhand,Godda,Rice,Kharif,1102.0,2166.0,1341.0,1330.0,1350.0,3100.0,1600.0,1464.0,1998.0
Jharkhand,Godda,Rice,Rabi,1409.0,,,,,,3500.0,,
Jharkhand,Godda,Shree Anna /Nutri Cereals,Kharif,,,,892.0,581.0,741.0,631.0,575.0,732.0
Jharkhand,Godda,Tur,Kharif,,1000.0,990.0,950.0,980.0,790.0,750.0,725.0,950.0
Jharkhand,Godda,Tur,Rabi,1865.0,,,,,,,,
Jharkhand,Godda,Urad,Kharif,,760.0,760.0,780.0,762.0,620.0,600.0,540.0,649.0
Jharkhand,Godda,Wheat,Rabi,1668.0,2320.0,2390.0,2410.0,2500.0,2440.0,2500.0,2020.0,2499.0
Jharkhand,Gumla,Gram,Rabi,1409.0,1512.0,1516.0,1522.0,1522.0,1020.0,930.0,952.0,1020.0
Jharkhand,Gumla,Jowar,Kharif,,600.0,,,,,,,
Jharkhand,Gumla,Lentil,Rabi,,1322.0,1122.0,905.0,905.0,905.0,1175.0,735.0,735.0
Jharkhand,Gumla,Maize,Kharif,2805.0,2626.0,2552.0,2488.0,3322.0,3322.0,2605.0,2139.0,3070.0
Jharkhand,Gumla,Maize,Rabi,,2000.0,2000.0,2000.0,2489.0,2630.0,2000.0,2610.0,2610.0
Jharkhand,Gumla,Moong,Kharif,,918.0,1035.0,1028.0,1028.0,720.0,810.0,810.0,910.0
Jharkhand,Gumla,Moong,Summer,,,,,1028.0,,,,
Jharkhand,Gumla,Ragi,Kharif,1558.0,1380.0,1350.0,1380.0,1350.0,1221.0,790.0,1291.0,1390.0
Jharkhand,Gumla,Rice,Kharif,1283.0,1875.0,1644.0,2352.0,3383.0,3313.0,2530.0,654.0,2250.0
Jharkhand,Gumla,Rice,Rabi,2042.0,,,,,,2530.0,,
Jharkhand,Gumla,Shree Anna /Nutri Cereals,Kharif,1558.0,1348.0,1350.0,1380.0,1350.0,1221.0,790.0,1291.0,1390.0
Jharkhand,Gumla,Tur,Kharif,,1584.0,1562.0,1410.0,1410.0,1410.0,1370.0,1343.0,1370.0
Jharkhand,Gumla,Tur,Rabi,1033.0,,,,,,,,
Jharkhand,Gumla,Urad,Kharif,1414.0,1011.0,1044.0,1024.0,1024.0,1199.0,1420.0,1105.0,1107.0
Jharkhand,Gumla,Wheat,Rabi,1824.0,2218.0,2354.0,2342.0,2342.0,1402.0,1210.0,1402.0,3288.0
Jharkhand,Hazaribagh,Bajra,Kharif,,,,538.0,474.0,484.0,466.0,470.0,500.0
Jharkhand,Hazaribagh,Gram,Rabi,799.0,1500.0,1500.0,1500.0,1390.0,1225.0,1225.0,1225.0,1330.0
Jharkhand,Hazaribagh,Jowar,Kharif,,700.0,688.0,682.0,694.0,672.0,667.0,670.0,600.0
Jharkhand,Hazaribagh,Lentil,Rabi,,840.0,839.0,730.0,730.0,1225.0,502.0,1226.0,720.0
Jharkhand,Hazaribagh,Maize,Kharif,1763.0,2440.0,2440.0,2500.0,2165.0,2075.0,2075.0,2075.0,2260.0
Jharkhand,Hazaribagh,Maize,Rabi,,,1500.0,1500.0,,2073.0,694.0,2075.0,2075.0
Jharkhand,Hazaribagh,Moong,Kharif,,860.0,860.0,850.0,860.0,850.0,750.0,750.0,760.0
Jharkhand,Hazaribagh,Moong,Summer,,,,,950.0,,,,
Jharkhand,Hazaribagh,Ragi,Kharif,946.0,710.0,711.0,690.0,663.0,690.0,690.0,620.0,650.0
Jharkhand,Hazaribagh,Rice,Kharif,419.0,1693.0,2540.0,2530.0,2640.0,2790.0,1090.0,1200.0,1906.0
Jharkhand,Hazaribagh,Rice,Rabi,2269.0,,,,,,1782.0,,
Jharkhand,Hazaribagh,Shree Anna /Nutri Cereals,Kharif,946.0,710.0,708.0,680.0,661.0,686.0,669.0,619.0,618.0
Jharkhand,Hazaribagh,Tur,Kharif,,1200.0,1200.0,1200.0,960.0,1020.0,1020.0,1000.0,1115.0
Jharkhand,Hazaribagh,Tur,Rabi,1273.0,,,,,,,,
Jharkhand,Hazaribagh,Urad,Kharif,929.0,760.0,760.0,750.0,760.0,650.0,650.0,650.0,659.0
Jharkhand,Hazaribagh,Wheat,Rabi,2016.0,2500.0,2500.0,2500.0,2010.0,2020.0,2020.0,2020.0,2010.0
Jharkhand,Jamtara,Bajra,Kharif,,,,500.0,,,,706.0,
Jharkhand,Jamtara,Gram,Rabi,205.0,800.0,800.0,1150.0,1300.0,1350.0,1179.0,812.0,812.0
Jharkhand,Jamtara,Jowar,Kharif,,1667.0,800.0,1200.0,,2000.0,,626.0,
Jharkhand,Jamtara,Lentil,Rabi,,847.0,800.0,735.0,801.0,849.0,850.0,748.0,748.0
Jharkhand,Jamtara,Maize,Kharif,1725.0,2500.0,1300.0,1833.0,1900.0,2100.0,2033.0,1480.0,1900.0
Jharkhand,Jamtara,Maize,Rabi,,2000.0,1500.0,2563.0,3100.0,3119.0,1759.0,,1600.0
Jharkhand,Jamtara,Moong,Kharif,,1000.0,798.0,848.0,1000.0,1053.0,854.0,866.0,1100.0
Jharkhand,Jamtara,Moong,Summer,,,,,1000.0,,,,
Jharkhand,Jamtara,Ragi,Kharif,,,,,,1500.0,1000.0,715.0,0.0
Jharkhand,Jamtara,Rice,Kharif,,1667.0,1800.0,2745.0,2800.0,2957.0,1127.0,1519.0,1834.0
Jharkhand,Jamtara,Rice,Rabi,2422.0,,,,,,1300.0,,
Jharkhand,Jamtara,Shree Anna /Nutri Cereals,Kharif,,1667.0,800.0,1183.0,,1554.0,1000.0,715.0,0.0
Jharkhand,Jamtara,Tur,Kharif,,1310.0,798.0,1051.0,1251.0,1300.0,1400.0,1088.0,1400.0
Jharkhand,Jamtara,Tur,Rabi,760.0,,,,,,,,
Jharkhand,Jamtara,Urad,Kharif,,1227.0,901.0,734.0,952.0,953.0,1000.0,864.0,898.0
Jharkhand,Jamtara,Wheat,Rabi,1973.0,1500.0,1500.0,1665.0,2300.0,2450.0,2250.0,1968.0,1968.0
Jharkhand,Khunti,Bajra,Kharif,,,,600.0,,600.0,,,
Jharkhand,Khunti,Gram,Rabi,1223.0,1500.0,1450.0,1450.0,1200.0,1200.0,1300.0,822.0,822.0
Jharkhand,Khunti,Jowar,Kharif,,1167.0,685.0,353.0,355.0,355.0,,800.0,800.0
Jharkhand,Khunti,Lentil,Rabi,,1100.0,900.0,900.0,900.0,900.0,900.0,900.0,900.0
Jharkhand,Khunti,Maize,Kharif,1411.0,2400.0,1295.0,2199.0,2492.0,2962.0,1750.0,1750.0,1750.0
Jharkhand,Khunti,Maize,Rabi,,2103.0,,2813.0,2800.0,2800.0,1750.0,1750.0,1750.0
Jharkhand,Khunti,Moong,Kharif,,910.0,890.0,458.0,800.0,800.0,750.0,750.0,750.0
Jharkhand,Khunti,Moong,Summer,,,,,800.0,,,,
Jharkhand,Khunti,Ragi,Kharif,839.0,1900.0,1180.0,900.0,900.0,900.0,901.0,808.0,900.0
Jharkhand,Khunti,Rice,Kharif,1124.0,1467.0,1002.0,2800.0,3409.0,4568.0,1435.0,1378.0,2096.0
Jharkhand,Khunti,Rice,Rabi,2447.0,,,,,,3200.0,,
Jharkhand,Khunti,Shree Anna /Nutri Cereals,Kharif,839.0,1896.0,1167.0,891.0,851.0,872.0,901.0,808.0,900.0
Jharkhand,Khunti,Tur,Kharif,,1005.0,432.0,800.0,1050.0,1050.0,830.0,784.0,800.0
Jharkhand,Khunti,Tur,Rabi,1311.0,,,,,,,,
Jharkhand,Khunti,Urad,Kharif,746.0,1050.0,962.0,600.0,900.0,900.0,748.0,750.0,748.0
Jharkhand,Khunti,Wheat,Rabi,2519.0,1750.0,1750.0,1750.0,3000.0,3000.0,1435.0,1600.0,1435.0
Jharkhand,Koderma,Bajra,Kharif,,,600.0,,,,,,700.0
Jharkhand,Koderma,Gram,Rabi,1384.0,1500.0,1500.0,1500.0,1500.0,1200.0,1200.0,1500.0,1500.0
Jharkhand,Koderma,Jowar,Kharif,,500.0,500.0,522.0,522.0,511.0,,,700.0
Jharkhand,Koderma,Lentil,Rabi,,1200.0,1200.0,1200.0,1200.0,1200.0,1200.0,1201.0,1200.0
Jharkhand,Koderma,Maize,Kharif,1266.0,2000.0,,2000.0,2000.0,2080.0,1200.0,1600.0,1200.0
Jharkhand,Koderma,Maize,Rabi,,1904.0,2167.0,1900.0,1900.0,,1200.0,2500.0,1600.0
Jharkhand,Koderma,Moong,Kharif,,600.0,700.0,601.0,601.0,900.0,899.0,900.0,900.0
Jharkhand,Koderma,Moong,Summer,,,,,901.0,,,,
Jharkhand,Koderma,Ragi,Kharif,609.0,600.0,599.0,599.0,600.0,800.0,801.0,719.0,800.0
Jharkhand,Koderma,Rice,Kharif,689.0,1667.0,1800.0,2500.0,2500.0,2600.0,2600.0,2814.0,1703.0
Jharkhand,Koderma,Rice,Rabi,1981.0,,,,,,2600.0,,
Jharkhand,Koderma,Shree Anna /Nutri Cereals,Kharif,609.0,594.0,589.0,596.0,597.0,779.0,801.0,719.0,785.0
Jharkhand,Koderma,Tur,Kharif,,800.0,1000.0,800.0,1200.0,1200.0,1200.0,1176.0,1200.0
Jharkhand,Koderma,Tur,Rabi,971.0,,,,,,,,
Jharkhand,Koderma,Urad,Kharif,1011.0,700.0,800.0,700.0,700.0,900.0,900.0,950.0,948.0
Jharkhand,Koderma,Wheat,Rabi,1963.0,2400.0,2500.0,2500.0,2500.0,2500.0,2500.0,2500.0,2499.0
Jharkhand,Latehar,Gram,Rabi,949.0,628.0,645.0,640.0,645.0,642.0,640.0,640.0,640.0
Jharkhand,Latehar,Jowar,Kharif,,340.0,345.0,,,590.0,,,1550.0
Jharkhand,Latehar,Lentil,Rabi,,561.0,565.0,555.0,558.0,557.0,555.0,555.0,555.0
Jharkhand,Latehar,Maize,Kharif,2888.0,644.0,644.0,1585.0,1584.0,1575.0,1575.0,1580.0,3226.0
Jharkhand,Latehar,Maize,Rabi,,,,,,,0.0,,1475.0
Jharkhand,Latehar,Moong,Kharif,,817.0,816.0,817.0,820.0,816.0,816.0,818.0,850.0
Jharkhand,Latehar,Moong,Summer,,,,,820.0,,,,
Jharkhand,Latehar,Ragi,Kharif,1161.0,1131.0,1136.0,1150.0,1151.0,1145.0,1143.0,1033.0,1601.0
Jharkhand,Latehar,Rice,Kharif,502.0,2400.0,2900.0,2275.0,2274.0,2250.0,1750.0,1005.0,1179.0
Jharkhand,Latehar,Rice,Rabi,2520.0,,,,,,1760.0,,
Jharkhand,Latehar,Shree Anna /Nutri Cereals,Kharif,1161.0,911.0,477.0,1150.0,1151.0,1016.0,1143.0,1033.0,1597.0
Jharkhand,Latehar,Tur,Kharif,,1532.0,1532.0,1555.0,1556.0,1552.0,1552.0,1524.0,1550.0
Jharkhand,Latehar,Tur,Rabi,1681.0,,,,,,,,
Jharkhand,Latehar,Urad,Kharif,536.0,715.0,714.0,725.0,725.0,722.0,722.0,725.0,948.0
Jharkhand,Latehar,Wheat,Rabi,2522.0,1330.0,1352.0,1330.0,1324.0,1350.0,1320.0,1320.0,1320.0
Jharkhand,Lohardaga,Gram,Rabi,821.0,990.0,1020.0,1020.0,900.0,820.0,1020.0,1020.0,1020.0
Jharkhand,Lohardaga,Jowar,Kharif,,600.0,571.0,,,400.0,,,
Jharkhand,Lohardaga,Lentil,Rabi,,900.0,505.0,505.0,505.0,505.0,506.0,505.0,505.0
Jharkhand,Lohardaga,Maize,Kharif,3308.0,3042.0,3050.0,3050.0,3010.0,3200.0,3050.0,3050.0,5238.0
Jharkhand,Lohardaga,Maize,Rabi,,,1500.0,3050.0,3051.0,3051.0,0.0,,
Jharkhand,Lohardaga,Moong,Kharif,,449.0,451.0,450.0,451.0,450.0,450.0,450.0,450.0
Jharkhand,Lohardaga,Moong,Summer,,,,,451.0,,,,
Jharkhand,Lohardaga,Ragi,Kharif,1242.0,650.0,400.0,400.0,588.0,600.0,400.0,359.0,807.0
Jharkhand,Lohardaga,Rice,Kharif,1243.0,2175.0,2250.0,3027.0,3213.0,3290.0,2564.0,1550.0,1769.0
Jharkhand,Lohardaga,Rice,Rabi,3603.0,,,,,,2589.0,,
Jharkhand,Lohardaga,Shree Anna /Nutri Cereals,Kharif,1242.0,649.0,401.0,400.0,588.0,599.0,400.0,359.0,807.0
Jharkhand,Lohardaga,Tur,Kharif,,1050.0,1050.0,1050.0,1050.0,1000.0,1050.0,1029.0,1050.0
Jharkhand,Lohardaga,Tur,Rabi,1452.0,,,,,,,,
Jharkhand,Lohardaga,Urad,Kharif,1046.0,400.0,500.0,500.0,832.0,600.0,500.0,500.0,499.0
Jharkhand,Lohardaga,Wheat,Rabi,2267.0,2678.0,2678.0,2700.0,2300.0,2700.0,2700.0,2700.0,2699.0
Jharkhand,Pakur,Bajra,Kharif,,,,,,,786.0,750.0,750.0
Jharkhand,Pakur,Gram,Rabi,973.0,960.0,960.0,960.0,960.0,850.0,500.0,1000.0,960.0
Jharkhand,Pakur,Jowar,Kharif,,749.0,624.0,750.0,750.0,748.0,,750.0,750.0
Jharkhand,Pakur,Lentil,Rabi,,800.0,800.0,800.0,800.0,735.0,500.0,800.0,800.0
Jharkhand,Pakur,Maize,Kharif,2288.0,2000.0,1368.0,1500.0,1500.0,1500.0,1000.0,1500.0,1500.0
Jharkhand,Pakur,Maize,Rabi,,2251.0,2101.0,2100.0,2100.0,2100.0,1910.0,2100.0,2100.0
Jharkhand,Pakur,Moong,Kharif,,651.0,433.0,,700.0,698.0,727.0,770.0,700.0
Jharkhand,Pakur,Moong,Summer,,,,,700.0,,,,
Jharkhand,Pakur,Ragi,Kharif,,,,,,,,539.0,2501.0
Jharkhand,Pakur,Rice,Kharif,1142.0,1867.0,1063.0,2000.0,2000.0,2004.0,800.0,1148.0,1310.0
Jharkhand,Pakur,Rice,Rabi,2895.0,,,,,,2000.0,,
Jharkhand,Pakur,Shree Anna /Nutri Cereals,Kharif,,749.0,624.0,750.0,750.0,748.0,786.0,677.0,985.0
Jharkhand,Pakur,Tur,Kharif,,775.0,645.0,775.0,775.0,775.0,500.0,759.0,775.0
Jharkhand,Pakur,Tur,Rabi,1865.0,,,,,,,,
Jharkhand,Pakur,Urad,Kharif,2333.0,770.0,321.0,770.0,770.0,770.0,,770.0,798.0
Jharkhand,Pakur,Wheat,Rabi,2282.0,2150.0,1450.0,1500.0,1500.0,1800.0,1500.0,1500.0,1500.0
Jharkhand,Palamu,Bajra,Kharif,,,,600.0,667.0,750.0,500.0,706.0,716.0
Jharkhand,Palamu,Gram,Rabi,1063.0,805.0,720.0,805.0,804.0,806.0,792.0,812.0,812.0
Jharkhand,Palamu,Jowar,Kharif,,,,696.0,571.0,643.0,571.0,700.0,724.0
Jharkhand,Palamu,Lentil,Rabi,,700.0,920.0,715.0,740.0,744.0,724.0,494.0,745.0
Jharkhand,Palamu,Maize,Kharif,1974.0,2100.0,980.0,1583.0,1586.0,1473.0,1272.0,1480.0,1520.0
Jharkhand,Palamu,Maize,Rabi,,1600.0,2000.0,1556.0,1520.0,1581.0,1582.0,,
Jharkhand,Palamu,Moong,Kharif,,813.0,410.0,820.0,820.0,856.0,858.0,866.0,828.0
Jharkhand,Palamu,Moong,Summer,,,,,810.0,,,,
Jharkhand,Palamu,Ragi,Kharif,1165.0,,272.0,780.0,806.0,791.0,,715.0,780.0
Jharkhand,Palamu,Rice,Kharif,502.0,1957.0,1380.0,2463.0,2664.0,2644.0,1320.0,1519.0,1625.0
Jharkhand,Palamu,Rice,Rabi,2212.0,,,,,,2450.0,,
Jharkhand,Palamu,Shree Anna /Nutri Cereals,Kharif,1165.0,,272.0,776.0,795.0,787.0,556.0,715.0,780.0
Jharkhand,Palamu,Tur,Kharif,,904.0,655.0,925.0,1105.0,1096.0,1104.0,1088.0,1102.0
Jharkhand,Palamu,Tur,Rabi,2186.0,,,,,,,,
Jharkhand,Palamu,Urad,Kharif,784.0,802.0,425.0,810.0,810.0,860.0,780.0,864.0,833.0
Jharkhand,Palamu,Wheat,Rabi,1800.0,2200.0,1580.0,1905.0,1960.0,1963.0,1963.0,1864.0,1964.0
Jharkhand,Ramgarh,Bajra,Kharif,,,,556.0,500.0,526.0,500.0,500.0,500.0
Jharkhand,Ramgarh,Gram,Rabi,860.0,1500.0,1500.0,1500.0,1350.0,1330.0,1330.0,1330.0,1330.0
Jharkhand,Ramgarh,Jowar,Kharif,,692.0,680.0,679.0,667.0,600.0,462.0,550.0,600.0
Jharkhand,Ramgarh,Lentil,Rabi,,730.0,733.0,730.0,730.0,720.0,720.0,720.0,720.0
Jharkhand,Ramgarh,Maize,Kharif,1899.0,2500.0,2500.0,2500.0,2140.0,2150.0,2260.0,2260.0,2260.0
Jharkhand,Ramgarh,Maize,Rabi,,,1538.0,1429.0,,2150.0,0.0,2260.0,2260.0
Jharkhand,Ramgarh,Moong,Kharif,,851.0,850.0,849.0,850.0,761.0,761.0,760.0,760.0
Jharkhand,Ramgarh,Moong,Summer,,,,,951.0,,,,
Jharkhand,Ramgarh,Ragi,Kharif,,690.0,685.0,688.0,689.0,650.0,650.0,584.0,650.0
Jharkhand,Ramgarh,Rice,Kharif,,1687.0,2530.0,2530.0,2530.0,2640.0,2410.0,1384.0,1579.0
Jharkhand,Ramgarh,Rice,Rabi,3178.0,,,,,,2100.0,,
Jharkhand,Ramgarh,Shree Anna /Nutri Cereals,Kharif,,690.0,684.0,678.0,680.0,646.0,645.0,581.0,645.0
Jharkhand,Ramgarh,Tur,Kharif,,1200.0,1200.0,1200.0,1030.0,1150.0,1115.0,1093.0,1115.0
Jharkhand,Ramgarh,Tur,Rabi,1261.0,,,,,,,,
Jharkhand,Ramgarh,Urad,Kharif,,750.0,750.0,750.0,750.0,680.0,660.0,660.0,659.0
Jharkhand,Ramgarh,Wheat,Rabi,1785.0,2500.0,2500.0,2500.0,1990.0,2010.0,2010.0,2010.0,2010.0
Jharkhand,Ranchi,Gram,Rabi,1165.0,1100.0,1000.0,1000.0,1000.0,1000.0,1000.0,1000.0,1200.0
Jharkhand,Ranchi,Jowar,Kharif,,510.0,,,,,,,
Jharkhand,Ranchi,Lentil,Rabi,,450.0,700.0,800.0,800.0,700.0,700.0,800.0,800.0
Jharkhand,Ranchi,Maize,Kharif,3423.0,2500.0,2300.0,2787.0,2800.0,2800.0,2200.0,2800.0,2801.0
Jharkhand,Ranchi,Maize,Rabi,,2600.0,2700.0,2500.0,2798.0,2800.0,2600.0,2800.0,2800.0
Jharkhand,Ranchi,Moong,Kharif,,800.0,750.0,800.0,800.0,800.0,800.0,800.0,800.0
Jharkhand,Ranchi,Moong,Summer,,,,,800.0,,,,
Jharkhand,Ranchi,Ragi,Kharif,983.0,750.0,750.0,810.0,815.0,815.0,800.0,732.0,815.0
Jharkhand,Ranchi,Rice,Kharif,1529.0,2400.0,2400.0,3242.0,3400.0,3800.0,2000.0,1436.0,2129.0
Jharkhand,Ranchi,Rice,Rabi,2556.0,,,,,,2500.0,,
Jharkhand,Ranchi,Shree Anna /Nutri Cereals,Kharif,983.0,746.0,750.0,810.0,815.0,815.0,800.0,732.0,815.0
Jharkhand,Ranchi,Tur,Kharif,,800.0,840.0,900.0,900.0,900.0,900.0,882.0,900.0
Jharkhand,Ranchi,Tur,Rabi,1577.0,,,,,,,,
Jharkhand,Ranchi,Urad,Kharif,710.0,850.0,860.0,900.0,900.0,800.0,800.0,800.0,798.0
Jharkhand,Ranchi,Wheat,Rabi,2238.0,2000.0,421.0,2000.0,2000.0,2800.0,2000.0,2000.0,2499.0
Jharkhand,Sahebganj,Bajra,Kharif,,692.0,667.0,667.0,733.0,720.0,700.0,715.0,715.0
Jharkhand,Sahebganj,Gram,Rabi,933.0,1010.0,807.0,838.0,1943.0,1054.0,974.0,974.0,1010.0
Jharkhand,Sahebganj,Jowar,Kharif,,643.0,667.0,658.0,650.0,655.0,650.0,650.0,650.0
Jharkhand,Sahebganj,Lentil,Rabi,,450.0,450.0,450.0,450.0,450.0,450.0,450.0,450.0
Jharkhand,Sahebganj,Maize,Kharif,567.0,1915.0,2333.0,3053.0,2245.0,2245.0,1621.0,2245.0,4356.0
Jharkhand,Sahebganj,Maize,Rabi,,860.0,860.0,860.0,860.0,860.0,860.0,860.0,2110.0
Jharkhand,Sahebganj,Moong,Kharif,,1134.0,1132.0,1100.0,1136.0,1136.0,,1135.0,1135.0
Jharkhand,Sahebganj,Moong,Summer,,,,,1136.0,,,,
Jharkhand,Sahebganj,Ragi,Kharif,,,,,,609.0,,1617.0,1801.0
Jharkhand,Sahebganj,Rice,Kharif,1051.0,1802.0,698.0,3110.0,3145.0,3250.0,1192.0,1806.0,2060.0
Jharkhand,Sahebganj,Rice,Rabi,1946.0,,,,,,3145.0,,
Jharkhand,Sahebganj,Shree Anna /Nutri Cereals,Kharif,,655.0,667.0,659.0,663.0,652.0,667.0,1124.0,1443.0
Jharkhand,Sahebganj,Tur,Kharif,,444.0,444.0,515.0,515.0,515.0,515.0,505.0,515.0
Jharkhand,Sahebganj,Tur,Rabi,1866.0,,,,,,,,
Jharkhand,Sahebganj,Urad,Kharif,2285.0,1030.0,1146.0,1030.0,1030.0,1030.0,885.0,1030.0,1011.0
Jharkhand,Sahebganj,Wheat,Rabi,1938.0,1710.0,1586.0,1845.0,3406.0,2751.0,2480.0,2480.0,2479.0
Jharkhand,Saraikela Kharsawan,Bajra,Kharif,,696.0,500.0,474.0,556.0,571.0,,500.0,500.0
Jharkhand,Saraikela Kharsawan,Gram,Rabi,1467.0,1700.0,1350.0,1750.0,1750.0,1750.0,1750.0,1751.0,1150.0
Jharkhand,Saraikela Kharsawan,Jowar,Kharif,,800.0,397.0,377.0,412.0,400.0,,400.0,500.0
Jharkhand,Saraikela Kharsawan,Lentil,Rabi,,1100.0,700.0,800.0,800.0,800.0,800.0,800.0,875.0
Jharkhand,Saraikela Kharsawan,Maize,Kharif,1900.0,2100.0,1420.0,1070.0,2200.0,2200.0,1800.0,2200.0,1165.0
Jharkhand,Saraikela Kharsawan,Maize,Rabi,,1800.0,1799.0,1798.0,1798.0,1798.0,1800.0,1800.0,1050.0
Jharkhand,Saraikela Kharsawan,Moong,Kharif,,900.0,700.0,700.0,700.0,700.0,700.0,700.0,700.0
Jharkhand,Saraikela Kharsawan,Moong,Summer,,,,,1300.0,,,,
Jharkhand,Saraikela Kharsawan,Ragi,Kharif,,750.0,651.0,,650.0,656.0,650.0,584.0,650.0
Jharkhand,Saraikela Kharsawan,Rice,Kharif,635.0,2133.0,2300.0,1640.0,2850.0,2800.0,2450.0,1407.0,1900.0
Jharkhand,Saraikela Kharsawan,Rice,Rabi,1815.0,,,,,,2450.0,,
Jharkhand,Saraikela Kharsawan,Shree Anna /Nutri Cereals,Kharif,,771.0,604.0,400.0,615.0,591.0,650.0,556.0,639.0
Jharkhand,Saraikela Kharsawan,Tur,Kharif,,1600.0,1200.0,1150.0,1200.0,1200.0,1200.0,1176.0,1200.0
Jharkhand,Saraikela Kharsawan,Tur,Rabi,1545.0,,,,,,,,
Jharkhand,Saraikela Kharsawan,Urad,Kharif,971.0,1100.0,700.0,700.0,700.0,700.0,700.0,700.0,748.0
Jharkhand,Saraikela Kharsawan,Wheat,Rabi,2846.0,3100.0,1850.0,3100.0,3100.0,3100.0,3100.0,3100.0,1255.0
Jharkhand,Simdega,Bajra,Kharif,,750.0,700.0,500.0,,,,2499.0,2500.0
Jharkhand,Simdega,Gram,Rabi,1225.0,1625.0,1625.0,1300.0,1352.0,1300.0,1200.0,1300.0,1200.0
Jharkhand,Simdega,Jowar,Kharif,,600.0,600.0,600.0,655.0,643.0,,,
Jharkhand,Simdega,Lentil,Rabi,,1400.0,1400.0,1100.0,1150.0,1100.0,1100.0,1201.0,1200.0
Jharkhand,Simdega,Maize,Kharif,2770.0,2500.0,2500.0,2450.0,2500.0,2500.0,1800.0,2200.0,2200.0
Jharkhand,Simdega,Maize,Rabi,,3100.0,3114.0,2800.0,2800.0,2800.0,2600.0,,2300.0
Jharkhand,Simdega,Moong,Kharif,,900.0,900.0,900.0,950.0,950.0,896.0,1000.0,1000.0
Jharkhand,Simdega,Moong,Summer,,,,,950.0,,,,
Jharkhand,Simdega,Ragi,Kharif,1284.0,800.0,800.0,800.0,800.0,1200.0,1000.0,1437.0,1400.0
Jharkhand,Simdega,Rice,Kharif,1007.0,2000.0,3000.0,2850.0,3000.0,2900.0,2000.0,1436.0,1441.0
Jharkhand,Simdega,Rice,Rabi,2531.0,,,,,,2500.0,,
Jharkhand,Simdega,Shree Anna /Nutri Cereals,Kharif,1284.0,797.0,797.0,799.0,798.0,1193.0,1000.0,1438.0,1401.0
Jharkhand,Simdega,Tur,Kharif,,1500.0,1500.0,1150.0,1200.0,1400.0,1400.0,1470.0,1500.0
Jharkhand,Simdega,Tur,Rabi,2965.0,,,,,,,,
Jharkhand,Simdega,Urad,Kharif,783.0,1100.0,1100.0,980.0,980.0,1050.0,1000.0,1000.0,948.0
Jharkhand,Simdega,Wheat,Rabi,3635.0,2250.0,2250.0,2200.0,2251.0,2200.0,2200.0,2300.0,2200.0
Jharkhand,West Singhbhum,Bajra,Kharif,,417.0,417.0,429.0,444.0,,553.0,,
Jharkhand,West Singhbhum,Gram,Rabi,1000.0,1120.0,1019.0,1062.0,1089.0,1085.0,1125.0,1150.0,1150.0
Jharkhand,West Singhbhum,Jowar,Kharif,,467.0,448.0,449.0,462.0,453.0,450.0,600.0,525.0
Jharkhand,West Singhbhum,Lentil,Rabi,,890.0,890.0,864.0,874.0,872.0,875.0,875.0,875.0
Jharkhand,West Singhbhum,Maize,Kharif,,960.0,1344.0,1234.0,1236.0,1160.0,1165.0,1165.0,1165.0
Jharkhand,West Singhbhum,Maize,Rabi,,2147.0,,2125.0,2167.0,1154.0,2150.0,,
Jharkhand,West Singhbhum,Moong,Kharif,,862.0,824.0,786.0,832.0,764.0,825.0,1025.0,850.0
Jharkhand,West Singhbhum,Moong,Summer,,,,,832.0,,,,
Jharkhand,West Singhbhum,Ragi,Kharif,1161.0,586.0,580.0,584.0,580.0,580.0,584.0,557.0,620.0
Jharkhand,West Singhbhum,Rice,Kharif,635.0,1328.0,1518.0,1986.0,1872.0,2044.0,1800.0,1148.0,1618.0
Jharkhand,West Singhbhum,Rice,Rabi,1285.0,,,,,,1825.0,,
Jharkhand,West Singhbhum,Shree Anna /Nutri Cereals,Kharif,1161.0,571.0,566.0,528.0,537.0,570.0,568.0,559.0,600.0
Jharkhand,West Singhbhum,Tur,Kharif,,990.0,1004.0,1036.0,1128.0,1092.0,1130.0,1171.0,1145.0
Jharkhand,West Singhbhum,Tur,Rabi,1571.0,,,,,,,,
Jharkhand,West Singhbhum,Urad,Kharif,988.0,846.0,882.0,837.0,872.0,864.0,877.0,1065.0,883.0
Jharkhand,West Singhbhum,Wheat,Rabi,1683.0,1180.0,1592.0,1242.0,1664.0,1168.0,1850.0,1255.0,1255.0
Karnataka,Bagalkote,Bajra,Kharif,1118.0,1565.0,1531.0,1656.0,1914.0,1427.0,1521.0,1435.0,1691.0
Karnataka,Bagalkote,Bajra,Rabi,,,,,1309.0,,,,
Karnataka,Bagalkote,Bajra,Summer,,,,1046.0,1022.0,,,,
Karnataka,Bagalkote,Barley,Kharif,,,,,,,0.0,,
Karnataka,Bagalkote,Gram,Rabi,322.0,699.0,414.0,831.0,873.0,729.0,845.0,704.0,590.0
Karnataka,Bagalkote,Jowar,Kharif,1715.0,3045.0,2427.0,2549.0,3091.0,2077.0,1815.0,2571.0,2616.0
Karnataka,Bagalkote,Jowar,Rabi,480.0,1160.0,687.0,1331.0,1404.0,1265.0,1182.0,1140.0,1227.0
Karnataka,Bagalkote,Jowar,Summer,,,,1652.0,1759.0,,,,
Karnataka,Bagalkote,Maize,Kharif,3886.0,4569.0,4169.0,3730.0,4505.0,4003.0,4418.0,3892.0,4190.0
Karnataka,Bagalkote,Maize,Rabi,3957.0,4187.0,3617.0,4023.0,3882.0,3731.0,3920.0,3709.0,3683.0
Karnataka,Bagalkote,Maize,Summer,3455.0,5261.0,4306.0,4698.0,3070.0,3854.0,4542.0,3696.0,5499.0
Karnataka,Bagalkote,Moong,Kharif,218.0,126.0,209.0,178.0,187.0,293.0,270.0,215.0,211.0
Karnataka,Bagalkote,Moong,Rabi,,,,246.0,298.0,,,,299.0
Karnataka,Bagalkote,Moong,Summer,,,,,217.0,,,,
Karnataka,Bagalkote,Ragi,Kharif,,,1208.0,1739.0,1763.0,1317.0,1417.0,1252.0,1482.0
Karnataka,Bagalkote,Ragi,Rabi,,,,1421.0,1535.0,1361.0,,,
Karnataka,Bagalkote,Rice,Kharif,2765.0,,2852.0,3212.0,3298.0,2794.0,3292.0,3325.0,3394.0
Karnataka,Bagalkote,Rice,Rabi,,,,,,,,2694.0,2842.0
Karnataka,Bagalkote,Rice,Summer,,,,3041.0,2933.0,3000.0,,,
Karnataka,Bagalkote,Shree Anna /Nutri Cereals,Kharif,1137.0,1578.0,1575.0,1747.0,1953.0,1462.0,1529.0,1489.0,1783.0
Karnataka,Bagalkote,Shree Anna /Nutri Cereals,Rabi,480.0,1160.0,687.0,1331.0,1404.0,1265.0,1182.0,1140.0,1227.0
Karnataka,Bagalkote,Shree Anna /Nutri Cereals,Summer,,,,1103.0,1504.0,,,,
Karnataka,Bagalkote,Small Millets,Kharif,250.0,545.0,406.0,389.0,901.0,867.0,349.0,318.0,426.0
Karnataka,Bagalkote,Tur,Kharif,785.0,694.0,454.0,592.0,877.0,679.0,672.0,566.0,805.0
Karnataka,Bagalkote,Urad,Kharif,256.0,89.0,508.0,451.0,330.0,314.0,261.0,340.0,454.0
Karnataka,Bagalkote,Urad,Rabi,,,,467.0,536.0,500.0,,557.0,429.0
Karnataka,Bagalkote,Urad,Summer,,,,400.0,500.0,,,,
Karnataka,Bagalkote,Wheat,Rabi,1281.0,1491.0,1607.0,1605.0,2001.0,1875.0,1939.0,1535.0,1196.0
Karnataka,Ballari,Bajra,Kharif,1258.0,1844.0,1140.0,1498.0,1797.0,1581.0,1711.0,1419.0,1676.0
Karnataka,Ballari,Bajra,Rabi,,,,,1351.0,1249.0,1300.0,,
Karnataka,Ballari,Bajra,Summer,1237.0,1248.0,1248.0,1187.0,1023.0,1107.0,1076.0,,
Karnataka,Ballari,Barley,Kharif,,,,,,,0.0,,
Karnataka,Ballari,Barley,Rabi,,,,,,,0.0,,
Karnataka,Ballari,Gram,Rabi,278.0,990.0,544.0,716.0,710.0,723.0,604.0,685.0,801.0
Karnataka,Ballari,Jowar,Kharif,2038.0,2520.0,2168.0,2613.0,3202.0,2938.0,3081.0,3443.0,3362.0
Karnataka,Ballari,Jowar,Rabi,593.0,2084.0,2018.0,2236.0,2380.0,2539.0,2699.0,2775.0,2823.0
Karnataka,Ballari,Jowar,Summer,1449.0,2077.0,2047.0,1763.0,2064.0,,,,
Karnataka,Ballari,Lentil,Kharif,,,,,,,0.0,,
Karnataka,Ballari,Maize,Kharif,2667.0,3850.0,2697.0,3539.0,3944.0,3323.0,3830.0,3312.0,3688.0
Karnataka,Ballari,Maize,Rabi,1077.0,3834.0,3038.0,3952.0,4030.0,3987.0,4033.0,4278.0,4499.0
Karnataka,Ballari,Maize,Summer,2668.0,3752.0,3446.0,3958.0,3070.0,3562.0,3752.0,3718.0,4328.0
Karnataka,Ballari,Moong,Kharif,197.0,,356.0,322.0,404.0,618.0,389.0,314.0,430.0
Karnataka,Ballari,Moong,Rabi,,,286.0,250.0,304.0,311.0,318.0,333.0,299.0
Karnataka,Ballari,Moong,Summer,,,,,200.0,,,,
Karnataka,Ballari,Ragi,Kharif,1047.0,1354.0,740.0,1208.0,1329.0,1095.0,548.0,699.0,1366.0
Karnataka,Ballari,Ragi,Rabi,1035.0,1601.0,1558.0,1358.0,1744.0,1466.0,1358.0,,
Karnataka,Ballari,Ragi,Summer,1810.0,1738.0,1798.0,1309.0,1656.0,1527.0,1716.0,,
Karnataka,Ballari,Rice,Kharif,3928.0,4229.0,4043.0,4342.0,4433.0,3904.0,4578.0,3973.0,4113.0
Karnataka,Ballari,Rice,Rabi,2636.0,2668.0,2476.0,,,,2664.0,2694.0,2842.0
Karnataka,Ballari,Rice,Summer,2764.0,3413.0,3652.0,3856.0,3478.0,3553.0,3873.0,3330.0,3684.0
Karnataka,Ballari,Shree Anna /Nutri Cereals,Kharif,1532.0,1700.0,1367.0,1548.0,1883.0,1578.0,1908.0,2159.0,2495.0
Karnataka,Ballari,Shree Anna /Nutri Cereals,Rabi,602.0,2079.0,1952.0,1999.0,2070.0,1911.0,2560.0,2775.0,2823.0
Karnataka,Ballari,Shree Anna /Nutri Cereals,Summer,1411.0,1668.0,1729.0,1289.0,1715.0,1421.0,1198.0,,
Karnataka,Ballari,Small Millets,Kharif,401.0,615.0,365.0,462.0,577.0,566.0,405.0,312.0,513.0
Karnataka,Ballari,Tur,Kharif,589.0,822.0,669.0,830.0,747.0,588.0,452.0,484.0,682.0
Karnataka,Ballari,Urad,Kharif,488.0,500.0,462.0,462.0,571.0,500.0,462.0,449.0,590.0
Karnataka,Ballari,Urad,Rabi,481.0,438.0,533.0,463.0,527.0,530.0,519.0,557.0,429.0
Karnataka,Ballari,Urad,Summer,531.0,,500.0,429.0,500.0,,,,
Karnataka,Ballari,Wheat,Rabi,130.0,1318.0,826.0,1195.0,1027.0,3018.0,1375.0,1309.0,1255.0
Karnataka,Belagavi,Bajra,Kharif,604.0,1210.0,1098.0,1088.0,1342.0,1151.0,1227.0,1071.0,1320.0
Karnataka,Belagavi,Bajra,Rabi,,,,,1312.0,1308.0,1313.0,,
Karnataka,Belagavi,Bajra,Summer,1118.0,,,1097.0,1242.0,1214.0,1174.0,,
Karnataka,Belagavi,Barley,Kharif,,,,,,,0.0,,
Karnataka,Belagavi,Barley,Rabi,,,,,,,0.0,,
Karnataka,Belagavi,Barley,Summer,,,,,,,0.0,,
Karnataka,Belagavi,Gram,Rabi,503.0,746.0,779.0,676.0,729.0,808.0,752.0,714.0,747.0
Karnataka,Belagavi,Jowar,Kharif,1455.0,2340.0,2101.0,1628.0,2284.0,1948.0,1834.0,1981.0,1913.0
Karnataka,Belagavi,Jowar,Rabi,751.0,1160.0,1177.0,1034.0,1205.0,1247.0,1220.0,1059.0,1137.0
Karnataka,Belagavi,Jowar,Summer,1375.0,2088.0,1804.0,1739.0,1972.0,,,,
Karnataka,Belagavi,Lentil,Kharif,,,,,,,0.0,,
Karnataka,Belagavi,Lentil,Rabi,,,,,,,0.0,,
Karnataka,Belagavi,Maize,Kharif,3041.0,4599.0,3833.0,3515.0,4453.0,4239.0,3954.0,3944.0,4143.0
Karnataka,Belagavi,Maize,Rabi,3545.0,3886.0,4058.0,3819.0,4312.0,4391.0,4226.0,4101.0,3942.0
Karnataka,Belagavi,Maize,Summer,2802.0,3451.0,3450.0,4183.0,3251.0,3609.0,4004.0,3947.0,4362.0
Karnataka,Belagavi,Moong,Kharif,302.0,330.0,549.0,399.0,438.0,455.0,461.0,302.0,407.0
Karnataka,Belagavi,Moong,Rabi,79.0,125.0,250.0,250.0,298.0,307.0,309.0,333.0,299.0
Karnataka,Belagavi,Moong,Summer,,,,,140.0,,,,
Karnataka,Belagavi,Ragi,Kharif,1361.0,1379.0,1238.0,1177.0,1309.0,1328.0,1210.0,1395.0,1124.0
Karnataka,Belagavi,Ragi,Rabi,1038.0,,,1418.0,1538.0,1338.0,1364.0,,
Karnataka,Belagavi,Ragi,Summer,,,,,1857.0,1813.0,1667.0,,
Karnataka,Belagavi,Rice,Kharif,1887.0,2301.0,2522.0,2505.0,2743.0,3097.0,2758.0,2118.0,2561.0
Karnataka,Belagavi,Rice,Rabi,,,,,,,2660.0,2694.0,2842.0
Karnataka,Belagavi,Rice,Summer,2889.0,3133.0,3200.0,3036.0,2933.0,3071.0,3260.0,3093.0,3245.0
Karnataka,Belagavi,Shree Anna /Nutri Cereals,Kharif,1207.0,1881.0,1692.0,1268.0,1718.0,1543.0,1449.0,1510.0,1629.0
Karnataka,Belagavi,Shree Anna /Nutri Cereals,Rabi,752.0,1160.0,1177.0,1034.0,1205.0,1247.0,1220.0,1059.0,1137.0
Karnataka,Belagavi,Shree Anna /Nutri Cereals,Summer,1242.0,2088.0,1804.0,1638.0,1966.0,1533.0,1343.0,,
Karnataka,Belagavi,Small Millets,Kharif,469.0,1558.0,884.0,451.0,1111.0,1005.0,105.0,230.0,605.0
Karnataka,Belagavi,Tur,Kharif,737.0,681.0,519.0,427.0,423.0,405.0,354.0,457.0,462.0
Karnataka,Belagavi,Urad,Kharif,340.0,373.0,553.0,473.0,519.0,485.0,398.0,357.0,575.0
Karnataka,Belagavi,Urad,Rabi,,,,400.0,523.0,535.0,522.0,557.0,429.0
Karnataka,Belagavi,Urad,Summer,,,,500.0,500.0,,,,
Karnataka,Belagavi,Wheat,Rabi,1371.0,1514.0,1628.0,1388.0,1552.0,1552.0,1581.0,1521.0,1592.0
Karnataka,Bengaluru Rural,Bajra,Kharif,1000.0,2000.0,909.0,1125.0,1444.0,1111.0,1455.0,1270.0,1290.0
Karnataka,Bengaluru Rural,Barley,Kharif,,,,,,,0.0,,
Karnataka,Bengaluru Rural,Barley,Rabi,,,,,,,0.0,,
Karnataka,Bengaluru Rural,Gram,Rabi,589.0,770.0,481.0,750.0,626.0,689.0,679.0,605.0,596.0
Karnataka,Bengaluru Rural,Jowar,Kharif,1000.0,,1372.0,1318.0,2006.0,1617.0,1604.0,1744.0,1982.0
Karnataka,Bengaluru Rural,Jowar,Rabi,,,,1095.0,1083.0,1131.0,1201.0,1118.0,1113.0
Karnataka,Bengaluru Rural,Jowar,Summer,,,,1661.0,1762.0,,,,
Karnataka,Bengaluru Rural,Maize,Kharif,1857.0,5011.0,3166.0,4250.0,4641.0,3675.0,3841.0,3579.0,3224.0
Karnataka,Bengaluru Rural,Maize,Rabi,3011.0,3713.0,3397.0,3459.0,3690.0,3626.0,3500.0,3884.0,3584.0
Karnataka,Bengaluru Rural,Maize,Summer,3101.0,3739.0,3440.0,3965.0,3067.0,3537.0,3764.0,3718.0,4328.0
Karnataka,Bengaluru Rural,Moong,Kharif,273.0,,286.0,400.0,429.0,375.0,353.0,314.0,430.0
Karnataka,Bengaluru Rural,Moong,Rabi,,,,,333.0,,,,
Karnataka,Bengaluru Rural,Moong,Summer,,,,158.0,,,,,
Karnataka,Bengaluru Rural,Ragi,Kharif,1207.0,2516.0,1643.0,2178.0,2208.0,1741.0,1912.0,2025.0,2109.0
Karnataka,Bengaluru Rural,Ragi,Rabi,1037.0,1600.0,1390.0,1415.0,1542.0,1349.0,1359.0,,
Karnataka,Bengaluru Rural,Ragi,Summer,1806.0,1744.0,1800.0,1781.0,1857.0,1760.0,1717.0,,
Karnataka,Bengaluru Rural,Rice,Kharif,2617.0,2838.0,2973.0,2908.0,3059.0,2245.0,2948.0,2933.0,2911.0
Karnataka,Bengaluru Rural,Rice,Rabi,3000.0,,,,,,2500.0,2694.0,2842.0
Karnataka,Bengaluru Rural,Rice,Summer,2875.0,3125.0,3203.0,3031.0,2938.0,3133.0,3269.0,3093.0,3245.0
Karnataka,Bengaluru Rural,Shree Anna /Nutri Cereals,Kharif,1206.0,2514.0,1639.0,2121.0,2194.0,1736.0,1902.0,2021.0,2107.0
Karnataka,Bengaluru Rural,Shree Anna /Nutri Cereals,Rabi,1037.0,1600.0,1390.0,1267.0,1413.0,1271.0,1312.0,1118.0,1113.0
Karnataka,Bengaluru Rural,Shree Anna /Nutri Cereals,Summer,1806.0,1744.0,1800.0,1703.0,1803.0,1760.0,1717.0,,
Karnataka,Bengaluru Rural,Small Millets,Kharif,,565.0,1000.0,560.0,1185.0,1059.0,19.0,327.0,1405.0
Karnataka,Bengaluru Rural,Tur,Kharif,1806.0,849.0,960.0,1102.0,1146.0,718.0,515.0,1008.0,1087.0
Karnataka,Bengaluru Rural,Urad,Kharif,500.0,,455.0,450.0,500.0,500.0,500.0,449.0,590.0
Karnataka,Bengaluru Rural,Urad,Rabi,,,,,500.0,,1000.0,,
Karnataka,Bengaluru Rural,Wheat,Rabi,,,1000.0,,1333.0,,1000.0,,
Karnataka,Bengaluru South,Bajra,Kharif,1000.0,1500.0,857.0,1000.0,1444.0,1000.0,1500.0,1270.0,1290.0
Karnataka,Bengaluru South,Bajra,Summer,,1070.0,,1000.0,1000.0,,,,
Karnataka,Bengaluru South,Barley,Kharif,,,,,,,0.0,,
Karnataka,Bengaluru South,Gram,Rabi,,,486.0,744.0,621.0,714.0,697.0,,
Karnataka,Bengaluru South,Jowar,Kharif,,,1372.0,1318.0,2006.0,1617.0,1604.0,1744.0,1982.0
Karnataka,Bengaluru South,Jowar,Rabi,,,,1099.0,1081.0,1136.0,1203.0,1118.0,1113.0
Karnataka,Bengaluru South,Jowar,Summer,,,,1667.0,1757.0,,,,
Karnataka,Bengaluru South,Lentil,Kharif,,,,,,,0.0,,
Karnataka,Bengaluru South,Maize,Kharif,2063.0,4045.0,2186.0,3962.0,3079.0,2413.0,3914.0,2810.0,3336.0
Karnataka,Bengaluru South,Maize,Rabi,1773.0,3355.0,3391.0,3462.0,3691.0,3634.0,3491.0,3884.0,3584.0
Karnataka,Bengaluru South,Maize,Summer,9594.0,3753.0,3445.0,3959.0,3071.0,3551.0,3756.0,3718.0,4328.0
Karnataka,Bengaluru South,Moong,Kharif,,329.0,300.0,286.0,444.0,333.0,429.0,314.0,430.0
Karnataka,Bengaluru South,Moong,Rabi,,,,,,,,333.0,
Karnataka,Bengaluru South,Moong,Summer,,,,143.0,,,,,
Karnataka,Bengaluru South,Ragi,Kharif,701.0,2474.0,1682.0,2328.0,2242.0,1773.0,1935.0,1728.0,1596.0
Karnataka,Bengaluru South,Ragi,Rabi,1000.0,1595.0,1387.0,1417.0,1541.0,1350.0,1358.0,,
Karnataka,Bengaluru South,Ragi,Summer,1810.0,1740.0,1791.0,1784.0,1864.0,1807.0,1734.0,,
Karnataka,Bengaluru South,Rice,Kharif,1630.0,2887.0,2186.0,3173.0,2716.0,2806.0,2573.0,2834.0,2885.0
Karnataka,Bengaluru South,Rice,Rabi,3000.0,2600.0,,,,,2679.0,2694.0,2842.0
Karnataka,Bengaluru South,Rice,Summer,2215.0,3835.0,1987.0,1920.0,1505.0,2727.0,2958.0,3396.0,3594.0
Karnataka,Bengaluru South,Shree Anna /Nutri Cereals,Kharif,701.0,2470.0,1672.0,2290.0,2236.0,1769.0,1925.0,1729.0,1601.0
Karnataka,Bengaluru South,Shree Anna /Nutri Cereals,Rabi,1000.0,1595.0,1387.0,1266.0,1348.0,1296.0,1330.0,1118.0,1113.0
Karnataka,Bengaluru South,Shree Anna /Nutri Cereals,Summer,1810.0,1517.0,1791.0,1747.0,1838.0,1807.0,1734.0,,
Karnataka,Bengaluru South,Small Millets,Kharif,429.0,596.0,867.0,436.0,1216.0,957.0,105.0,352.0,552.0
Karnataka,Bengaluru South,Tur,Kharif,322.0,715.0,551.0,700.0,722.0,681.0,714.0,763.0,757.0
Karnataka,Bengaluru South,Urad,Kharif,,500.0,500.0,500.0,500.0,493.0,438.0,449.0,590.0
Karnataka,Bengaluru South,Wheat,Rabi,,,1000.0,1250.0,1286.0,1263.0,,,
Karnataka,Bengaluru Urban,Bajra,Kharif,,1667.0,889.0,1063.0,1429.0,1000.0,1455.0,1270.0,1290.0
Karnataka,Bengaluru Urban,Bajra,Rabi,,,,,,,1000.0,,
Karnataka,Bengaluru Urban,Bajra,Summer,,,,1000.0,,,,,
Karnataka,Bengaluru Urban,Barley,Kharif,,,,,,,0.0,,
Karnataka,Bengaluru Urban,Gram,Rabi,,,500.0,744.0,636.0,643.0,667.0,,
Karnataka,Bengaluru Urban,Jowar,Kharif,,,1373.0,1318.0,2006.0,1618.0,1605.0,1744.0,1982.0
Karnataka,Bengaluru Urban,Jowar,Rabi,,,,1104.0,1091.0,1143.0,1229.0,,
Karnataka,Bengaluru Urban,Maize,Kharif,5209.0,4973.0,3059.0,6693.0,7577.0,5282.0,5463.0,11744.0,3932.0
Karnataka,Bengaluru Urban,Maize,Rabi,3005.0,3717.0,3396.0,3467.0,3684.0,3600.0,3533.0,,
Karnataka,Bengaluru Urban,Maize,Summer,3103.0,3750.0,3450.0,3958.0,3000.0,3474.0,4000.0,,
Karnataka,Bengaluru Urban,Moong,Kharif,273.0,308.0,400.0,357.0,375.0,353.0,333.0,314.0,430.0
Karnataka,Bengaluru Urban,Ragi,Kharif,484.0,1844.0,1593.0,2047.0,2450.0,1703.0,1808.0,2179.0,1851.0
Karnataka,Bengaluru Urban,Ragi,Rabi,1037.0,1598.0,1400.0,1418.0,1544.0,1348.0,1360.0,,
Karnataka,Bengaluru Urban,Ragi,Summer,1810.0,1735.0,1800.0,1750.0,2000.0,1800.0,,,
Karnataka,Bengaluru Urban,Rice,Kharif,3220.0,3208.0,3710.0,3911.0,3924.0,2828.0,3209.0,3454.0,3030.0
Karnataka,Bengaluru Urban,Rice,Rabi,2700.0,2667.0,,,,,,,
Karnataka,Bengaluru Urban,Rice,Summer,3600.0,3114.0,3212.0,3027.0,2875.0,3055.0,,,
Karnataka,Bengaluru Urban,Shree Anna /Nutri Cereals,Kharif,484.0,1844.0,1584.0,1973.0,2421.0,1698.0,1796.0,2160.0,1855.0
Karnataka,Bengaluru Urban,Shree Anna /Nutri Cereals,Rabi,1037.0,1598.0,1400.0,1382.0,1515.0,1325.0,1349.0,,
Karnataka,Bengaluru Urban,Shree Anna /Nutri Cereals,Summer,1810.0,1735.0,1800.0,1600.0,2000.0,1800.0,,,
Karnataka,Bengaluru Urban,Small Millets,Kharif,,1000.0,962.0,404.0,1235.0,1000.0,48.0,265.0,1830.0
Karnataka,Bengaluru Urban,Tur,Kharif,999.0,948.0,605.0,692.0,759.0,667.0,770.0,747.0,572.0
Karnataka,Bengaluru Urban,Urad,Kharif,400.0,500.0,429.0,481.0,571.0,500.0,450.0,449.0,590.0
Karnataka,Bengaluru Urban,Urad,Rabi,,,,,,,,,
Karnataka,Bengaluru Urban,Wheat,Rabi,,,1000.0,,1500.0,1500.0,1333.0,,
Karnataka,Bidar,Bajra,Kharif,667.0,1451.0,763.0,980.0,949.0,860.0,800.0,536.0,588.0
Karnataka,Bidar,Bajra,Rabi,,,,,1250.0,1308.0,,,
Karnataka,Bidar,Bajra,Summer,,,,1000.0,,1333.0,,,
Karnataka,Bidar,Gram,Rabi,828.0,878.0,387.0,736.0,616.0,621.0,704.0,759.0,510.0
Karnataka,Bidar,Jowar,Kharif,654.0,1977.0,1057.0,1303.0,1329.0,996.0,901.0,629.0,1087.0
Karnataka,Bidar,Jowar,Rabi,942.0,978.0,650.0,827.0,950.0,918.0,1056.0,1051.0,744.0
Karnataka,Bidar,Lentil,Rabi,,,,,,,0.0,,
Karnataka,Bidar,Maize,Kharif,753.0,3447.0,1911.0,1774.0,2971.0,1958.0,1945.0,1321.0,2466.0
Karnataka,Bidar,Maize,Rabi,3006.0,3717.0,3390.0,3460.0,3691.0,3622.0,3490.0,3884.0,3584.0
Karnataka,Bidar,Maize,Summer,3091.0,3750.0,3444.0,3953.0,3111.0,3567.0,3763.0,3718.0,4328.0
Karnataka,Bidar,Moong,Kharif,505.0,775.0,503.0,473.0,680.0,510.0,546.0,513.0,590.0
Karnataka,Bidar,Moong,Rabi,,,,256.0,291.0,313.0,500.0,,
Karnataka,Bidar,Moong,Summer,,,,,217.0,,,,
Karnataka,Bidar,Ragi,Kharif,,,1167.0,1750.0,1760.0,1313.0,1400.0,1252.0,
Karnataka,Bidar,Ragi,Rabi,,,,1417.0,1524.0,1294.0,,,
Karnataka,Bidar,Ragi,Summer,,,,,,1750.0,,,
Karnataka,Bidar,Rice,Kharif,1198.0,1864.0,720.0,1120.0,1110.0,1674.0,1307.0,1400.0,1703.0
Karnataka,Bidar,Rice,Summer,,,,3042.0,2933.0,3066.0,,,
Karnataka,Bidar,Shree Anna /Nutri Cereals,Kharif,654.0,1923.0,1047.0,1261.0,1303.0,1000.0,819.0,619.0,964.0
Karnataka,Bidar,Shree Anna /Nutri Cereals,Rabi,942.0,978.0,650.0,827.0,950.0,918.0,1056.0,1051.0,744.0
Karnataka,Bidar,Shree Anna /Nutri Cereals,Summer,,,,1000.0,,1571.0,,,
Karnataka,Bidar,Small Millets,Kharif,429.0,1000.0,871.0,411.0,1188.0,1000.0,91.0,293.0,994.0
Karnataka,Bidar,Tur,Kharif,1244.0,1651.0,452.0,1221.0,774.0,785.0,989.0,1334.0,1255.0
Karnataka,Bidar,Urad,Kharif,604.0,674.0,471.0,499.0,689.0,543.0,564.0,482.0,698.0
Karnataka,Bidar,Urad,Rabi,,,,500.0,538.0,521.0,1000.0,,
Karnataka,Bidar,Wheat,Rabi,1340.0,1339.0,944.0,1029.0,1126.0,1038.0,1153.0,1275.0,944.0
Karnataka,Chamarajanagar,Bajra,Kharif,679.0,1752.0,2040.0,2306.0,2048.0,1280.0,1118.0,1155.0,1482.0
Karnataka,Chamarajanagar,Bajra,Rabi,,,,,1286.0,,1333.0,,
Karnataka,Chamarajanagar,Bajra,Summer,,,,1000.0,1000.0,,,,
Karnataka,Chamarajanagar,Barley,Kharif,,,,,,,0.0,,
Karnataka,Chamarajanagar,Barley,Rabi,,,,,,,0.0,,
Karnataka,Chamarajanagar,Barley,Summer,,,,,,,0.0,,
Karnataka,Chamarajanagar,Gram,Rabi,9.0,718.0,579.0,835.0,776.0,714.0,796.0,603.0,772.0
Karnataka,Chamarajanagar,Jowar,Kharif,720.0,802.0,1011.0,972.0,1354.0,1151.0,1004.0,913.0,1098.0
Karnataka,Chamarajanagar,Jowar,Rabi,,1125.0,,1099.0,1074.0,1134.0,1206.0,1118.0,1113.0
Karnataka,Chamarajanagar,Jowar,Summer,,,,1500.0,1750.0,,,,
Karnataka,Chamarajanagar,Maize,Kharif,1452.0,5117.0,3399.0,4311.0,3761.0,3859.0,3626.0,3154.0,3452.0
Karnataka,Chamarajanagar,Maize,Rabi,2266.0,4397.0,3846.0,4257.0,3697.0,3506.0,3849.0,3777.0,4100.0
Karnataka,Chamarajanagar,Maize,Summer,3911.0,5685.0,3445.0,3958.0,3070.0,3562.0,3755.0,3718.0,4328.0
Karnataka,Chamarajanagar,Moong,Kharif,185.0,144.0,261.0,222.0,249.0,209.0,164.0,343.0,137.0
Karnataka,Chamarajanagar,Moong,Rabi,67.0,,,250.0,500.0,333.0,321.0,333.0,299.0
Karnataka,Chamarajanagar,Moong,Summer,,,,,200.0,,,,
Karnataka,Chamarajanagar,Ragi,Kharif,634.0,2408.0,1534.0,1979.0,1776.0,1269.0,1404.0,1225.0,1566.0
Karnataka,Chamarajanagar,Ragi,Rabi,1329.0,2963.0,1389.0,1418.0,1553.0,1353.0,1357.0,,
Karnataka,Chamarajanagar,Ragi,Summer,2683.0,2502.0,2295.0,2407.0,2115.0,1956.0,1956.0,,
Karnataka,Chamarajanagar,Rice,Kharif,2198.0,3713.0,3558.0,3432.0,3047.0,2807.0,3134.0,3168.0,3310.0
Karnataka,Chamarajanagar,Rice,Rabi,1467.0,4135.0,3448.0,,,2205.0,2191.0,2961.0,2230.0
Karnataka,Chamarajanagar,Rice,Summer,4353.0,3534.0,3020.0,3271.0,3150.0,2330.0,2502.0,2334.0,3072.0
Karnataka,Chamarajanagar,Shree Anna /Nutri Cereals,Kharif,699.0,1537.0,1291.0,1158.0,1549.0,1185.0,1093.0,1019.0,1194.0
Karnataka,Chamarajanagar,Shree Anna /Nutri Cereals,Rabi,1329.0,2726.0,1389.0,1193.0,1273.0,1240.0,1226.0,1118.0,1113.0
Karnataka,Chamarajanagar,Shree Anna /Nutri Cereals,Summer,2683.0,2502.0,2295.0,2344.0,2072.0,1956.0,1956.0,,
Karnataka,Chamarajanagar,Small Millets,Kharif,,,1117.0,509.0,1167.0,928.0,472.0,657.0,1306.0
Karnataka,Chamarajanagar,Tur,Kharif,83.0,961.0,459.0,743.0,519.0,383.0,500.0,556.0,798.0
Karnataka,Chamarajanagar,Urad,Kharif,115.0,203.0,289.0,130.0,366.0,182.0,140.0,235.0,169.0
Karnataka,Chamarajanagar,Urad,Rabi,,,,400.0,1000.0,533.0,518.0,557.0,429.0
Karnataka,Chamarajanagar,Urad,Summer,,,,,483.0,,,,
Karnataka,Chamarajanagar,Wheat,Rabi,,,1000.0,1125.0,1292.0,1300.0,1357.0,1309.0,1255.0
Karnataka,Chikkaballapura,Bajra,Kharif,1050.0,1594.0,910.0,1086.0,1439.0,1151.0,1443.0,1270.0,1290.0
Karnataka,Chikkaballapura,Bajra,Rabi,,,,,1333.0,1333.0,1313.0,,
Karnataka,Chikkaballapura,Bajra,Summer,,,,1000.0,1000.0,1063.0,1000.0,,
Karnataka,Chikkaballapura,Barley,Kharif,,,,,,,0.0,,
Karnataka,Chikkaballapura,Barley,Rabi,,,,,,,0.0,,
Karnataka,Chikkaballapura,Barley,Summer,,,,,,,0.0,,
Karnataka,Chikkaballapura,Gram,Rabi,587.0,767.0,484.0,743.0,625.0,688.0,680.0,605.0,596.0
Karnataka,Chikkaballapura,Jowar,Kharif,1164.0,,1372.0,1318.0,2006.0,1617.0,1605.0,1744.0,1982.0
Karnataka,Chikkaballapura,Jowar,Rabi,,,,1098.0,1083.0,1131.0,1205.0,1118.0,1113.0
Karnataka,Chikkaballapura,Jowar,Summer,,,,1672.0,1754.0,,,,
Karnataka,Chikkaballapura,Lentil,Kharif,,,,,,,0.0,,
Karnataka,Chikkaballapura,Lentil,Rabi,,,,,,,0.0,,
Karnataka,Chikkaballapura,Maize,Kharif,1555.0,4451.0,1506.0,3245.0,3718.0,2647.0,2774.0,2314.0,2300.0
Karnataka,Chikkaballapura,Maize,Rabi,5706.0,4935.0,3605.0,4668.0,4544.0,4737.0,5728.0,3937.0,2498.0
Karnataka,Chikkaballapura,Maize,Summer,7111.0,3754.0,3444.0,3956.0,3070.0,3561.0,3756.0,3718.0,4328.0
Karnataka,Chikkaballapura,Moong,Kharif,,,327.0,348.0,405.0,366.0,400.0,314.0,430.0
Karnataka,Chikkaballapura,Moong,Rabi,,,,,286.0,333.0,273.0,333.0,299.0
Karnataka,Chikkaballapura,Moong,Summer,,,,120.0,217.0,,,,
Karnataka,Chikkaballapura,Ragi,Kharif,931.0,2288.0,839.0,2039.0,2441.0,1553.0,1629.0,1317.0,1419.0
Karnataka,Chikkaballapura,Ragi,Rabi,1036.0,1604.0,1382.0,1417.0,1542.0,1348.0,1358.0,,
Karnataka,Chikkaballapura,Ragi,Summer,1808.0,1736.0,1796.0,1780.0,1863.0,1803.0,1722.0,,
Karnataka,Chikkaballapura,Rice,Kharif,2483.0,3313.0,3130.0,3326.0,3238.0,2861.0,2536.0,2937.0,2880.0
Karnataka,Chikkaballapura,Rice,Rabi,,,,,,,2662.0,2694.0,2842.0
Karnataka,Chikkaballapura,Rice,Summer,2857.0,4106.0,3000.0,3037.0,2585.0,2968.0,3266.0,3034.0,1798.0
Karnataka,Chikkaballapura,Shree Anna /Nutri Cereals,Kharif,937.0,2270.0,1007.0,1896.0,2388.0,1555.0,1624.0,1321.0,1425.0
Karnataka,Chikkaballapura,Shree Anna /Nutri Cereals,Rabi,1036.0,1604.0,1382.0,1279.0,1435.0,1284.0,1304.0,1118.0,1113.0
Karnataka,Chikkaballapura,Shree Anna /Nutri Cereals,Summer,1808.0,1736.0,1796.0,1723.0,1822.0,1796.0,1720.0,,
Karnataka,Chikkaballapura,Small Millets,Kharif,323.0,699.0,903.0,518.0,1036.0,1025.0,1036.0,319.0,865.0
Karnataka,Chikkaballapura,Tur,Kharif,378.0,1042.0,278.0,651.0,717.0,325.0,437.0,311.0,339.0
Karnataka,Chikkaballapura,Urad,Kharif,,,429.0,462.0,577.0,500.0,471.0,449.0,590.0
Karnataka,Chikkaballapura,Urad,Rabi,,,,,1000.0,667.0,526.0,0.0,429.0
Karnataka,Chikkaballapura,Wheat,Rabi,,,1000.0,1000.0,1333.0,1200.0,1500.0,1309.0,
Karnataka,Chikkamagaluru,Bajra,Kharif,,,912.0,1087.0,1450.0,1143.0,1417.0,1270.0,1290.0
Karnataka,Chikkamagaluru,Bajra,Rabi,,,,,1500.0,,,,
Karnataka,Chikkamagaluru,Bajra,Summer,,,,1000.0,,,,,
Karnataka,Chikkamagaluru,Barley,Kharif,,,,,,,0.0,,
Karnataka,Chikkamagaluru,Barley,Rabi,,,,,,,0.0,,
Karnataka,Chikkamagaluru,Gram,Rabi,253.0,724.0,717.0,790.0,827.0,835.0,754.0,733.0,851.0
Karnataka,Chikkamagaluru,Jowar,Kharif,199.0,832.0,1024.0,818.0,1143.0,491.0,517.0,353.0,1262.0
Karnataka,Chikkamagaluru,Jowar,Rabi,584.0,882.0,863.0,819.0,1094.0,1081.0,1128.0,980.0,1066.0
Karnataka,Chikkamagaluru,Lentil,Kharif,,,,,,,0.0,,
Karnataka,Chikkamagaluru,Maize,Kharif,3522.0,2957.0,2927.0,2992.0,3275.0,2702.0,2825.0,2363.0,2828.0
Karnataka,Chikkamagaluru,Maize,Rabi,,,,3461.0,3692.0,3635.0,3487.0,3884.0,3584.0
Karnataka,Chikkamagaluru,Maize,Summer,,,,4000.0,,3541.0,3726.0,3718.0,4328.0
Karnataka,Chikkamagaluru,Moong,Kharif,224.0,95.0,305.0,189.0,294.0,387.0,272.0,349.0,294.0
Karnataka,Chikkamagaluru,Moong,Rabi,,,,250.0,,250.0,250.0,333.0,299.0
Karnataka,Chikkamagaluru,Moong,Summer,280.0,292.0,,,,,,,
Karnataka,Chikkamagaluru,Ragi,Kharif,596.0,1371.0,1224.0,1302.0,1224.0,1027.0,1030.0,867.0,1295.0
Karnataka,Chikkamagaluru,Ragi,Rabi,,,,1417.0,1542.0,1349.0,1358.0,,
Karnataka,Chikkamagaluru,Ragi,Summer,,,,1667.0,,1806.0,1721.0,,
Karnataka,Chikkamagaluru,Rice,Kharif,2391.0,2393.0,2405.0,2517.0,2666.0,2515.0,2428.0,2618.0,2748.0
Karnataka,Chikkamagaluru,Rice,Rabi,,,,,,,2660.0,2694.0,2842.0
Karnataka,Chikkamagaluru,Rice,Summer,3323.0,2487.0,3521.0,3092.0,2733.0,3173.0,2756.0,2617.0,2884.0
Karnataka,Chikkamagaluru,Shree Anna /Nutri Cereals,Kharif,568.0,1394.0,1227.0,1296.0,1224.0,1011.0,1007.0,850.0,1287.0
Karnataka,Chikkamagaluru,Shree Anna /Nutri Cereals,Rabi,584.0,882.0,863.0,955.0,1196.0,1145.0,1205.0,980.0,1066.0
Karnataka,Chikkamagaluru,Shree Anna /Nutri Cereals,Summer,,,,1400.0,,1806.0,1721.0,,
Karnataka,Chikkamagaluru,Small Millets,Kharif,166.0,1926.0,1413.0,1234.0,1238.0,1070.0,441.0,502.0,1077.0
Karnataka,Chikkamagaluru,Tur,Kharif,999.0,949.0,605.0,692.0,760.0,664.0,759.0,747.0,572.0
Karnataka,Chikkamagaluru,Urad,Kharif,228.0,157.0,239.0,200.0,286.0,308.0,215.0,331.0,272.0
Karnataka,Chikkamagaluru,Urad,Rabi,,,,,,,,557.0,
Karnataka,Chikkamagaluru,Urad,Summer,500.0,500.0,,,,,,,
Karnataka,Chikkamagaluru,Wheat,Rabi,,,1000.0,1250.0,1273.0,1500.0,1000.0,1309.0,
Karnataka,Chitradurga,Bajra,Kharif,278.0,1038.0,410.0,620.0,894.0,660.0,526.0,446.0,964.0
Karnataka,Chitradurga,Bajra,Rabi,,,,,1314.0,1333.0,1310.0,,
Karnataka,Chitradurga,Bajra,Summer,,,,1050.0,,,1000.0,,
Karnataka,Chitradurga,Barley,Kharif,,,,,,,0.0,,
Karnataka,Chitradurga,Barley,Rabi,,,,,,,0.0,,
Karnataka,Chitradurga,Barley,Summer,,,,,,,0.0,,
Karnataka,Chitradurga,Gram,Rabi,113.0,731.0,414.0,685.0,652.0,614.0,761.0,489.0,673.0
Karnataka,Chitradurga,Jowar,Kharif,751.0,1246.0,882.0,1016.0,1936.0,1831.0,1752.0,2251.0,2353.0
Karnataka,Chitradurga,Jowar,Rabi,100.0,603.0,419.0,605.0,544.0,582.0,726.0,555.0,533.0
Karnataka,Chitradurga,Jowar,Summer,1408.0,2075.0,1754.0,1917.0,2015.0,,,,
Karnataka,Chitradurga,Lentil,Rabi,,,,,,,0.0,,
Karnataka,Chitradurga,Maize,Kharif,1195.0,4164.0,2136.0,3390.0,3932.0,2617.0,3095.0,1875.0,3236.0
Karnataka,Chitradurga,Maize,Rabi,1815.0,3742.0,2628.0,3600.0,3829.0,3813.0,4010.0,4193.0,3739.0
Karnataka,Chitradurga,Maize,Summer,3101.0,3754.0,3446.0,3959.0,3070.0,3563.0,3755.0,3672.0,4543.0
Karnataka,Chitradurga,Moong,Kharif,230.0,30.0,217.0,117.0,362.0,305.0,433.0,295.0,280.0
Karnataka,Chitradurga,Moong,Rabi,,,,214.0,333.0,286.0,333.0,333.0,299.0
Karnataka,Chitradurga,Ragi,Kharif,572.0,1897.0,957.0,1424.0,1581.0,872.0,1138.0,644.0,1211.0
Karnataka,Chitradurga,Ragi,Rabi,2374.0,2125.0,1332.0,1735.0,1455.0,1804.0,1415.0,,
Karnataka,Chitradurga,Ragi,Summer,1595.0,1723.0,1282.0,1597.0,1754.0,2027.0,1733.0,,
Karnataka,Chitradurga,Rice,Kharif,1915.0,2637.0,1831.0,2250.0,2404.0,1882.0,1716.0,2547.0,2669.0
Karnataka,Chitradurga,Rice,Rabi,2600.0,3125.0,2111.0,2704.0,2442.0,,1374.0,3170.0,2044.0
Karnataka,Chitradurga,Rice,Summer,2171.0,1923.0,1970.0,1780.0,1758.0,1851.0,1985.0,2331.0,3321.0
Karnataka,Chitradurga,Shree Anna /Nutri Cereals,Kharif,536.0,1551.0,929.0,1224.0,1524.0,931.0,1168.0,773.0,1499.0
Karnataka,Chitradurga,Shree Anna /Nutri Cereals,Rabi,1523.0,903.0,851.0,1244.0,1150.0,1124.0,1138.0,555.0,533.0
Karnataka,Chitradurga,Shree Anna /Nutri Cereals,Summer,1584.0,1764.0,1375.0,1610.0,1786.0,2027.0,1732.0,,
Karnataka,Chitradurga,Small Millets,Kharif,303.0,407.0,1016.0,1041.0,867.0,956.0,1202.0,927.0,1863.0
Karnataka,Chitradurga,Tur,Kharif,276.0,757.0,445.0,465.0,651.0,340.0,470.0,407.0,485.0
Karnataka,Chitradurga,Urad,Kharif,,400.0,478.0,500.0,600.0,500.0,500.0,449.0,590.0
Karnataka,Chitradurga,Urad,Rabi,,,,,1000.0,,571.0,557.0,
Karnataka,Chitradurga,Wheat,Rabi,1199.0,1299.0,762.0,1122.0,1534.0,1000.0,1190.0,1033.0,708.0
Karnataka,Dakshina Kannada,Bajra,Kharif,,,1000.0,1125.0,,,,,
Karnataka,Dakshina Kannada,Jowar,Rabi,,,,1000.0,,,,,
Karnataka,Dakshina Kannada,Maize,Kharif,,,,,4000.0,,,,
Karnataka,Dakshina Kannada,Moong,Rabi,90.0,172.0,208.0,,,,,,
Karnataka,Dakshina Kannada,Moong,Summer,269.0,274.0,,,,,,,
Karnataka,Dakshina Kannada,Rice,Kharif,3114.0,2822.0,2996.0,2871.0,2900.0,2935.0,2946.0,3059.0,2864.0
Karnataka,Dakshina Kannada,Rice,Rabi,2652.0,2513.0,2685.0,2600.0,2788.0,2789.0,2828.0,2879.0,2685.0
Karnataka,Dakshina Kannada,Rice,Summer,3449.0,2925.0,,,2941.0,3000.0,3222.0,3093.0,3245.0
Karnataka,Dakshina Kannada,Shree Anna /Nutri Cereals,Kharif,,,1000.0,559.0,1000.0,,,,
Karnataka,Dakshina Kannada,Shree Anna /Nutri Cereals,Rabi,,,,1000.0,,,,,
Karnataka,Dakshina Kannada,Small Millets,Kharif,,,,385.0,1000.0,,,,
Karnataka,Dakshina Kannada,Tur,Kharif,,,1000.0,1000.0,,,,,
Karnataka,Dakshina Kannada,Urad,Kharif,,,,,,,,,
Karnataka,Dakshina Kannada,Urad,Rabi,482.0,750.0,328.0,,667.0,,,0.0,
Karnataka,Dakshina Kannada,Urad,Summer,590.0,554.0,,,,,,,
Karnataka,Dakshina Kannada,Wheat,Rabi,,,1000.0,1000.0,,,,,
Karnataka,Davanagere,Bajra,Kharif,665.0,1490.0,587.0,747.0,1104.0,1034.0,994.0,714.0,1657.0
Karnataka,Davanagere,Bajra,Rabi,,,,,1500.0,1286.0,,,
Karnataka,Davanagere,Bajra,Summer,1000.0,,,1000.0,1000.0,1000.0,,,
Karnataka,Davanagere,Barley,Kharif,,,,,,,0.0,,
Karnataka,Davanagere,Barley,Rabi,,,,,,,0.0,,
Karnataka,Davanagere,Barley,Summer,,,,,,,0.0,,
Karnataka,Davanagere,Gram,Rabi,116.0,561.0,458.0,510.0,476.0,598.0,526.0,512.0,619.0
Karnataka,Davanagere,Jowar,Kharif,1789.0,1881.0,2057.0,2235.0,3117.0,2360.0,1795.0,1421.0,3107.0
Karnataka,Davanagere,Jowar,Rabi,1386.0,1147.0,1215.0,1354.0,1405.0,1260.0,1666.0,1269.0,1607.0
Karnataka,Davanagere,Jowar,Summer,2209.0,2949.0,2200.0,2463.0,2680.0,,,,
Karnataka,Davanagere,Lentil,Summer,,,,,,,0.0,,
Karnataka,Davanagere,Maize,Kharif,1941.0,4315.0,2480.0,3350.0,3803.0,3522.0,3043.0,1360.0,3046.0
Karnataka,Davanagere,Maize,Rabi,2076.0,3060.0,2486.0,3156.0,3099.0,3303.0,3327.0,2805.0,3906.0
Karnataka,Davanagere,Maize,Summer,3708.0,3753.0,3445.0,3959.0,3070.0,3560.0,3755.0,3718.0,4328.0
Karnataka,Davanagere,Moong,Kharif,193.0,247.0,323.0,333.0,411.0,594.0,400.0,314.0,430.0
Karnataka,Davanagere,Moong,Rabi,,333.0,,273.0,278.0,286.0,278.0,333.0,299.0
Karnataka,Davanagere,Moong,Summer,263.0,250.0,,125.0,149.0,,,,
Karnataka,Davanagere,Ragi,Kharif,1010.0,1909.0,1097.0,1554.0,1404.0,1535.0,1321.0,757.0,1424.0
Karnataka,Davanagere,Ragi,Rabi,1495.0,1326.0,1202.0,1057.0,1200.0,1297.0,1338.0,,
Karnataka,Davanagere,Ragi,Summer,2051.0,1577.0,1792.0,1784.0,1863.0,1803.0,1721.0,,
Karnataka,Davanagere,Rice,Kharif,3190.0,3402.0,3028.0,3338.0,3726.0,3763.0,3733.0,3466.0,3810.0
Karnataka,Davanagere,Rice,Rabi,,,,,,,2663.0,2694.0,2842.0
Karnataka,Davanagere,Rice,Summer,3490.0,3923.0,3638.0,3290.0,3296.0,3354.0,3779.0,2933.0,3867.0
Karnataka,Davanagere,Shree Anna /Nutri Cereals,Kharif,1282.0,1834.0,1202.0,1469.0,1552.0,1535.0,1321.0,766.0,1451.0
Karnataka,Davanagere,Shree Anna /Nutri Cereals,Rabi,1452.0,1225.0,1209.0,1235.0,1278.0,1289.0,1413.0,1269.0,1607.0
Karnataka,Davanagere,Shree Anna /Nutri Cereals,Summer,2115.0,1919.0,1809.0,2053.0,1938.0,1802.0,1721.0,,
Karnataka,Davanagere,Small Millets,Kharif,224.0,420.0,947.0,326.0,758.0,767.0,55.0,216.0,644.0
Karnataka,Davanagere,Tur,Kharif,613.0,1036.0,1043.0,461.0,853.0,879.0,1149.0,482.0,707.0
Karnataka,Davanagere,Urad,Kharif,487.0,492.0,500.0,500.0,500.0,444.0,400.0,449.0,590.0
Karnataka,Davanagere,Urad,Rabi,480.0,443.0,667.0,,500.0,500.0,500.0,557.0,429.0
Karnataka,Davanagere,Urad,Summer,519.0,500.0,,444.0,500.0,,,,
Karnataka,Davanagere,Wheat,Rabi,1024.0,1133.0,1033.0,1137.0,1291.0,1285.0,1382.0,1309.0,1255.0
Karnataka,Dharwad,Bajra,Kharif,,,895.0,1095.0,1439.0,1167.0,1400.0,1270.0,1290.0
Karnataka,Dharwad,Bajra,Rabi,,,,,1308.0,1100.0,,,
Karnataka,Dharwad,Bajra,Summer,,,1086.0,1091.0,,,,,
Karnataka,Dharwad,Barley,Kharif,,,,,,,0.0,,
Karnataka,Dharwad,Barley,Rabi,,,,,,,0.0,,
Karnataka,Dharwad,Gram,Rabi,170.0,561.0,304.0,695.0,524.0,801.0,735.0,602.0,767.0
Karnataka,Dharwad,Jowar,Kharif,202.0,644.0,247.0,572.0,640.0,317.0,1602.0,832.0,1982.0
Karnataka,Dharwad,Jowar,Rabi,273.0,732.0,598.0,875.0,799.0,977.0,1063.0,993.0,954.0
Karnataka,Dharwad,Jowar,Summer,1429.0,2100.0,1800.0,1736.0,1975.0,,,,
Karnataka,Dharwad,Maize,Kharif,2364.0,3053.0,2677.0,3284.0,3212.0,3780.0,3615.0,3407.0,2950.0
Karnataka,Dharwad,Maize,Rabi,3481.0,3299.0,3307.0,3637.0,3468.0,3827.0,4365.0,4178.0,4139.0
Karnataka,Dharwad,Maize,Summer,3230.0,2470.0,1284.0,2960.0,3052.0,3989.0,2968.0,2940.0,4194.0
Karnataka,Dharwad,Moong,Kharif,277.0,123.0,351.0,303.0,438.0,541.0,421.0,263.0,672.0
Karnataka,Dharwad,Moong,Rabi,84.0,157.0,188.0,265.0,254.0,322.0,263.0,232.0,291.0
Karnataka,Dharwad,Moong,Summer,,,,,160.0,,,,
Karnataka,Dharwad,Ragi,Kharif,750.0,2000.0,1209.0,1750.0,1765.0,1323.0,1412.0,1252.0,1523.0
Karnataka,Dharwad,Ragi,Rabi,,,1500.0,1411.0,1543.0,1340.0,1250.0,,
Karnataka,Dharwad,Rice,Kharif,510.0,591.0,910.0,1225.0,1331.0,1265.0,1449.0,1077.0,1351.0
Karnataka,Dharwad,Rice,Rabi,,,,,,,2600.0,2694.0,2842.0
Karnataka,Dharwad,Rice,Summer,3000.0,3200.0,3250.0,3030.0,2934.0,3121.0,3247.0,,3245.0
Karnataka,Dharwad,Shree Anna /Nutri Cereals,Kharif,347.0,877.0,558.0,713.0,1168.0,1156.0,127.0,860.0,1745.0
Karnataka,Dharwad,Shree Anna /Nutri Cereals,Rabi,273.0,732.0,598.0,876.0,800.0,978.0,1063.0,993.0,954.0
Karnataka,Dharwad,Shree Anna /Nutri Cereals,Summer,1429.0,2100.0,1244.0,1643.0,1975.0,,,,
Karnataka,Dharwad,Small Millets,Kharif,1187.0,1804.0,1590.0,832.0,1537.0,1309.0,16.0,834.0,1350.0
Karnataka,Dharwad,Tur,Kharif,519.0,426.0,293.0,714.0,569.0,677.0,768.0,476.0,1125.0
Karnataka,Dharwad,Urad,Kharif,478.0,159.0,433.0,451.0,429.0,534.0,421.0,308.0,539.0
Karnataka,Dharwad,Urad,Rabi,478.0,444.0,500.0,476.0,525.0,522.0,527.0,557.0,429.0
Karnataka,Dharwad,Wheat,Rabi,404.0,712.0,474.0,936.0,561.0,884.0,990.0,907.0,1002.0
Karnataka,Gadag,Bajra,Kharif,676.0,1327.0,458.0,663.0,766.0,843.0,882.0,804.0,1132.0
Karnataka,Gadag,Bajra,Rabi,,,,,1308.0,1273.0,1313.0,,
Karnataka,Gadag,Bajra,Summer,,,,1042.0,,,,,
Karnataka,Gadag,Barley,Kharif,,,,,,,0.0,,
Karnataka,Gadag,Gram,Rabi,121.0,442.0,151.0,579.0,444.0,562.0,522.0,424.0,436.0
Karnataka,Gadag,Jowar,Kharif,1182.0,1807.0,808.0,1282.0,1369.0,1565.0,1750.0,1545.0,2080.0
Karnataka,Gadag,Jowar,Rabi,264.0,668.0,371.0,810.0,727.0,868.0,852.0,864.0,788.0
Karnataka,Gadag,Jowar,Summer,1333.0,,,,,,,,
Karnataka,Gadag,Maize,Kharif,2134.0,3635.0,1401.0,2656.0,2263.0,2586.0,2589.0,2231.0,2635.0
Karnataka,Gadag,Maize,Rabi,1032.0,2245.0,1946.0,2470.0,1631.0,2612.0,2419.0,2375.0,2841.0
Karnataka,Gadag,Maize,Summer,3095.0,3750.0,3429.0,3958.0,3070.0,3562.0,3754.0,3718.0,4328.0
Karnataka,Gadag,Moong,Kharif,179.0,81.0,172.0,238.0,201.0,207.0,316.0,205.0,329.0
Karnataka,Gadag,Moong,Rabi,,,,245.0,,314.0,250.0,,
Karnataka,Gadag,Ragi,Kharif,808.0,,1200.0,1755.0,1755.0,1316.0,1389.0,1252.0,1471.0
Karnataka,Gadag,Ragi,Rabi,,,,1406.0,1556.0,1357.0,1318.0,,
Karnataka,Gadag,Ragi,Summer,,,,2000.0,,,,,
Karnataka,Gadag,Rice,Kharif,3087.0,3424.0,2543.0,2957.0,2396.0,2249.0,3362.0,3592.0,3106.0
Karnataka,Gadag,Rice,Rabi,,,,,,,2663.0,2694.0,2842.0
Karnataka,Gadag,Rice,Summer,1276.0,2791.0,2469.0,1962.0,2806.0,2220.0,2047.0,1952.0,1897.0
Karnataka,Gadag,Shree Anna /Nutri Cereals,Kharif,1008.0,1574.0,571.0,964.0,941.0,1026.0,991.0,880.0,1206.0
Karnataka,Gadag,Shree Anna /Nutri Cereals,Rabi,264.0,668.0,371.0,811.0,728.0,869.0,857.0,864.0,788.0
Karnataka,Gadag,Shree Anna /Nutri Cereals,Summer,1333.0,,,1046.0,,,,,
Karnataka,Gadag,Small Millets,Kharif,293.0,469.0,462.0,538.0,636.0,672.0,410.0,445.0,499.0
Karnataka,Gadag,Tur,Kharif,484.0,637.0,266.0,511.0,520.0,325.0,630.0,574.0,768.0
Karnataka,Gadag,Urad,Kharif,489.0,489.0,484.0,468.0,583.0,500.0,461.0,449.0,590.0
Karnataka,Gadag,Urad,Rabi,478.0,449.0,,429.0,556.0,523.0,520.0,557.0,429.0
Karnataka,Gadag,Urad,Summer,,,,333.0,,,,,
Karnataka,Gadag,Wheat,Rabi,278.0,538.0,393.0,568.0,671.0,743.0,851.0,598.0,789.0
Karnataka,Hassan,Bajra,Kharif,,,906.0,1080.0,1467.0,1136.0,1375.0,1270.0,1290.0
Karnataka,Hassan,Bajra,Rabi,,,,,1300.0,1000.0,1333.0,,
Karnataka,Hassan,Bajra,Summer,,,,1000.0,,,,,
Karnataka,Hassan,Barley,Kharif,,,,,,,0.0,,
Karnataka,Hassan,Barley,Rabi,,,,,,,0.0,,
Karnataka,Hassan,Barley,Summer,,,,,,,0.0,,
Karnataka,Hassan,Gram,Rabi,97.0,759.0,608.0,557.0,508.0,625.0,582.0,475.0,736.0
Karnataka,Hassan,Jowar,Kharif,165.0,1656.0,401.0,986.0,1560.0,1007.0,1088.0,842.0,1281.0
Karnataka,Hassan,Jowar,Rabi,862.0,979.0,378.0,927.0,458.0,528.0,397.0,1118.0,1113.0
Karnataka,Hassan,Jowar,Summer,,,,1674.0,,,,,
Karnataka,Hassan,Lentil,Kharif,,,,,,,0.0,,
Karnataka,Hassan,Lentil,Rabi,,,,,,,0.0,,
Karnataka,Hassan,Maize,Kharif,2331.0,6403.0,2723.0,4209.0,3833.0,3636.0,4069.0,3611.0,4153.0
Karnataka,Hassan,Maize,Rabi,674.0,4349.0,2259.0,2732.0,2987.0,2303.0,3255.0,2959.0,2870.0
Karnataka,Hassan,Maize,Summer,3105.0,3754.0,3444.0,3958.0,3071.0,3564.0,3756.0,3718.0,4328.0
Karnataka,Hassan,Moong,Kharif,181.0,67.0,300.0,120.0,222.0,241.0,269.0,238.0,166.0
Karnataka,Hassan,Moong,Rabi,,,,231.0,333.0,286.0,250.0,333.0,299.0
Karnataka,Hassan,Moong,Summer,,,,192.0,,,,,
Karnataka,Hassan,Ragi,Kharif,732.0,2604.0,843.0,1614.0,1060.0,727.0,1142.0,956.0,1104.0
Karnataka,Hassan,Ragi,Rabi,139.0,1223.0,783.0,1077.0,1133.0,985.0,770.0,,
Karnataka,Hassan,Ragi,Summer,1812.0,1744.0,1800.0,1783.0,1858.0,1809.0,1716.0,,
Karnataka,Hassan,Rice,Kharif,2032.0,3215.0,2358.0,2946.0,2489.0,2321.0,2356.0,2580.0,3447.0
Karnataka,Hassan,Rice,Rabi,333.0,,,2932.0,,,2091.0,2694.0,2842.0
Karnataka,Hassan,Rice,Summer,2795.0,4153.0,2826.0,2897.0,3366.0,2268.0,2783.0,2205.0,2776.0
Karnataka,Hassan,Shree Anna /Nutri Cereals,Kharif,725.0,2593.0,770.0,1492.0,1094.0,732.0,1139.0,951.0,1114.0
Karnataka,Hassan,Shree Anna /Nutri Cereals,Rabi,146.0,1192.0,760.0,1062.0,1112.0,978.0,729.0,1118.0,1113.0
Karnataka,Hassan,Shree Anna /Nutri Cereals,Summer,1812.0,1744.0,1800.0,1758.0,1858.0,1809.0,1716.0,,
Karnataka,Hassan,Small Millets,Kharif,124.0,,123.0,543.0,1149.0,933.0,432.0,668.0,425.0
Karnataka,Hassan,Tur,Kharif,523.0,785.0,203.0,411.0,433.0,247.0,482.0,413.0,502.0
Karnataka,Hassan,Urad,Kharif,174.0,56.0,373.0,257.0,272.0,203.0,233.0,232.0,232.0
Karnataka,Hassan,Urad,Rabi,481.0,,,,1000.0,,,557.0,429.0
Karnataka,Hassan,Wheat,Rabi,,,1000.0,1167.0,1333.0,1286.0,1333.0,,1255.0
Karnataka,Haveri,Bajra,Kharif,1000.0,,833.0,1095.0,1444.0,1143.0,1444.0,1270.0,1290.0
Karnataka,Haveri,Bajra,Rabi,,,,,1333.0,1273.0,1333.0,,
Karnataka,Haveri,Bajra,Summer,,,,1040.0,1000.0,1000.0,1000.0,,
Karnataka,Haveri,Barley,Kharif,,,,,,,0.0,,
Karnataka,Haveri,Barley,Rabi,,,,,,,0.0,,
Karnataka,Haveri,Barley,Summer,,,,,,,0.0,,
Karnataka,Haveri,Gram,Rabi,144.0,460.0,400.0,490.0,588.0,560.0,645.0,699.0,492.0
Karnataka,Haveri,Jowar,Kharif,835.0,1385.0,1047.0,952.0,1651.0,990.0,696.0,1206.0,1982.0
Karnataka,Haveri,Jowar,Rabi,260.0,711.0,725.0,677.0,891.0,811.0,832.0,1039.0,845.0
Karnataka,Haveri,Jowar,Summer,840.0,1390.0,1318.0,1177.0,1364.0,,,,
Karnataka,Haveri,Lentil,Kharif,,,,,,,0.0,,
Karnataka,Haveri,Maize,Kharif,2333.0,4243.0,2157.0,1697.0,3342.0,2802.0,1137.0,2914.0,2620.0
Karnataka,Haveri,Maize,Rabi,3279.0,3133.0,2904.0,2774.0,3512.0,3143.0,2783.0,4405.0,3297.0
Karnataka,Haveri,Maize,Summer,2612.0,2868.0,3446.0,3959.0,3070.0,3562.0,3755.0,3718.0,3556.0
Karnataka,Haveri,Moong,Kharif,311.0,312.0,348.0,192.0,453.0,355.0,198.0,490.0,360.0
Karnataka,Haveri,Moong,Rabi,100.0,168.0,244.0,231.0,283.0,307.0,402.0,459.0,312.0
Karnataka,Haveri,Moong,Summer,373.0,367.0,250.0,,234.0,,,,
Karnataka,Haveri,Ragi,Kharif,621.0,1253.0,1135.0,790.0,922.0,865.0,356.0,670.0,1416.0
Karnataka,Haveri,Ragi,Rabi,,,1444.0,1416.0,1543.0,1349.0,1343.0,,
Karnataka,Haveri,Ragi,Summer,2000.0,,2000.0,1765.0,1857.0,1806.0,1722.0,,
Karnataka,Haveri,Rice,Kharif,1031.0,1849.0,1362.0,1567.0,2276.0,1672.0,1778.0,2490.0,2091.0
Karnataka,Haveri,Rice,Rabi,,,,,,,2658.0,2694.0,2842.0
Karnataka,Haveri,Rice,Summer,2024.0,2513.0,2125.0,2063.0,2350.0,3079.0,1690.0,3786.0,2307.0
Karnataka,Haveri,Shree Anna /Nutri Cereals,Kharif,900.0,1677.0,1018.0,850.0,1411.0,1199.0,88.0,790.0,1427.0
Karnataka,Haveri,Shree Anna /Nutri Cereals,Rabi,260.0,711.0,725.0,679.0,893.0,813.0,833.0,1039.0,845.0
Karnataka,Haveri,Shree Anna /Nutri Cereals,Summer,841.0,1390.0,1319.0,1184.0,1367.0,1784.0,1650.0,,
Karnataka,Haveri,Small Millets,Kharif,1066.0,1872.0,902.0,800.0,1428.0,1238.0,66.0,573.0,982.0
Karnataka,Haveri,Tur,Kharif,644.0,1008.0,656.0,537.0,1371.0,592.0,971.0,1281.0,645.0
Karnataka,Haveri,Urad,Kharif,300.0,333.0,636.0,462.0,283.0,500.0,468.0,449.0,590.0
Karnataka,Haveri,Urad,Rabi,117.0,,149.0,95.0,91.0,122.0,255.0,342.0,224.0
Karnataka,Haveri,Urad,Summer,500.0,333.0,,250.0,410.0,,,,
Karnataka,Haveri,Wheat,Rabi,1018.0,290.0,287.0,368.0,505.0,761.0,512.0,691.0,677.0
Karnataka,Kalaburagi,Bajra,Kharif,1464.0,2653.0,1760.0,1691.0,1428.0,1519.0,1513.0,1829.0,1266.0
Karnataka,Kalaburagi,Bajra,Rabi,,,,,1306.0,1278.0,1310.0,,
Karnataka,Kalaburagi,Bajra,Summer,,,,1042.0,1028.0,1075.0,1042.0,,
Karnataka,Kalaburagi,Barley,Rabi,,,,,,,0.0,,
Karnataka,Kalaburagi,Gram,Rabi,1174.0,1119.0,813.0,1155.0,1083.0,789.0,961.0,954.0,735.0
Karnataka,Kalaburagi,Jowar,Kharif,1249.0,2835.0,,1192.0,1398.0,1975.0,1604.0,1744.0,1982.0
Karnataka,Kalaburagi,Jowar,Rabi,1522.0,1305.0,933.0,1349.0,1255.0,1194.0,1296.0,1180.0,1271.0
Karnataka,Kalaburagi,Jowar,Summer,,,,1674.0,1756.0,,,,
Karnataka,Kalaburagi,Lentil,Kharif,,,,,,,0.0,,
Karnataka,Kalaburagi,Lentil,Rabi,,,,,,,0.0,,
Karnataka,Kalaburagi,Maize,Kharif,1540.0,3653.0,3133.0,3813.0,2568.0,3249.0,3425.0,2366.0,2929.0
Karnataka,Kalaburagi,Maize,Rabi,2620.0,4063.0,3385.0,3463.0,3691.0,3643.0,3491.0,3884.0,3584.0
Karnataka,Kalaburagi,Maize,Summer,3324.0,3755.0,3444.0,3960.0,3069.0,3577.0,3784.0,3718.0,4328.0
Karnataka,Kalaburagi,Moong,Kharif,488.0,617.0,574.0,553.0,603.0,531.0,746.0,587.0,557.0
Karnataka,Kalaburagi,Moong,Rabi,,,,250.0,299.0,312.0,300.0,333.0,299.0
Karnataka,Kalaburagi,Moong,Summer,,,,,250.0,,,,
Karnataka,Kalaburagi,Ragi,Kharif,,,1203.0,1754.0,1767.0,1333.0,1425.0,1252.0,1504.0
Karnataka,Kalaburagi,Ragi,Rabi,,,,1409.0,1538.0,1357.0,1352.0,,
Karnataka,Kalaburagi,Ragi,Summer,,,,,1868.0,1769.0,2000.0,,
Karnataka,Kalaburagi,Rice,Kharif,3890.0,3799.0,3169.0,3700.0,3263.0,4021.0,4378.0,4154.0,2563.0
Karnataka,Kalaburagi,Rice,Rabi,3190.0,2526.0,1463.0,3352.0,1666.0,,3460.0,2694.0,3626.0
Karnataka,Kalaburagi,Rice,Summer,3904.0,2460.0,3207.0,2584.0,2365.0,3353.0,3044.0,3093.0,3521.0
Karnataka,Kalaburagi,Shree Anna /Nutri Cereals,Kharif,1446.0,2667.0,1610.0,1480.0,1365.0,1496.0,824.0,1686.0,1423.0
Karnataka,Kalaburagi,Shree Anna /Nutri Cereals,Rabi,1522.0,1305.0,933.0,1349.0,1255.0,1194.0,1296.0,1180.0,1271.0
Karnataka,Kalaburagi,Shree Anna /Nutri Cereals,Summer,,,,1237.0,1705.0,1245.0,1080.0,,
Karnataka,Kalaburagi,Small Millets,Kharif,,500.0,1050.0,394.0,1009.0,805.0,245.0,633.0,599.0
Karnataka,Kalaburagi,Tur,Kharif,1393.0,1149.0,927.0,863.0,1070.0,916.0,904.0,852.0,383.0
Karnataka,Kalaburagi,Urad,Kharif,597.0,632.0,485.0,571.0,718.0,569.0,608.0,577.0,665.0
Karnataka,Kalaburagi,Urad,Rabi,,,,500.0,522.0,536.0,571.0,557.0,429.0
Karnataka,Kalaburagi,Urad,Summer,,,,,500.0,,,,
Karnataka,Kalaburagi,Wheat,Rabi,2009.0,2090.0,1506.0,2040.0,1871.0,1208.0,1542.0,1798.0,1590.0
Karnataka,Kodagu,Bajra,Kharif,,,,1000.0,1500.0,,,,
Karnataka,Kodagu,Gram,Rabi,,,,,1000.0,,,,
Karnataka,Kodagu,Jowar,Kharif,,,,1319.0,,2000.0,1610.0,1744.0,1982.0
Karnataka,Kodagu,Maize,Kharif,5549.0,7516.0,3143.0,5192.0,4879.0,4210.0,3983.0,4264.0,2035.0
Karnataka,Kodagu,Maize,Rabi,,,,,3689.0,,,,3584.0
Karnataka,Kodagu,Maize,Summer,3111.0,,,,,,,,
Karnataka,Kodagu,Moong,Kharif,,,333.0,,333.0,,,,
Karnataka,Kodagu,Ragi,Kharif,,,1210.0,1762.0,1778.0,1278.0,1000.0,1252.0,1556.0
Karnataka,Kodagu,Rice,Kharif,2432.0,2365.0,2801.0,2560.0,2643.0,2645.0,2571.0,2719.0,2651.0
Karnataka,Kodagu,Rice,Rabi,2750.0,2600.0,2400.0,,,,3000.0,2694.0,2842.0
Karnataka,Kodagu,Rice,Summer,1909.0,3167.0,3167.0,3067.0,3000.0,2000.0,3167.0,3093.0,3245.0
Karnataka,Kodagu,Shree Anna /Nutri Cereals,Kharif,,,1194.0,1343.0,1708.0,1316.0,1607.0,1720.0,1979.0
Karnataka,Kodagu,Small Millets,Kharif,,,1100.0,,1500.0,,,,
Karnataka,Kodagu,Tur,Kharif,,,,667.0,1000.0,,,,
Karnataka,Kodagu,Urad,Kharif,,,400.0,,,,,,
Karnataka,Kodagu,Wheat,Rabi,,,1000.0,,1000.0,,,,
Karnataka,Kolar,Bajra,Kharif,,,908.0,1085.0,1435.0,1161.0,1469.0,1270.0,1290.0
Karnataka,Kolar,Bajra,Rabi,,,,,1286.0,1000.0,1000.0,,
Karnataka,Kolar,Bajra,Summer,,,,1000.0,,1000.0,,,
Karnataka,Kolar,Barley,Rabi,,,,,,,0.0,,
Karnataka,Kolar,Gram,Rabi,,,485.0,746.0,626.0,681.0,697.0,741.0,596.0
Karnataka,Kolar,Jowar,Kharif,,,1372.0,1318.0,2006.0,1617.0,1605.0,1744.0,1982.0
Karnataka,Kolar,Jowar,Rabi,,,,1098.0,1081.0,1130.0,1205.0,1118.0,1113.0
Karnataka,Kolar,Jowar,Summer,,,,1663.0,1760.0,,,,
Karnataka,Kolar,Maize,Kharif,2368.0,4351.0,2629.0,3120.0,3709.0,3230.0,2985.0,2724.0,3133.0
Karnataka,Kolar,Maize,Rabi,,,,3460.0,3691.0,3634.0,3490.0,3884.0,3584.0
Karnataka,Kolar,Maize,Summer,,,,3962.0,3070.0,3561.0,3754.0,3718.0,4328.0
Karnataka,Kolar,Moong,Kharif,,,326.0,353.0,394.0,250.0,,314.0,430.0
Karnataka,Kolar,Moong,Rabi,,,,,,333.0,,333.0,
Karnataka,Kolar,Moong,Summer,,,,,200.0,,,,
Karnataka,Kolar,Ragi,Kharif,433.0,2745.0,976.0,1973.0,2209.0,1784.0,1725.0,1465.0,1842.0
Karnataka,Kolar,Ragi,Rabi,,1605.0,1409.0,1417.0,,1346.0,1359.0,,
Karnataka,Kolar,Ragi,Summer,1804.0,1739.0,1810.0,1786.0,1865.0,1804.0,1721.0,,
Karnataka,Kolar,Rice,Kharif,1936.0,3142.0,1870.0,2380.0,2800.0,2024.0,2474.0,2283.0,3076.0
Karnataka,Kolar,Rice,Rabi,,,,,,,2660.0,2694.0,2842.0
Karnataka,Kolar,Rice,Summer,,3006.0,,3033.0,3180.0,3698.0,3309.0,2474.0,3692.0
Karnataka,Kolar,Shree Anna /Nutri Cereals,Kharif,433.0,2743.0,985.0,1943.0,2193.0,1773.0,1715.0,1463.0,1842.0
Karnataka,Kolar,Shree Anna /Nutri Cereals,Rabi,,1605.0,1409.0,1308.0,1092.0,1240.0,1311.0,1118.0,1113.0
Karnataka,Kolar,Shree Anna /Nutri Cereals,Summer,1804.0,1739.0,1810.0,1664.0,1827.0,1800.0,1721.0,,
Karnataka,Kolar,Small Millets,Kharif,364.0,984.0,1017.0,1399.0,1250.0,1071.0,1186.0,913.0,1811.0
Karnataka,Kolar,Tur,Kharif,275.0,1155.0,427.0,545.0,658.0,379.0,536.0,496.0,503.0
Karnataka,Kolar,Urad,Kharif,,,500.0,500.0,593.0,493.0,450.0,449.0,590.0
Karnataka,Kolar,Urad,Rabi,,,,,500.0,1000.0,,,
Karnataka,Kolar,Urad,Summer,,,,,,,,,
Karnataka,Kolar,Wheat,Rabi,,,,1000.0,1333.0,1000.0,1500.0,,
Karnataka,Koppal,Bajra,Kharif,670.0,1824.0,673.0,849.0,1256.0,1026.0,1095.0,1025.0,1102.0
Karnataka,Koppal,Bajra,Rabi,,,,,1310.0,1308.0,1311.0,,
Karnataka,Koppal,Bajra,Summer,,,,1044.0,1022.0,1057.0,1060.0,,
Karnataka,Koppal,Barley,Kharif,,,,,,,0.0,,
Karnataka,Koppal,Barley,Rabi,,,,,,,0.0,,
Karnataka,Koppal,Gram,Rabi,508.0,443.0,300.0,409.0,469.0,453.0,383.0,463.0,391.0
Karnataka,Koppal,Jowar,Kharif,950.0,2311.0,1619.0,1860.0,2177.0,1745.0,1849.0,1939.0,1994.0
Karnataka,Koppal,Jowar,Rabi,241.0,594.0,425.0,546.0,790.0,733.0,686.0,800.0,598.0
Karnataka,Koppal,Jowar,Summer,1069.0,2075.0,1467.0,1538.0,1782.0,,,,
Karnataka,Koppal,Lentil,Kharif,,,,,,,0.0,,
Karnataka,Koppal,Maize,Kharif,1256.0,3643.0,1322.0,1764.0,2973.0,2259.0,2238.0,1896.0,2278.0
Karnataka,Koppal,Maize,Rabi,1384.0,2878.0,2217.0,2504.0,3078.0,2634.0,2899.0,3619.0,3199.0
Karnataka,Koppal,Maize,Summer,2996.0,3753.0,3446.0,3958.0,3069.0,3560.0,3753.0,3718.0,4328.0
Karnataka,Koppal,Moong,Kharif,74.0,204.0,186.0,219.0,247.0,181.0,217.0,175.0,199.0
Karnataka,Koppal,Moong,Rabi,,,,246.0,300.0,305.0,306.0,333.0,299.0
Karnataka,Koppal,Moong,Summer,,319.0,,,164.0,,,,
Karnataka,Koppal,Ragi,Kharif,,,1203.0,1740.0,1765.0,1313.0,1385.0,1252.0,1570.0
Karnataka,Koppal,Ragi,Rabi,,,,1429.0,1538.0,1385.0,1379.0,,
Karnataka,Koppal,Ragi,Summer,,,,,1833.0,1750.0,,,
Karnataka,Koppal,Rice,Kharif,3591.0,4713.0,3322.0,3988.0,3991.0,3350.0,4049.0,4410.0,4243.0
Karnataka,Koppal,Rice,Rabi,,,,,,,2663.0,2694.0,2842.0
Karnataka,Koppal,Rice,Summer,1717.0,3381.0,2261.0,2592.0,3585.0,3288.0,3115.0,3024.0,3169.0
Karnataka,Koppal,Shree Anna /Nutri Cereals,Kharif,646.0,1763.0,694.0,890.0,1223.0,1008.0,1064.0,1012.0,1058.0
Karnataka,Koppal,Shree Anna /Nutri Cereals,Rabi,241.0,594.0,425.0,547.0,819.0,747.0,701.0,800.0,598.0
Karnataka,Koppal,Shree Anna /Nutri Cereals,Summer,1069.0,2075.0,1467.0,1228.0,1444.0,1079.0,1060.0,,
Karnataka,Koppal,Small Millets,Kharif,218.0,556.0,325.0,367.0,418.0,467.0,342.0,315.0,411.0
Karnataka,Koppal,Tur,Kharif,487.0,569.0,272.0,338.0,508.0,354.0,477.0,473.0,508.0
Karnataka,Koppal,Urad,Kharif,,,500.0,500.0,615.0,500.0,464.0,449.0,590.0
Karnataka,Koppal,Urad,Rabi,,,,500.0,524.0,528.0,521.0,557.0,429.0
Karnataka,Koppal,Urad,Summer,537.0,500.0,512.0,478.0,523.0,,,,
Karnataka,Koppal,Wheat,Rabi,261.0,537.0,676.0,486.0,499.0,589.0,553.0,867.0,534.0
Karnataka,Mandya,Bajra,Kharif,,,923.0,1100.0,1400.0,1000.0,1000.0,1270.0,
Karnataka,Mandya,Bajra,Rabi,,,,,1000.0,,,,
Karnataka,Mandya,Bajra,Summer,,,,1000.0,1000.0,,,,
Karnataka,Mandya,Gram,Rabi,584.0,769.0,487.0,744.0,630.0,691.0,1000.0,,
Karnataka,Mandya,Jowar,Kharif,,,1372.0,1318.0,,,,,
Karnataka,Mandya,Jowar,Rabi,,,,1099.0,1125.0,1000.0,1167.0,,
Karnataka,Mandya,Jowar,Summer,,,,1667.0,,,,,
Karnataka,Mandya,Maize,Kharif,867.0,2826.0,3044.0,3395.0,2649.0,2181.0,2551.0,2895.0,2156.0
Karnataka,Mandya,Maize,Rabi,3008.0,3714.0,3391.0,3462.0,3691.0,3631.0,3491.0,3884.0,3584.0
Karnataka,Mandya,Maize,Summer,3103.0,3753.0,3447.0,3958.0,3071.0,3561.0,3755.0,3718.0,4328.0
Karnataka,Mandya,Moong,Kharif,281.0,326.0,323.0,353.0,417.0,355.0,388.0,314.0,430.0
Karnataka,Mandya,Moong,Rabi,,,200.0,,298.0,500.0,500.0,333.0,299.0
Karnataka,Mandya,Moong,Summer,250.0,250.0,269.0,,222.0,,,,
Karnataka,Mandya,Ragi,Kharif,1190.0,1649.0,1397.0,1495.0,1604.0,1300.0,1342.0,1685.0,1561.0
Karnataka,Mandya,Ragi,Rabi,1391.0,1797.0,1823.0,1597.0,1699.0,1416.0,1857.0,,
Karnataka,Mandya,Ragi,Summer,1476.0,1770.0,2003.0,2004.0,1954.0,1821.0,1981.0,,
Karnataka,Mandya,Rice,Kharif,2600.0,2792.0,3225.0,3002.0,3132.0,3015.0,2956.0,3244.0,3192.0
Karnataka,Mandya,Rice,Rabi,,3110.0,3043.0,3860.0,2742.0,2460.0,2347.0,2694.0,2842.0
Karnataka,Mandya,Rice,Summer,3429.0,3055.0,3267.0,3125.0,3233.0,3087.0,3144.0,2897.0,2963.0
Karnataka,Mandya,Shree Anna /Nutri Cereals,Kharif,1190.0,1649.0,1395.0,1483.0,1604.0,1300.0,1342.0,1685.0,1561.0
Karnataka,Mandya,Shree Anna /Nutri Cereals,Rabi,1391.0,1797.0,1823.0,1483.0,1699.0,1416.0,1855.0,,
Karnataka,Mandya,Shree Anna /Nutri Cereals,Summer,1476.0,1770.0,2003.0,2002.0,1954.0,1821.0,1981.0,,
Karnataka,Mandya,Small Millets,Kharif,,556.0,1116.0,429.0,1150.0,917.0,500.0,321.0,426.0
Karnataka,Mandya,Tur,Kharif,340.0,645.0,648.0,656.0,660.0,474.0,697.0,767.0,391.0
Karnataka,Mandya,Urad,Kharif,489.0,484.0,483.0,470.0,586.0,493.0,462.0,449.0,590.0
Karnataka,Mandya,Urad,Rabi,,,500.0,333.0,500.0,556.0,571.0,557.0,429.0
Karnataka,Mandya,Urad,Summer,500.0,,523.0,1000.0,556.0,,,,
Karnataka,Mandya,Wheat,Rabi,,,1000.0,1000.0,1333.0,1000.0,,,
Karnataka,Mysuru,Bajra,Kharif,,,889.0,1067.0,1455.0,1100.0,1375.0,1270.0,1290.0
Karnataka,Mysuru,Bajra,Rabi,,,,,1000.0,,1000.0,,
Karnataka,Mysuru,Bajra,Summer,,,,1000.0,,,,,
Karnataka,Mysuru,Barley,Kharif,,,,,,,0.0,,
Karnataka,Mysuru,Gram,Rabi,591.0,866.0,693.0,483.0,523.0,635.0,633.0,710.0,725.0
Karnataka,Mysuru,Jowar,Kharif,925.0,808.0,1241.0,520.0,1414.0,919.0,454.0,454.0,779.0
Karnataka,Mysuru,Jowar,Rabi,857.0,1116.0,153.0,1099.0,1079.0,1129.0,1206.0,1118.0,1113.0
Karnataka,Mysuru,Jowar,Summer,1333.0,,1000.0,1500.0,1439.0,,,,
Karnataka,Mysuru,Lentil,Kharif,,,,,,,0.0,,
Karnataka,Mysuru,Lentil,Rabi,,,,,,,0.0,,
Karnataka,Mysuru,Maize,Kharif,2008.0,3776.0,3240.0,3132.0,3936.0,3350.0,3501.0,2660.0,3576.0
Karnataka,Mysuru,Maize,Rabi,2758.0,3207.0,3107.0,3128.0,3491.0,2958.0,3339.0,3350.0,3825.0
Karnataka,Mysuru,Maize,Summer,3102.0,3754.0,3441.0,3961.0,3071.0,3561.0,3755.0,3501.0,3642.0
Karnataka,Mysuru,Moong,Kharif,271.0,334.0,517.0,208.0,351.0,279.0,290.0,278.0,327.0
Karnataka,Mysuru,Moong,Rabi,,,,240.0,333.0,333.0,250.0,333.0,299.0
Karnataka,Mysuru,Moong,Summer,200.0,,231.0,,,,,,
Karnataka,Mysuru,Ragi,Kharif,898.0,1601.0,1528.0,1451.0,1690.0,1575.0,1654.0,1281.0,1642.0
Karnataka,Mysuru,Ragi,Rabi,636.0,1458.0,1531.0,1418.0,1544.0,1312.0,1411.0,,
Karnataka,Mysuru,Ragi,Summer,2345.0,1871.0,2000.0,2129.0,2160.0,1958.0,1742.0,,
Karnataka,Mysuru,Rice,Kharif,2880.0,3061.0,3008.0,3148.0,3028.0,3152.0,3076.0,3034.0,3321.0
Karnataka,Mysuru,Rice,Rabi,,,,,,,,2694.0,2842.0
Karnataka,Mysuru,Rice,Summer,3587.0,3080.0,3087.0,2692.0,2974.0,2883.0,2907.0,3118.0,3465.0
Karnataka,Mysuru,Shree Anna /Nutri Cereals,Kharif,906.0,1506.0,1461.0,1181.0,1666.0,1517.0,1595.0,1260.0,1612.0
Karnataka,Mysuru,Shree Anna /Nutri Cereals,Rabi,638.0,1453.0,1514.0,1390.0,1542.0,1310.0,1409.0,1118.0,1113.0
Karnataka,Mysuru,Shree Anna /Nutri Cereals,Summer,2300.0,1871.0,1993.0,2109.0,2079.0,1958.0,1742.0,,
Karnataka,Mysuru,Small Millets,Kharif,,541.0,1116.0,532.0,1175.0,1030.0,263.0,405.0,426.0
Karnataka,Mysuru,Tur,Kharif,372.0,747.0,918.0,602.0,606.0,416.0,308.0,353.0,399.0
Karnataka,Mysuru,Urad,Kharif,260.0,215.0,532.0,240.0,404.0,294.0,264.0,308.0,397.0
Karnataka,Mysuru,Urad,Rabi,,,,,,600.0,667.0,557.0,429.0
Karnataka,Mysuru,Urad,Summer,530.0,,529.0,,,,,,
Karnataka,Mysuru,Wheat,Rabi,,,1000.0,1143.0,1000.0,1000.0,1000.0,,
Karnataka,Raichur,Bajra,Kharif,1445.0,1334.0,921.0,1138.0,1597.0,1086.0,2123.0,1879.0,1238.0
Karnataka,Raichur,Bajra,Rabi,,,,,1310.0,1310.0,1310.0,,
Karnataka,Raichur,Bajra,Summer,1045.0,,1063.0,1090.0,1154.0,1158.0,1153.0,,
Karnataka,Raichur,Barley,Kharif,,,,,,,0.0,,
Karnataka,Raichur,Gram,Rabi,661.0,1002.0,532.0,1068.0,654.0,1011.0,939.0,869.0,668.0
Karnataka,Raichur,Jowar,Kharif,1160.0,,1372.0,1318.0,2006.0,1617.0,1604.0,1744.0,1982.0
Karnataka,Raichur,Jowar,Rabi,791.0,1521.0,1389.0,1953.0,1273.0,1805.0,1776.0,1448.0,1499.0
Karnataka,Raichur,Jowar,Summer,,2077.0,,2075.0,2184.0,,,,
Karnataka,Raichur,Lentil,Kharif,,,,,,,0.0,,
Karnataka,Raichur,Lentil,Rabi,,,,,,,0.0,,
Karnataka,Raichur,Maize,Kharif,5120.0,3579.0,7597.0,5586.0,5592.0,3456.0,6720.0,5562.0,3727.0
Karnataka,Raichur,Maize,Rabi,3244.0,5818.0,3985.0,4284.0,3826.0,3452.0,4244.0,3818.0,1081.0
Karnataka,Raichur,Maize,Summer,3100.0,3756.0,,4000.0,3000.0,3400.0,3806.0,3718.0,4328.0
Karnataka,Raichur,Moong,Kharif,360.0,326.0,230.0,382.0,416.0,273.0,381.0,602.0,292.0
Karnataka,Raichur,Moong,Rabi,,,,247.0,301.0,309.0,311.0,333.0,299.0
Karnataka,Raichur,Ragi,Kharif,,,1202.0,1740.0,1754.0,1320.0,1433.0,1252.0,1507.0
Karnataka,Raichur,Ragi,Rabi,,,,1424.0,1541.0,1340.0,1368.0,,
Karnataka,Raichur,Ragi,Summer,,,,,,2000.0,,,
Karnataka,Raichur,Rice,Kharif,4023.0,2887.0,2681.0,3556.0,3861.0,3120.0,4003.0,4119.0,3755.0
Karnataka,Raichur,Rice,Rabi,,,,,,,2663.0,2694.0,2842.0
Karnataka,Raichur,Rice,Summer,2795.0,2385.0,2290.0,2987.0,2556.0,3175.0,3212.0,1307.0,2594.0
Karnataka,Raichur,Shree Anna /Nutri Cereals,Kharif,1444.0,1334.0,965.0,1138.0,1607.0,1129.0,1962.0,1807.0,1736.0
Karnataka,Raichur,Shree Anna /Nutri Cereals,Rabi,791.0,1521.0,1389.0,1953.0,1275.0,1783.0,1728.0,1448.0,1499.0
Karnataka,Raichur,Shree Anna /Nutri Cereals,Summer,1045.0,2077.0,1063.0,1249.0,1978.0,1164.0,1153.0,,
Karnataka,Raichur,Small Millets,Kharif,,,436.0,377.0,549.0,613.0,316.0,293.0,426.0
Karnataka,Raichur,Tur,Kharif,788.0,710.0,352.0,540.0,708.0,526.0,535.0,706.0,576.0
Karnataka,Raichur,Urad,Kharif,,,,500.0,625.0,500.0,467.0,449.0,590.0
Karnataka,Raichur,Urad,Rabi,,,,,533.0,500.0,500.0,557.0,429.0
Karnataka,Raichur,Urad,Summer,,,,,500.0,,,,
Karnataka,Raichur,Wheat,Rabi,943.0,806.0,960.0,955.0,626.0,1295.0,715.0,1309.0,1255.0
Karnataka,Shivamogga,Bajra,Kharif,,1571.0,1000.0,1000.0,1333.0,1111.0,1000.0,1270.0,1290.0
Karnataka,Shivamogga,Bajra,Rabi,,,,,1250.0,,,,
Karnataka,Shivamogga,Bajra,Summer,,,,1000.0,1000.0,,1000.0,,
Karnataka,Shivamogga,Barley,Kharif,,,,,,,0.0,,
Karnataka,Shivamogga,Barley,Rabi,,,,,,,0.0,,
Karnataka,Shivamogga,Barley,Summer,,,,,,,0.0,,
Karnataka,Shivamogga,Gram,Rabi,667.0,778.0,455.0,800.0,600.0,750.0,,605.0,596.0
Karnataka,Shivamogga,Jowar,Kharif,2439.0,3316.0,3037.0,1975.0,2708.0,1600.0,2000.0,1744.0,1982.0
Karnataka,Shivamogga,Jowar,Rabi,857.0,1119.0,877.0,1096.0,1082.0,1133.0,1205.0,1118.0,1113.0
Karnataka,Shivamogga,Jowar,Summer,1333.0,2000.0,,1722.0,1985.0,,,,
Karnataka,Shivamogga,Lentil,Kharif,,,,,,,0.0,,
Karnataka,Shivamogga,Maize,Kharif,3377.0,5130.0,3513.0,3695.0,4447.0,4322.0,2685.0,3071.0,2972.0
Karnataka,Shivamogga,Maize,Rabi,3804.0,5030.0,4746.0,4107.0,5035.0,4445.0,4106.0,4419.0,4694.0
Karnataka,Shivamogga,Maize,Summer,3101.0,3754.0,3446.0,3959.0,3070.0,3562.0,3755.0,3718.0,4328.0
Karnataka,Shivamogga,Moong,Kharif,,313.0,333.0,333.0,500.0,368.0,400.0,314.0,430.0
Karnataka,Shivamogga,Moong,Rabi,74.0,151.0,167.0,196.0,267.0,306.0,302.0,333.0,299.0
Karnataka,Shivamogga,Moong,Summer,256.0,295.0,296.0,,216.0,,,,
Karnataka,Shivamogga,Ragi,Kharif,1289.0,1844.0,1189.0,1582.0,1636.0,1478.0,1169.0,988.0,1439.0
Karnataka,Shivamogga,Ragi,Rabi,1000.0,1500.0,1333.0,1429.0,1533.0,1000.0,1500.0,,
Karnataka,Shivamogga,Ragi,Summer,1806.0,1733.0,1778.0,1750.0,1866.0,1804.0,1706.0,,
Karnataka,Shivamogga,Rice,Kharif,2060.0,2439.0,2536.0,2748.0,2763.0,2646.0,2539.0,2713.0,2879.0
Karnataka,Shivamogga,Rice,Rabi,2647.0,2675.0,2472.0,,,,2663.0,2694.0,2842.0
Karnataka,Shivamogga,Rice,Summer,2998.0,3189.0,2981.0,2903.0,2872.0,2802.0,2849.0,2844.0,2918.0
Karnataka,Shivamogga,Shree Anna /Nutri Cereals,Kharif,1359.0,1971.0,1536.0,1612.0,1734.0,1437.0,1086.0,1086.0,1561.0
Karnataka,Shivamogga,Shree Anna /Nutri Cereals,Rabi,864.0,1152.0,895.0,1123.0,1101.0,1132.0,1211.0,1118.0,1113.0
Karnataka,Shivamogga,Shree Anna /Nutri Cereals,Summer,1767.0,1758.0,1778.0,1704.0,1910.0,1804.0,1600.0,,
Karnataka,Shivamogga,Small Millets,Kharif,,,1100.0,545.0,1194.0,1100.0,700.0,293.0,
Karnataka,Shivamogga,Tur,Kharif,998.0,949.0,609.0,667.0,761.0,667.0,737.0,747.0,572.0
Karnataka,Shivamogga,Urad,Kharif,500.0,,500.0,333.0,571.0,333.0,500.0,449.0,590.0
Karnataka,Shivamogga,Urad,Rabi,500.0,448.0,,333.0,500.0,533.0,1000.0,557.0,
Karnataka,Shivamogga,Urad,Summer,533.0,500.0,500.0,,538.0,,,,
Karnataka,Shivamogga,Wheat,Rabi,,,,,1000.0,,,,1380.0
Karnataka,Tumakuru,Bajra,Kharif,1050.0,1583.0,909.0,497.0,1438.0,747.0,1446.0,958.0,1290.0
Karnataka,Tumakuru,Bajra,Rabi,,,,,,1000.0,,,
Karnataka,Tumakuru,Bajra,Summer,1000.0,,1143.0,1200.0,,,,,
Karnataka,Tumakuru,Barley,Kharif,,,,,,,0.0,,
Karnataka,Tumakuru,Barley,Rabi,,,,,,,0.0,,
Karnataka,Tumakuru,Gram,Rabi,588.0,771.0,514.0,489.0,544.0,329.0,996.0,707.0,430.0
Karnataka,Tumakuru,Jowar,Kharif,,,1372.0,1318.0,2006.0,1617.0,1604.0,1744.0,
Karnataka,Tumakuru,Jowar,Rabi,842.0,,41.0,1099.0,177.0,1130.0,1205.0,1118.0,
Karnataka,Tumakuru,Jowar,Summer,,,,1600.0,1757.0,,,,
Karnataka,Tumakuru,Lentil,Kharif,,,,,,,0.0,,
Karnataka,Tumakuru,Lentil,Rabi,,,,,,,0.0,,
Karnataka,Tumakuru,Lentil,Summer,,,,,,,0.0,,
Karnataka,Tumakuru,Maize,Kharif,1637.0,2928.0,1359.0,2711.0,2775.0,1885.0,2598.0,1533.0,3290.0
Karnataka,Tumakuru,Maize,Rabi,1629.0,2500.0,3500.0,3461.0,1220.0,1745.0,1420.0,3551.0,3846.0
Karnataka,Tumakuru,Maize,Summer,3100.0,3760.0,3450.0,3953.0,3066.0,3561.0,3759.0,3718.0,4328.0
Karnataka,Tumakuru,Moong,Kharif,198.0,57.0,265.0,138.0,248.0,136.0,200.0,283.0,326.0
Karnataka,Tumakuru,Moong,Rabi,,,,,298.0,,,,
Karnataka,Tumakuru,Moong,Summer,,,,190.0,,,,,
Karnataka,Tumakuru,Ragi,Kharif,959.0,1568.0,1093.0,1620.0,1630.0,1181.0,1207.0,859.0,1737.0
Karnataka,Tumakuru,Ragi,Rabi,1033.0,1601.0,1387.0,1418.0,1544.0,1316.0,1250.0,,
Karnataka,Tumakuru,Ragi,Summer,1808.0,1738.0,1793.0,1783.0,1863.0,1802.0,1724.0,,
Karnataka,Tumakuru,Rice,Kharif,2423.0,2519.0,2667.0,2972.0,2948.0,2412.0,2548.0,2509.0,3029.0
Karnataka,Tumakuru,Rice,Rabi,3137.0,2656.0,2333.0,,,,,2694.0,2842.0
Karnataka,Tumakuru,Rice,Summer,2288.0,2605.0,3893.0,3376.0,3209.0,2941.0,2335.0,2435.0,2866.0
Karnataka,Tumakuru,Shree Anna /Nutri Cereals,Kharif,951.0,1551.0,1086.0,1551.0,1641.0,1199.0,1221.0,887.0,1728.0
Karnataka,Tumakuru,Shree Anna /Nutri Cereals,Rabi,987.0,1601.0,368.0,1242.0,383.0,1133.0,1205.0,1118.0,
Karnataka,Tumakuru,Shree Anna /Nutri Cereals,Summer,1807.0,1738.0,1769.0,1774.0,1854.0,1802.0,1724.0,,
Karnataka,Tumakuru,Small Millets,Kharif,57.0,634.0,444.0,517.0,812.0,814.0,275.0,265.0,668.0
Karnataka,Tumakuru,Tur,Kharif,213.0,262.0,340.0,314.0,404.0,208.0,293.0,274.0,492.0
Karnataka,Tumakuru,Urad,Kharif,476.0,262.0,288.0,282.0,338.0,124.0,250.0,357.0,508.0
Karnataka,Tumakuru,Urad,Rabi,,,,500.0,,,,,
Karnataka,Tumakuru,Wheat,Rabi,,1125.0,1000.0,1167.0,1286.0,1500.0,1250.0,,
Karnataka,Udupi,Bajra,Kharif,,,,1000.0,1000.0,,,,
Karnataka,Udupi,Bajra,Summer,,,,1083.0,,,,,
Karnataka,Udupi,Gram,Rabi,,,,750.0,,,,,
Karnataka,Udupi,Jowar,Kharif,,,1250.0,1286.0,2000.0,,,,1982.0
Karnataka,Udupi,Jowar,Rabi,,,,1077.0,,,1000.0,1118.0,1113.0
Karnataka,Udupi,Maize,Kharif,,,3000.0,3000.0,3500.0,,,2724.0,3133.0
Karnataka,Udupi,Maize,Rabi,,,,3438.0,3689.0,3635.0,3556.0,3884.0,3584.0
Karnataka,Udupi,Maize,Summer,3000.0,3833.0,3000.0,4000.0,,,,,
Karnataka,Udupi,Moong,Kharif,,,,,,,,314.0,
Karnataka,Udupi,Moong,Rabi,89.0,169.0,225.0,238.0,302.0,307.0,300.0,333.0,299.0
Karnataka,Udupi,Moong,Summer,278.0,267.0,280.0,179.0,200.0,,,,
Karnataka,Udupi,Ragi,Kharif,,,,,2000.0,1000.0,,,
Karnataka,Udupi,Ragi,Rabi,,,,,,,1000.0,,
Karnataka,Udupi,Rice,Kharif,2735.0,3087.0,2946.0,2880.0,2900.0,2988.0,2928.0,3046.0,2831.0
Karnataka,Udupi,Rice,Rabi,2408.0,2433.0,2438.0,2527.0,2657.0,2671.0,2669.0,2681.0,2617.0
Karnataka,Udupi,Rice,Summer,3033.0,3127.0,3200.0,3037.0,2932.0,3114.0,3208.0,3093.0,3245.0
Karnataka,Udupi,Shree Anna /Nutri Cereals,Kharif,,,1250.0,1222.0,1714.0,1000.0,,,1982.0
Karnataka,Udupi,Shree Anna /Nutri Cereals,Rabi,,,,1077.0,,,1000.0,1118.0,1113.0
Karnataka,Udupi,Shree Anna /Nutri Cereals,Summer,,,,1083.0,,,,,
Karnataka,Udupi,Small Millets,Kharif,,,,,1500.0,,,,
Karnataka,Udupi,Tur,Kharif,,,,1000.0,1000.0,,,,572.0
Karnataka,Udupi,Urad,Kharif,,,444.0,,1000.0,,,449.0,590.0
Karnataka,Udupi,Urad,Rabi,498.0,440.0,563.0,490.0,557.0,548.0,531.0,563.0,485.0
Karnataka,Udupi,Urad,Summer,518.0,512.0,515.0,481.0,506.0,,,,
Karnataka,Udupi,Wheat,Rabi,,,1000.0,,,,,,
Karnataka,Uttara Kannada,Bajra,Kharif,,,1000.0,1000.0,1333.0,1000.0,,,1290.0
Karnataka,Uttara Kannada,Bajra,Summer,,,,1000.0,,,,,
Karnataka,Uttara Kannada,Barley,Summer,,,,,,,0.0,,
Karnataka,Uttara Kannada,Gram,Rabi,500.0,667.0,400.0,727.0,643.0,1000.0,667.0,605.0,596.0
Karnataka,Uttara Kannada,Jowar,Kharif,,,1370.0,1318.0,2000.0,1622.0,1612.0,1744.0,1982.0
Karnataka,Uttara Kannada,Jowar,Rabi,,1000.0,,1097.0,1077.0,1135.0,1212.0,1118.0,1113.0
Karnataka,Uttara Kannada,Jowar,Summer,,,,,1750.0,,,,
Karnataka,Uttara Kannada,Lentil,Kharif,,,,,,,0.0,,
Karnataka,Uttara Kannada,Maize,Kharif,5618.0,5649.0,3941.0,4306.0,4691.0,4725.0,4114.0,4594.0,3654.0
Karnataka,Uttara Kannada,Maize,Rabi,3000.0,3711.0,3393.0,3462.0,3691.0,3633.0,3490.0,3884.0,3584.0
Karnataka,Uttara Kannada,Maize,Summer,3102.0,3754.0,3447.0,3958.0,3070.0,3559.0,3756.0,3718.0,4328.0
Karnataka,Uttara Kannada,Moong,Kharif,,,,,,,,314.0,
Karnataka,Uttara Kannada,Moong,Rabi,110.0,213.0,299.0,263.0,489.0,237.0,249.0,274.0,284.0
Karnataka,Uttara Kannada,Moong,Summer,237.0,235.0,238.0,125.0,226.0,,,,
Karnataka,Uttara Kannada,Ragi,Kharif,,,1333.0,1667.0,1667.0,1250.0,1333.0,1252.0,1500.0
Karnataka,Uttara Kannada,Ragi,Rabi,,,1333.0,1400.0,1500.0,1333.0,1500.0,,
Karnataka,Uttara Kannada,Rice,Kharif,1948.0,1963.0,2084.0,2283.0,2140.0,2186.0,2093.0,1906.0,2203.0
Karnataka,Uttara Kannada,Rice,Rabi,2565.0,2328.0,2227.0,2204.0,2363.0,2376.0,2224.0,2203.0,2595.0
Karnataka,Uttara Kannada,Rice,Summer,2300.0,2567.0,2378.0,2384.0,2622.0,2549.0,2913.0,2818.0,2283.0
Karnataka,Uttara Kannada,Shree Anna /Nutri Cereals,Kharif,,,1333.0,1260.0,1580.0,1344.0,1439.0,1716.0,1563.0
Karnataka,Uttara Kannada,Shree Anna /Nutri Cereals,Rabi,,1000.0,1333.0,1116.0,1145.0,1141.0,1222.0,1118.0,1113.0
Karnataka,Uttara Kannada,Shree Anna /Nutri Cereals,Summer,,,,1000.0,1750.0,,,,
Karnataka,Uttara Kannada,Small Millets,Kharif,,,750.0,333.0,1295.0,1094.0,727.0,,
Karnataka,Uttara Kannada,Tur,Kharif,1000.0,1000.0,500.0,,750.0,1000.0,1000.0,,572.0
Karnataka,Uttara Kannada,Urad,Kharif,,,,,,493.0,,449.0,590.0
Karnataka,Uttara Kannada,Urad,Rabi,483.0,446.0,534.0,466.0,526.0,529.0,522.0,557.0,429.0
Karnataka,Uttara Kannada,Urad,Summer,534.0,518.0,517.0,500.0,523.0,,,,
Karnataka,Uttara Kannada,Wheat,Rabi,,,,,,,,,1255.0
Karnataka,Vijayanagara,Bajra,Kharif,,,,,,,1522.0,1233.0,1545.0
Karnataka,Vijayanagara,Bajra,Rabi,,,,,,,1292.0,,
Karnataka,Vijayanagara,Bajra,Summer,,,,,,,1000.0,,
Karnataka,Vijayanagara,Gram,Rabi,,,,,,,477.0,530.0,457.0
Karnataka,Vijayanagara,Jowar,Kharif,,,,,,,2722.0,2736.0,2992.0
Karnataka,Vijayanagara,Jowar,Rabi,,,,,,,1824.0,2246.0,2457.0
Karnataka,Vijayanagara,Lentil,Kharif,,,,,,,0.0,,
Karnataka,Vijayanagara,Lentil,Summer,,,,,,,0.0,,
Karnataka,Vijayanagara,Maize,Kharif,,,,,,,3495.0,2721.0,2811.0
Karnataka,Vijayanagara,Maize,Rabi,,,,,,,3208.0,3926.0,3184.0
Karnataka,Vijayanagara,Maize,Summer,,,,,,,3752.0,3718.0,4328.0
Karnataka,Vijayanagara,Moong,Kharif,,,,,,,337.0,318.0,20.0
Karnataka,Vijayanagara,Moong,Rabi,,,,,,,323.0,333.0,299.0
Karnataka,Vijayanagara,Ragi,Kharif,,,,,,,1155.0,918.0,1308.0
Karnataka,Vijayanagara,Ragi,Rabi,,,,,,,1368.0,,
Karnataka,Vijayanagara,Ragi,Summer,,,,,,,1159.0,,
Karnataka,Vijayanagara,Rice,Kharif,,,,,,,4074.0,3781.0,3786.0
Karnataka,Vijayanagara,Rice,Rabi,,,,,,,2663.0,2694.0,2842.0
Karnataka,Vijayanagara,Rice,Summer,,,,,,,3246.0,3557.0,3272.0
Karnataka,Vijayanagara,Shree Anna /Nutri Cereals,Kharif,,,,,,,1478.0,1236.0,1580.0
Karnataka,Vijayanagara,Shree Anna /Nutri Cereals,Rabi,,,,,,,1450.0,2246.0,2457.0
Karnataka,Vijayanagara,Shree Anna /Nutri Cereals,Summer,,,,,,,1158.0,,
Karnataka,Vijayanagara,Small Millets,Kharif,,,,,,,382.0,319.0,383.0
Karnataka,Vijayanagara,Tur,Kharif,,,,,,,612.0,825.0,761.0
Karnataka,Vijayanagara,Urad,Kharif,,,,,,,455.0,449.0,590.0
Karnataka,Vijayanagara,Urad,Rabi,,,,,,,516.0,557.0,429.0
Karnataka,Vijayanagara,Wheat,Rabi,,,,,,,1381.0,1309.0,2065.0
Karnataka,Vijayapura,Bajra,Kharif,1140.0,902.0,752.0,625.0,1002.0,961.0,1154.0,921.0,1162.0
Karnataka,Vijayapura,Bajra,Rabi,,,,,1310.0,1310.0,1306.0,,
Karnataka,Vijayapura,Bajra,Summer,,,,1042.0,,,,,
Karnataka,Vijayapura,Barley,Kharif,,,,,,,0.0,,
Karnataka,Vijayapura,Barley,Rabi,,,,,,,0.0,,
Karnataka,Vijayapura,Gram,Rabi,561.0,737.0,461.0,565.0,616.0,661.0,717.0,674.0,638.0
Karnataka,Vijayapura,Jowar,Kharif,,,,1318.0,2000.0,,1591.0,1744.0,
Karnataka,Vijayapura,Jowar,Rabi,963.0,960.0,654.0,692.0,730.0,764.0,949.0,803.0,844.0
Karnataka,Vijayapura,Lentil,Kharif,,,,,,,0.0,,
Karnataka,Vijayapura,Maize,Kharif,3658.0,3696.0,2595.0,2633.0,3576.0,3191.0,3825.0,2555.0,3629.0
Karnataka,Vijayapura,Maize,Rabi,3222.0,3248.0,1906.0,2450.0,3008.0,3008.0,3256.0,3270.0,3266.0
Karnataka,Vijayapura,Maize,Summer,2222.0,2400.0,1156.0,2330.0,2775.0,2792.0,2675.0,3718.0,4328.0
Karnataka,Vijayapura,Moong,Kharif,231.0,117.0,129.0,124.0,218.0,232.0,215.0,213.0,324.0
Karnataka,Vijayapura,Moong,Rabi,,,,256.0,292.0,309.0,313.0,,
Karnataka,Vijayapura,Moong,Summer,,,,,,,,,
Karnataka,Vijayapura,Ragi,Kharif,,,1197.0,1745.0,1768.0,1321.0,1429.0,1252.0,1556.0
Karnataka,Vijayapura,Ragi,Rabi,,,,1416.0,1542.0,1349.0,1359.0,,
Karnataka,Vijayapura,Rice,Kharif,2786.0,2867.0,2846.0,3204.0,3297.0,3104.0,3324.0,3325.0,3394.0
Karnataka,Vijayapura,Rice,Rabi,,,,,,,2710.0,,
Karnataka,Vijayapura,Rice,Summer,,,,3040.0,2935.0,3121.0,,,0.0
Karnataka,Vijayapura,Shree Anna /Nutri Cereals,Kharif,1140.0,901.0,758.0,640.0,1002.0,960.0,1142.0,918.0,1160.0
Karnataka,Vijayapura,Shree Anna /Nutri Cereals,Rabi,963.0,960.0,654.0,692.0,735.0,767.0,951.0,803.0,844.0
Karnataka,Vijayapura,Shree Anna /Nutri Cereals,Summer,,,,1042.0,,,,,
Karnataka,Vijayapura,Small Millets,Kharif,,524.0,1011.0,386.0,877.0,860.0,223.0,303.0,426.0
Karnataka,Vijayapura,Tur,Kharif,849.0,608.0,321.0,440.0,433.0,422.0,676.0,514.0,566.0
Karnataka,Vijayapura,Urad,Kharif,193.0,88.0,161.0,152.0,290.0,298.0,381.0,320.0,455.0
Karnataka,Vijayapura,Urad,Rabi,,,,400.0,500.0,520.0,500.0,557.0,
Karnataka,Vijayapura,Wheat,Rabi,926.0,983.0,694.0,749.0,911.0,848.0,1129.0,1054.0,1117.0
Karnataka,Yadgir,Bajra,Kharif,777.0,1991.0,1216.0,1777.0,1639.0,1577.0,2346.0,1481.0,2116.0
Karnataka,Yadgir,Bajra,Rabi,,,,,1296.0,1194.0,1245.0,,
Karnataka,Yadgir,Bajra,Summer,1063.0,1015.0,1016.0,987.0,1016.0,1012.0,1022.0,,
Karnataka,Yadgir,Barley,Kharif,,,,,,,0.0,,
Karnataka,Yadgir,Barley,Rabi,,,,,,,0.0,,
Karnataka,Yadgir,Gram,Rabi,860.0,744.0,510.0,912.0,814.0,509.0,443.0,509.0,678.0
Karnataka,Yadgir,Jowar,Kharif,986.0,2325.0,2526.0,1850.0,1476.0,1615.0,1604.0,1022.0,1982.0
Karnataka,Yadgir,Jowar,Rabi,1227.0,1559.0,1054.0,1564.0,1130.0,935.0,991.0,1100.0,880.0
Karnataka,Yadgir,Jowar,Summer,1364.0,2091.0,,1704.0,1989.0,,,,
Karnataka,Yadgir,Lentil,Kharif,,,,,,,0.0,,
Karnataka,Yadgir,Lentil,Summer,,,,,,,0.0,,
Karnataka,Yadgir,Maize,Kharif,1545.0,4342.0,2630.0,4649.0,1130.0,3224.0,3000.0,2724.0,3133.0
Karnataka,Yadgir,Maize,Rabi,3000.0,3722.0,3000.0,3465.0,3693.0,3613.0,3498.0,3884.0,3584.0
Karnataka,Yadgir,Maize,Summer,3096.0,3750.0,,4000.0,3069.0,3600.0,3760.0,3718.0,4328.0
Karnataka,Yadgir,Moong,Kharif,246.0,537.0,370.0,630.0,571.0,410.0,409.0,368.0,288.0
Karnataka,Yadgir,Moong,Rabi,83.0,,,250.0,298.0,309.0,307.0,333.0,299.0
Karnataka,Yadgir,Moong,Summer,,,,,128.0,,,,
Karnataka,Yadgir,Ragi,Kharif,,,1200.0,1750.0,1778.0,1333.0,1333.0,1252.0,1526.0
Karnataka,Yadgir,Ragi,Rabi,,,,1429.0,1600.0,1344.0,1333.0,,
Karnataka,Yadgir,Ragi,Summer,,,,1667.0,2000.0,2000.0,,,
Karnataka,Yadgir,Rice,Kharif,3388.0,3802.0,2814.0,3679.0,3286.0,3618.0,3544.0,3228.0,3642.0
Karnataka,Yadgir,Rice,Rabi,2785.0,,2676.0,,,1747.0,2662.0,2694.0,2842.0
Karnataka,Yadgir,Rice,Summer,3122.0,2515.0,2359.0,3003.0,2349.0,1736.0,2683.0,2752.0,2546.0
Karnataka,Yadgir,Shree Anna /Nutri Cereals,Kharif,781.0,1971.0,1229.0,1763.0,1612.0,1568.0,2292.0,1463.0,2050.0
Karnataka,Yadgir,Shree Anna /Nutri Cereals,Rabi,1227.0,1559.0,1054.0,1564.0,1136.0,975.0,1022.0,1100.0,880.0
Karnataka,Yadgir,Shree Anna /Nutri Cereals,Summer,1066.0,1020.0,1016.0,1049.0,1106.0,1012.0,1022.0,,
Karnataka,Yadgir,Small Millets,Kharif,385.0,540.0,563.0,431.0,706.0,977.0,408.0,311.0,511.0
Karnataka,Yadgir,Tur,Kharif,836.0,1020.0,679.0,703.0,829.0,760.0,672.0,608.0,794.0
Karnataka,Yadgir,Urad,Kharif,373.0,946.0,500.0,483.0,714.0,571.0,616.0,449.0,423.0
Karnataka,Yadgir,Urad,Rabi,,,,,667.0,500.0,,,429.0
Karnataka,Yadgir,Wheat,Rabi,1045.0,800.0,1147.0,1259.0,960.0,1191.0,1561.0,1309.0,1255.0
Kerala,Alappuzha,Gram,Rabi,,,491.0,500.0,682.0,269.0,301.0,,
Kerala,Alappuzha,Maize,Kharif,,,,,,333.0,300.0,843.0,
Kerala,Alappuzha,Moong,Rabi,,,,,,,,2084.0,
Kerala,Alappuzha,Moong,Summer,,,,,,,,300.0,301.0
Kerala,Alappuzha,Ragi,Kharif,,,,,,,,1048.0,
Kerala,Alappuzha,Rice,Kharif,3673.0,2816.0,123.0,2014.0,2493.0,2027.0,3011.0,3043.0,3212.0
Kerala,Alappuzha,Rice,Rabi,2885.0,2942.0,4669.0,3009.0,2716.0,2418.0,3095.0,3184.0,3272.0
Kerala,Alappuzha,Rice,Summer,2976.0,2940.0,4613.0,3523.0,3438.0,2664.0,3105.0,3137.0,2353.0
Kerala,Alappuzha,Shree Anna /Nutri Cereals,Kharif,,,,,,,,924.0,
Kerala,Alappuzha,Small Millets,Kharif,,,,,,,,111.0,
Kerala,Alappuzha,Tur,Kharif,,,,,,,,278.0,371.0
Kerala,Alappuzha,Urad,Summer,,,,,,,,384.0,349.0
Kerala,Ernakulam,Bajra,Kharif,,,,,,,,2383.0,
Kerala,Ernakulam,Jowar,Rabi,,,,,,,,8469.0,
Kerala,Ernakulam,Jowar,Summer,,,,,,,,,1482.0
Kerala,Ernakulam,Maize,Kharif,,,,,,1000.0,,3616.0,
Kerala,Ernakulam,Maize,Summer,,,,,,,,,2421.0
Kerala,Ernakulam,Ragi,Kharif,,,,,,,,2919.0,
Kerala,Ernakulam,Rice,Kharif,1911.0,1998.0,1305.0,1592.0,1800.0,1691.0,1791.0,1232.0,1739.0
Kerala,Ernakulam,Rice,Rabi,2347.0,2543.0,2506.0,2481.0,2479.0,2309.0,2624.0,2544.0,2440.0
Kerala,Ernakulam,Rice,Summer,2933.0,2394.0,2821.0,2720.0,2454.0,2472.0,2750.0,2347.0,2239.0
Kerala,Ernakulam,Shree Anna /Nutri Cereals,Kharif,,,,,,,,1789.0,
Kerala,Ernakulam,Shree Anna /Nutri Cereals,Rabi,,,,,,,,8469.0,
Kerala,Ernakulam,Shree Anna /Nutri Cereals,Summer,,,,,,,,,1482.0
Kerala,Ernakulam,Small Millets,Kharif,,,,,,,,1154.0,
Kerala,Idukki,Maize,Kharif,2667.0,2479.0,2565.0,2625.0,,2167.0,2077.0,2570.0,
Kerala,Idukki,Ragi,Kharif,1846.0,1797.0,1785.0,1842.0,,1674.0,1767.0,1570.0,1689.0
Kerala,Idukki,Rice,Kharif,2225.0,2384.0,1592.0,1907.0,2079.0,1730.0,1620.0,1504.0,1546.0
Kerala,Idukki,Rice,Rabi,2377.0,2843.0,2419.0,2489.0,2450.0,1860.0,2630.0,2515.0,2708.0
Kerala,Idukki,Rice,Summer,2143.0,2922.0,2457.0,2433.0,2538.0,3047.0,2664.0,2049.0,1888.0
Kerala,Idukki,Shree Anna /Nutri Cereals,Kharif,1846.0,1797.0,1785.0,1842.0,,1674.0,1767.0,1570.0,1689.0
Kerala,Idukki,Wheat,Rabi,1000.0,1000.0,1450.0,2000.0,,1000.0,,250.0,
Kerala,Kannur,Bajra,Kharif,,,,,,,,693.0,
Kerala,Kannur,Gram,Rabi,,,697.0,698.0,751.0,770.0,730.0,,
Kerala,Kannur,Jowar,Rabi,,,,,,,1000.0,1133.0,794.0
Kerala,Kannur,Jowar,Summer,,,,,,,,,516.0
Kerala,Kannur,Maize,Kharif,,,,,,,1600.0,902.0,
Kerala,Kannur,Maize,Summer,,,,,,,,,4727.0
Kerala,Kannur,Moong,Rabi,,,,,,,,5104.0,811.0
Kerala,Kannur,Moong,Summer,,,,,,,,733.0,685.0
Kerala,Kannur,Ragi,Kharif,,,,,,,645.0,790.0,
Kerala,Kannur,Rice,Kharif,2656.0,2203.0,2441.0,2217.0,2238.0,2063.0,2340.0,2362.0,1964.0
Kerala,Kannur,Rice,Rabi,1760.0,2156.0,1822.0,2124.0,2341.0,2195.0,2262.0,2204.0,2323.0
Kerala,Kannur,Rice,Summer,2643.0,2000.0,1799.0,1833.0,1500.0,2319.0,2325.0,1843.0,1245.0
Kerala,Kannur,Shree Anna /Nutri Cereals,Kharif,,,,,,,645.0,781.0,
Kerala,Kannur,Shree Anna /Nutri Cereals,Rabi,,,,,,,1000.0,1133.0,794.0
Kerala,Kannur,Shree Anna /Nutri Cereals,Summer,,,,,,,,,516.0
Kerala,Kannur,Urad,Rabi,,,,,,,,574.0,686.0
Kerala,Kannur,Urad,Summer,,,,,,,,650.0,686.0
Kerala,Kasaragod,Bajra,Kharif,,,,,,,,4622.0,
Kerala,Kasaragod,Gram,Rabi,,,1327.0,1357.0,1309.0,1407.0,1441.0,,
Kerala,Kasaragod,Maize,Kharif,,,,,,,,2108.0,
Kerala,Kasaragod,Moong,Rabi,,,,,,,,8726.0,1042.0
Kerala,Kasaragod,Moong,Summer,,,,,,,,1238.0,1092.0
Kerala,Kasaragod,Ragi,Kharif,,,,,,,,2429.0,
Kerala,Kasaragod,Rice,Kharif,2524.0,2448.0,2504.0,2205.0,2302.0,2055.0,2446.0,2412.0,2295.0
Kerala,Kasaragod,Rice,Rabi,1884.0,2149.0,1885.0,1960.0,1801.0,2104.0,1898.0,1944.0,2135.0
Kerala,Kasaragod,Rice,Summer,2408.0,2478.0,2305.0,2348.0,2323.0,2304.0,2093.0,2455.0,1915.0
Kerala,Kasaragod,Shree Anna /Nutri Cereals,Kharif,,,,,,,,3769.0,
Kerala,Kasaragod,Tur,Kharif,,,,,,,,1118.0,1656.0
Kerala,Kasaragod,Urad,Rabi,,,,,,,,1646.0,1318.0
Kerala,Kasaragod,Urad,Summer,,,,,,,,1437.0,1321.0
Kerala,Kollam,Gram,Rabi,,,388.0,333.0,433.0,462.0,501.0,,
Kerala,Kollam,Jowar,Rabi,,,,,,,,1187.0,
Kerala,Kollam,Maize,Kharif,,,,,,,,768.0,
Kerala,Kollam,Moong,Rabi,,,,,,,,5131.0,
Kerala,Kollam,Moong,Summer,,,,,,,,739.0,739.0
Kerala,Kollam,Ragi,Kharif,,,,,,,,842.0,
Kerala,Kollam,Rice,Kharif,2791.0,2399.0,2279.0,1961.0,2062.0,2082.0,2436.0,2371.0,1857.0
Kerala,Kollam,Rice,Rabi,1665.0,2244.0,2198.0,2011.0,2182.0,2276.0,2218.0,2060.0,1979.0
Kerala,Kollam,Rice,Summer,773.0,2058.0,2632.0,1938.0,2862.0,2264.0,3124.0,2751.0,2667.0
Kerala,Kollam,Shree Anna /Nutri Cereals,Kharif,,,,,,,,833.0,
Kerala,Kollam,Shree Anna /Nutri Cereals,Rabi,,,,,,,,1187.0,
Kerala,Kollam,Small Millets,Kharif,,,,,,,,495.0,
Kerala,Kollam,Urad,Summer,,,,,,,,758.0,770.0
Kerala,Kottayam,Bajra,Kharif,,,,,,,,855.0,
Kerala,Kottayam,Jowar,Rabi,,,,,,,,964.0,
Kerala,Kottayam,Maize,Kharif,,,,,,,,394.0,
Kerala,Kottayam,Ragi,Kharif,,,,,,,,1007.0,
Kerala,Kottayam,Rice,Kharif,3180.0,2576.0,167.0,1868.0,2274.0,2964.0,3195.0,2668.0,2518.0
Kerala,Kottayam,Rice,Rabi,2682.0,2830.0,3905.0,2766.0,2821.0,2639.0,3232.0,3110.0,2789.0
Kerala,Kottayam,Rice,Summer,2710.0,2995.0,3527.0,3017.0,3173.0,2712.0,3005.0,2674.0,2653.0
Kerala,Kottayam,Shree Anna /Nutri Cereals,Kharif,,,,,,,,977.0,
Kerala,Kottayam,Shree Anna /Nutri Cereals,Rabi,,,,,,,,964.0,
Kerala,Kottayam,Small Millets,Kharif,,,,,,,,583.0,
Kerala,Kottayam,Tur,Kharif,,,,,,,,4669.0,683.0
Kerala,Kozhikode,Bajra,Kharif,,,,,,,,765.0,
Kerala,Kozhikode,Gram,Rabi,,,,,143.0,214.0,661.0,,
Kerala,Kozhikode,Jowar,Rabi,,,,,,,,1365.0,
Kerala,Kozhikode,Maize,Kharif,,,,,,,,1759.0,
Kerala,Kozhikode,Moong,Rabi,,,,,,,,6239.0,
Kerala,Kozhikode,Moong,Summer,,,,,,,,899.0,699.0
Kerala,Kozhikode,Ragi,Kharif,,,,,,,,1264.0,
Kerala,Kozhikode,Rice,Kharif,1931.0,1269.0,1259.0,1712.0,1514.0,267.0,664.0,1064.0,634.0
Kerala,Kozhikode,Rice,Rabi,1077.0,1165.0,1178.0,1196.0,1062.0,1107.0,1112.0,1102.0,1030.0
Kerala,Kozhikode,Rice,Summer,2803.0,2276.0,2573.0,1697.0,1762.0,2158.0,2142.0,2295.0,2087.0
Kerala,Kozhikode,Shree Anna /Nutri Cereals,Kharif,,,,,,,,1121.0,
Kerala,Kozhikode,Shree Anna /Nutri Cereals,Rabi,,,,,,,,1365.0,
Kerala,Kozhikode,Small Millets,Kharif,,,,,,,,854.0,
Kerala,Malappuram,Gram,Rabi,,,288.0,500.0,,,,,
Kerala,Malappuram,Maize,Kharif,,,15000.0,,,,,,
Kerala,Malappuram,Moong,Rabi,,,,,,,,3740.0,
Kerala,Malappuram,Moong,Summer,,,,,,,,539.0,
Kerala,Malappuram,Ragi,Kharif,,,,,,,,880.0,
Kerala,Malappuram,Rice,Kharif,2335.0,2089.0,1720.0,1807.0,2095.0,1840.0,2345.0,2033.0,1907.0
Kerala,Malappuram,Rice,Rabi,1933.0,2621.0,2930.0,2988.0,3037.0,2790.0,3275.0,3038.0,3163.0
Kerala,Malappuram,Rice,Summer,3688.0,3977.0,4248.0,3994.0,3831.0,4186.0,4129.0,3387.0,3242.0
Kerala,Malappuram,Shree Anna /Nutri Cereals,Kharif,,,,,,,,880.0,
Kerala,Malappuram,Small Millets,Kharif,,,,,,,,878.0,
Kerala,Malappuram,Urad,Summer,,,,,,,,1015.0,
Kerala,Palakkad,Bajra,Kharif,,,,,,,1500.0,1642.0,1798.0
Kerala,Palakkad,Bajra,Summer,,,,,,,,,1781.0
Kerala,Palakkad,Gram,Rabi,,,783.0,836.0,844.0,938.0,967.0,,
Kerala,Palakkad,Jowar,Kharif,786.0,799.0,817.0,825.0,833.0,1387.0,,,
Kerala,Palakkad,Jowar,Rabi,,,,,,1460.0,,0.0,
Kerala,Palakkad,Maize,Kharif,881.0,2234.0,1052.0,1010.0,,2879.0,3338.0,3117.0,3162.0
Kerala,Palakkad,Maize,Rabi,,,,,,,,,3461.0
Kerala,Palakkad,Maize,Summer,,,,,,,,,3078.0
Kerala,Palakkad,Moong,Rabi,,,,,,,,8552.0,
Kerala,Palakkad,Moong,Summer,,,,,,,,1232.0,1224.0
Kerala,Palakkad,Ragi,Kharif,900.0,923.0,929.0,883.0,,1669.0,1706.0,1680.0,1571.0
Kerala,Palakkad,Rice,Kharif,2890.0,2563.0,2327.0,2955.0,2831.0,2708.0,2746.0,2584.0,2674.0
Kerala,Palakkad,Rice,Rabi,1379.0,2707.0,3186.0,3465.0,3547.0,3559.0,3501.0,3028.0,3308.0
Kerala,Palakkad,Rice,Summer,1932.0,2727.0,3302.0,3321.0,3250.0,3115.0,3632.0,2818.0,3852.0
Kerala,Palakkad,Shree Anna /Nutri Cereals,Kharif,793.0,818.0,849.0,836.0,797.0,1600.0,1666.0,1574.0,1592.0
Kerala,Palakkad,Shree Anna /Nutri Cereals,Rabi,,,,778.0,748.0,1422.0,1241.0,0.0,
Kerala,Palakkad,Shree Anna /Nutri Cereals,Summer,,,,,,,,,1781.0
Kerala,Palakkad,Small Millets,Kharif,667.0,723.0,726.0,733.0,727.0,1200.0,1230.0,1301.0,
Kerala,Palakkad,Small Millets,Rabi,,,,778.0,748.0,1207.0,1241.0,,
Kerala,Palakkad,Tur,Kharif,1580.0,1560.0,1646.0,1672.0,1658.0,1652.0,1680.0,1309.0,1730.0
Kerala,Palakkad,Urad,Kharif,,,,,,,,603.0,1239.0
Kerala,Palakkad,Urad,Rabi,,,,,,,,980.0,572.0
Kerala,Palakkad,Urad,Summer,,,,,,,,947.0,893.0
Kerala,Pathanamthitta,Gram,Rabi,,,467.0,,,0.0,,,
Kerala,Pathanamthitta,Maize,Kharif,,,1728.0,,,,,,
Kerala,Pathanamthitta,Rice,Kharif,1605.0,1136.0,695.0,855.0,2118.0,1701.0,1737.0,1350.0,429.0
Kerala,Pathanamthitta,Rice,Rabi,2975.0,2322.0,2701.0,2508.0,2570.0,2256.0,2745.0,2502.0,2417.0
Kerala,Pathanamthitta,Rice,Summer,3479.0,2994.0,3862.0,3425.0,3082.0,2440.0,3456.0,2841.0,2570.0
Kerala,Pathanamthitta,Tur,Kharif,,,,1000.0,,,,,
Kerala,Thiruvananthapuram,Gram,Rabi,,,1180.0,1137.0,1180.0,1000.0,1084.0,,
Kerala,Thiruvananthapuram,Jowar,Rabi,,,,,,,,1179.0,
Kerala,Thiruvananthapuram,Maize,Kharif,,,,,,,,922.0,
Kerala,Thiruvananthapuram,Moong,Rabi,,,,,,,,6475.0,
Kerala,Thiruvananthapuram,Moong,Summer,,,,,,,,933.0,881.0
Kerala,Thiruvananthapuram,Ragi,Kharif,,,,,,,500.0,3167.0,
Kerala,Thiruvananthapuram,Rice,Kharif,2877.0,2813.0,2711.0,2491.0,2772.0,2605.0,2497.0,2577.0,2491.0
Kerala,Thiruvananthapuram,Rice,Rabi,1414.0,2539.0,2556.0,2497.0,2537.0,2127.0,2503.0,2304.0,2406.0
Kerala,Thiruvananthapuram,Rice,Summer,1232.0,2414.0,2401.0,2420.0,2517.0,2479.0,2486.0,2143.0,2531.0
Kerala,Thiruvananthapuram,Shree Anna /Nutri Cereals,Kharif,,,,,,,500.0,2055.0,
Kerala,Thiruvananthapuram,Shree Anna /Nutri Cereals,Rabi,,,,,,,,1179.0,
Kerala,Thiruvananthapuram,Small Millets,Kharif,,,,,,,,384.0,
Kerala,Thiruvananthapuram,Urad,Summer,,,,,,,,3162.0,952.0
Kerala,Thrissur,Jowar,Rabi,,,,,,,,12687.0,
Kerala,Thrissur,Maize,Kharif,,,,,,,,835.0,
Kerala,Thrissur,Moong,Rabi,,,,,,,,1759.0,
Kerala,Thrissur,Moong,Summer,,,,,,,,253.0,
Kerala,Thrissur,Ragi,Kharif,,,,,,,,751.0,
Kerala,Thrissur,Rice,Kharif,2236.0,2132.0,1215.0,1747.0,2398.0,1906.0,1874.0,2029.0,1710.0
Kerala,Thrissur,Rice,Rabi,2410.0,2980.0,2738.0,2884.0,3483.0,2739.0,3245.0,3151.0,3052.0
Kerala,Thrissur,Rice,Summer,3436.0,3715.0,3935.0,4036.0,4121.0,3651.0,3895.0,2811.0,3366.0
Kerala,Thrissur,Shree Anna /Nutri Cereals,Kharif,,,,,,,,751.0,
Kerala,Thrissur,Shree Anna /Nutri Cereals,Rabi,,,,,,,,12687.0,
Kerala,Thrissur,Small Millets,Kharif,,,,,,,,667.0,
Kerala,Thrissur,Urad,Summer,,,,,,,,165.0,
Kerala,Wayanad,Gram,Rabi,,,,,,0.0,1488.0,,
Kerala,Wayanad,Maize,Kharif,,,2199.0,,,2750.0,2980.0,3162.0,
Kerala,Wayanad,Maize,Summer,,,,,,,,,148.0
Kerala,Wayanad,Ragi,Kharif,,,,,,100.0,,1000.0,
Kerala,Wayanad,Rice,Rabi,2653.0,2743.0,2884.0,2660.0,2865.0,2819.0,2833.0,2774.0,3212.0
Kerala,Wayanad,Rice,Summer,2327.0,2394.0,2793.0,2720.0,2831.0,2583.0,2803.0,2493.0,2978.0
Kerala,Wayanad,Shree Anna /Nutri Cereals,Kharif,,,,,,100.0,,385.0,
Kerala,Wayanad,Small Millets,Kharif,,,,,,,,300.0,
Ladakh,Kargil,Barley,Rabi,,,,,,,2000.0,1747.0,2102.0
Ladakh,Kargil,Lentil,Rabi,,,,,,,800.0,976.0,
Ladakh,Kargil,Maize,Kharif,,,,,,,,,401.0
Ladakh,Kargil,Ragi,Rabi,,742.0,742.0,,,,,,
Ladakh,Kargil,Shree Anna /Nutri Cereals,Kharif,571.0,569.0,547.0,,,,,,795.0
Ladakh,Kargil,Shree Anna /Nutri Cereals,Rabi,,742.0,742.0,,,,,,
Ladakh,Kargil,Small Millets,Kharif,571.0,569.0,547.0,,,,,,795.0
Ladakh,Kargil,Wheat,Rabi,865.0,865.0,865.0,,,,1800.0,1784.0,1904.0
Ladakh,Leh Ladakh,Bajra,Rabi,,,398.0,,,,,,
Ladakh,Leh Ladakh,Barley,Rabi,900.0,900.0,900.0,,1770.0,1860.0,1692.0,1624.0,1849.0
Ladakh,Leh Ladakh,Lentil,Rabi,567.0,567.0,,,800.0,800.0,800.0,993.0,
Ladakh,Leh Ladakh,Ragi,Rabi,,398.0,397.0,,,,,,
Ladakh,Leh Ladakh,Shree Anna /Nutri Cereals,Kharif,599.0,593.0,600.0,,651.0,,,,820.0
Ladakh,Leh Ladakh,Shree Anna /Nutri Cereals,Rabi,,398.0,398.0,,,,,,
Ladakh,Leh Ladakh,Small Millets,Kharif,599.0,593.0,600.0,,651.0,,,,820.0
Ladakh,Leh Ladakh,Small Millets,Rabi,,,900.0,,,,,,
Ladakh,Leh Ladakh,Wheat,Rabi,925.0,925.0,925.0,,1642.0,1835.0,1553.0,1359.0,1770.0
Madhya Pradesh,Agar-Malwa,Bajra,Kharif,,,1083.0,1000.0,,,1000.0,,1015.0
Madhya Pradesh,Agar-Malwa,Barley,Kharif,,,938.0,,,,,,
Madhya Pradesh,Agar-Malwa,Barley,Rabi,,,,2353.0,2250.0,1667.0,,1420.0,1460.0
Madhya Pradesh,Agar-Malwa,Gram,Rabi,982.0,1500.0,758.0,1247.0,1640.0,1067.0,1020.0,1106.0,1397.0
Madhya Pradesh,Agar-Malwa,Jowar,Kharif,1750.0,1863.0,1175.0,979.0,1295.0,1511.0,1613.0,1480.0,1611.0
Madhya Pradesh,Agar-Malwa,Lentil,Rabi,,1200.0,398.0,304.0,1190.0,560.0,560.0,560.0,820.0
Madhya Pradesh,Agar-Malwa,Maize,Kharif,1950.0,3600.0,901.0,770.0,1161.0,1781.0,3279.0,2880.0,2570.0
Madhya Pradesh,Agar-Malwa,Maize,Rabi,,,,,,,,,2253.0
Madhya Pradesh,Agar-Malwa,Maize,Summer,,,,4000.0,3512.0,,,3510.0,4710.0
Madhya Pradesh,Agar-Malwa,Moong,Kharif,667.0,800.0,337.0,336.0,433.0,337.0,525.0,686.0,610.0
Madhya Pradesh,Agar-Malwa,Moong,Summer,,1500.0,,1000.0,1000.0,,1000.0,850.0,850.0
Madhya Pradesh,Agar-Malwa,Rice,Kharif,,,1000.0,,534.0,,2000.0,,1736.0
Madhya Pradesh,Agar-Malwa,Rice,Summer,,,,,2551.0,,,,
Madhya Pradesh,Agar-Malwa,Shree Anna /Nutri Cereals,Kharif,1750.0,1863.0,1171.0,979.0,1295.0,1511.0,1608.0,1480.0,1387.0
Madhya Pradesh,Agar-Malwa,Tur,Kharif,1000.0,1000.0,951.0,348.0,392.0,400.0,,757.0,760.0
Madhya Pradesh,Agar-Malwa,Urad,Kharif,800.0,750.0,354.0,354.0,324.0,384.0,384.0,384.0,450.0
Madhya Pradesh,Agar-Malwa,Urad,Summer,,1250.0,500.0,1167.0,,,,,
Madhya Pradesh,Agar-Malwa,Wheat,Rabi,3620.0,4000.0,2101.0,4500.0,2227.0,2540.0,2640.0,2898.0,2717.0
Madhya Pradesh,Alirajpur,Bajra,Kharif,1059.0,2285.0,1266.0,1020.0,418.0,728.0,1155.0,1393.0,1680.0
Madhya Pradesh,Alirajpur,Barley,Kharif,3000.0,1600.0,,,,,,,
Madhya Pradesh,Alirajpur,Barley,Rabi,,,,,,,,,1565.0
Madhya Pradesh,Alirajpur,Gram,Rabi,1167.0,1019.0,1314.0,1645.0,1112.0,1268.0,779.0,715.0,1302.0
Madhya Pradesh,Alirajpur,Jowar,Kharif,1417.0,2362.0,1773.0,775.0,1330.0,1410.0,1410.0,1460.0,1615.0
Madhya Pradesh,Alirajpur,Maize,Kharif,3293.0,2369.0,2129.0,1183.0,1594.0,2139.0,2878.0,2788.0,2994.0
Madhya Pradesh,Alirajpur,Maize,Rabi,,,,,,,,,3202.0
Madhya Pradesh,Alirajpur,Maize,Summer,,3860.0,,2502.0,2500.0,,,2500.0,4860.0
Madhya Pradesh,Alirajpur,Moong,Kharif,400.0,637.0,550.0,391.0,150.0,378.0,417.0,586.0,350.0
Madhya Pradesh,Alirajpur,Moong,Summer,,1000.0,,601.0,601.0,,592.0,605.0,606.0
Madhya Pradesh,Alirajpur,Rice,Kharif,1066.0,916.0,986.0,1184.0,1184.0,1254.0,1981.0,1441.0,1118.0
Madhya Pradesh,Alirajpur,Rice,Rabi,,,,,,,,,1145.0
Madhya Pradesh,Alirajpur,Rice,Summer,,1708.0,,333.0,1743.0,,,,
Madhya Pradesh,Alirajpur,Shree Anna /Nutri Cereals,Kharif,1200.0,2310.0,1395.0,916.0,775.0,937.0,1226.0,1395.0,1650.0
Madhya Pradesh,Alirajpur,Small Millets,Kharif,1000.0,1000.0,625.0,538.0,,458.0,623.0,620.0,620.0
Madhya Pradesh,Alirajpur,Tur,Kharif,,978.0,529.0,1087.0,1030.0,468.0,698.0,670.0,773.0
Madhya Pradesh,Alirajpur,Urad,Kharif,833.0,309.0,346.0,466.0,180.0,510.0,510.0,510.0,410.0
Madhya Pradesh,Alirajpur,Urad,Summer,,,429.0,636.0,,1000.0,667.0,850.0,850.0
Madhya Pradesh,Alirajpur,Wheat,Rabi,2727.0,2357.0,2306.0,2301.0,2739.0,2856.0,2856.0,2146.0,2006.0
Madhya Pradesh,Anuppur,Bajra,Kharif,,,1667.0,2000.0,,,1500.0,1403.0,1500.0
Madhya Pradesh,Anuppur,Barley,Kharif,2000.0,800.0,619.0,,,,,,
Madhya Pradesh,Anuppur,Barley,Rabi,,,,1150.0,791.0,875.0,820.0,940.0,1073.0
Madhya Pradesh,Anuppur,Gram,Rabi,800.0,1051.0,643.0,971.0,1125.0,1361.0,740.0,765.0,995.0
Madhya Pradesh,Anuppur,Jowar,Kharif,,2100.0,833.0,983.0,1041.0,1167.0,1250.0,1149.0,1350.0
Madhya Pradesh,Anuppur,Lentil,Rabi,500.0,714.0,486.0,501.0,720.0,693.0,693.0,693.0,693.0
Madhya Pradesh,Anuppur,Maize,Kharif,2000.0,1998.0,1601.0,1870.0,1591.0,2090.0,2315.0,2274.0,2161.0
Madhya Pradesh,Anuppur,Maize,Rabi,,,,,,,,,2580.0
Madhya Pradesh,Anuppur,Maize,Summer,,4000.0,,,0.0,,,1050.0,
Madhya Pradesh,Anuppur,Moong,Kharif,500.0,469.0,375.0,364.0,286.0,462.0,,465.0,465.0
Madhya Pradesh,Anuppur,Moong,Summer,,667.0,,,693.0,,500.0,677.0,677.0
Madhya Pradesh,Anuppur,Rice,Kharif,1896.0,1599.0,1329.0,2036.0,2036.0,1503.0,2355.0,1486.0,1854.0
Madhya Pradesh,Anuppur,Rice,Summer,,,,,2796.0,,,2666.0,2732.0
Madhya Pradesh,Anuppur,Shree Anna /Nutri Cereals,Kharif,846.0,983.0,536.0,965.0,1041.0,786.0,830.0,955.0,911.0
Madhya Pradesh,Anuppur,Small Millets,Kharif,846.0,956.0,534.0,965.0,,785.0,830.0,955.0,910.0
Madhya Pradesh,Anuppur,Tur,Kharif,1000.0,817.0,501.0,580.0,670.0,693.0,675.0,780.0,610.0
Madhya Pradesh,Anuppur,Urad,Kharif,625.0,693.0,437.0,493.0,475.0,628.0,628.0,628.0,557.0
Madhya Pradesh,Anuppur,Urad,Summer,,1417.0,250.0,,,624.0,625.0,620.0,620.0
Madhya Pradesh,Anuppur,Wheat,Rabi,1963.0,3644.0,1766.0,1617.0,1576.0,2155.0,2255.0,2100.0,2047.0
Madhya Pradesh,Ashoknagar,Bajra,Kharif,,863.0,2167.0,1833.0,1333.0,,1600.0,1496.0,1600.0
Madhya Pradesh,Ashoknagar,Barley,Kharif,3333.0,2220.0,2644.0,,,,,,
Madhya Pradesh,Ashoknagar,Barley,Rabi,,,,2970.0,3203.0,2161.0,1609.0,1980.0,1554.0
Madhya Pradesh,Ashoknagar,Gram,Rabi,1250.0,1015.0,1503.0,1416.0,1800.0,1995.0,1390.0,1122.0,1335.0
Madhya Pradesh,Ashoknagar,Jowar,Kharif,,1800.0,1171.0,1283.0,1333.0,1351.0,1204.0,1241.0,1386.0
Madhya Pradesh,Ashoknagar,Lentil,Rabi,1059.0,1068.0,963.0,1063.0,1100.0,1271.0,1255.0,1231.0,980.0
Madhya Pradesh,Ashoknagar,Maize,Kharif,1500.0,1962.0,2643.0,2259.0,1572.0,3178.0,3178.0,2790.0,2919.0
Madhya Pradesh,Ashoknagar,Maize,Rabi,,,,,,,,,3402.0
Madhya Pradesh,Ashoknagar,Maize,Summer,,3000.0,,1500.0,1729.0,,,,
Madhya Pradesh,Ashoknagar,Moong,Kharif,,659.0,500.0,527.0,390.0,564.0,541.0,765.0,580.0
Madhya Pradesh,Ashoknagar,Moong,Summer,,1250.0,,500.0,750.0,,760.0,902.0,739.0
Madhya Pradesh,Ashoknagar,Rice,Kharif,,1557.0,2006.0,2875.0,2875.0,2407.0,3610.0,2167.0,2355.0
Madhya Pradesh,Ashoknagar,Rice,Summer,,1500.0,,,,,,,
Madhya Pradesh,Ashoknagar,Shree Anna /Nutri Cereals,Kharif,,875.0,1250.0,1339.0,1333.0,1351.0,1241.0,1249.0,1508.0
Madhya Pradesh,Ashoknagar,Tur,Kharif,,,844.0,667.0,667.0,621.0,,,500.0
Madhya Pradesh,Ashoknagar,Urad,Kharif,610.0,649.0,422.0,422.0,390.0,460.0,460.0,466.0,530.0
Madhya Pradesh,Ashoknagar,Urad,Summer,,,,467.0,,800.0,824.0,810.0,810.0
Madhya Pradesh,Ashoknagar,Wheat,Rabi,2472.0,3272.0,3356.0,3835.0,3380.0,3548.0,3548.0,3009.0,2906.0
Madhya Pradesh,Balaghat,Bajra,Kharif,,,500.0,,,,,,
Madhya Pradesh,Balaghat,Barley,Kharif,,1600.0,,,,,,,
Madhya Pradesh,Balaghat,Barley,Rabi,,,,2000.0,,1818.0,1091.0,1732.0,
Madhya Pradesh,Balaghat,Gram,Rabi,1421.0,1495.0,1251.0,1409.0,1430.0,1899.0,1057.0,935.0,1302.0
Madhya Pradesh,Balaghat,Jowar,Kharif,,,2222.0,,2333.0,,2000.0,1838.0,
Madhya Pradesh,Balaghat,Lentil,Rabi,1000.0,453.0,465.0,530.0,430.0,527.0,528.0,528.0,503.0
Madhya Pradesh,Balaghat,Maize,Kharif,3000.0,2925.0,2247.0,2272.0,2844.0,3199.0,3160.0,3038.0,3054.0
Madhya Pradesh,Balaghat,Maize,Rabi,,,,,,,,,4018.0
Madhya Pradesh,Balaghat,Maize,Summer,,3000.0,,2000.0,2240.0,,,2241.0,4241.0
Madhya Pradesh,Balaghat,Moong,Kharif,,550.0,,,,,,,560.0
Madhya Pradesh,Balaghat,Moong,Summer,,1290.0,321.0,1050.0,1050.0,,1052.0,902.0,902.0
Madhya Pradesh,Balaghat,Rice,Kharif,2483.0,1761.0,2009.0,2203.0,2203.0,1953.0,2930.0,1837.0,2123.0
Madhya Pradesh,Balaghat,Rice,Rabi,,,,,,,,,3040.0
Madhya Pradesh,Balaghat,Rice,Summer,,3251.0,,3409.0,3790.0,,,3368.0,3432.0
Madhya Pradesh,Balaghat,Shree Anna /Nutri Cereals,Kharif,1000.0,1240.0,763.0,812.0,2333.0,803.0,940.0,970.0,970.0
Madhya Pradesh,Balaghat,Small Millets,Kharif,1000.0,1240.0,760.0,812.0,,803.0,940.0,970.0,970.0
Madhya Pradesh,Balaghat,Tur,Kharif,1182.0,1800.0,1079.0,1040.0,1670.0,1194.0,1281.0,1025.0,1263.0
Madhya Pradesh,Balaghat,Urad,Kharif,1000.0,667.0,531.0,498.0,519.0,547.0,603.0,599.0,500.0
Madhya Pradesh,Balaghat,Urad,Summer,,1419.0,497.0,900.0,,1219.0,1223.0,1220.0,1240.0
Madhya Pradesh,Balaghat,Wheat,Rabi,1829.0,2486.0,1323.0,1648.0,2711.0,2052.0,2152.0,1473.0,1879.0
Madhya Pradesh,Barwani,Bajra,Kharif,1222.0,1666.0,1226.0,1034.0,800.0,899.0,1143.0,1379.0,1795.0
Madhya Pradesh,Barwani,Barley,Kharif,3200.0,1561.0,,,,,,,
Madhya Pradesh,Barwani,Barley,Rabi,,,,3214.0,,,,2050.0,1498.0
Madhya Pradesh,Barwani,Gram,Rabi,2000.0,1620.0,2735.0,1675.0,1701.0,1860.0,1710.0,1391.0,1733.0
Madhya Pradesh,Barwani,Jowar,Kharif,2971.0,2843.0,3166.0,1685.0,1630.0,1870.0,2525.0,2339.0,2560.0
Madhya Pradesh,Barwani,Maize,Kharif,4566.0,4250.0,4778.0,4471.0,5648.0,4108.0,3337.0,2930.0,3202.0
Madhya Pradesh,Barwani,Maize,Rabi,,,,,,,,,3924.0
Madhya Pradesh,Barwani,Maize,Summer,,3750.0,,4101.0,4101.0,,,4170.0,5070.0
Madhya Pradesh,Barwani,Moong,Kharif,636.0,651.0,565.0,380.0,192.0,767.0,570.0,601.0,770.0
Madhya Pradesh,Barwani,Moong,Summer,,1308.0,207.0,850.0,1250.0,,1250.0,1074.0,1074.0
Madhya Pradesh,Barwani,Rice,Kharif,660.0,609.0,322.0,394.0,395.0,1194.0,1892.0,1144.0,683.0
Madhya Pradesh,Barwani,Rice,Summer,,2076.0,,,2533.0,,,,
Madhya Pradesh,Barwani,Shree Anna /Nutri Cereals,Kharif,2605.0,2607.0,2658.0,1551.0,1446.0,1636.0,2186.0,2082.0,2355.0
Madhya Pradesh,Barwani,Small Millets,Kharif,,,600.0,,,,,,661.0
Madhya Pradesh,Barwani,Tur,Kharif,1000.0,1050.0,1045.0,1878.0,1029.0,419.0,1095.0,1003.0,1187.0
Madhya Pradesh,Barwani,Urad,Kharif,1000.0,890.0,750.0,538.0,534.0,850.0,870.0,840.0,759.0
Madhya Pradesh,Barwani,Urad,Summer,,,,,,800.0,750.0,750.0,850.0
Madhya Pradesh,Barwani,Wheat,Rabi,3581.0,3550.0,3774.0,4112.0,4195.0,3848.0,3848.0,2742.0,3124.0
Madhya Pradesh,Betul,Bajra,Kharif,,,2944.0,2100.0,1500.0,,2500.0,,2043.0
Madhya Pradesh,Betul,Barley,Rabi,,,,,,1667.0,,,1522.0
Madhya Pradesh,Betul,Gram,Rabi,1159.0,1493.0,1677.0,1230.0,1940.0,1270.0,1028.0,1078.0,1488.0
Madhya Pradesh,Betul,Jowar,Kharif,1647.0,2311.0,1086.0,1127.0,1555.0,1310.0,1310.0,1204.0,1360.0
Madhya Pradesh,Betul,Lentil,Rabi,,632.0,457.0,400.0,675.0,710.0,710.0,780.0,780.0
Madhya Pradesh,Betul,Maize,Kharif,2946.0,3975.0,2346.0,1883.0,2450.0,2832.0,3398.0,2994.0,2553.0
Madhya Pradesh,Betul,Maize,Rabi,,,,,,,,,3228.0
Madhya Pradesh,Betul,Maize,Summer,,4000.0,,4000.0,3390.0,,,3535.0,4635.0
Madhya Pradesh,Betul,Moong,Kharif,500.0,484.0,214.0,182.0,148.0,292.0,513.0,524.0,500.0
Madhya Pradesh,Betul,Moong,Summer,,736.0,,800.0,1022.0,,1022.0,970.0,988.0
Madhya Pradesh,Betul,Rice,Kharif,1770.0,1758.0,1493.0,1813.0,1947.0,1880.0,2850.0,1755.0,2506.0
Madhya Pradesh,Betul,Rice,Rabi,,,,,,,,,2876.0
Madhya Pradesh,Betul,Rice,Summer,,,,2666.0,2666.0,,,,
Madhya Pradesh,Betul,Shree Anna /Nutri Cereals,Kharif,1500.0,1900.0,947.0,1042.0,1555.0,1230.0,1200.0,972.0,1210.0
Madhya Pradesh,Betul,Small Millets,Kharif,667.0,834.0,294.0,115.0,,496.0,675.0,740.0,740.0
Madhya Pradesh,Betul,Tur,Kharif,1080.0,1182.0,880.0,478.0,800.0,540.0,764.0,753.0,825.0
Madhya Pradesh,Betul,Urad,Kharif,500.0,437.0,256.0,210.0,162.0,346.0,348.0,347.0,510.0
Madhya Pradesh,Betul,Urad,Summer,,1400.0,200.0,800.0,,960.0,952.0,980.0,960.0
Madhya Pradesh,Betul,Wheat,Rabi,2648.0,2662.0,3250.0,2618.0,3287.0,2860.0,2865.0,2317.0,2932.0
Madhya Pradesh,Bhind,Bajra,Kharif,3667.0,2754.0,2757.0,3218.0,3101.0,3175.0,2743.0,2913.0,2715.0
Madhya Pradesh,Bhind,Barley,Kharif,3117.0,3954.0,3553.0,,,,,,
Madhya Pradesh,Bhind,Barley,Rabi,,,,2869.0,1638.0,2692.0,2061.0,1840.0,1947.0
Madhya Pradesh,Bhind,Gram,Rabi,1556.0,1557.0,1589.0,1237.0,1825.0,1911.0,1358.0,1228.0,1486.0
Madhya Pradesh,Bhind,Jowar,Kharif,2000.0,2540.0,2528.0,2071.0,2838.0,2144.0,2135.0,1974.0,2235.0
Madhya Pradesh,Bhind,Lentil,Rabi,1167.0,1403.0,650.0,492.0,1290.0,1500.0,1490.0,1451.0,988.0
Madhya Pradesh,Bhind,Maize,Kharif,,,1667.0,1091.0,,,,3147.0,3245.0
Madhya Pradesh,Bhind,Maize,Rabi,,,,,,,,,3513.0
Madhya Pradesh,Bhind,Maize,Summer,,,,,,,,,4443.0
Madhya Pradesh,Bhind,Moong,Kharif,833.0,1300.0,1060.0,1067.0,183.0,735.0,609.0,1211.0,610.0
Madhya Pradesh,Bhind,Moong,Summer,,,,1349.0,1350.0,,1350.0,1159.0,1160.0
Madhya Pradesh,Bhind,Rice,Kharif,2190.0,1920.0,3580.0,4443.0,4300.0,3307.0,4318.0,2578.0,3031.0
Madhya Pradesh,Bhind,Shree Anna /Nutri Cereals,Kharif,3471.0,2721.0,2728.0,3086.0,3059.0,2968.0,2642.0,2776.0,2604.0
Madhya Pradesh,Bhind,Small Millets,Kharif,,,667.0,,,,,,
Madhya Pradesh,Bhind,Tur,Kharif,1400.0,755.0,1040.0,1400.0,1400.0,1250.0,1111.0,1068.0,1168.0
Madhya Pradesh,Bhind,Urad,Kharif,1000.0,570.0,353.0,401.0,200.0,240.0,539.0,540.0,440.0
Madhya Pradesh,Bhind,Urad,Summer,,,,1000.0,,700.0,647.0,680.0,800.0
Madhya Pradesh,Bhind,Wheat,Rabi,4014.0,4222.0,4215.0,3560.0,3979.0,4845.0,4545.0,3789.0,3737.0
Madhya Pradesh,Bhopal,Bajra,Kharif,,,2400.0,2143.0,,,1500.0,,1931.0
Madhya Pradesh,Bhopal,Barley,Kharif,,,1000.0,,,,,,
Madhya Pradesh,Bhopal,Barley,Rabi,,,,2500.0,1000.0,1000.0,,,
Madhya Pradesh,Bhopal,Gram,Rabi,1343.0,1256.0,1219.0,1664.0,1332.0,1596.0,1404.0,1142.0,1248.0
Madhya Pradesh,Bhopal,Jowar,Kharif,1000.0,2133.0,1737.0,1474.0,1707.0,1706.0,1692.0,1555.0,1692.0
Madhya Pradesh,Bhopal,Lentil,Rabi,1333.0,1248.0,818.0,987.0,1349.0,1259.0,1257.0,1257.0,1020.0
Madhya Pradesh,Bhopal,Maize,Kharif,2000.0,2625.0,1931.0,1625.0,1956.0,2269.0,2486.0,2442.0,2320.0
Madhya Pradesh,Bhopal,Maize,Rabi,,,,,,,,,2727.0
Madhya Pradesh,Bhopal,Maize,Summer,,2500.0,,,,,,1143.0,4443.0
Madhya Pradesh,Bhopal,Moong,Kharif,,268.0,411.0,400.0,158.0,343.0,,407.0,362.0
Madhya Pradesh,Bhopal,Moong,Summer,,804.0,,1200.0,1200.0,,1420.0,1220.0,1220.0
Madhya Pradesh,Bhopal,Rice,Kharif,,631.0,935.0,1217.0,1673.0,1540.0,3590.0,2185.0,2563.0
Madhya Pradesh,Bhopal,Shree Anna /Nutri Cereals,Kharif,1000.0,2133.0,2029.0,1654.0,1707.0,1706.0,935.0,930.0,1806.0
Madhya Pradesh,Bhopal,Small Millets,Kharif,,,,,,,929.0,929.0,
Madhya Pradesh,Bhopal,Tur,Kharif,1333.0,1912.0,657.0,1521.0,595.0,637.0,857.0,905.0,971.0
Madhya Pradesh,Bhopal,Urad,Kharif,667.0,326.0,443.0,452.0,226.0,360.0,450.0,450.0,419.0
Madhya Pradesh,Bhopal,Urad,Summer,,1308.0,,,,,,,0.0
Madhya Pradesh,Bhopal,Wheat,Rabi,3460.0,2920.0,3431.0,3018.0,3434.0,3407.0,3407.0,3306.0,3135.0
Madhya Pradesh,Burhanpur,Bajra,Kharif,,1000.0,1424.0,824.0,1388.0,800.0,1200.0,1122.0,1200.0
Madhya Pradesh,Burhanpur,Barley,Kharif,3000.0,1457.0,,,,,,,
Madhya Pradesh,Burhanpur,Gram,Rabi,1571.0,1625.0,1856.0,2021.0,1910.0,1870.0,1970.0,1598.0,1689.0
Madhya Pradesh,Burhanpur,Jowar,Kharif,3727.0,3509.0,3731.0,2377.0,3780.0,3467.0,3341.0,2696.0,2934.0
Madhya Pradesh,Burhanpur,Lentil,Rabi,,,1000.0,,1000.0,,,,
Madhya Pradesh,Burhanpur,Maize,Kharif,3714.0,3876.0,5221.0,4394.0,3989.0,3819.0,3419.0,3002.0,2853.0
Madhya Pradesh,Burhanpur,Maize,Rabi,,,,,,,,,4277.0
Madhya Pradesh,Burhanpur,Maize,Summer,,3773.0,,7850.0,7410.0,,,7206.0,5665.0
Madhya Pradesh,Burhanpur,Moong,Kharif,,958.0,408.0,380.0,401.0,385.0,694.0,779.0,665.0
Madhya Pradesh,Burhanpur,Moong,Summer,,550.0,286.0,1252.0,1250.0,,1250.0,1074.0,1074.0
Madhya Pradesh,Burhanpur,Rice,Kharif,,825.0,1216.0,1724.0,1724.0,1385.0,1970.0,1192.0,1266.0
Madhya Pradesh,Burhanpur,Rice,Summer,,,,652.0,1867.0,,,,
Madhya Pradesh,Burhanpur,Shree Anna /Nutri Cereals,Kharif,3727.0,3484.0,3715.0,2357.0,3760.0,3452.0,3335.0,2684.0,2890.0
Madhya Pradesh,Burhanpur,Small Millets,Kharif,,,333.0,,,,,,640.0
Madhya Pradesh,Burhanpur,Tur,Kharif,1417.0,1566.0,1061.0,1580.0,1385.0,998.0,910.0,945.0,951.0
Madhya Pradesh,Burhanpur,Urad,Kharif,1000.0,946.0,497.0,463.0,516.0,487.0,646.0,646.0,554.0
Madhya Pradesh,Burhanpur,Urad,Summer,,,,,,,500.0,710.0,710.0
Madhya Pradesh,Burhanpur,Wheat,Rabi,3000.0,3500.0,2964.0,3599.0,5493.0,5130.0,4630.0,3452.0,2562.0
Madhya Pradesh,Chhatarpur,Bajra,Kharif,,3000.0,571.0,571.0,,500.0,667.0,904.0,967.0
Madhya Pradesh,Chhatarpur,Barley,Kharif,3111.0,3795.0,2026.0,,,,,,
Madhya Pradesh,Chhatarpur,Barley,Rabi,,,,1921.0,1895.0,2112.0,1420.0,1670.0,1772.0
Madhya Pradesh,Chhatarpur,Gram,Rabi,1500.0,1208.0,1658.0,1639.0,1890.0,1619.0,1900.0,1521.0,1503.0
Madhya Pradesh,Chhatarpur,Jowar,Kharif,1500.0,2336.0,1167.0,1056.0,1498.0,1360.0,1350.0,1332.0,1650.0
Madhya Pradesh,Chhatarpur,Lentil,Rabi,1111.0,884.0,650.0,548.0,1151.0,1160.0,1160.0,1160.0,760.0
Madhya Pradesh,Chhatarpur,Maize,Kharif,1000.0,845.0,1280.0,1189.0,1375.0,1568.0,1735.0,1522.0,1447.0
Madhya Pradesh,Chhatarpur,Maize,Rabi,,,,,,,,,3121.0
Madhya Pradesh,Chhatarpur,Maize,Summer,,,,,,,,,4469.0
Madhya Pradesh,Chhatarpur,Moong,Kharif,444.0,358.0,477.0,132.0,286.0,510.0,371.0,460.0,410.0
Madhya Pradesh,Chhatarpur,Moong,Summer,,1000.0,,461.0,520.0,,540.0,550.0,550.0
Madhya Pradesh,Chhatarpur,Rice,Kharif,1083.0,471.0,808.0,1079.0,1340.0,1383.0,2010.0,1277.0,1346.0
Madhya Pradesh,Chhatarpur,Shree Anna /Nutri Cereals,Kharif,1500.0,2337.0,1164.0,1055.0,1498.0,1353.0,1320.0,1314.0,1611.0
Madhya Pradesh,Chhatarpur,Small Millets,Kharif,,,538.0,,,786.0,778.0,778.0,778.0
Madhya Pradesh,Chhatarpur,Tur,Kharif,1100.0,675.0,590.0,554.0,800.0,489.0,745.0,745.0,816.0
Madhya Pradesh,Chhatarpur,Urad,Kharif,1028.0,1052.0,729.0,202.0,440.0,680.0,810.0,795.0,669.0
Madhya Pradesh,Chhatarpur,Urad,Summer,,1444.0,556.0,478.0,,881.0,883.0,880.0,880.0
Madhya Pradesh,Chhatarpur,Wheat,Rabi,2852.0,2419.0,2923.0,2661.0,2577.0,3098.0,2706.0,2139.0,2503.0
Madhya Pradesh,Chhindwara,Bajra,Kharif,,,1169.0,1143.0,1000.0,,1000.0,935.0,1000.0
Madhya Pradesh,Chhindwara,Barley,Rabi,,,,,,,,,1840.0
Madhya Pradesh,Chhindwara,Gram,Rabi,1387.0,1600.0,2209.0,2743.0,1980.0,1940.0,2030.0,1651.0,1766.0
Madhya Pradesh,Chhindwara,Jowar,Kharif,2000.0,2350.0,1373.0,1526.0,2030.0,1947.0,2125.0,1952.0,1720.0
Madhya Pradesh,Chhindwara,Lentil,Rabi,750.0,1084.0,506.0,717.0,1030.0,1113.0,1113.0,1113.0,830.0
Madhya Pradesh,Chhindwara,Maize,Kharif,5028.0,5040.0,4401.0,3803.0,3853.0,3870.0,3640.0,3257.0,3333.0
Madhya Pradesh,Chhindwara,Maize,Rabi,,,,,,,,,4198.0
Madhya Pradesh,Chhindwara,Maize,Summer,,3450.0,,4829.0,4625.0,,,4688.0,5098.0
Madhya Pradesh,Chhindwara,Moong,Kharif,,968.0,241.0,386.0,490.0,395.0,548.0,649.0,510.0
Madhya Pradesh,Chhindwara,Moong,Summer,,1220.0,429.0,832.0,832.0,,460.0,764.0,850.0
Madhya Pradesh,Chhindwara,Rice,Kharif,1524.0,1237.0,1067.0,1596.0,1596.0,1960.0,2940.0,1840.0,2041.0
Madhya Pradesh,Chhindwara,Rice,Rabi,,,,,,,,,2333.0
Madhya Pradesh,Chhindwara,Rice,Summer,,,,1666.0,2750.0,,,,
Madhya Pradesh,Chhindwara,Shree Anna /Nutri Cereals,Kharif,1529.0,1611.0,794.0,1070.0,2029.0,909.0,1159.0,1086.0,1041.0
Madhya Pradesh,Chhindwara,Small Millets,Kharif,1111.0,977.0,369.0,657.0,,560.0,1065.0,1010.0,1010.0
Madhya Pradesh,Chhindwara,Tur,Kharif,1211.0,1200.0,1533.0,1596.0,1510.0,1225.0,1285.0,1020.0,820.0
Madhya Pradesh,Chhindwara,Urad,Kharif,500.0,884.0,241.0,386.0,400.0,400.0,515.0,515.0,503.0
Madhya Pradesh,Chhindwara,Urad,Summer,,1400.0,328.0,808.0,,1010.0,1009.0,1010.0,1010.0
Madhya Pradesh,Chhindwara,Wheat,Rabi,3229.0,3421.0,3535.0,5454.0,5282.0,4603.0,4503.0,2970.0,3028.0
Madhya Pradesh,Damoh,Bajra,Kharif,,,,2000.0,,,,,2000.0
Madhya Pradesh,Damoh,Barley,Kharif,2900.0,1000.0,2000.0,,,,,,
Madhya Pradesh,Damoh,Barley,Rabi,,,,1529.0,1500.0,,,1735.0,1846.0
Madhya Pradesh,Damoh,Gram,Rabi,1397.0,1500.0,1456.0,1468.0,1675.0,1804.0,1850.0,1488.0,1656.0
Madhya Pradesh,Damoh,Jowar,Kharif,2000.0,2352.0,2444.0,667.0,1345.0,1611.0,1889.0,1733.0,1935.0
Madhya Pradesh,Damoh,Lentil,Rabi,1000.0,1126.0,760.0,742.0,1270.0,1500.0,1470.0,1191.0,984.0
Madhya Pradesh,Damoh,Maize,Kharif,1800.0,1901.0,2574.0,2611.0,2437.0,2742.0,2842.0,2495.0,2371.0
Madhya Pradesh,Damoh,Maize,Rabi,,,,,,,,,2196.0
Madhya Pradesh,Damoh,Maize,Summer,,3600.0,,2250.0,2461.0,,,,
Madhya Pradesh,Damoh,Moong,Kharif,556.0,750.0,440.0,186.0,780.0,440.0,830.0,841.0,710.0
Madhya Pradesh,Damoh,Moong,Summer,,730.0,500.0,950.0,1050.0,,1060.0,928.0,928.0
Madhya Pradesh,Damoh,Rice,Kharif,1875.0,1667.0,1069.0,1333.0,1333.0,1587.0,3785.0,2273.0,2750.0
Madhya Pradesh,Damoh,Rice,Summer,,2000.0,,,,,,,
Madhya Pradesh,Damoh,Shree Anna /Nutri Cereals,Kharif,2000.0,2286.0,2444.0,735.0,1345.0,1611.0,1889.0,584.0,1891.0
Madhya Pradesh,Damoh,Small Millets,Kharif,,583.0,,,,,,563.0,563.0
Madhya Pradesh,Damoh,Tur,Kharif,1472.0,1450.0,813.0,1165.0,1449.0,812.0,912.0,985.0,855.0
Madhya Pradesh,Damoh,Urad,Kharif,1154.0,1350.0,490.0,112.0,157.0,490.0,680.0,680.0,649.0
Madhya Pradesh,Damoh,Urad,Summer,,1510.0,290.0,1050.0,,1100.0,1130.0,1150.0,1150.0
Madhya Pradesh,Damoh,Wheat,Rabi,3505.0,3500.0,2555.0,2441.0,2769.0,3007.0,3007.0,2731.0,2751.0
Madhya Pradesh,Datia,Bajra,Kharif,1400.0,,1665.0,1335.0,1840.0,956.0,1136.0,1356.0,2043.0
Madhya Pradesh,Datia,Barley,Kharif,3077.0,2400.0,3160.0,,,,,,
Madhya Pradesh,Datia,Barley,Rabi,,,,3377.0,1630.0,2480.0,1850.0,1780.0,1563.0
Madhya Pradesh,Datia,Gram,Rabi,1375.0,1001.0,2074.0,2294.0,1370.0,1740.0,1639.0,1326.0,1570.0
Madhya Pradesh,Datia,Jowar,Kharif,1000.0,2320.0,1547.0,1310.0,1320.0,1320.0,1310.0,1204.0,1390.0
Madhya Pradesh,Datia,Lentil,Rabi,1000.0,1228.0,868.0,869.0,1052.0,813.0,614.0,760.0,939.0
Madhya Pradesh,Datia,Maize,Kharif,1000.0,1938.0,2062.0,1756.0,1818.0,2313.0,,2450.0,2837.0
Madhya Pradesh,Datia,Maize,Rabi,,,,,,,,,3482.0
Madhya Pradesh,Datia,Maize,Summer,,,,,,,,,4170.0
Madhya Pradesh,Datia,Moong,Kharif,500.0,203.0,425.0,368.0,210.0,344.0,370.0,620.0,620.0
Madhya Pradesh,Datia,Moong,Summer,,1200.0,,874.0,874.0,,876.0,751.0,838.0
Madhya Pradesh,Datia,Rice,Kharif,2156.0,1818.0,1372.0,1489.0,1760.0,1560.0,2470.0,1495.0,1924.0
Madhya Pradesh,Datia,Rice,Summer,,,,,,,,2521.0,2659.0
Madhya Pradesh,Datia,Shree Anna /Nutri Cereals,Kharif,1286.0,2320.0,1616.0,1327.0,1592.0,1142.0,1209.0,1276.0,1632.0
Madhya Pradesh,Datia,Small Millets,Kharif,,,,,,,,,346.0
Madhya Pradesh,Datia,Tur,Kharif,,,712.0,800.0,773.0,,,,1001.0
Madhya Pradesh,Datia,Urad,Kharif,314.0,150.0,343.0,298.0,280.0,280.0,330.0,360.0,325.0
Madhya Pradesh,Datia,Urad,Summer,,,433.0,716.0,,846.0,1000.0,870.0,870.0
Madhya Pradesh,Datia,Wheat,Rabi,3384.0,3303.0,3316.0,3408.0,3380.0,3614.0,3620.0,2770.0,2907.0
Madhya Pradesh,Dewas,Bajra,Kharif,,,1500.0,,,1000.0,,,1447.0
Madhya Pradesh,Dewas,Barley,Kharif,3333.0,,,,,,,,
Madhya Pradesh,Dewas,Barley,Rabi,,,,,,,,,1660.0
Madhya Pradesh,Dewas,Gram,Rabi,1500.0,1800.0,1298.0,1414.0,1888.0,1685.0,1975.0,1575.0,1560.0
Madhya Pradesh,Dewas,Jowar,Kharif,2500.0,2311.0,1835.0,1518.0,1514.0,1904.0,1903.0,1751.0,1905.0
Madhya Pradesh,Dewas,Lentil,Rabi,,1100.0,566.0,645.0,901.0,1149.0,1150.0,1150.0,810.0
Madhya Pradesh,Dewas,Maize,Kharif,2733.0,3010.0,2065.0,1441.0,1940.0,2424.0,2424.0,2128.0,2023.0
Madhya Pradesh,Dewas,Maize,Rabi,,,,,,,,,4155.0
Madhya Pradesh,Dewas,Maize,Summer,,,,,,,,2140.0,4395.0
Madhya Pradesh,Dewas,Moong,Kharif,,475.0,407.0,375.0,243.0,374.0,371.0,374.0,354.0
Madhya Pradesh,Dewas,Moong,Summer,,1075.0,,900.0,1300.0,,1280.0,1099.0,1108.0
Madhya Pradesh,Dewas,Rice,Kharif,,730.0,1167.0,1333.0,1445.0,1428.0,2138.0,1292.0,1338.0
Madhya Pradesh,Dewas,Shree Anna /Nutri Cereals,Kharif,2500.0,2311.0,1822.0,1518.0,1514.0,1902.0,1903.0,1751.0,1822.0
Madhya Pradesh,Dewas,Tur,Kharif,1400.0,1210.0,778.0,728.0,761.0,798.0,858.0,1004.0,931.0
Madhya Pradesh,Dewas,Urad,Kharif,,475.0,316.0,302.0,280.0,295.0,,540.0,416.0
Madhya Pradesh,Dewas,Urad,Summer,,,333.0,,,500.0,0.0,710.0,710.0
Madhya Pradesh,Dewas,Wheat,Rabi,3693.0,4100.0,2375.0,4363.0,3410.0,3818.0,3818.0,2579.0,3187.0
Madhya Pradesh,Dhar,Bajra,Kharif,500.0,1003.0,1539.0,1504.0,1050.0,995.0,1091.0,1073.0,1247.0
Madhya Pradesh,Dhar,Barley,Kharif,3200.0,4570.0,2000.0,,,,,,
Madhya Pradesh,Dhar,Barley,Rabi,,,,2000.0,1500.0,,,,
Madhya Pradesh,Dhar,Gram,Rabi,1140.0,1546.0,757.0,1507.0,1575.0,1315.0,1469.0,1195.0,1406.0
Madhya Pradesh,Dhar,Jowar,Kharif,1200.0,2125.0,1795.0,1493.0,1589.0,1523.0,1523.0,1824.0,2020.0
Madhya Pradesh,Dhar,Lentil,Rabi,,922.0,628.0,480.0,901.0,936.0,935.0,935.0,
Madhya Pradesh,Dhar,Maize,Kharif,3529.0,3175.0,566.0,3735.0,3727.0,3670.0,3570.0,2757.0,3131.0
Madhya Pradesh,Dhar,Maize,Rabi,,,,,,,,,3358.0
Madhya Pradesh,Dhar,Maize,Summer,,3897.0,,4475.0,4275.0,,,4270.0,4870.0
Madhya Pradesh,Dhar,Moong,Kharif,700.0,940.0,744.0,587.0,435.0,680.0,604.0,798.0,560.0
Madhya Pradesh,Dhar,Moong,Summer,,988.0,477.0,860.0,910.0,,910.0,782.0,782.0
Madhya Pradesh,Dhar,Rice,Kharif,,926.0,575.0,774.0,772.0,1333.0,1813.0,,859.0
Madhya Pradesh,Dhar,Rice,Rabi,,,,,,,,,1077.0
Madhya Pradesh,Dhar,Rice,Summer,,1680.0,,340.0,2200.0,,,,
Madhya Pradesh,Dhar,Shree Anna /Nutri Cereals,Kharif,1118.0,1962.0,1686.0,1487.0,1330.0,1173.0,1183.0,1305.0,1617.0
Madhya Pradesh,Dhar,Small Millets,Kharif,,,,647.0,,543.0,608.0,610.0,610.0
Madhya Pradesh,Dhar,Tur,Kharif,1000.0,1480.0,748.0,731.0,698.0,621.0,980.0,847.0,1065.0
Madhya Pradesh,Dhar,Urad,Kharif,1000.0,1113.0,572.0,506.0,375.0,500.0,717.0,717.0,714.0
Madhya Pradesh,Dhar,Urad,Summer,,,500.0,,,,,,0.0
Madhya Pradesh,Dhar,Wheat,Rabi,3338.0,3483.0,3463.0,3604.0,5390.0,5430.0,4730.0,3377.0,3460.0
Madhya Pradesh,Dindori,Bajra,Kharif,,,,1000.0,,,,,1000.0
Madhya Pradesh,Dindori,Barley,Kharif,2625.0,,,,,,,,
Madhya Pradesh,Dindori,Barley,Rabi,,,,1000.0,,,,,
Madhya Pradesh,Dindori,Gram,Rabi,1040.0,1010.0,631.0,916.0,1220.0,945.0,1300.0,1057.0,1148.0
Madhya Pradesh,Dindori,Jowar,Kharif,,1900.0,1111.0,1000.0,1000.0,,1167.0,1072.0,1267.0
Madhya Pradesh,Dindori,Lentil,Rabi,1000.0,1010.0,611.0,795.0,1160.0,1255.0,1255.0,1256.0,781.0
Madhya Pradesh,Dindori,Maize,Kharif,2276.0,2598.0,2261.0,2453.0,2010.0,2230.0,2412.0,2130.0,2507.0
Madhya Pradesh,Dindori,Maize,Rabi,,,,,,,,,2555.0
Madhya Pradesh,Dindori,Moong,Kharif,,,,,,333.0,,,500.0
Madhya Pradesh,Dindori,Moong,Summer,,,,650.0,650.0,,600.0,644.0,644.0
Madhya Pradesh,Dindori,Rice,Kharif,1460.0,1567.0,1742.0,1743.0,1967.0,1473.0,2210.0,1398.0,1708.0
Madhya Pradesh,Dindori,Shree Anna /Nutri Cereals,Kharif,1045.0,982.0,741.0,982.0,1000.0,800.0,1040.0,990.0,995.0
Madhya Pradesh,Dindori,Small Millets,Kharif,1045.0,979.0,741.0,982.0,,800.0,1040.0,990.0,995.0
Madhya Pradesh,Dindori,Tur,Kharif,1000.0,850.0,300.0,390.0,650.0,409.0,475.0,598.0,605.0
Madhya Pradesh,Dindori,Urad,Kharif,1500.0,550.0,395.0,382.0,275.0,331.0,551.0,551.0,544.0
Madhya Pradesh,Dindori,Urad,Summer,,1291.0,294.0,700.0,,875.0,868.0,870.0,870.0
Madhya Pradesh,Dindori,Wheat,Rabi,2204.0,2425.0,1032.0,1581.0,2320.0,2586.0,2586.0,1869.0,1831.0
Madhya Pradesh,Guna,Bajra,Kharif,,,2000.0,1750.0,1455.0,1286.0,1667.0,1557.0,1666.0
Madhya Pradesh,Guna,Barley,Kharif,3158.0,2167.0,2750.0,,,,,,
Madhya Pradesh,Guna,Barley,Rabi,,,,4000.0,3167.0,3571.0,,1650.0,1756.0
Madhya Pradesh,Guna,Gram,Rabi,1554.0,1120.0,1427.0,1506.0,1736.0,1509.0,1510.0,1228.0,1445.0
Madhya Pradesh,Guna,Jowar,Kharif,1000.0,2167.0,1167.0,1059.0,1143.0,1173.0,1039.0,1140.0,1378.0
Madhya Pradesh,Guna,Lentil,Rabi,1000.0,1225.0,961.0,1076.0,1260.0,1280.0,1250.0,1231.0,1130.0
Madhya Pradesh,Guna,Maize,Kharif,1563.0,2804.0,2476.0,1961.0,2268.0,2840.0,2940.0,2511.0,3008.0
Madhya Pradesh,Guna,Maize,Rabi,,,,,,,,,2824.0
Madhya Pradesh,Guna,Maize,Summer,,,,,,,,,4720.0
Madhya Pradesh,Guna,Moong,Kharif,,526.0,738.0,605.0,559.0,607.0,572.0,756.0,740.0
Madhya Pradesh,Guna,Moong,Summer,,1179.0,,1400.0,1400.0,,1240.0,1185.0,1185.0
Madhya Pradesh,Guna,Rice,Kharif,,1668.0,1462.0,1724.0,1724.0,2332.0,3560.0,2143.0,2328.0
Madhya Pradesh,Guna,Rice,Rabi,,,,,,,,,2013.0
Madhya Pradesh,Guna,Shree Anna /Nutri Cereals,Kharif,1000.0,2167.0,1309.0,1280.0,1333.0,1174.0,1046.0,1153.0,1597.0
Madhya Pradesh,Guna,Tur,Kharif,,,605.0,760.0,700.0,750.0,,,840.0
Madhya Pradesh,Guna,Urad,Kharif,1021.0,1334.0,593.0,198.0,189.0,230.0,375.0,340.0,719.0
Madhya Pradesh,Guna,Urad,Summer,,,,1200.0,,1000.0,1000.0,870.0,870.0
Madhya Pradesh,Guna,Wheat,Rabi,3831.0,3708.0,3937.0,3958.0,4739.0,4489.0,4289.0,3780.0,3383.0
Madhya Pradesh,Gwalior,Bajra,Kharif,2800.0,1598.0,2412.0,1972.0,1535.0,1390.0,1590.0,2113.0,2140.0
Madhya Pradesh,Gwalior,Barley,Kharif,3158.0,2300.0,2465.0,,,,,,
Madhya Pradesh,Gwalior,Barley,Rabi,,,,2406.0,1662.0,2929.0,1735.0,1730.0,1647.0
Madhya Pradesh,Gwalior,Gram,Rabi,2091.0,970.0,1607.0,1455.0,1974.0,1989.0,1990.0,1562.0,1646.0
Madhya Pradesh,Gwalior,Jowar,Kharif,2091.0,2510.0,2260.0,2040.0,2140.0,2244.0,2220.0,2057.0,2115.0
Madhya Pradesh,Gwalior,Lentil,Rabi,,,528.0,583.0,1120.0,1321.0,1325.0,1321.0,820.0
Madhya Pradesh,Gwalior,Maize,Kharif,,2650.0,3230.0,2806.0,3259.0,3474.0,,2485.0,2361.0
Madhya Pradesh,Gwalior,Maize,Rabi,,,,,,,,,3700.0
Madhya Pradesh,Gwalior,Maize,Summer,,,,4077.0,2938.0,,,,4660.0
Madhya Pradesh,Gwalior,Moong,Kharif,,550.0,425.0,462.0,321.0,455.0,541.0,851.0,640.0
Madhya Pradesh,Gwalior,Moong,Summer,,1062.0,,851.0,851.0,,750.0,730.0,747.0
Madhya Pradesh,Gwalior,Rice,Kharif,1644.0,2913.0,2727.0,3079.0,3079.0,2860.0,4443.0,2548.0,2710.0
Madhya Pradesh,Gwalior,Rice,Summer,,1714.0,,2699.0,2707.0,,,2440.0,2719.0
Madhya Pradesh,Gwalior,Shree Anna /Nutri Cereals,Kharif,2429.0,2081.0,2358.0,1999.0,1830.0,1868.0,1983.0,2080.0,2123.0
Madhya Pradesh,Gwalior,Small Millets,Kharif,,,,,,,,,
Madhya Pradesh,Gwalior,Tur,Kharif,,,1234.0,600.0,571.0,643.0,,833.0,827.0
Madhya Pradesh,Gwalior,Urad,Kharif,833.0,629.0,349.0,354.0,336.0,354.0,410.0,410.0,349.0
Madhya Pradesh,Gwalior,Urad,Summer,,,250.0,800.0,,,,,
Madhya Pradesh,Gwalior,Wheat,Rabi,4014.0,3804.0,3714.0,4320.0,3938.0,3618.0,3605.0,3502.0,3358.0
Madhya Pradesh,Harda,Bajra,Kharif,,,1000.0,500.0,1000.0,1000.0,1000.0,,1000.0
Madhya Pradesh,Harda,Barley,Kharif,3889.0,2811.0,2000.0,,,,,,
Madhya Pradesh,Harda,Barley,Rabi,,,,3000.0,2000.0,,,,1610.0
Madhya Pradesh,Harda,Gram,Rabi,1467.0,2450.0,1260.0,2234.0,1600.0,1692.0,2302.0,1731.0,1713.0
Madhya Pradesh,Harda,Jowar,Kharif,,1971.0,2185.0,1143.0,1091.0,1339.0,1339.0,1230.0,1439.0
Madhya Pradesh,Harda,Lentil,Rabi,,,333.0,462.0,786.0,500.0,400.0,500.0,500.0
Madhya Pradesh,Harda,Maize,Kharif,,2830.0,1751.0,948.0,1584.0,1450.0,3751.0,2487.0,2353.0
Madhya Pradesh,Harda,Maize,Rabi,,,,,,,,,4176.0
Madhya Pradesh,Harda,Maize,Summer,,3750.0,,2650.0,3000.0,,,,4870.0
Madhya Pradesh,Harda,Moong,Kharif,,200.0,232.0,127.0,102.0,211.0,359.0,700.0,700.0
Madhya Pradesh,Harda,Moong,Summer,,899.0,,1400.0,1500.0,,1515.0,1297.0,1306.0
Madhya Pradesh,Harda,Rice,Kharif,,456.0,562.0,1341.0,1341.0,2332.0,3498.0,2117.0,2301.0
Madhya Pradesh,Harda,Rice,Summer,,1670.0,,,,,,,
Madhya Pradesh,Harda,Shree Anna /Nutri Cereals,Kharif,,1971.0,1935.0,1030.0,1087.0,1325.0,1336.0,859.0,1208.0
Madhya Pradesh,Harda,Small Millets,Kharif,,,357.0,333.0,,333.0,,840.0,840.0
Madhya Pradesh,Harda,Tur,Kharif,,1517.0,1187.0,1010.0,843.0,628.0,1374.0,1009.0,1296.0
Madhya Pradesh,Harda,Urad,Kharif,,1289.0,148.0,85.0,150.0,240.0,388.0,388.0,589.0
Madhya Pradesh,Harda,Urad,Summer,,1390.0,,,,1000.0,667.0,790.0,790.0
Madhya Pradesh,Harda,Wheat,Rabi,4305.0,3982.0,4359.0,3509.0,5140.0,5330.0,5280.0,4197.0,3613.0
Madhya Pradesh,Indore,Bajra,Kharif,,,2889.0,2714.0,,,2667.0,,2164.0
Madhya Pradesh,Indore,Barley,Kharif,5000.0,650.0,,,,,,,
Madhya Pradesh,Indore,Barley,Rabi,,,,2000.0,1000.0,3000.0,,,
Madhya Pradesh,Indore,Gram,Rabi,1467.0,1883.0,939.0,1766.0,1550.0,1427.0,1710.0,1391.0,1501.0
Madhya Pradesh,Indore,Jowar,Kharif,,2300.0,1500.0,1824.0,1396.0,1921.0,1919.0,1760.0,1878.0
Madhya Pradesh,Indore,Lentil,Rabi,,956.0,370.0,463.0,1081.0,1095.0,1100.0,1100.0,660.0
Madhya Pradesh,Indore,Maize,Kharif,3143.0,1844.0,2494.0,1500.0,1473.0,2098.0,3398.0,2981.0,3079.0
Madhya Pradesh,Indore,Maize,Rabi,,,,,,,,,2049.0
Madhya Pradesh,Indore,Maize,Summer,,3484.0,,1800.0,1800.0,,,1800.0,4685.0
Madhya Pradesh,Indore,Moong,Kharif,,790.0,302.0,294.0,444.0,368.0,,714.0,610.0
Madhya Pradesh,Indore,Moong,Summer,,1083.0,,800.0,798.0,,800.0,739.0,739.0
Madhya Pradesh,Indore,Rice,Kharif,,,1330.0,1330.0,1056.0,1641.0,2375.0,1428.0,1039.0
Madhya Pradesh,Indore,Rice,Summer,,2267.0,,,,,,,
Madhya Pradesh,Indore,Shree Anna /Nutri Cereals,Kharif,,2300.0,2462.0,2083.0,1396.0,1921.0,1941.0,1760.0,2019.0
Madhya Pradesh,Indore,Tur,Kharif,,1510.0,411.0,798.0,713.0,750.0,,1000.0,951.0
Madhya Pradesh,Indore,Urad,Kharif,,680.0,306.0,302.0,300.0,375.0,,,333.0
Madhya Pradesh,Indore,Urad,Summer,,,,,,1000.0,,,
Madhya Pradesh,Indore,Wheat,Rabi,4308.0,4213.0,4128.0,5149.0,6010.0,5410.0,4810.0,3814.0,3727.0
Madhya Pradesh,Jabalpur,Bajra,Kharif,,,1321.0,1727.0,1200.0,,,1336.0,1167.0
Madhya Pradesh,Jabalpur,Gram,Rabi,1855.0,2085.0,1872.0,2072.0,1891.0,1940.0,1775.0,1444.0,1670.0
Madhya Pradesh,Jabalpur,Jowar,Kharif,,2500.0,2197.0,1913.0,2042.0,2181.0,2326.0,2133.0,2321.0
Madhya Pradesh,Jabalpur,Lentil,Rabi,1318.0,1513.0,976.0,964.0,1260.0,2043.0,1643.0,1212.0,1196.0
Madhya Pradesh,Jabalpur,Maize,Kharif,2429.0,2504.0,2071.0,1969.0,2010.0,2123.0,2843.0,2499.0,2375.0
Madhya Pradesh,Jabalpur,Maize,Rabi,,,,,,,,,2253.0
Madhya Pradesh,Jabalpur,Maize,Summer,,,,,,,,,4896.0
Madhya Pradesh,Jabalpur,Moong,Kharif,556.0,444.0,551.0,551.0,563.0,559.0,632.0,631.0,530.0
Madhya Pradesh,Jabalpur,Moong,Summer,,1354.0,400.0,1500.0,1500.0,,1470.0,1262.0,1263.0
Madhya Pradesh,Jabalpur,Rice,Kharif,2806.0,2492.0,1387.0,2578.0,2578.0,2805.0,3708.0,2227.0,2347.0
Madhya Pradesh,Jabalpur,Shree Anna /Nutri Cereals,Kharif,1000.0,1098.0,742.0,951.0,2000.0,865.0,938.0,907.0,1044.0
Madhya Pradesh,Jabalpur,Small Millets,Kharif,1000.0,1087.0,713.0,931.0,,845.0,922.0,902.0,1022.0
Madhya Pradesh,Jabalpur,Tur,Kharif,1333.0,871.0,1130.0,670.0,1560.0,1125.0,1125.0,990.0,851.0
Madhya Pradesh,Jabalpur,Urad,Kharif,1040.0,998.0,551.0,551.0,430.0,580.0,674.0,654.0,662.0
Madhya Pradesh,Jabalpur,Urad,Summer,,1440.0,471.0,1800.0,,1350.0,1350.0,1360.0,1350.0
Madhya Pradesh,Jabalpur,Wheat,Rabi,3733.0,3775.0,3967.0,4320.0,3828.0,3922.0,3922.0,3329.0,3586.0
Madhya Pradesh,Jhabua,Bajra,Kharif,,750.0,800.0,600.0,900.0,529.0,571.0,832.0,890.0
Madhya Pradesh,Jhabua,Barley,Kharif,4667.0,2300.0,,,,,,,
Madhya Pradesh,Jhabua,Barley,Rabi,,,,2267.0,1333.0,,,,1770.0
Madhya Pradesh,Jhabua,Gram,Rabi,1538.0,1363.0,782.0,1193.0,1700.0,1177.0,1277.0,1039.0,1329.0
Madhya Pradesh,Jhabua,Jowar,Kharif,2000.0,2253.0,1106.0,808.0,1020.0,1182.0,1182.0,1086.0,1282.0
Madhya Pradesh,Jhabua,Lentil,Rabi,,833.0,,,1133.0,,,,
Madhya Pradesh,Jhabua,Maize,Kharif,3323.0,2982.0,2106.0,1828.0,1840.0,2468.0,2768.0,2388.0,2310.0
Madhya Pradesh,Jhabua,Maize,Rabi,,,,,,,,,3068.0
Madhya Pradesh,Jhabua,Maize,Summer,,3682.0,,2251.0,2252.0,,,2250.0,4654.0
Madhya Pradesh,Jhabua,Moong,Kharif,,783.0,432.0,397.0,326.0,429.0,432.0,633.0,615.0
Madhya Pradesh,Jhabua,Moong,Summer,,1000.0,,790.0,790.0,,789.0,678.0,679.0
Madhya Pradesh,Jhabua,Rice,Kharif,1222.0,1405.0,684.0,1055.0,1055.0,1122.0,1970.0,1192.0,1048.0
Madhya Pradesh,Jhabua,Rice,Summer,,,,400.0,1600.0,,,,
Madhya Pradesh,Jhabua,Shree Anna /Nutri Cereals,Kharif,2000.0,2214.0,1099.0,806.0,1019.0,1173.0,1110.0,971.0,1240.0
Madhya Pradesh,Jhabua,Small Millets,Kharif,,,333.0,500.0,,500.0,721.0,620.0,620.0
Madhya Pradesh,Jhabua,Tur,Kharif,1286.0,1022.0,544.0,562.0,1310.0,627.0,690.0,741.0,710.0
Madhya Pradesh,Jhabua,Urad,Kharif,875.0,631.0,499.0,474.0,414.0,515.0,582.0,582.0,659.0
Madhya Pradesh,Jhabua,Urad,Summer,,,,,,,,,0.0
Madhya Pradesh,Jhabua,Wheat,Rabi,3188.0,2966.0,2724.0,2845.0,3101.0,3232.0,3232.0,2084.0,2361.0
Madhya Pradesh,Katni,Bajra,Kharif,,,,500.0,,,,,1129.0
Madhya Pradesh,Katni,Barley,Kharif,3529.0,1600.0,2144.0,,,,,,
Madhya Pradesh,Katni,Barley,Rabi,,,,2535.0,2306.0,2286.0,1513.0,1796.0,1867.0
Madhya Pradesh,Katni,Gram,Rabi,1615.0,1537.0,1999.0,2216.0,1619.0,1910.0,1712.0,1392.0,1543.0
Madhya Pradesh,Katni,Jowar,Kharif,,2420.0,1179.0,1417.0,1000.0,,1500.0,1378.0,1765.0
Madhya Pradesh,Katni,Lentil,Rabi,923.0,992.0,870.0,893.0,823.0,1128.0,1128.0,1128.0,824.0
Madhya Pradesh,Katni,Maize,Kharif,2000.0,2436.0,2610.0,2260.0,2319.0,2602.0,3059.0,2748.0,2612.0
Madhya Pradesh,Katni,Maize,Rabi,,,,,,,,,2196.0
Madhya Pradesh,Katni,Maize,Summer,,2852.0,,,,,,1452.0,4488.0
Madhya Pradesh,Katni,Moong,Kharif,,692.0,806.0,733.0,612.0,722.0,838.0,834.0,720.0
Madhya Pradesh,Katni,Moong,Summer,,1126.0,1000.0,,530.0,,680.0,782.0,868.0
Madhya Pradesh,Katni,Rice,Kharif,3000.0,2515.0,2345.0,3007.0,3007.0,2596.0,3940.0,2367.0,2738.0
Madhya Pradesh,Katni,Shree Anna /Nutri Cereals,Kharif,1000.0,2251.0,1095.0,1382.0,1000.0,879.0,1104.0,953.0,1221.0
Madhya Pradesh,Katni,Small Millets,Kharif,1000.0,1076.0,1085.0,1384.0,,879.0,1103.0,952.0,1220.0
Madhya Pradesh,Katni,Tur,Kharif,1308.0,1395.0,1123.0,1315.0,1385.0,872.0,973.0,1010.0,1074.0
Madhya Pradesh,Katni,Urad,Kharif,1000.0,398.0,818.0,734.0,609.0,714.0,825.0,730.0,768.0
Madhya Pradesh,Katni,Urad,Summer,,1489.0,500.0,,,1310.0,1325.0,1360.0,1410.0
Madhya Pradesh,Katni,Wheat,Rabi,3189.0,3016.0,3312.0,3466.0,3624.0,3805.0,3805.0,3083.0,3133.0
Madhya Pradesh,Khandwa (East Nimar),Bajra,Kharif,,800.0,1118.0,526.0,833.0,400.0,556.0,916.0,980.0
Madhya Pradesh,Khandwa (East Nimar),Barley,Kharif,3000.0,1702.0,,,,,,,
Madhya Pradesh,Khandwa (East Nimar),Gram,Rabi,1257.0,820.0,1527.0,1571.0,1460.0,1491.0,1740.0,1415.0,1378.0
Madhya Pradesh,Khandwa (East Nimar),Jowar,Kharif,2143.0,2210.0,1606.0,893.0,644.0,1409.0,1416.0,1296.0,1510.0
Madhya Pradesh,Khandwa (East Nimar),Lentil,Rabi,,516.0,457.0,333.0,543.0,500.0,,600.0,600.0
Madhya Pradesh,Khandwa (East Nimar),Maize,Kharif,2771.0,3000.0,2693.0,1710.0,1674.0,2232.0,3610.0,3345.0,3361.0
Madhya Pradesh,Khandwa (East Nimar),Maize,Rabi,,,,,,,,,3982.0
Madhya Pradesh,Khandwa (East Nimar),Maize,Summer,,3852.0,,3249.0,3251.0,,,3250.0,5576.0
Madhya Pradesh,Khandwa (East Nimar),Moong,Kharif,,310.0,343.0,165.0,225.0,243.0,255.0,320.0,320.0
Madhya Pradesh,Khandwa (East Nimar),Moong,Summer,,1379.0,250.0,1150.0,1150.0,,1150.0,988.0,988.0
Madhya Pradesh,Khandwa (East Nimar),Rice,Kharif,916.0,508.0,1013.0,739.0,1000.0,1220.0,1930.0,1168.0,673.0
Madhya Pradesh,Khandwa (East Nimar),Rice,Summer,,1895.0,,,1967.0,,,,
Madhya Pradesh,Khandwa (East Nimar),Shree Anna /Nutri Cereals,Kharif,2500.0,2062.0,1554.0,866.0,646.0,1380.0,1136.0,696.0,1325.0
Madhya Pradesh,Khandwa (East Nimar),Small Millets,Kharif,5000.0,646.0,475.0,444.0,,250.0,614.0,570.0,570.0
Madhya Pradesh,Khandwa (East Nimar),Tur,Kharif,1353.0,859.0,662.0,562.0,700.0,640.0,739.0,762.0,670.0
Madhya Pradesh,Khandwa (East Nimar),Urad,Kharif,1000.0,310.0,428.0,241.0,195.0,250.0,409.0,409.0,409.0
Madhya Pradesh,Khandwa (East Nimar),Urad,Summer,,1545.0,364.0,769.0,,,,,0.0
Madhya Pradesh,Khandwa (East Nimar),Wheat,Rabi,3955.0,3749.0,2942.0,3204.0,2540.0,2852.0,2852.0,2024.0,2553.0
Madhya Pradesh,Khargone (West Nimar),Bajra,Kharif,,1195.0,687.0,528.0,773.0,410.0,761.0,712.0,861.0
Madhya Pradesh,Khargone (West Nimar),Barley,Kharif,3200.0,2190.0,,,,,,,
Madhya Pradesh,Khargone (West Nimar),Gram,Rabi,2778.0,1700.0,1138.0,1283.0,1585.0,1263.0,1960.0,1582.0,1665.0
Madhya Pradesh,Khargone (West Nimar),Jowar,Kharif,2600.0,2482.0,1886.0,1339.0,1812.0,1812.0,2012.0,1849.0,2012.0
Madhya Pradesh,Khargone (West Nimar),Lentil,Rabi,,,,,800.0,,,,
Madhya Pradesh,Khargone (West Nimar),Maize,Kharif,3548.0,3490.0,3048.0,2597.0,2993.0,3581.0,3608.0,3165.0,3261.0
Madhya Pradesh,Khargone (West Nimar),Maize,Rabi,,,,,,,,,4000.0
Madhya Pradesh,Khargone (West Nimar),Maize,Summer,,4100.0,,8000.0,7430.0,,,7266.0,5080.0
Madhya Pradesh,Khargone (West Nimar),Moong,Kharif,583.0,438.0,337.0,274.0,503.0,311.0,484.0,671.0,450.0
Madhya Pradesh,Khargone (West Nimar),Moong,Summer,,1190.0,286.0,900.0,950.0,,1060.0,936.0,958.0
Madhya Pradesh,Khargone (West Nimar),Rice,Kharif,,350.0,1070.0,1068.0,1070.0,1200.0,1825.0,1114.0,751.0
Madhya Pradesh,Khargone (West Nimar),Shree Anna /Nutri Cereals,Kharif,2600.0,2454.0,1856.0,1332.0,1805.0,1774.0,1961.0,1828.0,1831.0
Madhya Pradesh,Khargone (West Nimar),Tur,Kharif,1350.0,1960.0,695.0,616.0,780.0,631.0,800.0,935.0,1006.0
Madhya Pradesh,Khargone (West Nimar),Urad,Kharif,800.0,418.0,306.0,231.0,286.0,282.0,358.0,359.0,310.0
Madhya Pradesh,Khargone (West Nimar),Urad,Summer,,,,,,500.0,1000.0,690.0,690.0
Madhya Pradesh,Khargone (West Nimar),Wheat,Rabi,4139.0,3804.0,3888.0,4104.0,4351.0,4269.0,4269.0,4075.0,3666.0
Madhya Pradesh,Maihar,Bajra,Kharif,,,,,,,,,740.0
Madhya Pradesh,Maihar,Barley,Rabi,,,,,,,,,1860.0
Madhya Pradesh,Maihar,Gram,Rabi,,,,,,,,,1330.0
Madhya Pradesh,Maihar,Jowar,Kharif,,,,,,,,,1200.0
Madhya Pradesh,Maihar,Lentil,Rabi,,,,,,,,,810.0
Madhya Pradesh,Maihar,Maize,Kharif,,,,,,,,,1273.0
Madhya Pradesh,Maihar,Maize,Rabi,,,,,,,,,2720.0
Madhya Pradesh,Maihar,Moong,Kharif,,,,,,,,,320.0
Madhya Pradesh,Maihar,Moong,Summer,,,,,,,,,739.0
Madhya Pradesh,Maihar,Rice,Kharif,,,,,,,,,2617.0
Madhya Pradesh,Maihar,Shree Anna /Nutri Cereals,Kharif,,,,,,,,,1010.0
Madhya Pradesh,Maihar,Small Millets,Kharif,,,,,,,,,1010.0
Madhya Pradesh,Maihar,Tur,Kharif,,,,,,,,,760.0
Madhya Pradesh,Maihar,Urad,Kharif,,,,,,,,,420.0
Madhya Pradesh,Maihar,Urad,Summer,,,,,,,,,620.0
Madhya Pradesh,Maihar,Wheat,Rabi,,,,,,,,,2969.0
Madhya Pradesh,Mandla,Bajra,Kharif,,,667.0,,,,,,935.0
Madhya Pradesh,Mandla,Barley,Kharif,3111.0,,1333.0,,,,,,
Madhya Pradesh,Mandla,Barley,Rabi,,,,1667.0,,500.0,,,
Madhya Pradesh,Mandla,Gram,Rabi,1267.0,1269.0,1104.0,1183.0,1400.0,1319.0,1353.0,1100.0,1295.0
Madhya Pradesh,Mandla,Jowar,Kharif,,2321.0,1556.0,1143.0,1111.0,,1667.0,1532.0,1667.0
Madhya Pradesh,Mandla,Lentil,Rabi,957.0,993.0,650.0,650.0,1020.0,1044.0,1030.0,1030.0,806.0
Madhya Pradesh,Mandla,Maize,Kharif,2421.0,2110.0,2698.0,2149.0,2096.0,2356.0,3043.0,2672.0,2520.0
Madhya Pradesh,Mandla,Maize,Rabi,,,,,,,,,3516.0
Madhya Pradesh,Mandla,Moong,Kharif,,1000.0,571.0,500.0,333.0,,,,580.0
Madhya Pradesh,Mandla,Moong,Summer,,750.0,250.0,,639.0,,760.0,653.0,739.0
Madhya Pradesh,Mandla,Rice,Kharif,2224.0,4153.0,1510.0,1932.0,1933.0,2020.0,3105.0,1882.0,2273.0
Madhya Pradesh,Mandla,Rice,Rabi,,,,,,,,,2667.0
Madhya Pradesh,Mandla,Shree Anna /Nutri Cereals,Kharif,1000.0,1126.0,1040.0,1058.0,1111.0,1065.0,1170.0,1079.0,1076.0
Madhya Pradesh,Mandla,Small Millets,Kharif,1000.0,923.0,1040.0,1058.0,,1065.0,1170.0,1078.0,1076.0
Madhya Pradesh,Mandla,Tur,Kharif,1100.0,1493.0,701.0,1448.0,1100.0,709.0,809.0,910.0,765.0
Madhya Pradesh,Mandla,Urad,Kharif,3000.0,720.0,458.0,400.0,315.0,410.0,459.0,460.0,524.0
Madhya Pradesh,Mandla,Urad,Summer,,1340.0,250.0,,,1090.0,1090.0,1090.0,1090.0
Madhya Pradesh,Mandla,Wheat,Rabi,3306.0,2637.0,2308.0,1945.0,3248.0,2284.0,2310.0,2168.0,2282.0
Madhya Pradesh,Mandsaur,Bajra,Kharif,,647.0,1634.0,1008.0,947.0,939.0,1112.0,1048.0,1121.0
Madhya Pradesh,Mandsaur,Barley,Kharif,,,2918.0,,,,,,
Madhya Pradesh,Mandsaur,Barley,Rabi,,,,4200.0,3719.0,3241.0,2485.0,1840.0,1685.0
Madhya Pradesh,Mandsaur,Gram,Rabi,1382.0,1348.0,1340.0,1577.0,1276.0,952.0,1276.0,1201.0,1413.0
Madhya Pradesh,Mandsaur,Jowar,Kharif,,1938.0,741.0,667.0,663.0,1278.0,1273.0,1182.0,1510.0
Madhya Pradesh,Mandsaur,Lentil,Rabi,1182.0,1087.0,533.0,611.0,1040.0,720.0,720.0,746.0,736.0
Madhya Pradesh,Mandsaur,Maize,Kharif,2825.0,3094.0,3056.0,1784.0,2256.0,2945.0,3164.0,2778.0,2640.0
Madhya Pradesh,Mandsaur,Maize,Rabi,,,,,,,,,2296.0
Madhya Pradesh,Mandsaur,Maize,Summer,,3625.0,,,,,,,4843.0
Madhya Pradesh,Mandsaur,Moong,Kharif,571.0,703.0,498.0,332.0,356.0,524.0,500.0,500.0,420.0
Madhya Pradesh,Mandsaur,Moong,Summer,,706.0,,799.0,799.0,,857.0,696.0,696.0
Madhya Pradesh,Mandsaur,Rice,Kharif,,,500.0,443.0,357.0,1231.0,1875.0,1198.0,592.0
Madhya Pradesh,Mandsaur,Rice,Summer,,2154.0,,,,,,,
Madhya Pradesh,Mandsaur,Shree Anna /Nutri Cereals,Kharif,,1273.0,1409.0,919.0,799.0,1116.0,1150.0,1107.0,1234.0
Madhya Pradesh,Mandsaur,Small Millets,Kharif,,,1000.0,,,,,,
Madhya Pradesh,Mandsaur,Tur,Kharif,,746.0,473.0,561.0,568.0,,,769.0,833.0
Madhya Pradesh,Mandsaur,Urad,Kharif,1075.0,831.0,636.0,492.0,430.0,510.0,510.0,620.0,434.0
Madhya Pradesh,Mandsaur,Urad,Summer,,,333.0,804.0,,650.0,600.0,640.0,640.0
Madhya Pradesh,Mandsaur,Wheat,Rabi,4309.0,4243.0,4298.0,5622.0,3624.0,3778.0,3778.0,3093.0,3588.0
Madhya Pradesh,Mauganj,Bajra,Kharif,,,,,,,,,710.0
Madhya Pradesh,Mauganj,Barley,Rabi,,,,,,,,,1522.0
Madhya Pradesh,Mauganj,Gram,Rabi,,,,,,,,,1416.0
Madhya Pradesh,Mauganj,Jowar,Kharif,,,,,,,,,1320.0
Madhya Pradesh,Mauganj,Lentil,Rabi,,,,,,,,,810.0
Madhya Pradesh,Mauganj,Maize,Kharif,,,,,,,,,1848.0
Madhya Pradesh,Mauganj,Maize,Rabi,,,,,,,,,3154.0
Madhya Pradesh,Mauganj,Moong,Kharif,,,,,,,,,390.0
Madhya Pradesh,Mauganj,Moong,Summer,,,,,,,,,782.0
Madhya Pradesh,Mauganj,Rice,Kharif,,,,,,,,,2687.0
Madhya Pradesh,Mauganj,Shree Anna /Nutri Cereals,Kharif,,,,,,,,,743.0
Madhya Pradesh,Mauganj,Small Millets,Kharif,,,,,,,,,730.0
Madhya Pradesh,Mauganj,Tur,Kharif,,,,,,,,,620.0
Madhya Pradesh,Mauganj,Urad,Kharif,,,,,,,,,510.0
Madhya Pradesh,Mauganj,Urad,Summer,,,,,,,,,520.0
Madhya Pradesh,Mauganj,Wheat,Rabi,,,,,,,,,2635.0
Madhya Pradesh,Morena,Bajra,Kharif,2945.0,2972.0,1712.0,2199.0,2490.0,2780.0,3185.0,2768.0,3110.0
Madhya Pradesh,Morena,Barley,Kharif,3667.0,2900.0,2685.0,,,,,,
Madhya Pradesh,Morena,Barley,Rabi,,,,3419.0,3283.0,3000.0,2086.0,2114.0,1783.0
Madhya Pradesh,Morena,Gram,Rabi,1917.0,2160.0,1621.0,2074.0,1822.0,1980.0,1732.0,1409.0,1658.0
Madhya Pradesh,Morena,Jowar,Kharif,,2000.0,1583.0,1434.0,1517.0,1623.0,1205.0,1388.0,1629.0
Madhya Pradesh,Morena,Lentil,Rabi,,1548.0,625.0,842.0,1000.0,,610.0,,1261.0
Madhya Pradesh,Morena,Maize,Kharif,,3145.0,1529.0,1682.0,1677.0,2000.0,,2610.0,2481.0
Madhya Pradesh,Morena,Maize,Rabi,,,,,,,,,3500.0
Madhya Pradesh,Morena,Maize,Summer,,,,,,,,,4135.0
Madhya Pradesh,Morena,Moong,Kharif,,1000.0,558.0,624.0,618.0,633.0,,1001.0,899.0
Madhya Pradesh,Morena,Moong,Summer,,,,851.0,980.0,,1010.0,1005.0,1005.0
Madhya Pradesh,Morena,Rice,Kharif,,2429.0,2006.0,2449.0,2449.0,2693.0,4040.0,2433.0,2416.0
Madhya Pradesh,Morena,Shree Anna /Nutri Cereals,Kharif,2945.0,2944.0,1711.0,2199.0,2489.0,2779.0,3184.0,2767.0,3107.0
Madhya Pradesh,Morena,Small Millets,Kharif,,,500.0,,,,,,
Madhya Pradesh,Morena,Tur,Kharif,1467.0,1053.0,363.0,866.0,1195.0,901.0,863.0,1066.0,1090.0
Madhya Pradesh,Morena,Urad,Kharif,,1000.0,516.0,578.0,610.0,591.0,591.0,590.0,576.0
Madhya Pradesh,Morena,Urad,Summer,,,333.0,,,667.0,,,0.0
Madhya Pradesh,Morena,Wheat,Rabi,3915.0,4264.0,4046.0,3578.0,3996.0,4247.0,4247.0,3427.0,3521.0
Madhya Pradesh,Narmadapuram,Bajra,Kharif,,,1636.0,1000.0,,1200.0,,,1000.0
Madhya Pradesh,Narmadapuram,Barley,Kharif,,,1000.0,,,,,,
Madhya Pradesh,Narmadapuram,Barley,Rabi,,,,2750.0,3111.0,2500.0,,,1760.0
Madhya Pradesh,Narmadapuram,Gram,Rabi,1616.0,1950.0,2085.0,1909.0,1885.0,1710.0,2010.0,1541.0,1885.0
Madhya Pradesh,Narmadapuram,Jowar,Kharif,2000.0,2300.0,2161.0,1408.0,1000.0,2277.0,2149.0,1976.0,2050.0
Madhya Pradesh,Narmadapuram,Lentil,Rabi,,600.0,602.0,667.0,1500.0,1593.0,1440.0,1371.0,934.0
Madhya Pradesh,Narmadapuram,Maize,Kharif,3423.0,3470.0,2636.0,2264.0,891.0,3040.0,3145.0,2432.0,2148.0
Madhya Pradesh,Narmadapuram,Maize,Rabi,,,,,,,,,3947.0
Madhya Pradesh,Narmadapuram,Maize,Summer,,3656.0,,4200.0,3210.0,,,3210.0,5010.0
Madhya Pradesh,Narmadapuram,Moong,Kharif,611.0,251.0,258.0,179.0,180.0,320.0,410.0,410.0,460.0
Madhya Pradesh,Narmadapuram,Moong,Summer,,1216.0,,1500.0,1500.0,,1510.0,1340.0,1340.0
Madhya Pradesh,Narmadapuram,Rice,Kharif,2300.0,2315.0,2518.0,2911.0,2911.0,2933.0,4300.0,2534.0,2454.0
Madhya Pradesh,Narmadapuram,Rice,Rabi,,,,,,,,,3401.0
Madhya Pradesh,Narmadapuram,Rice,Summer,,,,,,,,2120.0,3396.0
Madhya Pradesh,Narmadapuram,Shree Anna /Nutri Cereals,Kharif,1600.0,2281.0,1750.0,1380.0,1000.0,2244.0,1462.0,1164.0,1690.0
Madhya Pradesh,Narmadapuram,Small Millets,Kharif,800.0,750.0,594.0,,,375.0,625.0,726.0,726.0
Madhya Pradesh,Narmadapuram,Tur,Kharif,1231.0,1447.0,867.0,875.0,980.0,1186.0,1275.0,1020.0,1386.0
Madhya Pradesh,Narmadapuram,Urad,Kharif,833.0,1321.0,243.0,179.0,162.0,310.0,530.0,530.0,530.0
Madhya Pradesh,Narmadapuram,Urad,Summer,,1417.0,500.0,1200.0,,,1000.0,940.0,940.0
Madhya Pradesh,Narmadapuram,Wheat,Rabi,4500.0,4308.0,4467.0,4720.0,5631.0,561.0,5140.0,3994.0,3889.0
Madhya Pradesh,Narsimhapur,Bajra,Kharif,,2540.0,1429.0,1500.0,1571.0,,2000.0,,1333.0
Madhya Pradesh,Narsimhapur,Barley,Rabi,,,,,,,,,1625.0
Madhya Pradesh,Narsimhapur,Gram,Rabi,1745.0,1506.0,1592.0,1684.0,1732.0,1610.0,1639.0,1333.0,1664.0
Madhya Pradesh,Narsimhapur,Jowar,Kharif,2000.0,1825.0,2247.0,1728.0,1341.0,1471.0,1966.0,1809.0,1943.0
Madhya Pradesh,Narsimhapur,Lentil,Rabi,1294.0,1434.0,678.0,770.0,910.0,1259.0,1250.0,1251.0,921.0
Madhya Pradesh,Narsimhapur,Maize,Kharif,1750.0,1768.0,2570.0,2100.0,2405.0,2703.0,2703.0,2373.0,2633.0
Madhya Pradesh,Narsimhapur,Maize,Rabi,,,,,,,,,4162.0
Madhya Pradesh,Narsimhapur,Maize,Summer,,,,2800.0,2792.0,,,,4975.0
Madhya Pradesh,Narsimhapur,Moong,Kharif,733.0,729.0,396.0,176.0,920.0,590.0,650.0,690.0,680.0
Madhya Pradesh,Narsimhapur,Moong,Summer,,1372.0,400.0,1400.0,1600.0,,1530.0,1400.0,1400.0
Madhya Pradesh,Narsimhapur,Rice,Kharif,2812.0,4667.0,1824.0,2110.0,2110.0,1921.0,3889.0,2306.0,2584.0
Madhya Pradesh,Narsimhapur,Rice,Summer,,2340.0,,,3067.0,,,,
Madhya Pradesh,Narsimhapur,Shree Anna /Nutri Cereals,Kharif,2000.0,2196.0,1061.0,1068.0,1343.0,1297.0,1425.0,813.0,1386.0
Madhya Pradesh,Narsimhapur,Small Millets,Kharif,,1000.0,283.0,410.0,,450.0,590.0,790.0,694.0
Madhya Pradesh,Narsimhapur,Tur,Kharif,1565.0,1648.0,1382.0,1180.0,1670.0,1050.0,1150.0,1035.0,1087.0
Madhya Pradesh,Narsimhapur,Urad,Kharif,1000.0,750.0,384.0,140.0,187.0,489.0,579.0,579.0,524.0
Madhya Pradesh,Narsimhapur,Urad,Summer,,1345.0,706.0,800.0,,990.0,1060.0,1115.0,1415.0
Madhya Pradesh,Narsimhapur,Wheat,Rabi,4040.0,3486.0,3658.0,4864.0,4208.0,4228.0,4128.0,2908.0,3075.0
Madhya Pradesh,Neemuch,Bajra,Kharif,,,1689.0,632.0,400.0,724.0,837.0,876.0,937.0
Madhya Pradesh,Neemuch,Barley,Kharif,2439.0,,2208.0,,,,,,
Madhya Pradesh,Neemuch,Barley,Rabi,,,,3244.0,2463.0,3251.0,2098.0,2158.0,1710.0
Madhya Pradesh,Neemuch,Gram,Rabi,1343.0,1253.0,1040.0,1846.0,1230.0,1498.0,1447.0,1177.0,1340.0
Madhya Pradesh,Neemuch,Jowar,Kharif,,2213.0,779.0,731.0,738.0,935.0,930.0,1129.0,1329.0
Madhya Pradesh,Neemuch,Lentil,Rabi,,653.0,519.0,725.0,1120.0,1350.0,1350.0,1351.0,710.0
Madhya Pradesh,Neemuch,Maize,Kharif,3917.0,3576.0,2579.0,1613.0,2420.0,3280.0,3080.0,2880.0,3156.0
Madhya Pradesh,Neemuch,Maize,Rabi,,,,,,,,,3229.0
Madhya Pradesh,Neemuch,Maize,Summer,,1250.0,,4000.0,3800.0,,,3810.0,
Madhya Pradesh,Neemuch,Moong,Kharif,,400.0,354.0,100.0,341.0,500.0,318.0,498.0,397.0
Madhya Pradesh,Neemuch,Moong,Summer,,875.0,,800.0,800.0,,810.0,721.0,722.0
Madhya Pradesh,Neemuch,Rice,Kharif,,,297.0,342.0,339.0,1281.0,1299.0,787.0,621.0
Madhya Pradesh,Neemuch,Rice,Summer,,2286.0,,566.0,2000.0,,,,
Madhya Pradesh,Neemuch,Shree Anna /Nutri Cereals,Kharif,,2213.0,912.0,685.0,539.0,853.0,880.0,999.0,1116.0
Madhya Pradesh,Neemuch,Tur,Kharif,,757.0,444.0,400.0,375.0,,,560.0,
Madhya Pradesh,Neemuch,Urad,Kharif,1111.0,756.0,398.0,159.0,271.0,596.0,596.0,596.0,595.0
Madhya Pradesh,Neemuch,Urad,Summer,,,200.0,,,633.0,500.0,630.0,630.0
Madhya Pradesh,Neemuch,Wheat,Rabi,3280.0,3914.0,4190.0,4742.0,2657.0,4155.0,4155.0,3203.0,2994.0
Madhya Pradesh,Niwari,Bajra,Kharif,,,,,,750.0,1000.0,,1000.0
Madhya Pradesh,Niwari,Barley,Rabi,,,,2317.0,2112.0,2349.0,1586.0,1649.0,1940.0
Madhya Pradesh,Niwari,Gram,Rabi,,,,1294.0,1440.0,1772.0,1272.0,1035.0,1217.0
Madhya Pradesh,Niwari,Jowar,Kharif,,,,,1214.0,1571.0,1565.0,,1885.0
Madhya Pradesh,Niwari,Lentil,Rabi,,,,680.0,944.0,946.0,945.0,945.0,682.0
Madhya Pradesh,Niwari,Maize,Kharif,,,,,1794.0,2077.0,2085.0,1832.0,1741.0
Madhya Pradesh,Niwari,Maize,Rabi,,,,,,,,,3803.0
Madhya Pradesh,Niwari,Moong,Kharif,,,,,303.0,400.0,398.0,550.0,390.0
Madhya Pradesh,Niwari,Moong,Summer,,,,,,,1000.0,670.0,670.0
Madhya Pradesh,Niwari,Rice,Kharif,,,,,797.0,1135.0,1942.0,1174.0,757.0
Madhya Pradesh,Niwari,Shree Anna /Nutri Cereals,Kharif,,,,,1214.0,1133.0,1542.0,,1458.0
Madhya Pradesh,Niwari,Tur,Kharif,,,,,1000.0,,,,1001.0
Madhya Pradesh,Niwari,Urad,Kharif,,,,,130.0,276.0,612.0,610.0,549.0
Madhya Pradesh,Niwari,Urad,Summer,,,,,,545.0,,,0.0
Madhya Pradesh,Niwari,Wheat,Rabi,,,,3153.0,2590.0,2822.0,2822.0,2586.0,2449.0
Madhya Pradesh,Pandhurna,Bajra,Kharif,,,,,,,,,1020.0
Madhya Pradesh,Pandhurna,Gram,Rabi,,,,,,,,,1732.0
Madhya Pradesh,Pandhurna,Jowar,Kharif,,,,,,,,,1434.0
Madhya Pradesh,Pandhurna,Lentil,Rabi,,,,,,,,,913.0
Madhya Pradesh,Pandhurna,Maize,Kharif,,,,,,,,,3434.0
Madhya Pradesh,Pandhurna,Maize,Rabi,,,,,,,,,3961.0
Madhya Pradesh,Pandhurna,Maize,Summer,,,,,,,,,4980.0
Madhya Pradesh,Pandhurna,Moong,Kharif,,,,,,,,,455.0
Madhya Pradesh,Pandhurna,Moong,Summer,,,,,,,,,825.0
Madhya Pradesh,Pandhurna,Rice,Kharif,,,,,,,,,2029.0
Madhya Pradesh,Pandhurna,Shree Anna /Nutri Cereals,Kharif,,,,,,,,,1425.0
Madhya Pradesh,Pandhurna,Small Millets,Kharif,,,,,,,,,980.0
Madhya Pradesh,Pandhurna,Tur,Kharif,,,,,,,,,740.0
Madhya Pradesh,Pandhurna,Urad,Kharif,,,,,,,,,446.0
Madhya Pradesh,Pandhurna,Urad,Summer,,,,,,,,,1010.0
Madhya Pradesh,Pandhurna,Wheat,Rabi,,,,,,,,,2865.0
Madhya Pradesh,Panna,Bajra,Kharif,,,1250.0,1300.0,1254.0,,1500.0,1403.0,1500.0
Madhya Pradesh,Panna,Barley,Kharif,3167.0,2088.0,1858.0,,,,,,
Madhya Pradesh,Panna,Barley,Rabi,,,,1617.0,1975.0,2164.0,1560.0,1690.0,1918.0
Madhya Pradesh,Panna,Gram,Rabi,1489.0,1784.0,1567.0,1706.0,1804.0,1766.0,1726.0,1404.0,1556.0
Madhya Pradesh,Panna,Jowar,Kharif,2000.0,2320.0,1594.0,2414.0,1596.0,1796.0,1786.0,1724.0,1910.0
Madhya Pradesh,Panna,Lentil,Rabi,913.0,1006.0,1358.0,1039.0,1008.0,1118.0,1118.0,1118.0,1013.0
Madhya Pradesh,Panna,Maize,Kharif,2000.0,1350.0,1861.0,1813.0,2009.0,2258.0,2460.0,2159.0,2052.0
Madhya Pradesh,Panna,Maize,Rabi,,,,,,,,,3229.0
Madhya Pradesh,Panna,Moong,Kharif,500.0,461.0,501.0,573.0,512.0,590.0,426.0,651.0,505.0
Madhya Pradesh,Panna,Moong,Summer,,1000.0,,711.0,850.0,,851.0,731.0,731.0
Madhya Pradesh,Panna,Rice,Kharif,2599.0,2401.0,1106.0,1807.0,1941.0,1921.0,3145.0,1964.0,2037.0
Madhya Pradesh,Panna,Shree Anna /Nutri Cereals,Kharif,2000.0,2320.0,1583.0,2399.0,1591.0,1790.0,1714.0,1592.0,1642.0
Madhya Pradesh,Panna,Small Millets,Kharif,,,500.0,500.0,,462.0,524.0,525.0,525.0
Madhya Pradesh,Panna,Tur,Kharif,1300.0,1649.0,1203.0,1720.0,1260.0,1013.0,1013.0,980.0,880.0
Madhya Pradesh,Panna,Urad,Kharif,667.0,814.0,501.0,293.0,520.0,617.0,617.0,633.0,639.0
Madhya Pradesh,Panna,Urad,Summer,,,143.0,867.0,,981.0,1070.0,1170.0,1170.0
Madhya Pradesh,Panna,Wheat,Rabi,3065.0,2706.0,2713.0,2467.0,2430.0,2820.0,2820.0,2813.0,2899.0
Madhya Pradesh,Raisen,Bajra,Kharif,,,3000.0,1538.0,1500.0,,1500.0,,1500.0
Madhya Pradesh,Raisen,Barley,Kharif,3111.0,2300.0,2000.0,,,,,,
Madhya Pradesh,Raisen,Barley,Rabi,,,,4000.0,,,,,
Madhya Pradesh,Raisen,Gram,Rabi,1492.0,1674.0,1739.0,1622.0,1910.0,1570.0,2040.0,1635.0,1656.0
Madhya Pradesh,Raisen,Jowar,Kharif,,1854.0,2169.0,2134.0,2270.0,2483.0,2474.0,2282.0,2380.0
Madhya Pradesh,Raisen,Lentil,Rabi,1645.0,1394.0,886.0,886.0,1290.0,1324.0,1310.0,1311.0,976.0
Madhya Pradesh,Raisen,Maize,Kharif,1571.0,1657.0,1735.0,1377.0,1739.0,2190.0,2190.0,2030.0,1929.0
Madhya Pradesh,Raisen,Maize,Rabi,,,,,,,,,3362.0
Madhya Pradesh,Raisen,Maize,Summer,,3000.0,,1850.0,1850.0,,,,4810.0
Madhya Pradesh,Raisen,Moong,Kharif,,1517.0,231.0,154.0,410.0,210.0,566.0,615.0,540.0
Madhya Pradesh,Raisen,Moong,Summer,,1349.0,,1220.0,1220.0,,1270.0,1198.0,1207.0
Madhya Pradesh,Raisen,Rice,Kharif,2257.0,2115.0,2363.0,2108.0,2175.0,2277.0,3561.0,2197.0,2414.0
Madhya Pradesh,Raisen,Shree Anna /Nutri Cereals,Kharif,820.0,1854.0,2145.0,2007.0,2258.0,2453.0,2425.0,687.0,1427.0
Madhya Pradesh,Raisen,Small Millets,Kharif,820.0,,1000.0,1200.0,,750.0,,607.0,910.0
Madhya Pradesh,Raisen,Tur,Kharif,1381.0,1016.0,484.0,543.0,1370.0,453.0,815.0,840.0,695.0
Madhya Pradesh,Raisen,Urad,Kharif,1139.0,931.0,251.0,135.0,270.0,290.0,395.0,395.0,546.0
Madhya Pradesh,Raisen,Urad,Summer,,1311.0,208.0,538.0,,800.0,800.0,790.0,790.0
Madhya Pradesh,Raisen,Wheat,Rabi,3267.0,3278.0,3192.0,4073.0,3459.0,3349.0,3349.0,3523.0,3207.0
Madhya Pradesh,Rajgarh,Bajra,Kharif,,,1250.0,923.0,,1000.0,1000.0,935.0,1046.0
Madhya Pradesh,Rajgarh,Barley,Kharif,3333.0,2700.0,1857.0,,,,,,
Madhya Pradesh,Rajgarh,Barley,Rabi,,,,2850.0,3083.0,3000.0,,2250.0,1920.0
Madhya Pradesh,Rajgarh,Gram,Rabi,1310.0,1172.0,1271.0,1609.0,1690.0,1688.0,1600.0,1301.0,1417.0
Madhya Pradesh,Rajgarh,Jowar,Kharif,1000.0,1800.0,712.0,963.0,1100.0,1493.0,1492.0,1370.0,1591.0
Madhya Pradesh,Rajgarh,Lentil,Rabi,1324.0,1200.0,798.0,1010.0,1420.0,1200.0,1160.0,1160.0,1116.0
Madhya Pradesh,Rajgarh,Maize,Kharif,2735.0,3150.0,1707.0,1180.0,1597.0,2544.0,2644.0,2353.0,2256.0
Madhya Pradesh,Rajgarh,Maize,Rabi,,,,,,,,,2440.0
Madhya Pradesh,Rajgarh,Maize,Summer,,4000.0,,,0.0,,,1460.0,4825.0
Madhya Pradesh,Rajgarh,Moong,Kharif,,406.0,223.0,390.0,238.0,416.0,532.0,526.0,526.0
Madhya Pradesh,Rajgarh,Moong,Summer,,800.0,269.0,,931.0,,930.0,799.0,799.0
Madhya Pradesh,Rajgarh,Rice,Kharif,2660.0,649.0,1206.0,1555.0,1584.0,1605.0,2309.0,1398.0,1464.0
Madhya Pradesh,Rajgarh,Rice,Summer,,,,,2666.0,,,,
Madhya Pradesh,Rajgarh,Shree Anna /Nutri Cereals,Kharif,1000.0,1800.0,737.0,957.0,1100.0,1488.0,812.0,799.0,1426.0
Madhya Pradesh,Rajgarh,Small Millets,Kharif,,,412.0,,,,790.0,790.0,
Madhya Pradesh,Rajgarh,Tur,Kharif,,1208.0,480.0,584.0,519.0,661.0,710.0,835.0,711.0
Madhya Pradesh,Rajgarh,Urad,Kharif,824.0,610.0,166.0,199.0,330.0,540.0,609.0,610.0,546.0
Madhya Pradesh,Rajgarh,Urad,Summer,,,238.0,,,,,,0.0
Madhya Pradesh,Rajgarh,Wheat,Rabi,3547.0,3485.0,3523.0,2861.0,3238.0,3376.0,3376.0,2873.0,3443.0
Madhya Pradesh,Ratlam,Bajra,Kharif,,,2412.0,1091.0,1214.0,,1667.0,,1538.0
Madhya Pradesh,Ratlam,Barley,Kharif,3333.0,3207.0,4222.0,,,,,,
Madhya Pradesh,Ratlam,Barley,Rabi,,,,3286.0,2846.0,3000.0,,1850.0,1466.0
Madhya Pradesh,Ratlam,Gram,Rabi,1000.0,1426.0,1002.0,1521.0,1844.0,1050.0,1720.0,1399.0,1455.0
Madhya Pradesh,Ratlam,Jowar,Kharif,,1750.0,2480.0,1400.0,2353.0,,2000.0,1810.0,1490.0
Madhya Pradesh,Ratlam,Lentil,Rabi,,879.0,675.0,520.0,810.0,1550.0,1550.0,1401.0,720.0
Madhya Pradesh,Ratlam,Maize,Kharif,2635.0,2919.0,4057.0,1686.0,3226.0,3637.0,2960.0,2599.0,2461.0
Madhya Pradesh,Ratlam,Maize,Rabi,,,,,,,,,1937.0
Madhya Pradesh,Ratlam,Maize,Summer,,,,3300.0,2920.0,,,3020.0,4820.0
Madhya Pradesh,Ratlam,Moong,Kharif,,721.0,771.0,472.0,372.0,778.0,759.0,782.0,581.0
Madhya Pradesh,Ratlam,Moong,Summer,,1333.0,,1180.0,1180.0,,1174.0,1013.0,1014.0
Madhya Pradesh,Ratlam,Rice,Kharif,660.0,,539.0,625.0,622.0,1364.0,2081.0,1277.0,842.0
Madhya Pradesh,Ratlam,Rice,Summer,,,,833.0,2033.0,,,,
Madhya Pradesh,Ratlam,Shree Anna /Nutri Cereals,Kharif,,1750.0,2419.0,1290.0,1839.0,731.0,1800.0,1810.0,1524.0
Madhya Pradesh,Ratlam,Small Millets,Kharif,,,1000.0,,,731.0,,,
Madhya Pradesh,Ratlam,Tur,Kharif,,1421.0,903.0,447.0,715.0,744.0,806.0,918.0,867.0
Madhya Pradesh,Ratlam,Urad,Kharif,864.0,720.0,636.0,416.0,534.0,644.0,644.0,644.0,643.0
Madhya Pradesh,Ratlam,Urad,Summer,,,289.0,1048.0,,,0.0,590.0,720.0
Madhya Pradesh,Ratlam,Wheat,Rabi,3385.0,3580.0,3047.0,3620.0,5010.0,4785.0,4685.0,3161.0,3488.0
Madhya Pradesh,Rewa,Bajra,Kharif,,1655.0,583.0,469.0,280.0,424.0,683.0,1010.0,780.0
Madhya Pradesh,Rewa,Barley,Kharif,3500.0,1337.0,1366.0,,,,,,
Madhya Pradesh,Rewa,Barley,Rabi,,,,1652.0,1481.0,1806.0,1380.0,1580.0,1651.0
Madhya Pradesh,Rewa,Gram,Rabi,1508.0,1375.0,1368.0,1223.0,1494.0,1312.0,1605.0,1305.0,1441.0
Madhya Pradesh,Rewa,Jowar,Kharif,1318.0,2258.0,956.0,865.0,921.0,1209.0,1278.0,1268.0,1480.0
Madhya Pradesh,Rewa,Lentil,Rabi,1000.0,1087.0,578.0,867.0,609.0,1330.0,1330.0,1311.0,839.0
Madhya Pradesh,Rewa,Maize,Kharif,1500.0,835.0,1766.0,1318.0,1439.0,1989.0,2446.0,2347.0,2230.0
Madhya Pradesh,Rewa,Maize,Rabi,,,,,,,,,3200.0
Madhya Pradesh,Rewa,Moong,Kharif,476.0,554.0,464.0,464.0,635.0,380.0,380.0,474.0,375.0
Madhya Pradesh,Rewa,Moong,Summer,,1056.0,500.0,610.0,877.0,,917.0,799.0,799.0
Madhya Pradesh,Rewa,Rice,Kharif,2794.0,5160.0,1926.0,2701.0,2701.0,2754.0,3987.0,2275.0,2949.0
Madhya Pradesh,Rewa,Shree Anna /Nutri Cereals,Kharif,1304.0,2089.0,750.0,837.0,848.0,1092.0,945.0,879.0,883.0
Madhya Pradesh,Rewa,Small Millets,Kharif,1000.0,1044.0,538.0,664.0,,665.0,828.0,827.0,842.0
Madhya Pradesh,Rewa,Tur,Kharif,1366.0,687.0,593.0,652.0,1355.0,593.0,881.0,881.0,690.0
Madhya Pradesh,Rewa,Urad,Kharif,632.0,568.0,590.0,590.0,420.0,506.0,635.0,635.0,589.0
Madhya Pradesh,Rewa,Urad,Summer,,,357.0,631.0,,643.0,625.0,630.0,630.0
Madhya Pradesh,Rewa,Wheat,Rabi,2872.0,2880.0,3007.0,3139.0,2585.0,2860.0,2860.0,2908.0,3018.0
Madhya Pradesh,Sagar,Bajra,Kharif,,,1737.0,1267.0,1000.0,1036.0,1269.0,1187.0,1162.0
Madhya Pradesh,Sagar,Barley,Kharif,2333.0,1000.0,2097.0,,,,,,
Madhya Pradesh,Sagar,Barley,Rabi,,,,2411.0,2096.0,1667.0,1508.0,1506.0,1506.0
Madhya Pradesh,Sagar,Gram,Rabi,1388.0,1320.0,1166.0,1618.0,1300.0,1296.0,1296.0,1054.0,1565.0
Madhya Pradesh,Sagar,Jowar,Kharif,1333.0,2250.0,2361.0,1877.0,1879.0,1912.0,2160.0,1984.0,2159.0
Madhya Pradesh,Sagar,Lentil,Rabi,1212.0,1185.0,1258.0,996.0,1080.0,943.0,943.0,1135.0,1110.0
Madhya Pradesh,Sagar,Maize,Kharif,1200.0,1050.0,1927.0,2236.0,2319.0,2742.0,2965.0,2603.0,2474.0
Madhya Pradesh,Sagar,Maize,Rabi,,,,,,,,,3014.0
Madhya Pradesh,Sagar,Maize,Summer,,,,1200.0,1400.0,,,1400.0,4286.0
Madhya Pradesh,Sagar,Moong,Kharif,556.0,511.0,669.0,294.0,350.0,740.0,680.0,741.0,685.0
Madhya Pradesh,Sagar,Moong,Summer,,636.0,188.0,750.0,1090.0,,1140.0,1065.0,1151.0
Madhya Pradesh,Sagar,Rice,Kharif,1000.0,1125.0,1065.0,1516.0,1740.0,1747.0,2615.0,1704.0,1410.0
Madhya Pradesh,Sagar,Shree Anna /Nutri Cereals,Kharif,1333.0,2232.0,1898.0,1825.0,1856.0,1809.0,1818.0,1360.0,1789.0
Madhya Pradesh,Sagar,Small Millets,Kharif,,1091.0,264.0,,,500.0,500.0,490.0,490.0
Madhya Pradesh,Sagar,Tur,Kharif,1316.0,1910.0,960.0,1086.0,1050.0,971.0,1071.0,1010.0,1175.0
Madhya Pradesh,Sagar,Urad,Kharif,1048.0,1435.0,563.0,296.0,340.0,775.0,720.0,668.0,495.0
Madhya Pradesh,Sagar,Urad,Summer,,1515.0,146.0,600.0,,600.0,590.0,600.0,600.0
Madhya Pradesh,Sagar,Wheat,Rabi,2757.0,3213.0,2503.0,3327.0,2855.0,2765.0,2765.0,2825.0,2809.0
Madhya Pradesh,Satna,Bajra,Kharif,,1350.0,765.0,565.0,409.0,429.0,500.0,468.0,796.0
Madhya Pradesh,Satna,Barley,Kharif,4286.0,3910.0,864.0,,,,,,
Madhya Pradesh,Satna,Barley,Rabi,,,,1553.0,2026.0,2010.0,1460.0,1709.0,1880.0
Madhya Pradesh,Satna,Gram,Rabi,1750.0,1477.0,1412.0,1760.0,1785.0,1511.0,1702.0,1384.0,1342.0
Madhya Pradesh,Satna,Jowar,Kharif,2143.0,2476.0,1063.0,685.0,729.0,1199.0,1205.0,1199.0,1405.0
Madhya Pradesh,Satna,Lentil,Rabi,1093.0,1152.0,363.0,392.0,1130.0,1368.0,1330.0,1331.0,849.0
Madhya Pradesh,Satna,Maize,Kharif,,1736.0,1306.0,1487.0,917.0,1429.0,1889.0,1657.0,1709.0
Madhya Pradesh,Satna,Maize,Rabi,,,,,,,,,2755.0
Madhya Pradesh,Satna,Maize,Summer,,,,1520.0,1590.0,,,,
Madhya Pradesh,Satna,Moong,Kharif,400.0,391.0,211.0,108.0,490.0,313.0,436.0,472.0,410.0
Madhya Pradesh,Satna,Moong,Summer,,,500.0,910.0,910.0,,913.0,782.0,782.0
Madhya Pradesh,Satna,Rice,Kharif,3278.0,2461.0,2161.0,2792.0,2792.0,2966.0,4159.0,2400.0,2802.0
Madhya Pradesh,Satna,Shree Anna /Nutri Cereals,Kharif,2000.0,2420.0,1008.0,671.0,701.0,1113.0,1403.0,1120.0,1292.0
Madhya Pradesh,Satna,Small Millets,Kharif,1000.0,,346.0,230.0,,312.0,1570.0,1070.0,1226.0
Madhya Pradesh,Satna,Tur,Kharif,983.0,1537.0,230.0,669.0,1310.0,497.0,735.0,735.0,777.0
Madhya Pradesh,Satna,Urad,Kharif,667.0,423.0,253.0,127.0,260.0,240.0,449.0,449.0,465.0
Madhya Pradesh,Satna,Urad,Summer,,,216.0,1050.0,,721.0,726.0,720.0,720.0
Madhya Pradesh,Satna,Wheat,Rabi,3608.0,3434.0,3675.0,3199.0,2661.0,1144.0,2710.0,3008.0,3167.0
Madhya Pradesh,Sehore,Bajra,Kharif,,1667.0,2455.0,2250.0,1000.0,1333.0,1857.0,,1590.0
Madhya Pradesh,Sehore,Barley,Kharif,,2200.0,2500.0,,,,,,
Madhya Pradesh,Sehore,Barley,Rabi,,,,2500.0,3600.0,2250.0,,,1856.0
Madhya Pradesh,Sehore,Gram,Rabi,1337.0,1648.0,1242.0,1642.0,1800.0,1271.0,1766.0,1436.0,1499.0
Madhya Pradesh,Sehore,Jowar,Kharif,1500.0,2295.0,2571.0,2328.0,1250.0,2380.0,2275.0,2086.0,2270.0
Madhya Pradesh,Sehore,Lentil,Rabi,1250.0,844.0,830.0,920.0,1140.0,637.0,637.0,637.0,1050.0
Madhya Pradesh,Sehore,Maize,Kharif,1583.0,2420.0,3130.0,2009.0,2197.0,3321.0,3221.0,2432.0,2521.0
Madhya Pradesh,Sehore,Maize,Rabi,,,,,,,,,3469.0
Madhya Pradesh,Sehore,Maize,Summer,,,,,,,,,4960.0
Madhya Pradesh,Sehore,Moong,Kharif,,554.0,312.0,174.0,360.0,360.0,460.0,460.0,430.0
Madhya Pradesh,Sehore,Moong,Summer,,1296.0,,1500.0,1500.0,,1460.0,1245.0,1246.0
Madhya Pradesh,Sehore,Rice,Kharif,,2412.0,2233.0,4379.0,4380.0,2603.0,4460.0,2518.0,2533.0
Madhya Pradesh,Sehore,Rice,Rabi,,,,,,,,,2429.0
Madhya Pradesh,Sehore,Shree Anna /Nutri Cereals,Kharif,1500.0,2276.0,2535.0,2323.0,1231.0,2369.0,2228.0,2086.0,1985.0
Madhya Pradesh,Sehore,Tur,Kharif,1364.0,841.0,582.0,568.0,541.0,581.0,660.0,773.0,772.0
Madhya Pradesh,Sehore,Urad,Kharif,,284.0,503.0,259.0,174.0,412.0,518.0,519.0,487.0
Madhya Pradesh,Sehore,Urad,Summer,,1361.0,500.0,,,500.0,,,
Madhya Pradesh,Sehore,Wheat,Rabi,3388.0,3528.0,3089.0,3625.0,3298.0,3438.0,3438.0,3449.0,3670.0
Madhya Pradesh,Seoni,Bajra,Kharif,,,1250.0,1000.0,,,1250.0,1169.0,
Madhya Pradesh,Seoni,Barley,Rabi,,,,,,,,1000.0,
Madhya Pradesh,Seoni,Gram,Rabi,1302.0,1015.0,1103.0,1350.0,1786.0,1660.0,2040.0,1659.0,1508.0
Madhya Pradesh,Seoni,Jowar,Kharif,,2240.0,1143.0,1333.0,1462.0,1800.0,1500.0,1378.0,1850.0
Madhya Pradesh,Seoni,Lentil,Rabi,950.0,812.0,520.0,694.0,810.0,810.0,810.0,810.0,758.0
Madhya Pradesh,Seoni,Maize,Kharif,4621.0,4650.0,4060.0,3735.0,3367.0,4487.0,2790.0,2629.0,2507.0
Madhya Pradesh,Seoni,Maize,Rabi,,,,,,,,,4205.0
Madhya Pradesh,Seoni,Maize,Summer,,3953.0,,4301.0,4300.0,,,4385.0,4895.0
Madhya Pradesh,Seoni,Moong,Kharif,,863.0,468.0,438.0,300.0,444.0,571.0,600.0,500.0
Madhya Pradesh,Seoni,Moong,Summer,,1063.0,,530.0,788.0,,1010.0,867.0,868.0
Madhya Pradesh,Seoni,Rice,Kharif,2473.0,2418.0,1469.0,1871.0,2067.0,2229.0,3344.0,2024.0,2031.0
Madhya Pradesh,Seoni,Rice,Rabi,,,,,,,,,2320.0
Madhya Pradesh,Seoni,Rice,Summer,,1468.0,,1806.0,2453.0,,,2387.0,3052.0
Madhya Pradesh,Seoni,Shree Anna /Nutri Cereals,Kharif,1000.0,1010.0,318.0,409.0,1462.0,432.0,881.0,932.0,935.0
Madhya Pradesh,Seoni,Small Millets,Kharif,1000.0,895.0,310.0,405.0,,424.0,880.0,930.0,930.0
Madhya Pradesh,Seoni,Tur,Kharif,1125.0,1647.0,1072.0,1075.0,1340.0,1218.0,1198.0,901.0,908.0
Madhya Pradesh,Seoni,Urad,Kharif,750.0,403.0,382.0,345.0,352.0,440.0,440.0,440.0,446.0
Madhya Pradesh,Seoni,Urad,Summer,,1527.0,250.0,440.0,,1005.0,1003.0,1005.0,1005.0
Madhya Pradesh,Seoni,Wheat,Rabi,2947.0,2610.0,3092.0,4319.0,4371.0,4232.0,4132.0,3400.0,3448.0
Madhya Pradesh,Shahdol,Bajra,Kharif,,,417.0,375.0,,267.0,333.0,311.0,733.0
Madhya Pradesh,Shahdol,Barley,Kharif,2900.0,1095.0,772.0,,,,,,
Madhya Pradesh,Shahdol,Barley,Rabi,,,,1107.0,982.0,1298.0,838.0,901.0,1099.0
Madhya Pradesh,Shahdol,Gram,Rabi,1125.0,860.0,1070.0,1665.0,1355.0,1644.0,1375.0,1118.0,1192.0
Madhya Pradesh,Shahdol,Jowar,Kharif,1000.0,2150.0,1074.0,1329.0,1291.0,1591.0,1182.0,1057.0,1250.0
Madhya Pradesh,Shahdol,Lentil,Rabi,500.0,740.0,645.0,750.0,870.0,892.0,891.0,890.0,570.0
Madhya Pradesh,Shahdol,Maize,Kharif,1933.0,1889.0,1792.0,1867.0,1869.0,2255.0,2255.0,1888.0,1882.0
Madhya Pradesh,Shahdol,Maize,Rabi,,,,,,,,,2590.0
Madhya Pradesh,Shahdol,Maize,Summer,,4000.0,,,1132.0,,,1130.0,3850.0
Madhya Pradesh,Shahdol,Moong,Kharif,,725.0,450.0,563.0,292.0,,400.0,471.0,389.0
Madhya Pradesh,Shahdol,Moong,Summer,,1250.0,,,718.0,,703.0,614.0,614.0
Madhya Pradesh,Shahdol,Rice,Kharif,2448.0,1394.0,1380.0,2253.0,2253.0,1677.0,2615.0,1643.0,1880.0
Madhya Pradesh,Shahdol,Rice,Summer,,2000.0,,,,,,2373.0,2639.0
Madhya Pradesh,Shahdol,Shree Anna /Nutri Cereals,Kharif,889.0,1230.0,558.0,781.0,1291.0,872.0,493.0,788.0,796.0
Madhya Pradesh,Shahdol,Small Millets,Kharif,857.0,1024.0,544.0,761.0,,870.0,492.0,786.0,795.0
Madhya Pradesh,Shahdol,Tur,Kharif,,950.0,464.0,1147.0,980.0,625.0,650.0,795.0,745.0
Madhya Pradesh,Shahdol,Urad,Kharif,929.0,740.0,447.0,493.0,410.0,540.0,540.0,540.0,524.0
Madhya Pradesh,Shahdol,Urad,Summer,,1364.0,308.0,,,852.0,857.0,850.0,850.0
Madhya Pradesh,Shahdol,Wheat,Rabi,1698.0,2182.0,2424.0,2483.0,1879.0,2089.0,2089.0,1687.0,2107.0
Madhya Pradesh,Shajapur,Bajra,Kharif,,1250.0,1167.0,500.0,,,500.0,842.0,900.0
Madhya Pradesh,Shajapur,Barley,Kharif,,,2000.0,,,,,,
Madhya Pradesh,Shajapur,Barley,Rabi,,,,2000.0,,,,,
Madhya Pradesh,Shajapur,Gram,Rabi,1043.0,953.0,736.0,2586.0,1560.0,1240.0,1300.0,1159.0,1282.0
Madhya Pradesh,Shajapur,Jowar,Kharif,,1950.0,1646.0,871.0,1286.0,1410.0,1393.0,1296.0,1510.0
Madhya Pradesh,Shajapur,Lentil,Rabi,1059.0,1117.0,470.0,514.0,1120.0,1500.0,1420.0,1361.0,863.0
Madhya Pradesh,Shajapur,Maize,Kharif,1500.0,1651.0,1313.0,874.0,1360.0,2307.0,2406.0,2113.0,3205.0
Madhya Pradesh,Shajapur,Maize,Rabi,,,,,,,,,3293.0
Madhya Pradesh,Shajapur,Maize,Summer,,4000.0,,,,,,2350.0,4350.0
Madhya Pradesh,Shajapur,Moong,Kharif,,550.0,254.0,179.0,176.0,292.0,333.0,346.0,311.0
Madhya Pradesh,Shajapur,Moong,Summer,,,,908.0,908.0,,907.0,773.0,773.0
Madhya Pradesh,Shajapur,Rice,Kharif,,800.0,500.0,1330.0,1330.0,1212.0,1947.0,1180.0,826.0
Madhya Pradesh,Shajapur,Shree Anna /Nutri Cereals,Kharif,,1923.0,1541.0,848.0,1286.0,1410.0,1333.0,1250.0,1198.0
Madhya Pradesh,Shajapur,Small Millets,Kharif,,,1000.0,,,,,,
Madhya Pradesh,Shajapur,Tur,Kharif,,725.0,551.0,405.0,443.0,510.0,546.0,641.0,748.0
Madhya Pradesh,Shajapur,Urad,Kharif,,580.0,326.0,191.0,181.0,253.0,396.0,398.0,398.0
Madhya Pradesh,Shajapur,Urad,Summer,,1300.0,500.0,,,571.0,1000.0,660.0,780.0
Madhya Pradesh,Shajapur,Wheat,Rabi,3346.0,3604.0,2819.0,5389.0,3244.0,3283.0,3283.0,2971.0,3279.0
Madhya Pradesh,Sheopur,Bajra,Kharif,2250.0,1310.0,1810.0,1783.0,1615.0,1305.0,1674.0,1842.0,2210.0
Madhya Pradesh,Sheopur,Barley,Kharif,3333.0,3457.0,3625.0,,,,,,
Madhya Pradesh,Sheopur,Barley,Rabi,,,,3407.0,3778.0,3750.0,,1750.0,1810.0
Madhya Pradesh,Sheopur,Gram,Rabi,1800.0,1852.0,2472.0,2277.0,1818.0,1920.0,1930.0,1554.0,1767.0
Madhya Pradesh,Sheopur,Jowar,Kharif,,2240.0,2378.0,2307.0,2220.0,2230.0,2227.0,2044.0,2175.0
Madhya Pradesh,Sheopur,Lentil,Rabi,,950.0,1500.0,1400.0,1000.0,1000.0,1413.0,,
Madhya Pradesh,Sheopur,Maize,Kharif,2500.0,2152.0,1796.0,2303.0,2212.0,1664.0,2166.0,1902.0,1807.0
Madhya Pradesh,Sheopur,Maize,Rabi,,,,,,,,,3617.0
Madhya Pradesh,Sheopur,Moong,Kharif,,801.0,752.0,577.0,645.0,,603.0,1001.0,570.0
Madhya Pradesh,Sheopur,Moong,Summer,,,,601.0,1000.0,,980.0,842.0,893.0
Madhya Pradesh,Sheopur,Rice,Kharif,2456.0,2835.0,3910.0,3417.0,3417.0,3048.0,4372.0,2548.0,2848.0
Madhya Pradesh,Sheopur,Shree Anna /Nutri Cereals,Kharif,2250.0,1403.0,1824.0,1792.0,1632.0,1314.0,1677.0,1843.0,2210.0
Madhya Pradesh,Sheopur,Small Millets,Kharif,,,,,,,,,
Madhya Pradesh,Sheopur,Tur,Kharif,1000.0,910.0,840.0,1054.0,825.0,656.0,961.0,1006.0,918.0
Madhya Pradesh,Sheopur,Urad,Kharif,,992.0,835.0,596.0,675.0,270.0,670.0,695.0,450.0
Madhya Pradesh,Sheopur,Urad,Summer,,,500.0,,,682.0,667.0,780.0,900.0
Madhya Pradesh,Sheopur,Wheat,Rabi,4106.0,3944.0,4323.0,4496.0,5468.0,5016.0,4375.0,3914.0,3638.0
Madhya Pradesh,Shivpuri,Bajra,Kharif,2625.0,1467.0,1688.0,1529.0,1440.0,986.0,1600.0,1697.0,1685.0
Madhya Pradesh,Shivpuri,Barley,Kharif,3043.0,2249.0,1784.0,,,,,,
Madhya Pradesh,Shivpuri,Barley,Rabi,,,,1521.0,2488.0,2178.0,1680.0,1740.0,1750.0
Madhya Pradesh,Shivpuri,Gram,Rabi,1391.0,1350.0,1116.0,1375.0,1580.0,1496.0,1600.0,1301.0,1637.0
Madhya Pradesh,Shivpuri,Jowar,Kharif,,1975.0,1031.0,899.0,623.0,1014.0,1016.0,1048.0,1240.0
Madhya Pradesh,Shivpuri,Lentil,Rabi,1200.0,1053.0,414.0,497.0,1200.0,1151.0,1140.0,1145.0,798.0
Madhya Pradesh,Shivpuri,Maize,Kharif,1700.0,2520.0,2022.0,1392.0,1890.0,2208.0,2608.0,2524.0,3121.0
Madhya Pradesh,Shivpuri,Maize,Rabi,,,,,,,,,3064.0
Madhya Pradesh,Shivpuri,Maize,Summer,,,,,,,,2772.0,4870.0
Madhya Pradesh,Shivpuri,Moong,Kharif,818.0,586.0,361.0,321.0,432.0,291.0,490.0,653.0,470.0
Madhya Pradesh,Shivpuri,Moong,Summer,,1000.0,,736.0,736.0,,735.0,678.0,683.0
Madhya Pradesh,Shivpuri,Rice,Kharif,2809.0,2455.0,1689.0,2651.0,2660.0,1747.0,3554.0,2146.0,2651.0
Madhya Pradesh,Shivpuri,Rice,Rabi,,,,,,,,,2501.0
Madhya Pradesh,Shivpuri,Rice,Summer,,,,2173.0,2775.0,,,2673.0,3142.0
Madhya Pradesh,Shivpuri,Shree Anna /Nutri Cereals,Kharif,2625.0,1489.0,1665.0,1519.0,1429.0,986.0,1588.0,1676.0,1652.0
Madhya Pradesh,Shivpuri,Small Millets,Kharif,,,,,,,,,486.0
Madhya Pradesh,Shivpuri,Tur,Kharif,,,578.0,524.0,524.0,579.0,750.0,750.0,625.0
Madhya Pradesh,Shivpuri,Urad,Kharif,519.0,857.0,356.0,316.0,260.0,287.0,360.0,426.0,360.0
Madhya Pradesh,Shivpuri,Urad,Summer,,,361.0,592.0,,680.0,783.0,780.0,780.0
Madhya Pradesh,Shivpuri,Wheat,Rabi,3106.0,2823.0,3099.0,2732.0,2956.0,3310.0,3310.0,2835.0,3193.0
Madhya Pradesh,Sidhi,Bajra,Kharif,,1425.0,500.0,346.0,,222.0,750.0,701.0,750.0
Madhya Pradesh,Sidhi,Barley,Kharif,3250.0,1339.0,1111.0,,,,,,
Madhya Pradesh,Sidhi,Barley,Rabi,,,,1455.0,2324.0,1437.0,1100.0,1405.0,1446.0
Madhya Pradesh,Sidhi,Gram,Rabi,1371.0,1298.0,1042.0,1235.0,1725.0,1237.0,1321.0,1074.0,1168.0
Madhya Pradesh,Sidhi,Jowar,Kharif,1625.0,2285.0,1328.0,1199.0,1276.0,1399.0,1500.0,1469.0,1600.0
Madhya Pradesh,Sidhi,Lentil,Rabi,857.0,1240.0,755.0,755.0,1280.0,833.0,833.0,833.0,933.0
Madhya Pradesh,Sidhi,Maize,Kharif,2563.0,2212.0,1827.0,1682.0,1687.0,2113.0,2558.0,2581.0,2453.0
Madhya Pradesh,Sidhi,Maize,Rabi,,,,,,,,,2842.0
Madhya Pradesh,Sidhi,Maize,Summer,,,,,,,,1352.0,3942.0
Madhya Pradesh,Sidhi,Moong,Kharif,889.0,501.0,396.0,352.0,563.0,412.0,412.0,474.0,350.0
Madhya Pradesh,Sidhi,Moong,Summer,,,200.0,667.0,667.0,,1000.0,657.0,657.0
Madhya Pradesh,Sidhi,Rice,Kharif,2686.0,1779.0,1565.0,2128.0,2128.0,2981.0,3535.0,2161.0,2368.0
Madhya Pradesh,Sidhi,Shree Anna /Nutri Cereals,Kharif,1286.0,1648.0,949.0,1103.0,1276.0,1128.0,1052.0,1164.0,993.0
Madhya Pradesh,Sidhi,Small Millets,Kharif,833.0,1038.0,641.0,786.0,,801.0,871.0,871.0,890.0
Madhya Pradesh,Sidhi,Tur,Kharif,952.0,1493.0,461.0,1195.0,1320.0,683.0,720.0,780.0,690.0
Madhya Pradesh,Sidhi,Urad,Kharif,625.0,517.0,451.0,407.0,390.0,470.0,470.0,470.0,470.0
Madhya Pradesh,Sidhi,Urad,Summer,,,300.0,760.0,,833.0,1000.0,762.0,762.0
Madhya Pradesh,Sidhi,Wheat,Rabi,2871.0,2593.0,3025.0,2374.0,2330.0,2527.0,2527.0,2307.0,2395.0
Madhya Pradesh,Singrauli,Bajra,Kharif,,2689.0,1228.0,913.0,467.0,750.0,1273.0,1190.0,1438.0
Madhya Pradesh,Singrauli,Barley,Kharif,3846.0,3547.0,2734.0,,,,,,
Madhya Pradesh,Singrauli,Barley,Rabi,,,,2784.0,1390.0,1740.0,2030.0,1870.0,1756.0
Madhya Pradesh,Singrauli,Gram,Rabi,1167.0,950.0,2539.0,2282.0,1800.0,1347.0,1319.0,1073.0,1454.0
Madhya Pradesh,Singrauli,Jowar,Kharif,1375.0,2200.0,1333.0,1128.0,880.0,1351.0,1351.0,1333.0,1551.0
Madhya Pradesh,Singrauli,Lentil,Rabi,600.0,798.0,1108.0,1208.0,1219.0,1192.0,1192.0,1193.0,995.0
Madhya Pradesh,Singrauli,Maize,Kharif,2467.0,2748.0,2627.0,2641.0,1775.0,2763.0,2563.0,1811.0,1721.0
Madhya Pradesh,Singrauli,Maize,Rabi,,,,,,,,,2037.0
Madhya Pradesh,Singrauli,Maize,Summer,,3800.0,,1410.0,1610.0,,,1610.0,4442.0
Madhya Pradesh,Singrauli,Moong,Kharif,,527.0,636.0,498.0,149.0,633.0,439.0,618.0,600.0
Madhya Pradesh,Singrauli,Moong,Summer,,800.0,,,310.0,,,692.0,692.0
Madhya Pradesh,Singrauli,Rice,Kharif,3333.0,2456.0,2481.0,3269.0,3269.0,3091.0,3070.0,1882.0,2617.0
Madhya Pradesh,Singrauli,Shree Anna /Nutri Cereals,Kharif,1045.0,2023.0,1050.0,1160.0,878.0,1101.0,1069.0,1140.0,1279.0
Madhya Pradesh,Singrauli,Small Millets,Kharif,857.0,974.0,921.0,1203.0,,700.0,978.0,1061.0,1110.0
Madhya Pradesh,Singrauli,Tur,Kharif,957.0,1090.0,1497.0,2338.0,1675.0,1205.0,640.0,880.0,780.0
Madhya Pradesh,Singrauli,Urad,Kharif,667.0,556.0,624.0,490.0,385.0,624.0,624.0,624.0,531.0
Madhya Pradesh,Singrauli,Urad,Summer,,,246.0,437.0,,931.0,931.0,930.0,920.0
Madhya Pradesh,Singrauli,Wheat,Rabi,2625.0,2649.0,2726.0,4829.0,5599.0,4056.0,4056.0,2628.0,2625.0
Madhya Pradesh,Tikamgarh,Bajra,Kharif,,,857.0,889.0,1000.0,833.0,1000.0,,938.0
Madhya Pradesh,Tikamgarh,Barley,Kharif,3000.0,3182.0,1652.0,,,,,,
Madhya Pradesh,Tikamgarh,Barley,Rabi,,,,2492.0,2344.0,2350.0,1740.0,1990.0,1905.0
Madhya Pradesh,Tikamgarh,Gram,Rabi,1316.0,1136.0,1304.0,1711.0,1450.0,1839.0,1246.0,1013.0,1235.0
Madhya Pradesh,Tikamgarh,Jowar,Kharif,1000.0,2040.0,1571.0,1078.0,1188.0,1381.0,1625.0,1581.0,1820.0
Madhya Pradesh,Tikamgarh,Lentil,Rabi,1000.0,920.0,564.0,667.0,930.0,962.0,962.0,962.0,804.0
Madhya Pradesh,Tikamgarh,Maize,Kharif,2000.0,1053.0,1892.0,1415.0,1429.0,2141.0,2153.0,1883.0,1790.0
Madhya Pradesh,Tikamgarh,Maize,Rabi,,,,,,,,,4018.0
Madhya Pradesh,Tikamgarh,Maize,Summer,,,,,,,,,4535.0
Madhya Pradesh,Tikamgarh,Moong,Kharif,500.0,340.0,384.0,233.0,390.0,413.0,482.0,500.0,365.0
Madhya Pradesh,Tikamgarh,Moong,Summer,,,302.0,,,,738.0,636.0,636.0
Madhya Pradesh,Tikamgarh,Rice,Kharif,1000.0,360.0,588.0,635.0,800.0,1090.0,1937.0,1172.0,875.0
Madhya Pradesh,Tikamgarh,Shree Anna /Nutri Cereals,Kharif,1000.0,2010.0,1563.0,1077.0,1184.0,1372.0,1500.0,1581.0,1168.0
Madhya Pradesh,Tikamgarh,Small Millets,Kharif,,500.0,,,,,,,
Madhya Pradesh,Tikamgarh,Tur,Kharif,1000.0,1500.0,239.0,308.0,556.0,,,916.0,750.0
Madhya Pradesh,Tikamgarh,Urad,Kharif,1238.0,989.0,243.0,90.0,139.0,261.0,530.0,556.0,530.0
Madhya Pradesh,Tikamgarh,Urad,Summer,,1250.0,250.0,,,542.0,529.0,540.0,540.0
Madhya Pradesh,Tikamgarh,Wheat,Rabi,2807.0,2501.0,2829.0,3066.0,2877.0,3000.0,3000.0,2898.0,2710.0
Madhya Pradesh,Ujjain,Bajra,Kharif,,,1382.0,1095.0,1000.0,1042.0,1231.0,1151.0,1231.0
Madhya Pradesh,Ujjain,Barley,Kharif,,2000.0,1750.0,,,,,,
Madhya Pradesh,Ujjain,Barley,Rabi,,,,2714.0,,,,1667.0,1730.0
Madhya Pradesh,Ujjain,Gram,Rabi,1327.0,1484.0,844.0,1461.0,1450.0,1456.0,1600.0,1301.0,1340.0
Madhya Pradesh,Ujjain,Jowar,Kharif,,2167.0,1556.0,1000.0,1082.0,1766.0,1810.0,1606.0,1848.0
Madhya Pradesh,Ujjain,Lentil,Rabi,,471.0,320.0,569.0,950.0,1150.0,1150.0,1150.0,756.0
Madhya Pradesh,Ujjain,Maize,Kharif,2000.0,1250.0,2314.0,1336.0,1959.0,2642.0,3036.0,2980.0,2832.0
Madhya Pradesh,Ujjain,Maize,Rabi,,,,,,,,,4033.0
Madhya Pradesh,Ujjain,Maize,Summer,,3667.0,,,1150.0,,,1150.0,4990.0
Madhya Pradesh,Ujjain,Moong,Kharif,333.0,369.0,429.0,274.0,353.0,571.0,500.0,500.0,667.0
Madhya Pradesh,Ujjain,Moong,Summer,,899.0,,750.0,750.0,,762.0,730.0,730.0
Madhya Pradesh,Ujjain,Rice,Kharif,,,666.0,1330.0,1048.0,1205.0,1974.0,,802.0
Madhya Pradesh,Ujjain,Rice,Summer,,1900.0,,,2133.0,,,,
Madhya Pradesh,Ujjain,Shree Anna /Nutri Cereals,Kharif,,2167.0,1471.0,1063.0,1053.0,1568.0,1588.0,1392.0,1367.0
Madhya Pradesh,Ujjain,Tur,Kharif,1429.0,759.0,568.0,500.0,1115.0,1250.0,739.0,852.0,688.0
Madhya Pradesh,Ujjain,Urad,Kharif,1000.0,826.0,733.0,476.0,509.0,710.0,706.0,710.0,759.0
Madhya Pradesh,Ujjain,Urad,Summer,,1000.0,333.0,750.0,,1000.0,,,
Madhya Pradesh,Ujjain,Wheat,Rabi,3797.0,4242.0,2651.0,4324.0,3403.0,3589.0,3589.0,2779.0,3543.0
Madhya Pradesh,Umaria,Bajra,Kharif,,1000.0,1500.0,,,,1000.0,,1000.0
Madhya Pradesh,Umaria,Barley,Kharif,2333.0,750.0,875.0,,,,,,
Madhya Pradesh,Umaria,Barley,Rabi,,,,1271.0,1022.0,1308.0,1014.0,889.0,1115.0
Madhya Pradesh,Umaria,Gram,Rabi,1389.0,1237.0,1314.0,1058.0,1620.0,1148.0,1650.0,1342.0,1292.0
Madhya Pradesh,Umaria,Jowar,Kharif,,2100.0,1676.0,1176.0,1000.0,,1412.0,1298.0,1412.0
Madhya Pradesh,Umaria,Lentil,Rabi,1000.0,871.0,755.0,687.0,1150.0,814.0,814.0,814.0,791.0
Madhya Pradesh,Umaria,Maize,Kharif,2091.0,2280.0,2028.0,2159.0,1684.0,2207.0,2283.0,2243.0,2132.0
Madhya Pradesh,Umaria,Maize,Rabi,,,,,,,,,2526.0
Madhya Pradesh,Umaria,Maize,Summer,,,,,0.0,,,980.0,3880.0
Madhya Pradesh,Umaria,Moong,Kharif,,450.0,486.0,433.0,150.0,,,455.0,384.0
Madhya Pradesh,Umaria,Moong,Summer,,,,,628.0,,630.0,627.0,627.0
Madhya Pradesh,Umaria,Rice,Kharif,1817.0,2333.0,2113.0,1927.0,2033.0,1410.0,2115.0,1307.0,2104.0
Madhya Pradesh,Umaria,Rice,Summer,,1500.0,,,2000.0,,,,2649.0
Madhya Pradesh,Umaria,Shree Anna /Nutri Cereals,Kharif,1000.0,1255.0,698.0,1091.0,1000.0,914.0,868.0,952.0,920.0
Madhya Pradesh,Umaria,Small Millets,Kharif,1000.0,1189.0,694.0,1090.0,,914.0,867.0,952.0,920.0
Madhya Pradesh,Umaria,Tur,Kharif,1158.0,1270.0,430.0,1132.0,1110.0,673.0,695.0,828.0,649.0
Madhya Pradesh,Umaria,Urad,Kharif,714.0,530.0,414.0,511.0,322.0,404.0,460.0,460.0,460.0
Madhya Pradesh,Umaria,Urad,Summer,,,,,,909.0,960.0,990.0,1215.0
Madhya Pradesh,Umaria,Wheat,Rabi,2308.0,2375.0,2240.0,1968.0,1864.0,2073.0,2173.0,2478.0,2521.0
Madhya Pradesh,Vidisha,Bajra,Kharif,,,2722.0,2130.0,857.0,1760.0,2000.0,1870.0,1846.0
Madhya Pradesh,Vidisha,Barley,Kharif,3333.0,3500.0,2160.0,,,,,,
Madhya Pradesh,Vidisha,Barley,Rabi,,,,2077.0,1750.0,3214.0,,1733.0,1810.0
Madhya Pradesh,Vidisha,Gram,Rabi,1173.0,1700.0,1287.0,1550.0,1750.0,1571.0,1850.0,1505.0,1512.0
Madhya Pradesh,Vidisha,Jowar,Kharif,,2450.0,1438.0,1297.0,1841.0,2018.0,2018.0,1985.0,2160.0
Madhya Pradesh,Vidisha,Lentil,Rabi,1385.0,1267.0,752.0,627.0,1210.0,1350.0,1220.0,1160.0,1034.0
Madhya Pradesh,Vidisha,Maize,Kharif,2000.0,2201.0,1459.0,1497.0,2049.0,2456.0,2456.0,2291.0,2178.0
Madhya Pradesh,Vidisha,Maize,Rabi,,,,,,,,,3014.0
Madhya Pradesh,Vidisha,Maize,Summer,,3630.0,,1700.0,1700.0,,,,5096.0
Madhya Pradesh,Vidisha,Moong,Kharif,,200.0,301.0,241.0,264.0,422.0,422.0,465.0,425.0
Madhya Pradesh,Vidisha,Moong,Summer,,947.0,125.0,525.0,1200.0,,1210.0,1211.0,1211.0
Madhya Pradesh,Vidisha,Rice,Kharif,,2267.0,771.0,1245.0,1873.0,1760.0,2840.0,1779.0,1437.0
Madhya Pradesh,Vidisha,Rice,Summer,,,,,,,,,
Madhya Pradesh,Vidisha,Shree Anna /Nutri Cereals,Kharif,1000.0,2450.0,1470.0,1309.0,1827.0,2017.0,1769.0,1753.0,2140.0
Madhya Pradesh,Vidisha,Small Millets,Kharif,1000.0,,,,,,1062.0,870.0,
Madhya Pradesh,Vidisha,Tur,Kharif,1000.0,1140.0,706.0,460.0,663.0,752.0,840.0,840.0,852.0
Madhya Pradesh,Vidisha,Urad,Kharif,818.0,1225.0,497.0,361.0,330.0,603.0,605.0,605.0,675.0
Madhya Pradesh,Vidisha,Urad,Summer,,1194.0,289.0,551.0,,1000.0,1000.0,850.0,850.0
Madhya Pradesh,Vidisha,Wheat,Rabi,2961.0,3900.0,2609.0,2921.0,3066.0,3410.0,3410.0,3100.0,3049.0
Maharashtra,Ahilyanagar,Bajra,Kharif,1023.0,1005.0,645.0,870.0,1522.0,1030.0,1233.0,410.0,1371.0
Maharashtra,Ahilyanagar,Bajra,Summer,,,,,,910.0,910.0,910.0,910.0
Maharashtra,Ahilyanagar,Gram,Rabi,816.0,798.0,524.0,850.0,854.0,984.0,991.0,1034.0,844.0
Maharashtra,Ahilyanagar,Jowar,Kharif,214.0,625.0,297.0,279.0,617.0,1129.0,571.0,127.0,410.0
Maharashtra,Ahilyanagar,Jowar,Rabi,499.0,543.0,126.0,519.0,584.0,682.0,828.0,927.0,892.0
Maharashtra,Ahilyanagar,Maize,Kharif,3123.0,2821.0,3354.0,343.0,3345.0,3185.0,1992.0,1318.0,2891.0
Maharashtra,Ahilyanagar,Maize,Rabi,3883.0,3299.0,1032.0,2939.0,2729.0,2645.0,2343.0,2710.0,3154.0
Maharashtra,Ahilyanagar,Maize,Summer,2688.0,879.0,,2700.0,1320.0,1320.0,1905.0,1905.0,4273.0
Maharashtra,Ahilyanagar,Moong,Kharif,474.0,429.0,176.0,160.0,610.0,604.0,802.0,229.0,779.0
Maharashtra,Ahilyanagar,Moong,Summer,,,,,,184.0,184.0,184.0,184.0
Maharashtra,Ahilyanagar,Ragi,Kharif,1000.0,1000.0,712.0,1155.0,786.0,1182.0,953.0,946.0,863.0
Maharashtra,Ahilyanagar,Rice,Kharif,1747.0,2302.0,413.0,1123.0,1885.0,1893.0,1663.0,465.0,2683.0
Maharashtra,Ahilyanagar,Rice,Summer,,,,,,3113.0,,,
Maharashtra,Ahilyanagar,Shree Anna /Nutri Cereals,Kharif,1016.0,1000.0,641.0,864.0,1515.0,1031.0,1230.0,411.0,1358.0
Maharashtra,Ahilyanagar,Shree Anna /Nutri Cereals,Rabi,499.0,543.0,126.0,519.0,584.0,682.0,828.0,927.0,892.0
Maharashtra,Ahilyanagar,Shree Anna /Nutri Cereals,Summer,,,,,,910.0,910.0,910.0,910.0
Maharashtra,Ahilyanagar,Small Millets,Kharif,,,,,,,,220.0,229.0
Maharashtra,Ahilyanagar,Tur,Kharif,1003.0,994.0,250.0,504.0,758.0,810.0,922.0,507.0,984.0
Maharashtra,Ahilyanagar,Urad,Kharif,446.0,247.0,184.0,217.0,999.0,504.0,1018.0,179.0,1088.0
Maharashtra,Ahilyanagar,Urad,Summer,,,,,,539.0,539.0,538.0,539.0
Maharashtra,Ahilyanagar,Wheat,Rabi,2120.0,2224.0,1899.0,2099.0,2040.0,2252.0,2228.0,2207.0,1997.0
Maharashtra,Akola,Bajra,Kharif,360.0,450.0,146.0,231.0,472.0,361.0,359.0,,
Maharashtra,Akola,Bajra,Summer,,,,,,,,910.0,
Maharashtra,Akola,Gram,Rabi,1034.0,1072.0,975.0,1255.0,1151.0,1261.0,1112.0,1147.0,981.0
Maharashtra,Akola,Jowar,Kharif,1478.0,923.0,1361.0,816.0,771.0,276.0,544.0,215.0,1000.0
Maharashtra,Akola,Jowar,Rabi,1000.0,667.0,,790.0,1108.0,861.0,1231.0,1425.0,792.0
Maharashtra,Akola,Jowar,Summer,,,,,,831.0,831.0,831.0,832.0
Maharashtra,Akola,Maize,Kharif,2000.0,2667.0,1436.0,2164.0,3415.0,2951.0,2979.0,3120.0,2746.0
Maharashtra,Akola,Maize,Rabi,1000.0,1000.0,743.0,1246.0,1290.0,2176.0,1977.0,892.0,1250.0
Maharashtra,Akola,Maize,Summer,1000.0,1887.0,,,,1700.0,1667.0,1667.0,1667.0
Maharashtra,Akola,Moong,Kharif,874.0,329.0,479.0,398.0,61.0,147.0,263.0,382.0,350.0
Maharashtra,Akola,Moong,Summer,,,,,,184.0,184.0,184.0,184.0
Maharashtra,Akola,Rice,Summer,,,,,,2970.0,,,
Maharashtra,Akola,Shree Anna /Nutri Cereals,Kharif,1468.0,918.0,1345.0,811.0,768.0,276.0,472.0,215.0,1000.0
Maharashtra,Akola,Shree Anna /Nutri Cereals,Rabi,1000.0,667.0,,790.0,1108.0,861.0,1231.0,1425.0,792.0
Maharashtra,Akola,Shree Anna /Nutri Cereals,Summer,,,,,,831.0,831.0,831.0,832.0
Maharashtra,Akola,Tur,Kharif,2371.0,1018.0,605.0,2269.0,931.0,2733.0,757.0,1056.0,1257.0
Maharashtra,Akola,Urad,Kharif,884.0,300.0,488.0,356.0,213.0,95.0,309.0,484.0,453.0
Maharashtra,Akola,Urad,Summer,,,,,,,,,539.0
Maharashtra,Akola,Wheat,Rabi,1647.0,1571.0,1325.0,1292.0,1433.0,1675.0,1749.0,1524.0,2211.0
Maharashtra,Amravati,Bajra,Kharif,,442.0,100.0,1000.0,470.0,,,430.0,390.0
Maharashtra,Amravati,Bajra,Summer,,,,,,,,910.0,910.0
Maharashtra,Amravati,Gram,Rabi,1228.0,1260.0,1037.0,1207.0,1243.0,1226.0,911.0,1589.0,1386.0
Maharashtra,Amravati,Jowar,Kharif,1230.0,954.0,715.0,334.0,800.0,840.0,481.0,1117.0,929.0
Maharashtra,Amravati,Jowar,Rabi,,,,789.0,1108.0,861.0,1231.0,1425.0,794.0
Maharashtra,Amravati,Jowar,Summer,,,,,,,831.0,831.0,832.0
Maharashtra,Amravati,Maize,Kharif,2700.0,2530.0,1433.0,2000.0,3415.0,2952.0,2988.0,2566.0,2219.0
Maharashtra,Amravati,Maize,Rabi,1667.0,1000.0,690.0,779.0,1290.0,2176.0,1977.0,892.0,1048.0
Maharashtra,Amravati,Maize,Summer,,1829.0,1996.0,1308.0,1795.0,1795.0,1711.0,1711.0,1711.0
Maharashtra,Amravati,Moong,Kharif,751.0,150.0,623.0,152.0,56.0,198.0,20.0,82.0,290.0
Maharashtra,Amravati,Moong,Summer,,,,,,600.0,184.0,184.0,184.0
Maharashtra,Amravati,Rice,Kharif,667.0,337.0,405.0,192.0,591.0,505.0,390.0,797.0,975.0
Maharashtra,Amravati,Shree Anna /Nutri Cereals,Kharif,1230.0,951.0,715.0,334.0,800.0,840.0,481.0,973.0,901.0
Maharashtra,Amravati,Shree Anna /Nutri Cereals,Rabi,,,,789.0,1108.0,861.0,1231.0,1425.0,794.0
Maharashtra,Amravati,Shree Anna /Nutri Cereals,Summer,,,,,,,831.0,832.0,832.0
Maharashtra,Amravati,Small Millets,Kharif,,,,,,,,412.0,356.0
Maharashtra,Amravati,Tur,Kharif,1198.0,989.0,1113.0,820.0,919.0,988.0,339.0,944.0,886.0
Maharashtra,Amravati,Urad,Kharif,536.0,95.0,610.0,184.0,121.0,87.0,26.0,396.0,291.0
Maharashtra,Amravati,Wheat,Rabi,1520.0,1766.0,1488.0,1737.0,1677.0,1631.0,1595.0,2159.0,1603.0
Maharashtra,Beed,Bajra,Kharif,643.0,591.0,269.0,800.0,1675.0,772.0,1141.0,1126.0,1534.0
Maharashtra,Beed,Bajra,Summer,,,,,,750.0,910.0,910.0,910.0
Maharashtra,Beed,Gram,Rabi,854.0,603.0,894.0,996.0,1120.0,1087.0,1028.0,902.0,1033.0
Maharashtra,Beed,Jowar,Kharif,297.0,696.0,251.0,544.0,486.0,320.0,802.0,722.0,504.0
Maharashtra,Beed,Jowar,Rabi,528.0,465.0,281.0,748.0,1311.0,1195.0,1159.0,1422.0,1108.0
Maharashtra,Beed,Jowar,Summer,,,,,,,324.0,650.0,775.0
Maharashtra,Beed,Maize,Kharif,816.0,824.0,499.0,276.0,1432.0,1232.0,1271.0,1579.0,2307.0
Maharashtra,Beed,Maize,Rabi,2314.0,714.0,415.0,975.0,3453.0,1263.0,2793.0,1732.0,2526.0
Maharashtra,Beed,Maize,Summer,1662.0,1196.0,,2250.0,1083.0,1083.0,1533.0,1533.0,1533.0
Maharashtra,Beed,Moong,Kharif,535.0,334.0,257.0,212.0,767.0,440.0,807.0,489.0,805.0
Maharashtra,Beed,Moong,Summer,,,,,,184.0,184.0,184.0,184.0
Maharashtra,Beed,Ragi,Kharif,,,,1053.0,,,,,
Maharashtra,Beed,Rice,Kharif,700.0,462.0,310.0,125.0,3047.0,,,,
Maharashtra,Beed,Shree Anna /Nutri Cereals,Kharif,603.0,604.0,267.0,772.0,1539.0,747.0,1121.0,1082.0,1447.0
Maharashtra,Beed,Shree Anna /Nutri Cereals,Rabi,528.0,465.0,281.0,748.0,1311.0,1195.0,1159.0,1422.0,1108.0
Maharashtra,Beed,Shree Anna /Nutri Cereals,Summer,,,,,,750.0,906.0,909.0,909.0
Maharashtra,Beed,Small Millets,Kharif,,,,,,,,380.0,430.0
Maharashtra,Beed,Tur,Kharif,915.0,564.0,110.0,755.0,1440.0,827.0,861.0,856.0,884.0
Maharashtra,Beed,Urad,Kharif,500.0,430.0,300.0,218.0,965.0,347.0,839.0,328.0,901.0
Maharashtra,Beed,Urad,Summer,,,,,,539.0,539.0,,
Maharashtra,Beed,Wheat,Rabi,1683.0,1068.0,725.0,1293.0,2141.0,1945.0,2140.0,1954.0,1673.0
Maharashtra,Bhandara,Gram,Rabi,673.0,1061.0,1152.0,699.0,415.0,855.0,790.0,898.0,1036.0
Maharashtra,Bhandara,Jowar,Rabi,,,,,,,,531.0,398.0
Maharashtra,Bhandara,Maize,Kharif,1700.0,,,,,,,,
Maharashtra,Bhandara,Maize,Rabi,,,,,,2176.0,1977.0,892.0,3283.0
Maharashtra,Bhandara,Maize,Summer,1667.0,348.0,,,,970.0,970.0,970.0,970.0
Maharashtra,Bhandara,Moong,Kharif,299.0,,,198.0,340.0,494.0,378.0,,
Maharashtra,Bhandara,Moong,Summer,,,,,,184.0,184.0,184.0,184.0
Maharashtra,Bhandara,Rice,Kharif,2059.0,1220.0,2130.0,1624.0,2024.0,2032.0,2140.0,2340.0,2117.0
Maharashtra,Bhandara,Rice,Summer,2257.0,2286.0,2857.0,2682.0,2905.0,2764.0,2574.0,2407.0,2760.0
Maharashtra,Bhandara,Shree Anna /Nutri Cereals,Rabi,,,,,,,,531.0,398.0
Maharashtra,Bhandara,Tur,Kharif,1944.0,1066.0,991.0,500.0,1494.0,597.0,427.0,388.0,437.0
Maharashtra,Bhandara,Urad,Kharif,429.0,227.0,,282.0,292.0,396.0,461.0,,
Maharashtra,Bhandara,Urad,Summer,,,,,,539.0,,,
Maharashtra,Bhandara,Wheat,Rabi,1266.0,1249.0,1381.0,1213.0,1327.0,1269.0,1355.0,1279.0,1460.0
Maharashtra,Buldhana,Bajra,Kharif,335.0,459.0,146.0,227.0,472.0,362.0,375.0,430.0,324.0
Maharashtra,Buldhana,Bajra,Summer,,,,,,910.0,910.0,910.0,910.0
Maharashtra,Buldhana,Gram,Rabi,1118.0,815.0,693.0,1329.0,1248.0,1645.0,993.0,1139.0,1307.0
Maharashtra,Buldhana,Jowar,Kharif,1429.0,921.0,1072.0,157.0,1079.0,1114.0,697.0,1208.0,1281.0
Maharashtra,Buldhana,Jowar,Rabi,1161.0,688.0,484.0,923.0,1242.0,1046.0,1390.0,1403.0,1151.0
Maharashtra,Buldhana,Jowar,Summer,,,,,,831.0,831.0,831.0,832.0
Maharashtra,Buldhana,Maize,Kharif,2765.0,2509.0,1433.0,546.0,3415.0,2951.0,2988.0,3678.0,3552.0
Maharashtra,Buldhana,Maize,Rabi,1753.0,1043.0,725.0,1348.0,1290.0,2176.0,1977.0,892.0,3945.0
Maharashtra,Buldhana,Maize,Summer,1625.0,1974.0,2014.0,1588.0,1813.0,1813.0,1800.0,1800.0,1800.0
Maharashtra,Buldhana,Moong,Kharif,793.0,569.0,578.0,765.0,494.0,704.0,679.0,644.0,767.0
Maharashtra,Buldhana,Moong,Summer,,,,,,184.0,184.0,184.0,184.0
Maharashtra,Buldhana,Ragi,Kharif,600.0,,,1000.0,,,,,
Maharashtra,Buldhana,Rice,Kharif,400.0,,,,,,,,
Maharashtra,Buldhana,Shree Anna /Nutri Cereals,Kharif,1336.0,876.0,976.0,171.0,973.0,1016.0,695.0,1011.0,1201.0
Maharashtra,Buldhana,Shree Anna /Nutri Cereals,Rabi,1161.0,688.0,484.0,923.0,1242.0,1046.0,1390.0,1403.0,1151.0
Maharashtra,Buldhana,Shree Anna /Nutri Cereals,Summer,,,,,,854.0,839.0,846.0,848.0
Maharashtra,Buldhana,Small Millets,Kharif,,,,,,,,472.0,635.0
Maharashtra,Buldhana,Tur,Kharif,828.0,627.0,514.0,1195.0,1502.0,3698.0,873.0,673.0,1905.0
Maharashtra,Buldhana,Urad,Kharif,814.0,573.0,586.0,665.0,630.0,766.0,659.0,672.0,744.0
Maharashtra,Buldhana,Urad,Summer,,,,,,539.0,539.0,538.0,539.0
Maharashtra,Buldhana,Wheat,Rabi,1563.0,1567.0,1172.0,1864.0,2016.0,2719.0,1882.0,2082.0,1899.0
Maharashtra,Chandrapur,Bajra,Kharif,333.0,,,,,,,,
Maharashtra,Chandrapur,Bajra,Summer,,,,,,,910.0,910.0,
Maharashtra,Chandrapur,Gram,Rabi,556.0,665.0,951.0,828.0,923.0,941.0,1293.0,820.0,494.0
Maharashtra,Chandrapur,Jowar,Kharif,370.0,591.0,589.0,768.0,544.0,610.0,594.0,493.0,655.0
Maharashtra,Chandrapur,Jowar,Rabi,628.0,231.0,677.0,479.0,548.0,911.0,630.0,433.0,600.0
Maharashtra,Chandrapur,Jowar,Summer,,,,,,831.0,850.0,850.0,832.0
Maharashtra,Chandrapur,Maize,Kharif,2767.0,2500.0,,1706.0,,,,,
Maharashtra,Chandrapur,Maize,Rabi,,,,,1290.0,2177.0,1977.0,892.0,469.0
Maharashtra,Chandrapur,Maize,Summer,1500.0,375.0,,1000.0,680.0,680.0,680.0,680.0,680.0
Maharashtra,Chandrapur,Moong,Kharif,121.0,350.0,126.0,350.0,340.0,494.0,378.0,195.0,450.0
Maharashtra,Chandrapur,Moong,Summer,,,,,,184.0,184.0,184.0,184.0
Maharashtra,Chandrapur,Rice,Kharif,1716.0,716.0,1756.0,1397.0,1364.0,1733.0,1665.0,1655.0,1828.0
Maharashtra,Chandrapur,Rice,Summer,1716.0,2008.0,1599.0,2490.0,2021.0,2011.0,2166.0,2046.0,2650.0
Maharashtra,Chandrapur,Shree Anna /Nutri Cereals,Kharif,370.0,591.0,589.0,768.0,544.0,610.0,594.0,459.0,560.0
Maharashtra,Chandrapur,Shree Anna /Nutri Cereals,Rabi,628.0,231.0,677.0,479.0,548.0,911.0,630.0,433.0,600.0
Maharashtra,Chandrapur,Shree Anna /Nutri Cereals,Summer,,,,,,831.0,857.0,850.0,832.0
Maharashtra,Chandrapur,Small Millets,Kharif,,,,,,,,431.0,409.0
Maharashtra,Chandrapur,Tur,Kharif,1816.0,1334.0,1103.0,1345.0,1624.0,904.0,1772.0,995.0,1130.0
Maharashtra,Chandrapur,Urad,Kharif,429.0,249.0,,344.0,292.0,396.0,461.0,626.0,409.0
Maharashtra,Chandrapur,Urad,Summer,,,,,,539.0,,,539.0
Maharashtra,Chandrapur,Wheat,Rabi,1256.0,1120.0,1320.0,721.0,1110.0,1299.0,1520.0,1127.0,1168.0
Maharashtra,Chhatrapati Sambhajinagar,Bajra,Kharif,1113.0,686.0,455.0,913.0,1622.0,597.0,873.0,640.0,1136.0
Maharashtra,Chhatrapati Sambhajinagar,Bajra,Summer,,,,,,750.0,910.0,910.0,910.0
Maharashtra,Chhatrapati Sambhajinagar,Gram,Rabi,1102.0,669.0,600.0,1004.0,578.0,811.0,687.0,835.0,881.0
Maharashtra,Chhatrapati Sambhajinagar,Jowar,Kharif,1083.0,1455.0,468.0,313.0,1474.0,398.0,764.0,841.0,
Maharashtra,Chhatrapati Sambhajinagar,Jowar,Rabi,886.0,678.0,310.0,976.0,718.0,747.0,690.0,972.0,1066.0
Maharashtra,Chhatrapati Sambhajinagar,Jowar,Summer,,,,,,831.0,800.0,650.0,775.0
Maharashtra,Chhatrapati Sambhajinagar,Maize,Kharif,3489.0,1989.0,1446.0,1076.0,3502.0,1944.0,2095.0,1911.0,2158.0
Maharashtra,Chhatrapati Sambhajinagar,Maize,Rabi,3300.0,2372.0,,1989.0,3071.0,3183.0,2204.0,2755.0,2718.0
Maharashtra,Chhatrapati Sambhajinagar,Maize,Summer,1588.0,1205.0,926.0,1200.0,920.0,920.0,1164.0,1164.0,2850.0
Maharashtra,Chhatrapati Sambhajinagar,Moong,Kharif,758.0,545.0,240.0,512.0,467.0,260.0,492.0,222.0,515.0
Maharashtra,Chhatrapati Sambhajinagar,Moong,Summer,,,,,,184.0,192.0,,450.0
Maharashtra,Chhatrapati Sambhajinagar,Ragi,Kharif,,,,1044.0,,,,,
Maharashtra,Chhatrapati Sambhajinagar,Rice,Kharif,477.0,,,200.0,3040.0,,,,
Maharashtra,Chhatrapati Sambhajinagar,Shree Anna /Nutri Cereals,Kharif,1112.0,730.0,456.0,901.0,1619.0,593.0,870.0,611.0,1034.0
Maharashtra,Chhatrapati Sambhajinagar,Shree Anna /Nutri Cereals,Rabi,886.0,678.0,310.0,976.0,718.0,747.0,690.0,972.0,1066.0
Maharashtra,Chhatrapati Sambhajinagar,Shree Anna /Nutri Cereals,Summer,,,,,,755.0,909.0,899.0,903.0
Maharashtra,Chhatrapati Sambhajinagar,Small Millets,Kharif,,,,,,,,108.0,386.0
Maharashtra,Chhatrapati Sambhajinagar,Tur,Kharif,1177.0,823.0,259.0,769.0,693.0,617.0,603.0,558.0,847.0
Maharashtra,Chhatrapati Sambhajinagar,Urad,Kharif,662.0,620.0,166.0,557.0,482.0,264.0,429.0,286.0,628.0
Maharashtra,Chhatrapati Sambhajinagar,Urad,Summer,,,,,,,,,410.0
Maharashtra,Chhatrapati Sambhajinagar,Wheat,Rabi,2099.0,1645.0,1292.0,2113.0,1854.0,1891.0,1572.0,1795.0,3105.0
Maharashtra,Dharashiv,Bajra,Kharif,317.0,465.0,125.0,304.0,503.0,383.0,358.0,297.0,550.0
Maharashtra,Dharashiv,Bajra,Summer,,,,,,,,,910.0
Maharashtra,Dharashiv,Gram,Rabi,793.0,768.0,597.0,904.0,1168.0,941.0,924.0,810.0,1216.0
Maharashtra,Dharashiv,Jowar,Kharif,447.0,696.0,323.0,576.0,1063.0,309.0,149.0,411.0,865.0
Maharashtra,Dharashiv,Jowar,Rabi,832.0,723.0,668.0,922.0,1311.0,1146.0,1231.0,936.0,1313.0
Maharashtra,Dharashiv,Jowar,Summer,,,,,,831.0,831.0,831.0,832.0
Maharashtra,Dharashiv,Maize,Kharif,324.0,821.0,453.0,531.0,1157.0,857.0,986.0,879.0,1578.0
Maharashtra,Dharashiv,Maize,Rabi,1905.0,949.0,868.0,1808.0,1553.0,1106.0,1257.0,892.0,1144.0
Maharashtra,Dharashiv,Maize,Summer,1615.0,968.0,,946.0,768.0,768.0,1067.0,1067.0,1067.0
Maharashtra,Dharashiv,Moong,Kharif,388.0,202.0,315.0,272.0,681.0,734.0,674.0,512.0,704.0
Maharashtra,Dharashiv,Moong,Summer,,,,,,184.0,184.0,184.0,184.0
Maharashtra,Dharashiv,Ragi,Kharif,,,,1000.0,786.0,1182.0,,,
Maharashtra,Dharashiv,Rice,Kharif,190.0,293.0,,114.0,656.0,345.0,390.0,798.0,625.0
Maharashtra,Dharashiv,Shree Anna /Nutri Cereals,Kharif,392.0,596.0,243.0,471.0,862.0,336.0,172.0,315.0,536.0
Maharashtra,Dharashiv,Shree Anna /Nutri Cereals,Rabi,832.0,723.0,668.0,922.0,1311.0,1146.0,1231.0,936.0,1313.0
Maharashtra,Dharashiv,Shree Anna /Nutri Cereals,Summer,,,,,,831.0,831.0,831.0,832.0
Maharashtra,Dharashiv,Small Millets,Kharif,,,,,,,,267.0,386.0
Maharashtra,Dharashiv,Tur,Kharif,878.0,826.0,230.0,372.0,937.0,710.0,622.0,577.0,885.0
Maharashtra,Dharashiv,Urad,Kharif,419.0,248.0,367.0,322.0,797.0,754.0,629.0,498.0,748.0
Maharashtra,Dharashiv,Urad,Summer,,,,,,,528.0,538.0,539.0
Maharashtra,Dharashiv,Wheat,Rabi,760.0,640.0,766.0,560.0,1535.0,953.0,1554.0,1425.0,1377.0
Maharashtra,Dhule,Bajra,Kharif,780.0,1328.0,575.0,524.0,1247.0,713.0,1114.0,850.0,1075.0
Maharashtra,Dhule,Bajra,Summer,,,,,,910.0,950.0,910.0,910.0
Maharashtra,Dhule,Gram,Rabi,2864.0,2148.0,873.0,1331.0,960.0,1138.0,734.0,1227.0,1416.0
Maharashtra,Dhule,Jowar,Kharif,1215.0,1486.0,833.0,718.0,1400.0,744.0,1119.0,1076.0,1142.0
Maharashtra,Dhule,Jowar,Rabi,1140.0,1031.0,732.0,1920.0,1638.0,1538.0,1528.0,1715.0,1879.0
Maharashtra,Dhule,Maize,Kharif,2650.0,3321.0,2083.0,1077.0,2232.0,1656.0,2925.0,2422.0,691.0
Maharashtra,Dhule,Maize,Rabi,3184.0,3482.0,2753.0,5135.0,2076.0,4517.0,2619.0,3131.0,2902.0
Maharashtra,Dhule,Maize,Summer,2667.0,2312.0,,1369.0,1845.0,1845.0,2200.0,2099.0,3260.0
Maharashtra,Dhule,Moong,Kharif,299.0,652.0,383.0,453.0,367.0,100.0,412.0,421.0,422.0
Maharashtra,Dhule,Moong,Summer,,,,,,184.0,181.0,184.0,184.0
Maharashtra,Dhule,Ragi,Kharif,1111.0,1375.0,664.0,645.0,973.0,617.0,1067.0,1119.0,928.0
Maharashtra,Dhule,Rice,Kharif,1641.0,2014.0,1354.0,1425.0,1242.0,1179.0,1699.0,1428.0,1525.0
Maharashtra,Dhule,Rice,Summer,,,,,,2685.0,,,
Maharashtra,Dhule,Shree Anna /Nutri Cereals,Kharif,874.0,1363.0,637.0,557.0,1264.0,715.0,1113.0,884.0,1070.0
Maharashtra,Dhule,Shree Anna /Nutri Cereals,Rabi,1140.0,1031.0,732.0,1920.0,1638.0,1538.0,1528.0,1715.0,1879.0
Maharashtra,Dhule,Shree Anna /Nutri Cereals,Summer,,,,,,910.0,950.0,910.0,910.0
Maharashtra,Dhule,Small Millets,Kharif,,,,,,,,667.0,990.0
Maharashtra,Dhule,Tur,Kharif,841.0,939.0,384.0,514.0,643.0,565.0,643.0,574.0,708.0
Maharashtra,Dhule,Urad,Kharif,355.0,480.0,291.0,386.0,347.0,105.0,420.0,380.0,423.0
Maharashtra,Dhule,Wheat,Rabi,2161.0,2210.0,1733.0,2472.0,1652.0,1621.0,1647.0,2315.0,2382.0
Maharashtra,Gadchiroli,Bajra,Kharif,333.0,,,,,,,,
Maharashtra,Gadchiroli,Gram,Rabi,447.0,533.0,583.0,796.0,511.0,474.0,497.0,532.0,1783.0
Maharashtra,Gadchiroli,Jowar,Kharif,,522.0,,527.0,543.0,601.0,447.0,384.0,
Maharashtra,Gadchiroli,Jowar,Rabi,1000.0,538.0,411.0,672.0,708.0,828.0,1385.0,793.0,695.0
Maharashtra,Gadchiroli,Maize,Kharif,2813.0,2563.0,1433.0,1901.0,3415.0,2952.0,2986.0,3120.0,7062.0
Maharashtra,Gadchiroli,Maize,Rabi,1667.0,1250.0,645.0,1487.0,1290.0,2177.0,1977.0,892.0,5159.0
Maharashtra,Gadchiroli,Maize,Summer,,2454.0,714.0,1389.0,1560.0,1560.0,1549.0,1549.0,1550.0
Maharashtra,Gadchiroli,Moong,Kharif,118.0,231.0,100.0,204.0,340.0,494.0,379.0,195.0,321.0
Maharashtra,Gadchiroli,Moong,Summer,,,,,,184.0,184.0,184.0,184.0
Maharashtra,Gadchiroli,Rice,Kharif,1854.0,1224.0,1796.0,1700.0,1595.0,1518.0,1800.0,2230.0,2101.0
Maharashtra,Gadchiroli,Rice,Summer,2039.0,1942.0,1851.0,2319.0,2511.0,2301.0,2262.0,2400.0,2489.0
Maharashtra,Gadchiroli,Shree Anna /Nutri Cereals,Kharif,333.0,522.0,,527.0,543.0,601.0,447.0,290.0,322.0
Maharashtra,Gadchiroli,Shree Anna /Nutri Cereals,Rabi,1000.0,538.0,411.0,672.0,708.0,828.0,1385.0,793.0,695.0
Maharashtra,Gadchiroli,Small Millets,Kharif,,,,,,,,275.0,322.0
Maharashtra,Gadchiroli,Tur,Kharif,1944.0,1066.0,991.0,900.0,1494.0,1193.0,1097.0,948.0,869.0
Maharashtra,Gadchiroli,Urad,Kharif,429.0,333.0,204.0,250.0,292.0,396.0,461.0,626.0,313.0
Maharashtra,Gadchiroli,Urad,Summer,,,,,,539.0,539.0,,539.0
Maharashtra,Gadchiroli,Wheat,Rabi,1444.0,1126.0,1163.0,718.0,620.0,1103.0,1323.0,1643.0,885.0
Maharashtra,Gondia,Gram,Rabi,510.0,675.0,769.0,392.0,711.0,593.0,777.0,659.0,655.0
Maharashtra,Gondia,Jowar,Rabi,,,,,332.0,809.0,902.0,486.0,359.0
Maharashtra,Gondia,Maize,Kharif,4000.0,,,400.0,3417.0,2952.0,3000.0,3120.0,5899.0
Maharashtra,Gondia,Maize,Rabi,1833.0,1034.0,,789.0,1290.0,2177.0,1977.0,892.0,3342.0
Maharashtra,Gondia,Maize,Summer,1500.0,719.0,667.0,1199.0,915.0,580.0,955.0,955.0,4650.0
Maharashtra,Gondia,Moong,Kharif,333.0,,,375.0,339.0,494.0,378.0,195.0,296.0
Maharashtra,Gondia,Moong,Summer,,,,,,184.0,184.0,184.0,184.0
Maharashtra,Gondia,Rice,Kharif,2444.0,1578.0,2497.0,1992.0,1967.0,2024.0,2566.0,2667.0,2353.0
Maharashtra,Gondia,Rice,Summer,2410.0,2438.0,2969.0,2613.0,3260.0,3301.0,3159.0,2864.0,2712.0
Maharashtra,Gondia,Shree Anna /Nutri Cereals,Kharif,,,,,,,,205.0,
Maharashtra,Gondia,Shree Anna /Nutri Cereals,Rabi,,,,,332.0,809.0,902.0,486.0,359.0
Maharashtra,Gondia,Small Millets,Kharif,,,,,,,,205.0,
Maharashtra,Gondia,Tur,Kharif,1944.0,1066.0,990.0,700.0,1494.0,1193.0,1097.0,948.0,481.0
Maharashtra,Gondia,Urad,Kharif,429.0,250.0,,500.0,292.0,396.0,461.0,,
Maharashtra,Gondia,Urad,Summer,,,,,,,,,539.0
Maharashtra,Gondia,Wheat,Rabi,1050.0,796.0,1220.0,557.0,762.0,1213.0,1118.0,838.0,729.0
Maharashtra,Hingoli,Bajra,Kharif,287.0,333.0,,167.0,473.0,362.0,360.0,430.0,379.0
Maharashtra,Hingoli,Bajra,Summer,,,,,,,,,910.0
Maharashtra,Hingoli,Gram,Rabi,1126.0,1117.0,709.0,1044.0,924.0,1236.0,1240.0,1189.0,1063.0
Maharashtra,Hingoli,Jowar,Kharif,465.0,593.0,281.0,708.0,188.0,361.0,506.0,583.0,646.0
Maharashtra,Hingoli,Jowar,Rabi,679.0,926.0,697.0,1196.0,999.0,928.0,767.0,929.0,1020.0
Maharashtra,Hingoli,Jowar,Summer,,,,,,831.0,831.0,831.0,832.0
Maharashtra,Hingoli,Maize,Kharif,364.0,818.0,494.0,435.0,1066.0,857.0,987.0,879.0,704.0
Maharashtra,Hingoli,Maize,Rabi,1750.0,1000.0,1031.0,1265.0,1290.0,2176.0,1977.0,892.0,1138.0
Maharashtra,Hingoli,Maize,Summer,1556.0,571.0,,846.0,871.0,871.0,977.0,978.0,978.0
Maharashtra,Hingoli,Moong,Kharif,485.0,377.0,652.0,690.0,373.0,509.0,587.0,567.0,639.0
Maharashtra,Hingoli,Moong,Summer,,,,,,184.0,184.0,184.0,184.0
Maharashtra,Hingoli,Shree Anna /Nutri Cereals,Kharif,464.0,592.0,281.0,708.0,188.0,361.0,495.0,569.0,711.0
Maharashtra,Hingoli,Shree Anna /Nutri Cereals,Rabi,679.0,926.0,697.0,1196.0,999.0,928.0,767.0,929.0,1020.0
Maharashtra,Hingoli,Shree Anna /Nutri Cereals,Summer,,,,,,831.0,831.0,831.0,832.0
Maharashtra,Hingoli,Small Millets,Kharif,,,,,,,,319.0,818.0
Maharashtra,Hingoli,Tur,Kharif,1083.0,804.0,386.0,925.0,283.0,985.0,614.0,877.0,1031.0
Maharashtra,Hingoli,Urad,Kharif,483.0,460.0,657.0,672.0,332.0,367.0,600.0,618.0,667.0
Maharashtra,Hingoli,Urad,Summer,,,,,,539.0,539.0,538.0,539.0
Maharashtra,Hingoli,Wheat,Rabi,1569.0,1162.0,1303.0,789.0,1565.0,1491.0,1712.0,1646.0,1560.0
Maharashtra,Jalgaon,Bajra,Kharif,1400.0,1000.0,778.0,796.0,1265.0,484.0,1187.0,442.0,1198.0
Maharashtra,Jalgaon,Bajra,Summer,,,,,,910.0,910.0,910.0,779.0
Maharashtra,Jalgaon,Gram,Rabi,1387.0,1275.0,1078.0,1379.0,1136.0,1520.0,1061.0,1459.0,1208.0
Maharashtra,Jalgaon,Jowar,Kharif,2302.0,1899.0,1472.0,661.0,1750.0,1045.0,1946.0,1236.0,1512.0
Maharashtra,Jalgaon,Jowar,Rabi,1578.0,1718.0,1456.0,1646.0,1583.0,1715.0,1822.0,1991.0,1701.0
Maharashtra,Jalgaon,Jowar,Summer,,,,,,831.0,831.0,831.0,832.0
Maharashtra,Jalgaon,Maize,Kharif,3707.0,3415.0,1726.0,761.0,3305.0,1938.0,3066.0,1861.0,3113.0
Maharashtra,Jalgaon,Maize,Rabi,3164.0,3981.0,2644.0,3150.0,2746.0,4767.0,3355.0,3063.0,3146.0
Maharashtra,Jalgaon,Maize,Summer,2348.0,2353.0,1552.0,3600.0,2060.0,2060.0,2382.0,2382.0,3648.0
Maharashtra,Jalgaon,Moong,Kharif,678.0,517.0,542.0,520.0,258.0,235.0,570.0,306.0,501.0
Maharashtra,Jalgaon,Moong,Summer,,,,,,184.0,184.0,184.0,184.0
Maharashtra,Jalgaon,Shree Anna /Nutri Cereals,Kharif,2057.0,1660.0,1297.0,693.0,1646.0,916.0,1701.0,977.0,1389.0
Maharashtra,Jalgaon,Shree Anna /Nutri Cereals,Rabi,1578.0,1718.0,1456.0,1646.0,1583.0,1715.0,1822.0,1991.0,1701.0
Maharashtra,Jalgaon,Shree Anna /Nutri Cereals,Summer,,,,,,908.0,908.0,901.0,790.0
Maharashtra,Jalgaon,Small Millets,Kharif,,,,,,,,1019.0,935.0
Maharashtra,Jalgaon,Tur,Kharif,1082.0,738.0,503.0,509.0,812.0,577.0,757.0,566.0,792.0
Maharashtra,Jalgaon,Urad,Kharif,742.0,527.0,341.0,623.0,345.0,213.0,545.0,475.0,483.0
Maharashtra,Jalgaon,Urad,Summer,,,,,,539.0,,538.0,539.0
Maharashtra,Jalgaon,Wheat,Rabi,2013.0,1907.0,1336.0,2470.0,1788.0,1541.0,2088.0,2150.0,2464.0
Maharashtra,Jalna,Bajra,Kharif,845.0,631.0,345.0,1288.0,1151.0,614.0,860.0,721.0,919.0
Maharashtra,Jalna,Bajra,Summer,,,,,,750.0,800.0,700.0,850.0
Maharashtra,Jalna,Gram,Rabi,1201.0,726.0,469.0,1022.0,1249.0,1319.0,1206.0,956.0,1278.0
Maharashtra,Jalna,Jowar,Kharif,1500.0,230.0,217.0,1086.0,2376.0,534.0,952.0,745.0,1075.0
Maharashtra,Jalna,Jowar,Rabi,1114.0,742.0,466.0,920.0,1088.0,1100.0,1206.0,931.0,1111.0
Maharashtra,Jalna,Jowar,Summer,,,,,,,800.0,650.0,775.0
Maharashtra,Jalna,Maize,Kharif,2442.0,1992.0,1336.0,3368.0,3902.0,2788.0,3369.0,2457.0,2780.0
Maharashtra,Jalna,Maize,Rabi,4430.0,2375.0,1366.0,3838.0,4681.0,6157.0,4976.0,2059.0,3236.0
Maharashtra,Jalna,Maize,Summer,1600.0,1136.0,833.0,2500.0,1500.0,1500.0,1500.0,1300.0,1700.0
Maharashtra,Jalna,Moong,Kharif,668.0,158.0,230.0,638.0,588.0,440.0,694.0,503.0,531.0
Maharashtra,Jalna,Moong,Summer,,,,,,,350.0,340.0,450.0
Maharashtra,Jalna,Rice,Kharif,,,,182.0,,,,,
Maharashtra,Jalna,Shree Anna /Nutri Cereals,Kharif,905.0,627.0,344.0,1285.0,1187.0,613.0,862.0,767.0,878.0
Maharashtra,Jalna,Shree Anna /Nutri Cereals,Rabi,1114.0,742.0,466.0,920.0,1088.0,1100.0,1206.0,931.0,1111.0
Maharashtra,Jalna,Shree Anna /Nutri Cereals,Summer,,,,,,750.0,800.0,695.0,846.0
Maharashtra,Jalna,Small Millets,Kharif,,,,,,,,895.0,664.0
Maharashtra,Jalna,Tur,Kharif,1330.0,783.0,355.0,1275.0,1232.0,1122.0,1147.0,845.0,892.0
Maharashtra,Jalna,Urad,Kharif,834.0,232.0,286.0,801.0,773.0,445.0,612.0,539.0,540.0
Maharashtra,Jalna,Urad,Summer,,,,,,,,,410.0
Maharashtra,Jalna,Wheat,Rabi,1611.0,1163.0,1052.0,1598.0,1749.0,1855.0,2040.0,1660.0,1868.0
Maharashtra,Kolhapur,Gram,Rabi,843.0,852.0,1179.0,1061.0,929.0,1007.0,1105.0,1036.0,856.0
Maharashtra,Kolhapur,Jowar,Kharif,1633.0,1755.0,1427.0,1082.0,1555.0,1817.0,1721.0,1468.0,1638.0
Maharashtra,Kolhapur,Jowar,Rabi,2159.0,1516.0,1361.0,1635.0,1729.0,1711.0,1980.0,1552.0,2064.0
Maharashtra,Kolhapur,Maize,Kharif,4029.0,2455.0,3025.0,2692.0,3459.0,3067.0,2929.0,2248.0,3129.0
Maharashtra,Kolhapur,Maize,Rabi,3797.0,3373.0,4009.0,2851.0,2903.0,1990.0,4296.0,3741.0,3377.0
Maharashtra,Kolhapur,Maize,Summer,2167.0,2553.0,2455.0,2431.0,2550.0,2500.0,2550.0,2400.0,2500.0
Maharashtra,Kolhapur,Moong,Kharif,735.0,183.0,600.0,649.0,1073.0,817.0,556.0,2199.0,1049.0
Maharashtra,Kolhapur,Moong,Summer,,,,,,475.0,500.0,449.0,480.0
Maharashtra,Kolhapur,Ragi,Kharif,1664.0,1596.0,1608.0,1669.0,1851.0,1971.0,2368.0,3201.0,2541.0
Maharashtra,Kolhapur,Rice,Kharif,3480.0,3052.0,3076.0,2434.0,3353.0,3356.0,3077.0,3196.0,3727.0
Maharashtra,Kolhapur,Rice,Summer,4500.0,3906.0,3410.0,3403.0,2632.0,3113.0,3955.0,2682.0,3100.0
Maharashtra,Kolhapur,Shree Anna /Nutri Cereals,Kharif,1657.0,1626.0,1583.0,1589.0,1811.0,1954.0,2327.0,3043.0,2428.0
Maharashtra,Kolhapur,Shree Anna /Nutri Cereals,Rabi,2159.0,1516.0,1361.0,1635.0,1729.0,1711.0,1980.0,1552.0,2064.0
Maharashtra,Kolhapur,Small Millets,Kharif,,,,,,,,410.0,519.0
Maharashtra,Kolhapur,Tur,Kharif,377.0,150.0,1327.0,1966.0,601.0,1446.0,1186.0,348.0,568.0
Maharashtra,Kolhapur,Urad,Kharif,,167.0,447.0,836.0,614.0,383.0,891.0,996.0,772.0
Maharashtra,Kolhapur,Urad,Summer,,,,,,,450.0,450.0,500.0
Maharashtra,Kolhapur,Wheat,Rabi,2256.0,2321.0,2455.0,2355.0,2319.0,2612.0,2913.0,2169.0,1646.0
Maharashtra,Latur,Bajra,Kharif,136.0,200.0,244.0,222.0,282.0,125.0,,430.0,250.0
Maharashtra,Latur,Bajra,Summer,,,,,,,876.0,,
Maharashtra,Latur,Gram,Rabi,982.0,705.0,544.0,1124.0,1020.0,1009.0,857.0,871.0,700.0
Maharashtra,Latur,Jowar,Kharif,884.0,857.0,704.0,786.0,839.0,574.0,296.0,557.0,895.0
Maharashtra,Latur,Jowar,Rabi,1087.0,754.0,681.0,950.0,1343.0,1220.0,969.0,1106.0,904.0
Maharashtra,Latur,Jowar,Summer,,,,,,,831.0,831.0,832.0
Maharashtra,Latur,Maize,Kharif,514.0,657.0,675.0,224.0,775.0,857.0,987.0,879.0,635.0
Maharashtra,Latur,Maize,Rabi,1727.0,404.0,281.0,1303.0,667.0,2177.0,2033.0,892.0,813.0
Maharashtra,Latur,Maize,Summer,1800.0,781.0,,,,786.0,1282.0,1282.0,1282.0
Maharashtra,Latur,Moong,Kharif,554.0,329.0,439.0,449.0,722.0,684.0,566.0,504.0,1078.0
Maharashtra,Latur,Moong,Summer,,,,,,,184.0,184.0,184.0
Maharashtra,Latur,Rice,Kharif,273.0,286.0,208.0,81.0,656.0,343.0,390.0,797.0,287.0
Maharashtra,Latur,Shree Anna /Nutri Cereals,Kharif,866.0,845.0,696.0,772.0,823.0,567.0,296.0,521.0,787.0
Maharashtra,Latur,Shree Anna /Nutri Cereals,Rabi,1087.0,754.0,681.0,950.0,1343.0,1220.0,969.0,1106.0,904.0
Maharashtra,Latur,Shree Anna /Nutri Cereals,Summer,,,,,,,838.0,831.0,832.0
Maharashtra,Latur,Small Millets,Kharif,,,,,,,,268.0,243.0
Maharashtra,Latur,Tur,Kharif,3429.0,1181.0,477.0,1223.0,1478.0,640.0,343.0,674.0,1615.0
Maharashtra,Latur,Urad,Kharif,522.0,321.0,501.0,569.0,924.0,681.0,649.0,566.0,944.0
Maharashtra,Latur,Urad,Summer,,,,,,,,,539.0
Maharashtra,Latur,Wheat,Rabi,1420.0,690.0,378.0,646.0,1570.0,1216.0,1357.0,1199.0,1727.0
Maharashtra,Mumbai Suburban,Maize,Summer,1000.0,,,,,,,,
Maharashtra,Nagpur,Gram,Rabi,776.0,1158.0,1110.0,926.0,1417.0,1766.0,1319.0,1209.0,1230.0
Maharashtra,Nagpur,Jowar,Kharif,682.0,739.0,439.0,399.0,687.0,745.0,490.0,439.0,400.0
Maharashtra,Nagpur,Jowar,Rabi,286.0,140.0,,568.0,610.0,869.0,838.0,330.0,464.0
Maharashtra,Nagpur,Jowar,Summer,,,,,,,850.0,850.0,832.0
Maharashtra,Nagpur,Maize,Kharif,2500.0,2041.0,,2272.0,3415.0,2952.0,2984.0,3120.0,3063.0
Maharashtra,Nagpur,Maize,Rabi,1667.0,1000.0,,1752.0,1290.0,2177.0,1977.0,892.0,1230.0
Maharashtra,Nagpur,Maize,Summer,,244.0,361.0,1143.0,,860.0,861.0,861.0,861.0
Maharashtra,Nagpur,Moong,Kharif,303.0,258.0,90.0,400.0,340.0,494.0,378.0,195.0,200.0
Maharashtra,Nagpur,Moong,Summer,,,,,,184.0,184.0,184.0,184.0
Maharashtra,Nagpur,Rice,Kharif,1943.0,1887.0,2070.0,1568.0,2179.0,2249.0,2007.0,1798.0,1961.0
Maharashtra,Nagpur,Rice,Summer,2000.0,2667.0,2917.0,2268.0,3031.0,2970.0,2804.0,2592.0,2408.0
Maharashtra,Nagpur,Shree Anna /Nutri Cereals,Kharif,682.0,739.0,439.0,399.0,687.0,745.0,490.0,439.0,400.0
Maharashtra,Nagpur,Shree Anna /Nutri Cereals,Rabi,286.0,140.0,,568.0,610.0,869.0,838.0,330.0,464.0
Maharashtra,Nagpur,Shree Anna /Nutri Cereals,Summer,,,,,,,850.0,850.0,832.0
Maharashtra,Nagpur,Small Millets,Kharif,,,,,,,,440.0,400.0
Maharashtra,Nagpur,Tur,Kharif,2569.0,1121.0,777.0,1288.0,1517.0,1260.0,1214.0,902.0,2707.0
Maharashtra,Nagpur,Urad,Kharif,428.0,237.0,205.0,450.0,292.0,396.0,461.0,626.0,182.0
Maharashtra,Nagpur,Wheat,Rabi,1712.0,1808.0,1685.0,1411.0,2129.0,2482.0,1908.0,1606.0,1555.0
Maharashtra,Nanded,Bajra,Kharif,,,,225.0,472.0,362.0,359.0,,
Maharashtra,Nanded,Gram,Rabi,1593.0,1257.0,1249.0,1507.0,1091.0,919.0,1053.0,1176.0,739.0
Maharashtra,Nanded,Jowar,Kharif,372.0,654.0,693.0,631.0,650.0,453.0,448.0,660.0,621.0
Maharashtra,Nanded,Jowar,Rabi,964.0,1053.0,936.0,1385.0,1140.0,956.0,1010.0,1170.0,1242.0
Maharashtra,Nanded,Jowar,Summer,,,,,,831.0,831.0,831.0,832.0
Maharashtra,Nanded,Maize,Kharif,500.0,800.0,495.0,594.0,1066.0,857.0,987.0,879.0,737.0
Maharashtra,Nanded,Maize,Rabi,2069.0,2049.0,707.0,1800.0,1290.0,4699.0,3052.0,892.0,1481.0
Maharashtra,Nanded,Maize,Summer,1593.0,970.0,954.0,1242.0,1158.0,1158.0,1181.0,1181.0,1181.0
Maharashtra,Nanded,Moong,Kharif,513.0,264.0,490.0,490.0,449.0,517.0,453.0,704.0,621.0
Maharashtra,Nanded,Moong,Summer,,,,,,,184.0,184.0,184.0
Maharashtra,Nanded,Rice,Kharif,500.0,1429.0,883.0,687.0,2683.0,2253.0,1982.0,2104.0,1298.0
Maharashtra,Nanded,Rice,Summer,2400.0,1852.0,2735.0,2581.0,3031.0,3113.0,3955.0,2592.0,2622.0
Maharashtra,Nanded,Shree Anna /Nutri Cereals,Kharif,372.0,654.0,693.0,629.0,649.0,453.0,435.0,648.0,611.0
Maharashtra,Nanded,Shree Anna /Nutri Cereals,Rabi,964.0,1053.0,936.0,1385.0,1140.0,956.0,1010.0,1170.0,1242.0
Maharashtra,Nanded,Shree Anna /Nutri Cereals,Summer,,,,,,831.0,831.0,831.0,832.0
Maharashtra,Nanded,Small Millets,Kharif,,,,,,,,276.0,297.0
Maharashtra,Nanded,Tur,Kharif,1210.0,880.0,924.0,707.0,1069.0,656.0,909.0,804.0,560.0
Maharashtra,Nanded,Urad,Kharif,187.0,325.0,539.0,675.0,728.0,442.0,568.0,766.0,611.0
Maharashtra,Nanded,Wheat,Rabi,1249.0,998.0,1828.0,913.0,1503.0,1382.0,1404.0,1616.0,741.0
Maharashtra,Nandurbar,Bajra,Kharif,1043.0,726.0,720.0,826.0,1282.0,659.0,1161.0,468.0,1254.0
Maharashtra,Nandurbar,Bajra,Summer,,,,,,910.0,910.0,910.0,910.0
Maharashtra,Nandurbar,Gram,Rabi,1071.0,1211.0,955.0,981.0,981.0,1234.0,1118.0,917.0,995.0
Maharashtra,Nandurbar,Jowar,Kharif,1516.0,1506.0,1208.0,1163.0,1555.0,1339.0,1178.0,993.0,1410.0
Maharashtra,Nandurbar,Jowar,Rabi,1419.0,1533.0,1021.0,1146.0,1237.0,1212.0,1504.0,1414.0,1246.0
Maharashtra,Nandurbar,Jowar,Summer,,,,,,831.0,831.0,831.0,
Maharashtra,Nandurbar,Maize,Kharif,2542.0,2681.0,1374.0,1897.0,2129.0,1751.0,2758.0,1505.0,2779.0
Maharashtra,Nandurbar,Maize,Rabi,3180.0,4000.0,2650.0,2879.0,2746.0,4767.0,3355.0,3063.0,2410.0
Maharashtra,Nandurbar,Maize,Summer,2474.0,2367.0,1288.0,1627.0,1747.0,1747.0,1902.0,1902.0,1902.0
Maharashtra,Nandurbar,Moong,Kharif,490.0,545.0,516.0,500.0,241.0,217.0,347.0,218.0,265.0
Maharashtra,Nandurbar,Moong,Summer,,,,,,184.0,184.0,184.0,184.0
Maharashtra,Nandurbar,Ragi,Kharif,1000.0,588.0,852.0,578.0,715.0,778.0,1250.0,1445.0,769.0
Maharashtra,Nandurbar,Rice,Kharif,1162.0,1132.0,862.0,1605.0,1741.0,1201.0,1890.0,978.0,1454.0
Maharashtra,Nandurbar,Rice,Summer,,,,,,2685.0,,,
Maharashtra,Nandurbar,Shree Anna /Nutri Cereals,Kharif,1460.0,1419.0,1138.0,1094.0,1504.0,1201.0,1174.0,773.0,1228.0
Maharashtra,Nandurbar,Shree Anna /Nutri Cereals,Rabi,1419.0,1533.0,1021.0,1146.0,1237.0,1212.0,1504.0,1414.0,1246.0
Maharashtra,Nandurbar,Shree Anna /Nutri Cereals,Summer,,,,,,904.0,906.0,905.0,910.0
Maharashtra,Nandurbar,Small Millets,Kharif,,,,,,,,235.0,572.0
Maharashtra,Nandurbar,Tur,Kharif,535.0,552.0,232.0,455.0,487.0,348.0,483.0,299.0,423.0
Maharashtra,Nandurbar,Urad,Kharif,524.0,586.0,528.0,500.0,322.0,376.0,387.0,288.0,308.0
Maharashtra,Nandurbar,Urad,Summer,,,,,,,539.0,538.0,539.0
Maharashtra,Nandurbar,Wheat,Rabi,2049.0,1880.0,1715.0,2855.0,2134.0,1615.0,2622.0,2699.0,2413.0
Maharashtra,Nashik,Bajra,Kharif,1598.0,1464.0,636.0,1017.0,1585.0,1253.0,1429.0,476.0,1728.0
Maharashtra,Nashik,Bajra,Summer,,,,,,910.0,910.0,910.0,910.0
Maharashtra,Nashik,Gram,Rabi,713.0,851.0,751.0,834.0,844.0,917.0,984.0,673.0,686.0
Maharashtra,Nashik,Jowar,Kharif,1909.0,1375.0,1257.0,522.0,1530.0,1465.0,1386.0,214.0,1373.0
Maharashtra,Nashik,Jowar,Rabi,609.0,672.0,501.0,632.0,760.0,925.0,922.0,747.0,959.0
Maharashtra,Nashik,Jowar,Summer,,,,,,831.0,,831.0,832.0
Maharashtra,Nashik,Maize,Kharif,4655.0,4715.0,2688.0,1541.0,4408.0,4104.0,4295.0,930.0,4257.0
Maharashtra,Nashik,Maize,Rabi,3171.0,5000.0,1475.0,2893.0,3706.0,5209.0,4603.0,2952.0,3432.0
Maharashtra,Nashik,Maize,Summer,3375.0,2337.0,1302.0,2522.0,1953.0,1953.0,2328.0,2328.0,2329.0
Maharashtra,Nashik,Moong,Kharif,533.0,681.0,485.0,633.0,710.0,733.0,709.0,204.0,791.0
Maharashtra,Nashik,Moong,Summer,,,,,,,185.0,184.0,184.0
Maharashtra,Nashik,Ragi,Kharif,918.0,731.0,870.0,639.0,696.0,788.0,1183.0,979.0,847.0
Maharashtra,Nashik,Rice,Kharif,2028.0,2119.0,1709.0,1187.0,1944.0,1718.0,2493.0,1366.0,1971.0
Maharashtra,Nashik,Rice,Summer,,,,,,2685.0,3955.0,3363.0,2400.0
Maharashtra,Nashik,Shree Anna /Nutri Cereals,Kharif,1505.0,1347.0,683.0,946.0,1428.0,1172.0,1373.0,585.0,1392.0
Maharashtra,Nashik,Shree Anna /Nutri Cereals,Rabi,609.0,672.0,501.0,632.0,760.0,925.0,922.0,747.0,959.0
Maharashtra,Nashik,Shree Anna /Nutri Cereals,Summer,,,,,,900.0,910.0,909.0,891.0
Maharashtra,Nashik,Small Millets,Kharif,,,,,,,,555.0,543.0
Maharashtra,Nashik,Tur,Kharif,763.0,816.0,250.0,354.0,905.0,686.0,790.0,288.0,630.0
Maharashtra,Nashik,Urad,Kharif,679.0,611.0,410.0,498.0,613.0,712.0,905.0,552.0,639.0
Maharashtra,Nashik,Urad,Summer,,,,,,,539.0,538.0,539.0
Maharashtra,Nashik,Wheat,Rabi,2242.0,1988.0,1758.0,2554.0,1937.0,1945.0,2546.0,2383.0,2517.0
Maharashtra,Palghar,Bajra,Kharif,,,,,,,,478.0,1728.0
Maharashtra,Palghar,Gram,Rabi,947.0,895.0,900.0,728.0,917.0,919.0,866.0,991.0,675.0
Maharashtra,Palghar,Jowar,Rabi,,,,,,,669.0,678.0,
Maharashtra,Palghar,Maize,Rabi,3571.0,,2500.0,3500.0,,2464.0,2749.0,2589.0,
Maharashtra,Palghar,Maize,Summer,,,,,,2001.0,,,
Maharashtra,Palghar,Moong,Kharif,,,,,363.0,635.0,,275.0,402.0
Maharashtra,Palghar,Ragi,Kharif,929.0,929.0,708.0,765.0,690.0,742.0,881.0,1111.0,896.0
Maharashtra,Palghar,Rice,Kharif,2915.0,1851.0,1757.0,1783.0,1888.0,2136.0,2376.0,2689.0,2437.0
Maharashtra,Palghar,Rice,Summer,2417.0,2520.0,2642.0,2638.0,2270.0,2121.0,3955.0,4156.0,2794.0
Maharashtra,Palghar,Shree Anna /Nutri Cereals,Kharif,929.0,929.0,708.0,765.0,690.0,742.0,881.0,854.0,819.0
Maharashtra,Palghar,Shree Anna /Nutri Cereals,Rabi,,,,,,,669.0,678.0,
Maharashtra,Palghar,Small Millets,Kharif,,,,,,,,553.0,540.0
Maharashtra,Palghar,Tur,Kharif,819.0,480.0,163.0,444.0,662.0,602.0,642.0,533.0,388.0
Maharashtra,Palghar,Urad,Kharif,786.0,466.0,257.0,368.0,316.0,493.0,442.0,651.0,712.0
Maharashtra,Palghar,Wheat,Rabi,2857.0,1400.0,700.0,2900.0,1217.0,1400.0,2014.0,2076.0,861.0
Maharashtra,Parbhani,Bajra,Kharif,461.0,362.0,612.0,468.0,628.0,497.0,357.0,736.0,460.0
Maharashtra,Parbhani,Bajra,Summer,,,,,,910.0,910.0,910.0,910.0
Maharashtra,Parbhani,Gram,Rabi,835.0,623.0,715.0,891.0,896.0,1216.0,1216.0,970.0,1110.0
Maharashtra,Parbhani,Jowar,Kharif,691.0,434.0,908.0,648.0,455.0,396.0,714.0,748.0,699.0
Maharashtra,Parbhani,Jowar,Rabi,962.0,717.0,641.0,1034.0,1244.0,1238.0,1303.0,1161.0,1136.0
Maharashtra,Parbhani,Jowar,Summer,,,,,,831.0,831.0,831.0,832.0
Maharashtra,Parbhani,Maize,Kharif,359.0,787.0,494.0,717.0,1066.0,857.0,986.0,879.0,765.0
Maharashtra,Parbhani,Maize,Rabi,1751.0,1037.0,730.0,1258.0,1290.0,2176.0,1977.0,892.0,1138.0
Maharashtra,Parbhani,Maize,Summer,1560.0,618.0,,1215.0,697.0,697.0,1026.0,1026.0,1026.0
Maharashtra,Parbhani,Moong,Kharif,601.0,218.0,435.0,395.0,664.0,665.0,807.0,619.0,913.0
Maharashtra,Parbhani,Moong,Summer,,,,,,184.0,184.0,184.0,184.0
Maharashtra,Parbhani,Rice,Kharif,200.0,,200.0,100.0,656.0,,,,
Maharashtra,Parbhani,Shree Anna /Nutri Cereals,Kharif,653.0,426.0,882.0,629.0,473.0,405.0,707.0,717.0,598.0
Maharashtra,Parbhani,Shree Anna /Nutri Cereals,Rabi,962.0,717.0,641.0,1034.0,1244.0,1238.0,1303.0,1161.0,1136.0
Maharashtra,Parbhani,Shree Anna /Nutri Cereals,Summer,,,,,,870.0,898.0,892.0,872.0
Maharashtra,Parbhani,Small Millets,Kharif,,,,,,,,286.0,303.0
Maharashtra,Parbhani,Tur,Kharif,1263.0,1503.0,451.0,1148.0,1288.0,1682.0,905.0,1006.0,1141.0
Maharashtra,Parbhani,Urad,Kharif,445.0,298.0,526.0,356.0,635.0,544.0,862.0,541.0,766.0
Maharashtra,Parbhani,Urad,Summer,,,,,,539.0,539.0,,539.0
Maharashtra,Parbhani,Wheat,Rabi,1587.0,954.0,1298.0,1025.0,1928.0,1770.0,1843.0,1898.0,1258.0
Maharashtra,Pune,Bajra,Kharif,730.0,722.0,1171.0,1314.0,1673.0,1674.0,1618.0,1114.0,1629.0
Maharashtra,Pune,Bajra,Summer,,,,,,910.0,910.0,910.0,910.0
Maharashtra,Pune,Gram,Rabi,1075.0,1137.0,736.0,1073.0,849.0,1056.0,1098.0,1056.0,1056.0
Maharashtra,Pune,Jowar,Kharif,222.0,941.0,703.0,812.0,617.0,1129.0,307.0,135.0,658.0
Maharashtra,Pune,Jowar,Rabi,351.0,731.0,304.0,707.0,716.0,828.0,935.0,933.0,1142.0
Maharashtra,Pune,Maize,Kharif,4215.0,2728.0,2697.0,3564.0,3096.0,2741.0,3705.0,2003.0,2539.0
Maharashtra,Pune,Maize,Rabi,7888.0,3525.0,2567.0,4196.0,3115.0,2785.0,5084.0,2723.0,3698.0
Maharashtra,Pune,Maize,Summer,2440.0,1089.0,1099.0,2500.0,1540.0,1540.0,1748.0,1748.0,1748.0
Maharashtra,Pune,Moong,Kharif,289.0,348.0,237.0,256.0,585.0,910.0,714.0,284.0,535.0
Maharashtra,Pune,Moong,Summer,,,,,,184.0,184.0,184.0,184.0
Maharashtra,Pune,Ragi,Kharif,829.0,815.0,713.0,723.0,786.0,1182.0,953.0,946.0,1099.0
Maharashtra,Pune,Rice,Kharif,2157.0,2385.0,1833.0,1809.0,2095.0,2789.0,2538.0,2480.0,2983.0
Maharashtra,Pune,Rice,Summer,,,,,,3113.0,,,
Maharashtra,Pune,Shree Anna /Nutri Cereals,Kharif,714.0,739.0,1119.0,1262.0,1591.0,1626.0,1576.0,1078.0,1590.0
Maharashtra,Pune,Shree Anna /Nutri Cereals,Rabi,351.0,731.0,304.0,707.0,716.0,828.0,935.0,933.0,1142.0
Maharashtra,Pune,Shree Anna /Nutri Cereals,Summer,,,,,,910.0,910.0,910.0,910.0
Maharashtra,Pune,Small Millets,Kharif,,,,,,,,594.0,583.0
Maharashtra,Pune,Tur,Kharif,873.0,650.0,306.0,648.0,826.0,762.0,831.0,220.0,748.0
Maharashtra,Pune,Urad,Kharif,418.0,664.0,662.0,654.0,525.0,957.0,766.0,275.0,431.0
Maharashtra,Pune,Urad,Summer,,,,,,539.0,539.0,538.0,539.0
Maharashtra,Pune,Wheat,Rabi,2398.0,2448.0,2003.0,2066.0,2088.0,2102.0,2438.0,2404.0,2200.0
Maharashtra,Raigad,Gram,Rabi,889.0,,,418.0,917.0,919.0,866.0,991.0,852.0
Maharashtra,Raigad,Moong,Kharif,600.0,200.0,200.0,,364.0,,,275.0,
Maharashtra,Raigad,Moong,Summer,,,,,,185.0,,,
Maharashtra,Raigad,Ragi,Kharif,824.0,791.0,925.0,816.0,950.0,1207.0,1006.0,1132.0,1193.0
Maharashtra,Raigad,Rice,Kharif,2717.0,2706.0,2832.0,1934.0,1839.0,2276.0,2669.0,2821.0,2431.0
Maharashtra,Raigad,Rice,Summer,3051.0,3158.0,3178.0,3339.0,2798.0,2911.0,4052.0,3565.0,3469.0
Maharashtra,Raigad,Shree Anna /Nutri Cereals,Kharif,824.0,791.0,925.0,816.0,950.0,1207.0,1006.0,1021.0,1175.0
Maharashtra,Raigad,Small Millets,Kharif,,,,,,,,460.0,1049.0
Maharashtra,Raigad,Tur,Kharif,819.0,667.0,161.0,586.0,662.0,602.0,643.0,533.0,258.0
Maharashtra,Raigad,Urad,Kharif,794.0,,,,339.0,535.0,,685.0,
Maharashtra,Ratnagiri,Gram,Rabi,,,,479.0,917.0,919.0,,,
Maharashtra,Ratnagiri,Jowar,Summer,,,,,,832.0,,,
Maharashtra,Ratnagiri,Maize,Rabi,,,,2609.0,2746.0,2464.0,2749.0,2589.0,2503.0
Maharashtra,Ratnagiri,Moong,Kharif,500.0,,,,363.0,,,,
Maharashtra,Ratnagiri,Moong,Summer,,,,,,184.0,184.0,,
Maharashtra,Ratnagiri,Ragi,Kharif,1412.0,1507.0,1455.0,1405.0,1445.0,1695.0,1407.0,1540.0,1639.0
Maharashtra,Ratnagiri,Rice,Kharif,3138.0,2984.0,3166.0,3164.0,2817.0,2864.0,2984.0,3029.0,2664.0
Maharashtra,Ratnagiri,Rice,Summer,2500.0,3448.0,3000.0,2000.0,1957.0,2685.0,3572.0,3579.0,2833.0
Maharashtra,Ratnagiri,Shree Anna /Nutri Cereals,Kharif,1412.0,1507.0,1455.0,1405.0,1445.0,1695.0,1407.0,1497.0,1627.0
Maharashtra,Ratnagiri,Shree Anna /Nutri Cereals,Summer,,,,,,832.0,,,
Maharashtra,Ratnagiri,Small Millets,Kharif,,,,,,,,545.0,531.0
Maharashtra,Ratnagiri,Tur,Kharif,817.0,,,,662.0,602.0,651.0,533.0,647.0
Maharashtra,Ratnagiri,Urad,Kharif,806.0,,,,339.0,535.0,,,
Maharashtra,Ratnagiri,Urad,Summer,,,,,,540.0,539.0,,
Maharashtra,Sangli,Bajra,Kharif,713.0,148.0,236.0,353.0,999.0,1102.0,1121.0,334.0,1180.0
Maharashtra,Sangli,Gram,Rabi,834.0,915.0,687.0,876.0,1178.0,1152.0,1060.0,1033.0,1061.0
Maharashtra,Sangli,Jowar,Kharif,1003.0,835.0,798.0,863.0,1371.0,1179.0,643.0,499.0,1210.0
Maharashtra,Sangli,Jowar,Rabi,515.0,623.0,408.0,976.0,846.0,1022.0,986.0,1048.0,982.0
Maharashtra,Sangli,Maize,Kharif,3141.0,2327.0,1815.0,1854.0,2413.0,2529.0,2873.0,1304.0,3311.0
Maharashtra,Sangli,Maize,Rabi,3030.0,2591.0,2385.0,2100.0,3249.0,4356.0,3132.0,2105.0,1948.0
Maharashtra,Sangli,Maize,Summer,1600.0,2186.0,1557.0,2000.0,3037.0,2100.0,2818.0,2643.0,2137.0
Maharashtra,Sangli,Moong,Kharif,868.0,242.0,241.0,203.0,806.0,608.0,567.0,226.0,692.0
Maharashtra,Sangli,Ragi,Kharif,,,,,1747.0,1808.0,2088.0,2735.0,
Maharashtra,Sangli,Rice,Kharif,2554.0,2312.0,2634.0,1268.0,2807.0,2478.0,2648.0,1445.0,2267.0
Maharashtra,Sangli,Shree Anna /Nutri Cereals,Kharif,858.0,476.0,550.0,582.0,1169.0,1134.0,976.0,370.0,1163.0
Maharashtra,Sangli,Shree Anna /Nutri Cereals,Rabi,515.0,623.0,408.0,976.0,846.0,1022.0,986.0,1048.0,982.0
Maharashtra,Sangli,Small Millets,Kharif,,,,,,,,111.0,101.0
Maharashtra,Sangli,Tur,Kharif,377.0,297.0,152.0,206.0,594.0,617.0,705.0,358.0,667.0
Maharashtra,Sangli,Urad,Kharif,730.0,101.0,213.0,319.0,749.0,804.0,606.0,248.0,780.0
Maharashtra,Sangli,Wheat,Rabi,2484.0,1984.0,2280.0,1705.0,2234.0,2163.0,2261.0,2037.0,2395.0
Maharashtra,Satara,Bajra,Kharif,732.0,506.0,522.0,517.0,887.0,937.0,671.0,365.0,1081.0
Maharashtra,Satara,Bajra,Summer,,,,,,,400.0,,910.0
Maharashtra,Satara,Gram,Rabi,800.0,932.0,905.0,975.0,951.0,1153.0,958.0,737.0,645.0
Maharashtra,Satara,Jowar,Kharif,1037.0,1373.0,1117.0,696.0,1630.0,1344.0,1436.0,1041.0,855.0
Maharashtra,Satara,Jowar,Rabi,727.0,912.0,775.0,798.0,1017.0,1207.0,1022.0,904.0,1081.0
Maharashtra,Satara,Maize,Kharif,2213.0,3099.0,2185.0,1403.0,2592.0,3321.0,2411.0,543.0,4469.0
Maharashtra,Satara,Maize,Rabi,2186.0,2762.0,2703.0,3406.0,3465.0,4300.0,1720.0,3452.0,927.0
Maharashtra,Satara,Maize,Summer,1700.0,1591.0,1399.0,1849.0,2100.0,3050.0,2100.0,1500.0,2500.0
Maharashtra,Satara,Moong,Kharif,581.0,455.0,590.0,362.0,692.0,562.0,1030.0,108.0,656.0
Maharashtra,Satara,Ragi,Kharif,978.0,1133.0,1060.0,1068.0,1319.0,1203.0,1132.0,847.0,912.0
Maharashtra,Satara,Rice,Kharif,1747.0,1812.0,2318.0,1438.0,2320.0,1972.0,1953.0,1296.0,1644.0
Maharashtra,Satara,Shree Anna /Nutri Cereals,Kharif,817.0,753.0,736.0,603.0,1074.0,1049.0,861.0,518.0,1035.0
Maharashtra,Satara,Shree Anna /Nutri Cereals,Rabi,727.0,912.0,775.0,798.0,1017.0,1207.0,1022.0,904.0,1081.0
Maharashtra,Satara,Shree Anna /Nutri Cereals,Summer,,,,,,,400.0,,910.0
Maharashtra,Satara,Small Millets,Kharif,,,,,,,,359.0,508.0
Maharashtra,Satara,Tur,Kharif,377.0,176.0,713.0,834.0,340.0,335.0,872.0,269.0,611.0
Maharashtra,Satara,Urad,Kharif,507.0,522.0,559.0,362.0,680.0,774.0,1090.0,162.0,678.0
Maharashtra,Satara,Wheat,Rabi,2000.0,2019.0,2065.0,1973.0,2167.0,2435.0,2338.0,2131.0,1733.0
Maharashtra,Sindhudurg,Maize,Rabi,3509.0,,,3171.0,2746.0,2464.0,2749.0,2589.0,2840.0
Maharashtra,Sindhudurg,Maize,Summer,,,,,,,2328.0,2328.0,2329.0
Maharashtra,Sindhudurg,Moong,Kharif,523.0,,,,364.0,635.0,,,
Maharashtra,Sindhudurg,Moong,Summer,,,,,,,,184.0,
Maharashtra,Sindhudurg,Ragi,Kharif,1778.0,1444.0,1574.0,2040.0,1783.0,1935.0,1830.0,2196.0,2348.0
Maharashtra,Sindhudurg,Rice,Kharif,3291.0,3248.0,2940.0,2500.0,2802.0,2588.0,2679.0,2936.0,2794.0
Maharashtra,Sindhudurg,Rice,Summer,2133.0,2105.0,3006.0,2486.0,2621.0,2667.0,3955.0,2420.0,2840.0
Maharashtra,Sindhudurg,Shree Anna /Nutri Cereals,Kharif,1778.0,1444.0,1574.0,2040.0,1783.0,1935.0,1830.0,2077.0,2242.0
Maharashtra,Sindhudurg,Small Millets,Kharif,,,,,,,,519.0,833.0
Maharashtra,Sindhudurg,Tur,Kharif,819.0,,,,660.0,602.0,,,
Maharashtra,Sindhudurg,Urad,Kharif,800.0,467.0,278.0,500.0,339.0,536.0,540.0,685.0,
Maharashtra,Solapur,Bajra,Kharif,349.0,341.0,135.0,231.0,492.0,406.0,419.0,199.0,678.0
Maharashtra,Solapur,Bajra,Summer,,,,,,910.0,910.0,910.0,910.0
Maharashtra,Solapur,Gram,Rabi,674.0,675.0,554.0,812.0,839.0,802.0,707.0,671.0,763.0
Maharashtra,Solapur,Jowar,Kharif,400.0,,493.0,255.0,617.0,1129.0,498.0,121.0,465.0
Maharashtra,Solapur,Jowar,Rabi,549.0,563.0,355.0,681.0,795.0,817.0,778.0,699.0,836.0
Maharashtra,Solapur,Maize,Kharif,1134.0,2465.0,933.0,1227.0,2262.0,2313.0,2248.0,1350.0,3006.0
Maharashtra,Solapur,Maize,Rabi,1762.0,2008.0,1421.0,2329.0,1579.0,2227.0,2475.0,2421.0,2464.0
Maharashtra,Solapur,Maize,Summer,2618.0,601.0,831.0,2600.0,1406.0,1406.0,1607.0,1607.0,1607.0
Maharashtra,Solapur,Moong,Kharif,551.0,213.0,244.0,348.0,582.0,514.0,427.0,246.0,569.0
Maharashtra,Solapur,Moong,Summer,,,,,,184.0,184.0,184.0,184.0
Maharashtra,Solapur,Ragi,Kharif,500.0,,,838.0,788.0,1182.0,,,
Maharashtra,Solapur,Rice,Kharif,215.0,117.0,90.0,157.0,1885.0,385.0,,,
Maharashtra,Solapur,Rice,Summer,,,,,,3113.0,3955.0,,
Maharashtra,Solapur,Shree Anna /Nutri Cereals,Kharif,350.0,341.0,183.0,235.0,499.0,421.0,419.0,199.0,674.0
Maharashtra,Solapur,Shree Anna /Nutri Cereals,Rabi,549.0,563.0,355.0,681.0,795.0,817.0,778.0,699.0,836.0
Maharashtra,Solapur,Shree Anna /Nutri Cereals,Summer,,,,,,910.0,910.0,910.0,910.0
Maharashtra,Solapur,Small Millets,Kharif,,,,,,,,291.0,251.0
Maharashtra,Solapur,Tur,Kharif,561.0,628.0,115.0,571.0,618.0,517.0,533.0,562.0,711.0
Maharashtra,Solapur,Urad,Kharif,565.0,176.0,268.0,362.0,651.0,587.0,477.0,328.0,902.0
Maharashtra,Solapur,Urad,Summer,,,,,,539.0,539.0,538.0,539.0
Maharashtra,Solapur,Wheat,Rabi,1339.0,1191.0,885.0,1129.0,1412.0,1422.0,1558.0,1378.0,1936.0
Maharashtra,Thane,Gram,Rabi,929.0,857.0,901.0,701.0,917.0,919.0,866.0,991.0,850.0
Maharashtra,Thane,Jowar,Rabi,,,,,,,669.0,678.0,920.0
Maharashtra,Thane,Jowar,Summer,,,,,,,,831.0,832.0
Maharashtra,Thane,Maize,Rabi,,4000.0,,,,2464.0,2749.0,2589.0,3732.0
Maharashtra,Thane,Maize,Summer,,,,,,2001.0,2328.0,2328.0,
Maharashtra,Thane,Moong,Kharif,,,,,364.0,635.0,,,
Maharashtra,Thane,Moong,Summer,,,,,,,,184.0,184.0
Maharashtra,Thane,Ragi,Kharif,1714.0,1538.0,886.0,719.0,869.0,1014.0,1027.0,813.0,868.0
Maharashtra,Thane,Rice,Kharif,2720.0,1848.0,2539.0,2145.0,1940.0,2351.0,2675.0,2871.0,1703.0
Maharashtra,Thane,Rice,Summer,1000.0,2083.0,2895.0,3105.0,2294.0,4510.0,2409.0,2756.0,2350.0
Maharashtra,Thane,Shree Anna /Nutri Cereals,Kharif,1714.0,1538.0,886.0,719.0,869.0,1014.0,1027.0,796.0,890.0
Maharashtra,Thane,Shree Anna /Nutri Cereals,Rabi,,,,,,,669.0,678.0,920.0
Maharashtra,Thane,Shree Anna /Nutri Cereals,Summer,,,,,,,,831.0,832.0
Maharashtra,Thane,Small Millets,Kharif,,,,,,,,770.0,949.0
Maharashtra,Thane,Tur,Kharif,823.0,,,,662.0,601.0,642.0,533.0,349.0
Maharashtra,Thane,Urad,Kharif,857.0,523.0,604.0,830.0,461.0,770.0,1031.0,927.0,590.0
Maharashtra,Thane,Urad,Summer,,,,,,,,538.0,539.0
Maharashtra,Thane,Wheat,Rabi,2000.0,2000.0,,,,,,,
Maharashtra,Wardha,Bajra,Kharif,,,,,,,,430.0,
Maharashtra,Wardha,Gram,Rabi,1142.0,1172.0,1358.0,1014.0,1690.0,1516.0,1377.0,1248.0,1237.0
Maharashtra,Wardha,Jowar,Kharif,500.0,433.0,244.0,224.0,215.0,214.0,37.0,135.0,136.0
Maharashtra,Wardha,Jowar,Rabi,579.0,743.0,511.0,564.0,610.0,869.0,838.0,531.0,601.0
Maharashtra,Wardha,Jowar,Summer,,,,,,831.0,,,832.0
Maharashtra,Wardha,Maize,Kharif,3333.0,,,1615.0,3416.0,2951.0,2000.0,3120.0,2898.0
Maharashtra,Wardha,Maize,Rabi,1000.0,,,1051.0,1290.0,2177.0,,892.0,1099.0
Maharashtra,Wardha,Maize,Summer,,481.0,367.0,,1302.0,680.0,674.0,674.0,674.0
Maharashtra,Wardha,Moong,Kharif,2539.0,260.0,423.0,389.0,339.0,494.0,378.0,195.0,350.0
Maharashtra,Wardha,Moong,Summer,,,,,,184.0,184.0,184.0,184.0
Maharashtra,Wardha,Shree Anna /Nutri Cereals,Kharif,500.0,433.0,244.0,224.0,215.0,214.0,37.0,269.0,136.0
Maharashtra,Wardha,Shree Anna /Nutri Cereals,Rabi,579.0,743.0,511.0,564.0,610.0,869.0,838.0,531.0,601.0
Maharashtra,Wardha,Shree Anna /Nutri Cereals,Summer,,,,,,831.0,,,832.0
Maharashtra,Wardha,Small Millets,Kharif,,,,,,,,359.0,
Maharashtra,Wardha,Tur,Kharif,1515.0,1137.0,1113.0,1352.0,1855.0,1393.0,652.0,1053.0,1719.0
Maharashtra,Wardha,Urad,Kharif,367.0,800.0,478.0,111.0,292.0,396.0,461.0,626.0,363.0
Maharashtra,Wardha,Wheat,Rabi,1517.0,1478.0,1702.0,1382.0,2155.0,2301.0,1649.0,2065.0,2030.0
Maharashtra,Washim,Bajra,Kharif,333.0,500.0,148.0,227.0,472.0,360.0,,,
Maharashtra,Washim,Bajra,Summer,,,,,,,882.0,910.0,910.0
Maharashtra,Washim,Gram,Rabi,902.0,708.0,873.0,921.0,1577.0,1272.0,1155.0,1253.0,1014.0
Maharashtra,Washim,Jowar,Kharif,750.0,479.0,502.0,357.0,574.0,760.0,467.0,950.0,1070.0
Maharashtra,Washim,Jowar,Rabi,1136.0,765.0,541.0,791.0,1108.0,861.0,1231.0,1425.0,861.0
Maharashtra,Washim,Jowar,Summer,,,,,,831.0,831.0,831.0,832.0
Maharashtra,Washim,Maize,Kharif,2500.0,2600.0,1434.0,1836.0,3416.0,2951.0,2989.0,,
Maharashtra,Washim,Maize,Rabi,,1000.0,,340.0,1290.0,2177.0,1977.0,892.0,966.0
Maharashtra,Washim,Maize,Summer,,,,,,1732.0,1312.0,1312.0,1312.0
Maharashtra,Washim,Moong,Kharif,683.0,463.0,563.0,463.0,750.0,764.0,482.0,606.0,1206.0
Maharashtra,Washim,Moong,Summer,,,,,,184.0,184.0,184.0,184.0
Maharashtra,Washim,Shree Anna /Nutri Cereals,Kharif,734.0,480.0,491.0,349.0,571.0,760.0,467.0,652.0,365.0
Maharashtra,Washim,Shree Anna /Nutri Cereals,Rabi,1136.0,765.0,541.0,791.0,1108.0,861.0,1231.0,1425.0,861.0
Maharashtra,Washim,Shree Anna /Nutri Cereals,Summer,,,,,,831.0,832.0,846.0,844.0
Maharashtra,Washim,Small Millets,Kharif,,,,,,,,521.0,339.0
Maharashtra,Washim,Tur,Kharif,640.0,346.0,603.0,629.0,854.0,557.0,623.0,612.0,1159.0
Maharashtra,Washim,Urad,Kharif,724.0,492.0,595.0,472.0,858.0,750.0,548.0,757.0,1084.0
Maharashtra,Washim,Urad,Summer,,,,,,539.0,539.0,538.0,539.0
Maharashtra,Washim,Wheat,Rabi,1608.0,1263.0,771.0,1313.0,2419.0,1967.0,2349.0,2016.0,2143.0
Maharashtra,Yavatmal,Bajra,Kharif,440.0,432.0,141.0,224.0,472.0,362.0,350.0,430.0,370.0
Maharashtra,Yavatmal,Bajra,Summer,,,,,,910.0,,910.0,910.0
Maharashtra,Yavatmal,Gram,Rabi,739.0,797.0,1129.0,1432.0,1151.0,1033.0,682.0,1089.0,1242.0
Maharashtra,Yavatmal,Jowar,Kharif,452.0,537.0,335.0,313.0,377.0,252.0,223.0,452.0,666.0
Maharashtra,Yavatmal,Jowar,Rabi,1152.0,754.0,500.0,790.0,1108.0,861.0,1231.0,1425.0,800.0
Maharashtra,Yavatmal,Jowar,Summer,,,,,,831.0,850.0,850.0,900.0
Maharashtra,Yavatmal,Maize,Kharif,2733.0,2471.0,1433.0,151.0,3415.0,2951.0,2990.0,3120.0,
Maharashtra,Yavatmal,Maize,Rabi,1706.0,1000.0,741.0,940.0,1290.0,2176.0,1977.0,892.0,1078.0
Maharashtra,Yavatmal,Maize,Summer,1500.0,,,,,1732.0,529.0,529.0,529.0
Maharashtra,Yavatmal,Moong,Kharif,543.0,496.0,382.0,347.0,331.0,326.0,302.0,791.0,693.0
Maharashtra,Yavatmal,Moong,Summer,,,,,,184.0,184.0,184.0,184.0
Maharashtra,Yavatmal,Shree Anna /Nutri Cereals,Kharif,451.0,537.0,334.0,312.0,377.0,252.0,224.0,452.0,647.0
Maharashtra,Yavatmal,Shree Anna /Nutri Cereals,Rabi,1152.0,754.0,500.0,790.0,1108.0,861.0,1231.0,1425.0,800.0
Maharashtra,Yavatmal,Shree Anna /Nutri Cereals,Summer,,,,,,834.0,850.0,851.0,900.0
Maharashtra,Yavatmal,Small Millets,Kharif,,,,,,,,,313.0
Maharashtra,Yavatmal,Tur,Kharif,1331.0,972.0,1112.0,315.0,581.0,1011.0,408.0,1007.0,1138.0
Maharashtra,Yavatmal,Urad,Kharif,519.0,12.0,363.0,358.0,390.0,356.0,312.0,567.0,575.0
Maharashtra,Yavatmal,Urad,Summer,,,,,,,434.0,,539.0
Maharashtra,Yavatmal,Wheat,Rabi,1294.0,1016.0,939.0,1211.0,1429.0,1957.0,1013.0,1432.0,1162.0
Manipur,Bishnupur,Gram,Rabi,943.0,955.0,968.0,,,,,,
Manipur,Bishnupur,Lentil,Rabi,943.0,945.0,944.0,,,,,,
Manipur,Bishnupur,Maize,Kharif,2120.0,2182.0,2000.0,,,2500.0,2020.0,,
Manipur,Bishnupur,Maize,Rabi,2352.0,2366.0,2366.0,,,2394.0,1694.0,1822.0,
Manipur,Bishnupur,Maize,Summer,,,,,,,,1929.0,
Manipur,Bishnupur,Moong,Kharif,1169.0,1143.0,1132.0,,,,,,
Manipur,Bishnupur,Rice,Kharif,3355.0,3605.0,3798.0,2651.0,3710.0,2851.0,1386.0,3062.0,
Manipur,Bishnupur,Rice,Summer,,,,,,,,1978.0,
Manipur,Bishnupur,Tur,Kharif,1165.0,1153.0,1120.0,,,,,,
Manipur,Bishnupur,Urad,Kharif,1220.0,1136.0,1091.0,,,,,,
Manipur,Bishnupur,Wheat,Rabi,2600.0,2600.0,2600.0,,,2500.0,2500.0,3455.0,
Manipur,Chandel,Gram,Rabi,943.0,1200.0,906.0,,,,,,
Manipur,Chandel,Lentil,Rabi,947.0,952.0,840.0,,,,,,
Manipur,Chandel,Maize,Kharif,2179.0,2483.0,2517.0,,,2267.0,2250.0,,
Manipur,Chandel,Maize,Rabi,2500.0,2512.0,2388.0,,,2393.0,2365.0,2333.0,
Manipur,Chandel,Maize,Summer,,,,,,,,2198.0,
Manipur,Chandel,Moong,Kharif,1000.0,1000.0,1146.0,,,,,,
Manipur,Chandel,Rice,Kharif,1520.0,1156.0,1171.0,1745.0,3109.0,1117.0,1076.0,,
Manipur,Chandel,Rice,Summer,,,,,,,,1683.0,
Manipur,Chandel,Tur,Kharif,1093.0,1047.0,1156.0,,,,,,
Manipur,Chandel,Urad,Kharif,1129.0,984.0,1125.0,,,,,,
Manipur,Chandel,Wheat,Rabi,,,2500.0,,,2500.0,2000.0,1997.0,
Manipur,Churachandpur,Gram,Rabi,944.0,945.0,942.0,,,,,,
Manipur,Churachandpur,Lentil,Rabi,952.0,957.0,932.0,,,,,,
Manipur,Churachandpur,Maize,Kharif,2107.0,2270.0,1526.0,2918.0,1749.0,2131.0,2103.0,,
Manipur,Churachandpur,Maize,Rabi,2371.0,2389.0,2385.0,,,2313.0,2391.0,2353.0,
Manipur,Churachandpur,Maize,Summer,,,,,,,,2068.0,
Manipur,Churachandpur,Moong,Kharif,1111.0,1111.0,796.0,,,,,,
Manipur,Churachandpur,Rice,Kharif,1532.0,1070.0,1168.0,1770.0,1975.0,1114.0,806.0,,
Manipur,Churachandpur,Rice,Summer,,,,,,,,1263.0,
Manipur,Churachandpur,Tur,Kharif,1077.0,1077.0,815.0,,,,,,
Manipur,Churachandpur,Urad,Kharif,1130.0,1130.0,800.0,,,,,,
Manipur,Churachandpur,Wheat,Rabi,2457.0,2457.0,2478.0,,,2478.0,2500.0,2527.0,
Manipur,Imphal East,Gram,Rabi,975.0,950.0,958.0,,,,,,
Manipur,Imphal East,Lentil,Rabi,970.0,973.0,960.0,,,,,,
Manipur,Imphal East,Maize,Kharif,2000.0,2164.0,2164.0,,,2170.0,2118.0,,
Manipur,Imphal East,Maize,Rabi,2493.0,2493.0,2390.0,,,2400.0,2600.0,2603.0,
Manipur,Imphal East,Maize,Summer,,,,,,,,2148.0,
Manipur,Imphal East,Moong,Kharif,985.0,1000.0,1000.0,,,,,,
Manipur,Imphal East,Rice,Kharif,2824.0,3310.0,3167.0,2081.0,2540.0,2652.0,1439.0,2501.0,
Manipur,Imphal East,Rice,Summer,,,,,,,,2273.0,
Manipur,Imphal East,Tur,Kharif,1123.0,1117.0,983.0,,,,,,
Manipur,Imphal East,Urad,Kharif,1234.0,1237.0,1130.0,,,,,,
Manipur,Imphal East,Wheat,Rabi,2481.0,2481.0,2481.0,,,2481.0,2308.0,2307.0,
Manipur,Imphal West,Gram,Rabi,929.0,929.0,929.0,,,,,,
Manipur,Imphal West,Lentil,Rabi,955.0,943.0,937.0,,,,,,
Manipur,Imphal West,Maize,Kharif,2049.0,2183.0,2300.0,,,2800.0,2373.0,,
Manipur,Imphal West,Maize,Rabi,2500.0,2514.0,2315.0,,,2143.0,2533.0,2533.0,
Manipur,Imphal West,Maize,Summer,,,,,,,,2378.0,
Manipur,Imphal West,Moong,Kharif,1145.0,1143.0,1117.0,,,,,,
Manipur,Imphal West,Rice,Kharif,3460.0,3300.0,3189.0,2453.0,2988.0,2279.0,1024.0,2782.0,
Manipur,Imphal West,Rice,Summer,,,,,,,,1652.0,
Manipur,Imphal West,Tur,Kharif,1203.0,1203.0,1113.0,,,,,,
Manipur,Imphal West,Urad,Kharif,1160.0,1155.0,1000.0,,,,,,
Manipur,Imphal West,Wheat,Rabi,2500.0,2500.0,2500.0,,,2500.0,2692.0,2686.0,
Manipur,Senapati,Gram,Rabi,870.0,873.0,913.0,,,,,,
Manipur,Senapati,Lentil,Rabi,898.0,889.0,914.0,,,,,,
Manipur,Senapati,Maize,Kharif,2113.0,2251.0,2251.0,,,1974.0,1974.0,,
Manipur,Senapati,Maize,Rabi,2337.0,2348.0,2391.0,,,2130.0,2130.0,2123.0,
Manipur,Senapati,Maize,Summer,,,,,,,,1889.0,
Manipur,Senapati,Moong,Kharif,1111.0,1161.0,1143.0,,,,,,
Manipur,Senapati,Rice,Kharif,1510.0,1260.0,1421.0,430.0,2904.0,1143.0,1143.0,,
Manipur,Senapati,Rice,Summer,,,,,,,,1831.0,
Manipur,Senapati,Tur,Kharif,1109.0,1182.0,1164.0,,,,,,
Manipur,Senapati,Urad,Kharif,1100.0,1145.0,1145.0,,,,,,
Manipur,Senapati,Wheat,Rabi,2481.0,2481.0,2500.0,,,2444.0,2444.0,2327.0,
Manipur,Tamenglong,Gram,Rabi,944.0,760.0,838.0,,,,,,
Manipur,Tamenglong,Lentil,Rabi,944.0,842.0,902.0,,,,,,
Manipur,Tamenglong,Maize,Kharif,2135.0,2361.0,2701.0,,,2392.0,1966.0,,
Manipur,Tamenglong,Maize,Rabi,2333.0,2363.0,2424.0,,,2392.0,2380.0,2383.0,
Manipur,Tamenglong,Maize,Summer,,,,,,,,1998.0,
Manipur,Tamenglong,Moong,Kharif,1119.0,1103.0,1051.0,,,,,,
Manipur,Tamenglong,Rice,Kharif,1509.0,1075.0,1109.0,1211.0,1431.0,1000.0,871.0,,
Manipur,Tamenglong,Rice,Summer,,,,,,,,821.0,
Manipur,Tamenglong,Tur,Kharif,1114.0,1098.0,1073.0,,,,,,
Manipur,Tamenglong,Urad,Kharif,1089.0,1000.0,1009.0,,,,,,
Manipur,Tamenglong,Wheat,Rabi,,,2000.0,,,2000.0,2000.0,1997.0,
Manipur,Thoubal,Gram,Rabi,927.0,914.0,952.0,,,,,,
Manipur,Thoubal,Lentil,Rabi,937.0,900.0,942.0,,,,,,
Manipur,Thoubal,Maize,Kharif,2095.0,2177.0,2347.0,,,2571.0,2584.0,,
Manipur,Thoubal,Maize,Rabi,2537.0,2561.0,2348.0,,,2300.0,2879.0,1602.0,
Manipur,Thoubal,Maize,Summer,,,,,,,,3497.0,
Manipur,Thoubal,Moong,Kharif,1070.0,1080.0,1063.0,,,,,,
Manipur,Thoubal,Rice,Kharif,3554.0,3593.0,3697.0,2537.0,3334.0,2386.0,2298.0,3012.0,
Manipur,Thoubal,Rice,Summer,,,,,,,,4208.0,
Manipur,Thoubal,Tur,Kharif,1100.0,1000.0,1000.0,,,,,,
Manipur,Thoubal,Urad,Kharif,1110.0,1051.0,1011.0,,,,,,
Manipur,Thoubal,Wheat,Rabi,2500.0,2500.0,2500.0,,,2375.0,2500.0,2497.0,
Manipur,Ukhrul,Gram,Rabi,905.0,907.0,924.0,,,,,,
Manipur,Ukhrul,Lentil,Rabi,920.0,913.0,920.0,,,,,,
Manipur,Ukhrul,Maize,Kharif,2117.0,2503.0,2472.0,1959.0,2346.0,2601.0,2601.0,,
Manipur,Ukhrul,Maize,Rabi,2292.0,2301.0,2333.0,,,1600.0,1600.0,1602.0,
Manipur,Ukhrul,Maize,Summer,,,,,,,,3327.0,
Manipur,Ukhrul,Moong,Kharif,1154.0,1256.0,1026.0,,,,,,
Manipur,Ukhrul,Rice,Kharif,1567.0,1245.0,1362.0,2106.0,2694.0,1109.0,919.0,,
Manipur,Ukhrul,Rice,Summer,,,,,,,,1578.0,
Manipur,Ukhrul,Tur,Kharif,1186.0,1279.0,1000.0,,,,,,
Manipur,Ukhrul,Urad,Kharif,1129.0,1271.0,1000.0,,,,,,
Manipur,Ukhrul,Wheat,Rabi,,,2000.0,,,2000.0,2000.0,1997.0,
Meghalaya,East Garo Hills,Gram,Rabi,972.0,975.0,978.0,981.0,981.0,,981.0,981.0,
Meghalaya,East Garo Hills,Lentil,Rabi,1556.0,1556.0,1556.0,1556.0,1556.0,,488.0,,
Meghalaya,East Garo Hills,Maize,Kharif,1970.0,1971.0,1973.0,1978.0,1980.0,1983.0,1988.0,1987.0,
Meghalaya,East Garo Hills,Rice,Kharif,2525.0,2527.0,2515.0,2515.0,2515.0,2519.0,2015.0,1769.0,
Meghalaya,East Garo Hills,Rice,Rabi,1899.0,1901.0,1886.0,1901.0,1905.0,1912.0,1903.0,996.0,
Meghalaya,East Garo Hills,Shree Anna /Nutri Cereals,Kharif,,,,,,,,884.0,
Meghalaya,East Garo Hills,Shree Anna /Nutri Cereals,Rabi,1055.0,1053.0,1051.0,1044.0,1044.0,,892.0,,
Meghalaya,East Garo Hills,Small Millets,Kharif,,,,,,,,884.0,
Meghalaya,East Garo Hills,Small Millets,Rabi,1055.0,1053.0,1051.0,1044.0,1044.0,,892.0,,
Meghalaya,East Garo Hills,Tur,Kharif,986.0,986.0,987.0,987.0,987.0,987.0,989.0,987.0,
Meghalaya,East Garo Hills,Wheat,Rabi,1200.0,1200.0,1200.0,1200.0,1200.0,,,,
Meghalaya,East Jaintia Hills,Lentil,Rabi,,,,,,,1000.0,,
Meghalaya,East Jaintia Hills,Maize,Kharif,2249.0,2251.0,2253.0,2258.0,2263.0,2267.0,2272.0,2279.0,
Meghalaya,East Jaintia Hills,Rice,Kharif,2414.0,2414.0,2429.0,2444.0,2385.0,2400.0,2400.0,2003.0,
Meghalaya,East Jaintia Hills,Rice,Rabi,2091.0,2093.0,2094.0,2094.0,2098.0,2097.0,2194.0,,
Meghalaya,East Jaintia Hills,Shree Anna /Nutri Cereals,Kharif,,,,,,,,1161.0,
Meghalaya,East Jaintia Hills,Small Millets,Kharif,,,,,,,,1161.0,
Meghalaya,East Khasi Hills,Lentil,Rabi,2000.0,2000.0,2000.0,2000.0,2000.0,,2000.0,,
Meghalaya,East Khasi Hills,Maize,Kharif,3340.0,3341.0,3342.0,3345.0,3347.0,3348.0,3353.0,3352.0,
Meghalaya,East Khasi Hills,Rice,Kharif,3280.0,3282.0,3280.0,2917.0,2913.0,,,1772.0,
Meghalaya,East Khasi Hills,Rice,Rabi,2296.0,2297.0,2298.0,2298.0,2301.0,2304.0,1947.0,,
Meghalaya,East Khasi Hills,Shree Anna /Nutri Cereals,Kharif,,,,,,,,1147.0,
Meghalaya,East Khasi Hills,Shree Anna /Nutri Cereals,Rabi,1245.0,1227.0,1229.0,1229.0,1229.0,,1156.0,,
Meghalaya,East Khasi Hills,Small Millets,Kharif,,,,,,,,1147.0,
Meghalaya,East Khasi Hills,Small Millets,Rabi,1245.0,1227.0,1229.0,1229.0,1229.0,,1156.0,,
Meghalaya,North Garo Hills,Gram,Rabi,1055.0,1057.0,1060.0,1064.0,1064.0,,1064.0,1065.0,
Meghalaya,North Garo Hills,Lentil,Rabi,1654.0,1667.0,1667.0,1667.0,1667.0,,1679.0,,
Meghalaya,North Garo Hills,Maize,Kharif,1908.0,1912.0,1912.0,1916.0,1920.0,1923.0,1927.0,1928.0,
Meghalaya,North Garo Hills,Rice,Kharif,2478.0,2479.0,2470.0,2470.0,2469.0,2469.0,2212.0,2510.0,
Meghalaya,North Garo Hills,Rice,Rabi,2137.0,2137.0,2124.0,2139.0,2144.0,2147.0,2155.0,1351.0,
Meghalaya,North Garo Hills,Shree Anna /Nutri Cereals,Kharif,,,,,,,,1087.0,
Meghalaya,North Garo Hills,Shree Anna /Nutri Cereals,Rabi,1078.0,1088.0,1081.0,1061.0,1061.0,,1095.0,,
Meghalaya,North Garo Hills,Small Millets,Kharif,,,,,,,,1087.0,
Meghalaya,North Garo Hills,Small Millets,Rabi,1078.0,1088.0,1081.0,1061.0,1061.0,,1095.0,,
Meghalaya,North Garo Hills,Tur,Kharif,1000.0,1000.0,1000.0,1000.0,1000.0,1000.0,1000.0,1003.0,
Meghalaya,North Garo Hills,Wheat,Rabi,1317.0,1326.0,1326.0,1326.0,1326.0,,950.0,953.0,
Meghalaya,Ri Bhoi,Lentil,Rabi,500.0,500.0,500.0,500.0,500.0,,667.0,,
Meghalaya,Ri Bhoi,Maize,Kharif,3220.0,3221.0,3222.0,3226.0,3231.0,3236.0,3231.0,3230.0,
Meghalaya,Ri Bhoi,Rice,Kharif,3264.0,3263.0,3258.0,3250.0,3245.0,,,3077.0,
Meghalaya,Ri Bhoi,Rice,Rabi,3361.0,3355.0,3356.0,3356.0,3358.0,3384.0,3381.0,2124.0,
Meghalaya,Ri Bhoi,Shree Anna /Nutri Cereals,Kharif,,,,,,,,1260.0,
Meghalaya,Ri Bhoi,Shree Anna /Nutri Cereals,Rabi,1207.0,1214.0,1214.0,1185.0,1185.0,,1243.0,,
Meghalaya,Ri Bhoi,Small Millets,Kharif,,,,,,,,1260.0,
Meghalaya,Ri Bhoi,Small Millets,Rabi,1207.0,1214.0,1214.0,1185.0,1185.0,,1243.0,,
Meghalaya,South Garo Hills,Gram,Rabi,1099.0,1099.0,1099.0,1099.0,1099.0,,1204.0,1204.0,
Meghalaya,South Garo Hills,Lentil,Rabi,1514.0,1514.0,1514.0,1514.0,1514.0,,1424.0,,
Meghalaya,South Garo Hills,Maize,Kharif,1750.0,1751.0,1752.0,1756.0,1759.0,1762.0,1820.0,1819.0,
Meghalaya,South Garo Hills,Rice,Kharif,2200.0,2202.0,2187.0,2187.0,2187.0,2177.0,2177.0,2000.0,
Meghalaya,South Garo Hills,Rice,Rabi,2300.0,2300.0,2289.0,2303.0,2308.0,2386.0,1925.0,1096.0,
Meghalaya,South Garo Hills,Shree Anna /Nutri Cereals,Kharif,,,,,,,,1281.0,
Meghalaya,South Garo Hills,Shree Anna /Nutri Cereals,Rabi,1254.0,1252.0,1247.0,1244.0,1244.0,,1291.0,,
Meghalaya,South Garo Hills,Small Millets,Kharif,,,,,,,,1281.0,
Meghalaya,South Garo Hills,Small Millets,Rabi,1254.0,1252.0,1247.0,1244.0,1244.0,,1291.0,,
Meghalaya,South Garo Hills,Tur,Kharif,770.0,771.0,773.0,773.0,775.0,776.0,778.0,779.0,
Meghalaya,South Garo Hills,Wheat,Rabi,,,,,,,,1178.0,
Meghalaya,South West Garo Hills,Gram,Rabi,1206.0,1208.0,1210.0,1213.0,1213.0,,1213.0,1214.0,
Meghalaya,South West Garo Hills,Lentil,Rabi,996.0,998.0,1000.0,1004.0,1004.0,,1007.0,,
Meghalaya,South West Garo Hills,Maize,Kharif,2422.0,2422.0,2423.0,2428.0,2431.0,2434.0,2439.0,2439.0,
Meghalaya,South West Garo Hills,Rice,Kharif,2218.0,2220.0,2205.0,2205.0,2205.0,2779.0,1992.0,2495.0,
Meghalaya,South West Garo Hills,Rice,Rabi,3658.0,3660.0,3644.0,3653.0,3656.0,2946.0,2947.0,4846.0,
Meghalaya,South West Garo Hills,Shree Anna /Nutri Cereals,Kharif,,,,,,,,699.0,
Meghalaya,South West Garo Hills,Shree Anna /Nutri Cereals,Rabi,705.0,703.0,698.0,692.0,692.0,,711.0,,
Meghalaya,South West Garo Hills,Small Millets,Kharif,,,,,,,,699.0,
Meghalaya,South West Garo Hills,Small Millets,Rabi,705.0,703.0,698.0,692.0,692.0,,711.0,,
Meghalaya,South West Garo Hills,Tur,Kharif,1419.0,1421.0,1423.0,1428.0,1433.0,1437.0,1442.0,1439.0,
Meghalaya,South West Garo Hills,Wheat,Rabi,2020.0,2025.0,2029.0,2034.0,2034.0,,1872.0,1887.0,
Meghalaya,South West Khasi Hills,Maize,Kharif,1680.0,1685.0,1686.0,1691.0,1693.0,1696.0,1701.0,1701.0,
Meghalaya,South West Khasi Hills,Rice,Kharif,2246.0,2250.0,2254.0,2241.0,2228.0,2167.0,2167.0,1702.0,
Meghalaya,South West Khasi Hills,Rice,Rabi,1867.0,1870.0,1871.0,1871.0,1878.0,1860.0,1860.0,,
Meghalaya,South West Khasi Hills,Shree Anna /Nutri Cereals,Kharif,,,,,,,,1292.0,
Meghalaya,South West Khasi Hills,Shree Anna /Nutri Cereals,Rabi,1333.0,1324.0,1306.0,1306.0,1306.0,,1286.0,,
Meghalaya,South West Khasi Hills,Small Millets,Kharif,,,,,,,,1292.0,
Meghalaya,South West Khasi Hills,Small Millets,Rabi,1333.0,1324.0,1306.0,1306.0,1306.0,,1286.0,,
Meghalaya,West Garo Hills,Gram,Rabi,1051.0,1054.0,1055.0,1060.0,1060.0,,1060.0,1060.0,
Meghalaya,West Garo Hills,Lentil,Rabi,1009.0,1011.0,1012.0,1017.0,1017.0,,1019.0,,
Meghalaya,West Garo Hills,Maize,Kharif,2350.0,2351.0,2352.0,2357.0,2357.0,2358.0,1564.0,1564.0,
Meghalaya,West Garo Hills,Rice,Kharif,2282.0,2284.0,2270.0,2270.0,2270.0,2351.0,1987.0,2210.0,
Meghalaya,West Garo Hills,Rice,Rabi,3739.0,3739.0,3724.0,3733.0,3736.0,2585.0,2585.0,4557.0,
Meghalaya,West Garo Hills,Shree Anna /Nutri Cereals,Kharif,,,,,,,,651.0,
Meghalaya,West Garo Hills,Shree Anna /Nutri Cereals,Rabi,651.0,651.0,646.0,645.0,645.0,,656.0,,
Meghalaya,West Garo Hills,Small Millets,Kharif,,,,,,,,651.0,
Meghalaya,West Garo Hills,Small Millets,Rabi,651.0,651.0,646.0,645.0,645.0,,656.0,,
Meghalaya,West Garo Hills,Tur,Kharif,1409.0,1411.0,1412.0,1417.0,1421.0,1425.0,1430.0,1427.0,
Meghalaya,West Garo Hills,Wheat,Rabi,2021.0,2026.0,2026.0,2031.0,2031.0,,1850.0,1861.0,
Meghalaya,West Jaintia Hills,Maize,Kharif,1870.0,1872.0,1873.0,1877.0,1879.0,1881.0,1886.0,1886.0,
Meghalaya,West Jaintia Hills,Rice,Kharif,2593.0,2587.0,2581.0,2575.0,2569.0,2571.0,2571.0,1715.0,
Meghalaya,West Jaintia Hills,Rice,Rabi,2176.0,2178.0,2179.0,2179.0,2181.0,2180.0,1881.0,1991.0,
Meghalaya,West Jaintia Hills,Shree Anna /Nutri Cereals,Kharif,,,,,,,,1372.0,
Meghalaya,West Jaintia Hills,Shree Anna /Nutri Cereals,Rabi,1386.0,1389.0,1380.0,1380.0,1380.0,,1382.0,,
Meghalaya,West Jaintia Hills,Small Millets,Kharif,,,,,,,,1372.0,
Meghalaya,West Jaintia Hills,Small Millets,Rabi,1386.0,1389.0,1380.0,1380.0,1380.0,,1382.0,,
Meghalaya,West Jaintia Hills,Tur,Kharif,,,,,,,,1853.0,
Meghalaya,West Khasi Hills,Maize,Kharif,1940.0,1941.0,1942.0,1943.0,1945.0,1947.0,1952.0,1952.0,
Meghalaya,West Khasi Hills,Rice,Kharif,2586.0,2571.0,2550.0,2526.0,2500.0,2529.0,2500.0,1739.0,
Meghalaya,West Khasi Hills,Rice,Rabi,1847.0,1854.0,1855.0,1855.0,1856.0,1856.0,1855.0,,
Meghalaya,West Khasi Hills,Shree Anna /Nutri Cereals,Kharif,,,,,,,,1231.0,
Meghalaya,West Khasi Hills,Shree Anna /Nutri Cereals,Rabi,1233.0,1229.0,1224.0,1218.0,1218.0,,1243.0,,
Meghalaya,West Khasi Hills,Small Millets,Kharif,,,,,,,,1231.0,
Meghalaya,West Khasi Hills,Small Millets,Rabi,1233.0,1229.0,1224.0,1218.0,1218.0,,1243.0,,
Meghalaya,West Khasi Hills,Wheat,Rabi,1600.0,1600.0,1600.0,1600.0,1600.0,,,,
Mizoram,Aizawl,Maize,Kharif,1679.0,1762.0,1824.0,1795.0,1677.0,1681.0,1199.0,1274.0,1529.0
Mizoram,Aizawl,Maize,Rabi,2625.0,1545.0,1579.0,1474.0,1556.0,1429.0,1214.0,1334.0,2300.0
Mizoram,Aizawl,Rice,Kharif,1625.0,1574.0,1620.0,1458.0,1437.0,1438.0,1330.0,1208.0,1251.0
Mizoram,Aizawl,Tur,Kharif,900.0,864.0,1147.0,1000.0,1042.0,1000.0,889.0,921.0,557.0
Mizoram,Champhai,Maize,Kharif,1417.0,1374.0,1729.0,1641.0,1600.0,1553.0,1505.0,4011.0,3252.0
Mizoram,Champhai,Maize,Rabi,,1000.0,,,,1000.0,,,3000.0
Mizoram,Champhai,Rice,Kharif,1595.0,1668.0,1706.0,1821.0,2070.0,2059.0,1927.0,2447.0,2141.0
Mizoram,Champhai,Tur,Kharif,1500.0,1500.0,905.0,1333.0,,1200.0,1167.0,,
Mizoram,Champhai,Tur,Rabi,,2000.0,,,,,,,
Mizoram,Hnahthial,Maize,Kharif,,,,,1724.0,2000.0,1667.0,1655.0,3317.0
Mizoram,Hnahthial,Rice,Kharif,,,,,1255.0,1284.0,1279.0,1275.0,1273.0
Mizoram,Hnahthial,Tur,Kharif,,,,,2000.0,500.0,2000.0,1981.0,
Mizoram,Khawzawl,Maize,Kharif,,,,,1245.0,1500.0,1199.0,3329.0,1492.0
Mizoram,Khawzawl,Rice,Kharif,,,,,1401.0,1573.0,1535.0,1780.0,1688.0
Mizoram,Khawzawl,Tur,Kharif,,,,,1182.0,909.0,900.0,,3376.0
Mizoram,Kolasib,Maize,Kharif,1289.0,1294.0,1331.0,1793.0,1830.0,1801.0,1505.0,1324.0,1361.0
Mizoram,Kolasib,Maize,Rabi,1217.0,1315.0,1350.0,1535.0,1609.0,1614.0,1598.0,1585.0,1976.0
Mizoram,Kolasib,Rice,Kharif,1917.0,1933.0,1991.0,2023.0,2224.0,2231.0,2217.0,1852.0,2334.0
Mizoram,Kolasib,Tur,Kharif,870.0,865.0,865.0,1000.0,991.0,1053.0,1000.0,931.0,638.0
Mizoram,Kolasib,Tur,Rabi,891.0,891.0,891.0,936.0,1074.0,1138.0,1118.0,,
Mizoram,Lawngtlai,Maize,Kharif,2871.0,2874.0,2899.0,2954.0,2921.0,1751.0,1400.0,1484.0,1681.0
Mizoram,Lawngtlai,Maize,Rabi,2864.0,2861.0,2980.0,2680.0,2642.0,1706.0,3000.0,3511.0,3768.0
Mizoram,Lawngtlai,Rice,Kharif,1639.0,1641.0,1628.0,1637.0,1637.0,1642.0,1725.0,1750.0,1797.0
Mizoram,Lawngtlai,Rice,Rabi,2175.0,2175.0,2171.0,2234.0,2243.0,1950.0,1883.0,2202.0,2056.0
Mizoram,Lawngtlai,Tur,Kharif,1214.0,1210.0,1212.0,1452.0,1016.0,1057.0,1044.0,1040.0,645.0
Mizoram,Lunglei,Maize,Kharif,1593.0,1471.0,1543.0,1543.0,1459.0,1553.0,1549.0,3450.0,2809.0
Mizoram,Lunglei,Maize,Rabi,1602.0,949.0,1518.0,1458.0,1513.0,1471.0,4121.0,3522.0,2670.0
Mizoram,Lunglei,Rice,Kharif,1579.0,1456.0,1437.0,1464.0,1560.0,1340.0,1350.0,1416.0,1652.0
Mizoram,Lunglei,Rice,Rabi,2238.0,,2062.0,2045.0,2042.0,2043.0,2029.0,2042.0,2150.0
Mizoram,Lunglei,Tur,Kharif,2000.0,1800.0,2000.0,2000.0,1882.0,,,,
Mizoram,Lunglei,Tur,Rabi,,500.0,,,,,,,
Mizoram,Mamit,Maize,Kharif,1319.0,1519.0,1196.0,1200.0,1163.0,1070.0,1600.0,1504.0,2360.0
Mizoram,Mamit,Maize,Rabi,1067.0,1563.0,1190.0,1101.0,1222.0,1080.0,691.0,1405.0,2618.0
Mizoram,Mamit,Rice,Kharif,1498.0,1230.0,1327.0,1316.0,1239.0,1369.0,1355.0,1268.0,1428.0
Mizoram,Mamit,Rice,Rabi,,,,,,1500.0,1500.0,1502.0,1800.0
Mizoram,Mamit,Tur,Kharif,,1000.0,,,400.0,,3600.0,3566.0,
Mizoram,Saitual,Maize,Kharif,,,,,1887.0,1747.0,5299.0,2116.0,2584.0
Mizoram,Saitual,Maize,Rabi,,,,,,,,2.0,
Mizoram,Saitual,Rice,Kharif,,,,,1665.0,1510.0,1510.0,1401.0,1363.0
Mizoram,Saitual,Tur,Kharif,,,,,1333.0,2500.0,,,
Mizoram,Serchhip,Maize,Kharif,1250.0,1250.0,1950.0,2000.0,2000.0,2064.0,2064.0,2046.0,2338.0
Mizoram,Serchhip,Maize,Rabi,,200.0,1240.0,1620.0,1240.0,,,,
Mizoram,Serchhip,Rice,Kharif,1752.0,1764.0,1800.0,1853.0,1852.0,1835.0,1835.0,1655.0,1877.0
Mizoram,Serchhip,Tur,Kharif,858.0,890.0,907.0,943.0,943.0,966.0,966.0,822.0,
Mizoram,Siaha,Maize,Kharif,1900.0,1856.0,1855.0,1300.0,1327.0,1363.0,1360.0,1364.0,619.0
Mizoram,Siaha,Maize,Rabi,1000.0,1430.0,,,,,,,
Mizoram,Siaha,Rice,Kharif,1586.0,1560.0,1648.0,1577.0,1564.0,1564.0,1557.0,1494.0,1559.0
Mizoram,Siaha,Rice,Rabi,,2000.0,,,,,,,
Mizoram,Siaha,Tur,Kharif,1000.0,1250.0,1000.0,1100.0,1000.0,1000.0,1000.0,990.0,
Nagaland,Chumoukedima,Bajra,Kharif,,,,,,,1103.0,1018.0,1047.0
Nagaland,Chumoukedima,Gram,Rabi,,,,,,,875.0,875.0,886.0
Nagaland,Chumoukedima,Jowar,Kharif,,,,,,,800.0,941.0,938.0
Nagaland,Chumoukedima,Lentil,Rabi,,,,,,,833.0,,833.0
Nagaland,Chumoukedima,Maize,Kharif,,,,,,,2011.0,1996.0,2017.0
Nagaland,Chumoukedima,Maize,Rabi,,,,,,,1987.0,1992.0,1987.0
Nagaland,Chumoukedima,Moong,Kharif,,,,,,,1191.0,1170.0,1140.0
Nagaland,Chumoukedima,Ragi,Kharif,,,,,,,970.0,861.0,950.0
Nagaland,Chumoukedima,Rice,Kharif,,,,,,,2863.0,1935.0,1942.0
Nagaland,Chumoukedima,Rice,Rabi,,,,,,,,2000.0,1939.0
Nagaland,Chumoukedima,Shree Anna /Nutri Cereals,Kharif,,,,,,,1075.0,1030.0,1045.0
Nagaland,Chumoukedima,Small Millets,Kharif,,,,,,,1134.0,1118.0,1115.0
Nagaland,Chumoukedima,Tur,Kharif,,,,,,,917.0,934.0,937.0
Nagaland,Chumoukedima,Urad,Rabi,,,,,,,900.0,901.0,900.0
Nagaland,Chumoukedima,Wheat,Rabi,,,,,,,1961.0,1906.0,1851.0
Nagaland,Dimapur,Bajra,Kharif,1000.0,1000.0,1000.0,1000.0,1000.0,725.0,1125.0,1030.0,1024.0
Nagaland,Dimapur,Barley,Rabi,1111.0,1000.0,1000.0,1000.0,1000.0,,,,
Nagaland,Dimapur,Gram,Rabi,800.0,818.0,900.0,900.0,900.0,918.0,805.0,872.0,867.0
Nagaland,Dimapur,Jowar,Kharif,,,,,,833.0,889.0,968.0,964.0
Nagaland,Dimapur,Lentil,Rabi,813.0,816.0,816.0,805.0,805.0,895.0,830.0,833.0,830.0
Nagaland,Dimapur,Maize,Kharif,1981.0,1985.0,1989.0,1991.0,1995.0,1673.0,2007.0,2002.0,2021.0
Nagaland,Dimapur,Maize,Rabi,1993.0,1986.0,1986.0,1987.0,1987.0,1900.0,1989.0,1989.0,1988.0
Nagaland,Dimapur,Moong,Kharif,1077.0,1071.0,1071.0,1071.0,1071.0,1046.0,1180.0,1160.0,1158.0
Nagaland,Dimapur,Ragi,Kharif,1250.0,1000.0,1000.0,1000.0,1000.0,625.0,1000.0,856.0,960.0
Nagaland,Dimapur,Rice,Kharif,2642.0,2679.0,2698.0,2719.0,2724.0,2206.0,3059.0,2030.0,2045.0
Nagaland,Dimapur,Rice,Rabi,2794.0,2830.0,2830.0,2831.0,2853.0,1800.0,,1996.0,1955.0
Nagaland,Dimapur,Shree Anna /Nutri Cereals,Kharif,1100.0,1000.0,1000.0,1000.0,1000.0,786.0,1028.0,1006.0,1005.0
Nagaland,Dimapur,Small Millets,Kharif,,,,,,1200.0,1000.0,1077.0,1056.0
Nagaland,Dimapur,Tur,Kharif,904.0,923.0,923.0,923.0,923.0,947.0,944.0,949.0,957.0
Nagaland,Dimapur,Urad,Rabi,875.0,824.0,824.0,824.0,824.0,1000.0,800.0,801.0,800.0
Nagaland,Dimapur,Wheat,Rabi,1851.0,1851.0,1851.0,1854.0,1839.0,1850.0,1976.0,1888.0,1845.0
Nagaland,Kiphire,Bajra,Kharif,1000.0,1000.0,1000.0,1000.0,1000.0,760.0,1116.0,1013.0,1041.0
Nagaland,Kiphire,Barley,Rabi,1000.0,1000.0,1000.0,1000.0,1000.0,,,,
Nagaland,Kiphire,Gram,Rabi,667.0,750.0,750.0,750.0,750.0,850.0,813.0,844.0,840.0
Nagaland,Kiphire,Jowar,Kharif,,,,,,900.0,917.0,973.0,974.0
Nagaland,Kiphire,Maize,Kharif,1977.0,1978.0,1978.0,1980.0,1984.0,1552.0,2001.0,1997.0,2014.0
Nagaland,Kiphire,Maize,Rabi,1967.0,1968.0,1970.0,1973.0,1973.0,,1985.0,1988.0,1989.0
Nagaland,Kiphire,Ragi,Kharif,1000.0,1000.0,1000.0,1000.0,1000.0,667.0,968.0,869.0,949.0
Nagaland,Kiphire,Rice,Kharif,2209.0,2240.0,2256.0,2266.0,2268.0,1443.0,2350.0,1675.0,1552.0
Nagaland,Kiphire,Shree Anna /Nutri Cereals,Kharif,1053.0,1105.0,1100.0,1100.0,1100.0,1081.0,1113.0,1082.0,1087.0
Nagaland,Kiphire,Small Millets,Kharif,1077.0,1154.0,1154.0,1154.0,1154.0,1201.0,1130.0,1124.0,1124.0
Nagaland,Kiphire,Tur,Kharif,900.0,900.0,900.0,900.0,920.0,1000.0,1000.0,,
Nagaland,Kiphire,Urad,Rabi,750.0,750.0,750.0,750.0,750.0,,800.0,801.0,800.0
Nagaland,Kiphire,Wheat,Rabi,,,,,,1706.0,1853.0,1853.0,1840.0
Nagaland,Kohima,Bajra,Kharif,1000.0,1000.0,1000.0,1000.0,1000.0,743.0,1146.0,1033.0,1043.0
Nagaland,Kohima,Barley,Rabi,1200.0,1200.0,1200.0,1200.0,1200.0,,,,
Nagaland,Kohima,Gram,Rabi,833.0,833.0,833.0,833.0,833.0,810.0,846.0,800.0,833.0
Nagaland,Kohima,Jowar,Kharif,1000.0,1000.0,1000.0,1000.0,1000.0,925.0,968.0,949.0,933.0
Nagaland,Kohima,Lentil,Rabi,824.0,833.0,833.0,824.0,824.0,,,,
Nagaland,Kohima,Maize,Kharif,1980.0,1983.0,1983.0,1985.0,1989.0,1549.0,2006.0,2003.0,2009.0
Nagaland,Kohima,Moong,Kharif,1000.0,1000.0,1000.0,1000.0,1000.0,800.0,1143.0,1132.0,1124.0
Nagaland,Kohima,Rice,Kharif,2533.0,2566.0,2591.0,2609.0,2615.0,1987.0,2919.0,1677.0,1939.0
Nagaland,Kohima,Shree Anna /Nutri Cereals,Kharif,1113.0,1124.0,1124.0,1124.0,1124.0,1063.0,1135.0,1118.0,1124.0
Nagaland,Kohima,Small Millets,Kharif,1123.0,1134.0,1134.0,1134.0,1134.0,1105.0,1140.0,1144.0,1144.0
Nagaland,Kohima,Tur,Kharif,900.0,933.0,903.0,903.0,919.0,,,,
Nagaland,Kohima,Urad,Rabi,833.0,833.0,833.0,833.0,833.0,,800.0,801.0,800.0
Nagaland,Kohima,Wheat,Rabi,1838.0,1838.0,1838.0,1838.0,1838.0,1458.0,1731.0,1833.0,1833.0
Nagaland,Longleng,Bajra,Kharif,1000.0,1000.0,1000.0,1000.0,1000.0,,1111.0,1027.0,1037.0
Nagaland,Longleng,Barley,Rabi,1000.0,1000.0,1000.0,1000.0,1000.0,,,,
Nagaland,Longleng,Gram,Rabi,750.0,750.0,750.0,750.0,750.0,800.0,792.0,800.0,778.0
Nagaland,Longleng,Maize,Kharif,1977.0,1984.0,1980.0,1983.0,1986.0,1553.0,2003.0,1999.0,2010.0
Nagaland,Longleng,Moong,Kharif,,,,,,1050.0,1175.0,1174.0,1174.0
Nagaland,Longleng,Ragi,Kharif,1000.0,1000.0,1000.0,1000.0,1000.0,640.0,967.0,859.0,960.0
Nagaland,Longleng,Rice,Kharif,2219.0,2261.0,2280.0,2289.0,2294.0,1761.0,2372.0,1675.0,1570.0
Nagaland,Longleng,Shree Anna /Nutri Cereals,Kharif,1115.0,1115.0,1111.0,1111.0,1111.0,1017.0,1126.0,1071.0,1076.0
Nagaland,Longleng,Small Millets,Kharif,1158.0,1158.0,1158.0,1158.0,1158.0,1120.0,1146.0,1111.0,1110.0
Nagaland,Longleng,Tur,Kharif,909.0,909.0,909.0,909.0,909.0,,,,
Nagaland,Longleng,Urad,Rabi,750.0,750.0,750.0,750.0,750.0,,800.0,801.0,800.0
Nagaland,Longleng,Wheat,Rabi,,,,,,1353.0,1591.0,1729.0,1838.0
Nagaland,Mokokchung,Bajra,Kharif,1000.0,1000.0,1000.0,1000.0,1000.0,767.0,1108.0,1028.0,1024.0
Nagaland,Mokokchung,Barley,Rabi,1000.0,1000.0,1000.0,1000.0,1000.0,,,,
Nagaland,Mokokchung,Gram,Rabi,857.0,857.0,857.0,857.0,857.0,731.0,805.0,829.0,839.0
Nagaland,Mokokchung,Lentil,Rabi,826.0,833.0,833.0,823.0,823.0,800.0,774.0,809.0,806.0
Nagaland,Mokokchung,Maize,Kharif,1977.0,1984.0,1984.0,1986.0,1990.0,1583.0,2007.0,2003.0,2008.0
Nagaland,Mokokchung,Maize,Rabi,1976.0,1976.0,1988.0,1991.0,1991.0,2000.0,1990.0,1991.0,1986.0
Nagaland,Mokokchung,Moong,Kharif,1000.0,1167.0,1167.0,1167.0,1167.0,875.0,1048.0,1062.0,1061.0
Nagaland,Mokokchung,Ragi,Kharif,875.0,1000.0,1000.0,1000.0,1000.0,643.0,971.0,861.0,956.0
Nagaland,Mokokchung,Rice,Kharif,2336.0,2366.0,2387.0,2402.0,2407.0,1767.0,2459.0,1702.0,1642.0
Nagaland,Mokokchung,Shree Anna /Nutri Cereals,Kharif,1090.0,1103.0,1103.0,1102.0,1102.0,806.0,1103.0,1070.0,1066.0
Nagaland,Mokokchung,Small Millets,Kharif,1125.0,1125.0,1125.0,1125.0,1125.0,878.0,1134.0,1130.0,1130.0
Nagaland,Mokokchung,Tur,Kharif,900.0,900.0,900.0,900.0,917.0,800.0,977.0,955.0,945.0
Nagaland,Mokokchung,Urad,Rabi,750.0,750.0,750.0,750.0,750.0,833.0,833.0,834.0,833.0
Nagaland,Mokokchung,Wheat,Rabi,1842.0,1842.0,1816.0,1816.0,1827.0,1905.0,1874.0,1842.0,1842.0
Nagaland,Mon,Bajra,Kharif,1100.0,1100.0,1100.0,1100.0,1100.0,725.0,1113.0,1055.0,1040.0
Nagaland,Mon,Barley,Rabi,1000.0,1000.0,1000.0,1000.0,1000.0,,,,
Nagaland,Mon,Gram,Rabi,857.0,857.0,857.0,857.0,857.0,840.0,872.0,829.0,839.0
Nagaland,Mon,Jowar,Kharif,1000.0,1000.0,1000.0,1000.0,1000.0,850.0,891.0,951.0,949.0
Nagaland,Mon,Lentil,Rabi,800.0,810.0,810.0,845.0,845.0,,,,
Nagaland,Mon,Maize,Kharif,1980.0,1982.0,1978.0,1980.0,1984.0,1550.0,2001.0,1997.0,2004.0
Nagaland,Mon,Maize,Rabi,1981.0,1981.0,1981.0,1982.0,1982.0,,1982.0,1987.0,1987.0
Nagaland,Mon,Moong,Kharif,1000.0,1000.0,1000.0,1000.0,1040.0,967.0,1149.0,1169.0,1145.0
Nagaland,Mon,Ragi,Kharif,1000.0,1000.0,1000.0,1000.0,1000.0,,950.0,865.0,959.0
Nagaland,Mon,Rice,Kharif,2177.0,2202.0,2216.0,2226.0,2230.0,1660.0,2288.0,1683.0,1496.0
Nagaland,Mon,Rice,Rabi,2787.0,2824.0,2825.0,2831.0,2851.0,,,1998.0,1940.0
Nagaland,Mon,Shree Anna /Nutri Cereals,Kharif,1118.0,1118.0,1118.0,1116.0,1116.0,819.0,1104.0,1105.0,1105.0
Nagaland,Mon,Small Millets,Kharif,1134.0,1134.0,1134.0,1133.0,1133.0,821.0,1110.0,1121.0,1121.0
Nagaland,Mon,Tur,Kharif,909.0,909.0,909.0,909.0,915.0,900.0,974.0,980.0,969.0
Nagaland,Mon,Urad,Rabi,833.0,833.0,833.0,833.0,833.0,,850.0,851.0,850.0
Nagaland,Mon,Wheat,Rabi,1841.0,1841.0,1841.0,1839.0,1839.0,1550.0,1703.0,1855.0,1839.0
Nagaland,Niuland,Bajra,Kharif,,,,,,,1100.0,1024.0,1024.0
Nagaland,Niuland,Gram,Rabi,,,,,,,885.0,885.0,897.0
Nagaland,Niuland,Lentil,Rabi,,,,,,,838.0,827.0,824.0
Nagaland,Niuland,Maize,Kharif,,,,,,,2013.0,2004.0,2007.0
Nagaland,Niuland,Maize,Rabi,,,,,,,1991.0,1991.0,1990.0
Nagaland,Niuland,Moong,Kharif,,,,,,,1173.0,1155.0,1151.0
Nagaland,Niuland,Ragi,Kharif,,,,,,,1000.0,853.0,950.0
Nagaland,Niuland,Rice,Kharif,,,,,,,3046.0,2026.0,2032.0
Nagaland,Niuland,Rice,Rabi,,,,,,,,1998.0,1962.0
Nagaland,Niuland,Shree Anna /Nutri Cereals,Kharif,,,,,,,1100.0,1039.0,1040.0
Nagaland,Niuland,Small Millets,Kharif,,,,,,,1115.0,1081.0,1083.0
Nagaland,Niuland,Tur,Kharif,,,,,,,963.0,964.0,942.0
Nagaland,Niuland,Urad,Rabi,,,,,,,833.0,834.0,833.0
Nagaland,Niuland,Wheat,Rabi,,,,,,,1964.0,1846.0,1844.0
Nagaland,Noklak,Bajra,Kharif,,,,,,750.0,1123.0,1029.0,1035.0
Nagaland,Noklak,Gram,Rabi,,,,,,800.0,792.0,833.0,833.0
Nagaland,Noklak,Jowar,Kharif,,,,,,972.0,1000.0,985.0,939.0
Nagaland,Noklak,Maize,Kharif,,,,,,1550.0,2005.0,2000.0,2010.0
Nagaland,Noklak,Moong,Kharif,,,,,,1000.0,1188.0,1117.0,1110.0
Nagaland,Noklak,Ragi,Kharif,,,,,,650.0,970.0,861.0,950.0
Nagaland,Noklak,Rice,Kharif,,,,,,1674.0,2304.0,1671.0,1522.0
Nagaland,Noklak,Shree Anna /Nutri Cereals,Kharif,,,,,,1069.0,1153.0,1111.0,1111.0
Nagaland,Noklak,Small Millets,Kharif,,,,,,1125.0,1163.0,1134.0,1134.0
Nagaland,Noklak,Urad,Rabi,,,,,,,800.0,801.0,800.0
Nagaland,Noklak,Wheat,Rabi,,,,,,1514.0,1829.0,1829.0,1857.0
Nagaland,Peren,Bajra,Kharif,1000.0,1000.0,1000.0,1000.0,1000.0,750.0,1116.0,1033.0,1024.0
Nagaland,Peren,Barley,Rabi,1000.0,1000.0,1000.0,1000.0,1000.0,,,,
Nagaland,Peren,Gram,Rabi,875.0,889.0,778.0,778.0,778.0,767.0,837.0,857.0,865.0
Nagaland,Peren,Lentil,Rabi,824.0,824.0,833.0,824.0,824.0,500.0,750.0,753.0,800.0
Nagaland,Peren,Maize,Kharif,1981.0,1981.0,1981.0,1984.0,1987.0,1558.0,2003.0,1998.0,2009.0
Nagaland,Peren,Moong,Kharif,1000.0,1200.0,1000.0,1000.0,1000.0,944.0,1105.0,1122.0,1118.0
Nagaland,Peren,Ragi,Kharif,,,,,,633.0,967.0,868.0,947.0
Nagaland,Peren,Rice,Kharif,2501.0,2530.0,2547.0,2564.0,2571.0,1957.0,2822.0,1759.0,1874.0
Nagaland,Peren,Rice,Rabi,2794.0,2833.0,2829.0,2829.0,2847.0,,,1998.0,1965.0
Nagaland,Peren,Shree Anna /Nutri Cereals,Kharif,1000.0,1167.0,1167.0,1167.0,1167.0,1089.0,1155.0,1124.0,1110.0
Nagaland,Peren,Small Millets,Kharif,,1500.0,1500.0,1500.0,1500.0,1149.0,1165.0,1148.0,1137.0
Nagaland,Peren,Tur,Kharif,913.0,913.0,913.0,913.0,922.0,756.0,935.0,936.0,938.0
Nagaland,Peren,Urad,Rabi,778.0,889.0,889.0,889.0,889.0,,833.0,834.0,833.0
Nagaland,Peren,Wheat,Rabi,1784.0,1811.0,1816.0,1816.0,1832.0,1649.0,1811.0,1811.0,1800.0
Nagaland,Phek,Bajra,Kharif,1000.0,1000.0,1000.0,1000.0,1000.0,757.0,1133.0,1038.0,1044.0
Nagaland,Phek,Barley,Rabi,1000.0,1167.0,1167.0,1167.0,1167.0,,,,
Nagaland,Phek,Gram,Rabi,875.0,875.0,875.0,875.0,875.0,818.0,829.0,857.0,846.0
Nagaland,Phek,Jowar,Kharif,1000.0,1000.0,833.0,833.0,833.0,975.0,1022.0,972.0,939.0
Nagaland,Phek,Lentil,Rabi,824.0,824.0,833.0,820.0,820.0,,,,
Nagaland,Phek,Maize,Kharif,1980.0,1983.0,1983.0,1985.0,1989.0,1565.0,2006.0,2001.0,2007.0
Nagaland,Phek,Maize,Rabi,1973.0,1986.0,1986.0,1989.0,1988.0,1500.0,1985.0,1989.0,1984.0
Nagaland,Phek,Moong,Kharif,1000.0,1000.0,1000.0,1000.0,1000.0,800.0,1125.0,1124.0,1119.0
Nagaland,Phek,Rice,Kharif,2714.0,2735.0,2787.0,2809.0,2813.0,2231.0,2977.0,1677.0,1979.0
Nagaland,Phek,Shree Anna /Nutri Cereals,Kharif,1118.0,1117.0,1112.0,1112.0,1112.0,890.0,1139.0,1106.0,1109.0
Nagaland,Phek,Small Millets,Kharif,1124.0,1124.0,1124.0,1124.0,1124.0,900.0,1145.0,1135.0,1134.0
Nagaland,Phek,Tur,Kharif,913.0,913.0,913.0,913.0,917.0,1000.0,966.0,937.0,939.0
Nagaland,Phek,Urad,Rabi,875.0,875.0,875.0,875.0,875.0,,833.0,834.0,833.0
Nagaland,Phek,Wheat,Rabi,1853.0,1829.0,1829.0,1826.0,1835.0,1500.0,1737.0,1789.0,1828.0
Nagaland,Shamator,Bajra,Kharif,,,,,,,1116.0,1053.0,1024.0
Nagaland,Shamator,Gram,Rabi,,,,,,,826.0,826.0,842.0
Nagaland,Shamator,Maize,Kharif,,,,,,,2003.0,1990.0,2006.0
Nagaland,Shamator,Moong,Kharif,,,,,,,1125.0,1110.0,1099.0
Nagaland,Shamator,Ragi,Kharif,,,,,,,1000.0,855.0,957.0
Nagaland,Shamator,Rice,Kharif,,,,,,,2408.0,1677.0,1578.0
Nagaland,Shamator,Shree Anna /Nutri Cereals,Kharif,,,,,,,1129.0,1109.0,1105.0
Nagaland,Shamator,Small Millets,Kharif,,,,,,,1132.0,1122.0,1122.0
Nagaland,Shamator,Urad,Rabi,,,,,,,800.0,801.0,800.0
Nagaland,Shamator,Wheat,Rabi,,,,,,,1732.0,1817.0,1841.0
Nagaland,Tseminyu,Bajra,Kharif,,,,,,,1077.0,1035.0,1068.0
Nagaland,Tseminyu,Gram,Rabi,,,,,,,800.0,810.0,800.0
Nagaland,Tseminyu,Jowar,Kharif,,,,,,,933.0,935.0,939.0
Nagaland,Tseminyu,Maize,Kharif,,,,,,,2003.0,2002.0,2016.0
Nagaland,Tseminyu,Moong,Kharif,,,,,,,1111.0,1110.0,1110.0
Nagaland,Tseminyu,Rice,Kharif,,,,,,,2252.0,1677.0,1493.0
Nagaland,Tseminyu,Shree Anna /Nutri Cereals,Kharif,,,,,,,1051.0,1038.0,1054.0
Nagaland,Tseminyu,Small Millets,Kharif,,,,,,,1182.0,1123.0,1118.0
Nagaland,Tseminyu,Urad,Rabi,,,,,,,800.0,801.0,800.0
Nagaland,Tseminyu,Wheat,Rabi,,,,,,,1682.0,1826.0,1842.0
Nagaland,Tuensang,Bajra,Kharif,1100.0,1100.0,1100.0,1100.0,1100.0,770.0,1138.0,1035.0,1035.0
Nagaland,Tuensang,Barley,Rabi,1000.0,1000.0,1000.0,1000.0,1000.0,,,,
Nagaland,Tuensang,Gram,Rabi,857.0,857.0,857.0,857.0,857.0,833.0,833.0,833.0,833.0
Nagaland,Tuensang,Lentil,Rabi,857.0,818.0,826.0,815.0,815.0,,,,
Nagaland,Tuensang,Maize,Kharif,1983.0,1982.0,1982.0,1984.0,1988.0,1545.0,2006.0,2010.0,2010.0
Nagaland,Tuensang,Moong,Kharif,1000.0,1000.0,1000.0,1000.0,1000.0,750.0,1083.0,1082.0,1114.0
Nagaland,Tuensang,Ragi,Kharif,875.0,875.0,875.0,875.0,875.0,650.0,957.0,864.0,961.0
Nagaland,Tuensang,Rice,Kharif,2315.0,2342.0,2363.0,2377.0,2383.0,1703.0,2412.0,1678.0,1556.0
Nagaland,Tuensang,Shree Anna /Nutri Cereals,Kharif,1083.0,1104.0,1104.0,1104.0,1104.0,875.0,1124.0,1108.0,1107.0
Nagaland,Tuensang,Small Millets,Kharif,1103.0,1128.0,1128.0,1128.0,1128.0,900.0,1131.0,1132.0,1132.0
Nagaland,Tuensang,Tur,Kharif,889.0,889.0,889.0,889.0,917.0,,,,
Nagaland,Tuensang,Urad,Rabi,714.0,714.0,714.0,714.0,714.0,,800.0,801.0,813.0
Nagaland,Tuensang,Wheat,Rabi,1824.0,1824.0,1824.0,1827.0,1830.0,1600.0,1741.0,1815.0,1844.0
Nagaland,Wokha,Bajra,Kharif,750.0,750.0,750.0,750.0,750.0,760.0,1116.0,1019.0,1038.0
Nagaland,Wokha,Barley,Rabi,1000.0,1000.0,1000.0,1000.0,1000.0,,,,
Nagaland,Wokha,Gram,Rabi,778.0,889.0,875.0,875.0,875.0,833.0,813.0,833.0,838.0
Nagaland,Wokha,Jowar,Kharif,800.0,800.0,1000.0,1000.0,1000.0,975.0,1022.0,965.0,932.0
Nagaland,Wokha,Lentil,Rabi,789.0,850.0,810.0,845.0,845.0,,,,
Nagaland,Wokha,Maize,Kharif,1977.0,1986.0,1986.0,1988.0,1992.0,1559.0,2009.0,2000.0,2009.0
Nagaland,Wokha,Maize,Rabi,1980.0,1980.0,1980.0,1983.0,1984.0,,1990.0,1992.0,1992.0
Nagaland,Wokha,Moong,Kharif,1000.0,1000.0,1000.0,1000.0,1000.0,1050.0,1159.0,1174.0,1171.0
Nagaland,Wokha,Ragi,Kharif,1000.0,1000.0,1000.0,1000.0,1000.0,,950.0,840.0,953.0
Nagaland,Wokha,Rice,Kharif,2380.0,2410.0,2428.0,2444.0,2450.0,1558.0,2552.0,1713.0,1683.0
Nagaland,Wokha,Rice,Rabi,,,2821.0,2831.0,2830.0,,,2006.0,1932.0
Nagaland,Wokha,Shree Anna /Nutri Cereals,Kharif,1102.0,1102.0,1108.0,1109.0,1109.0,1061.0,1144.0,1056.0,1066.0
Nagaland,Wokha,Small Millets,Kharif,1124.0,1124.0,1124.0,1125.0,1125.0,1167.0,1198.0,1131.0,1130.0
Nagaland,Wokha,Tur,Kharif,905.0,905.0,905.0,905.0,914.0,1500.0,929.0,930.0,932.0
Nagaland,Wokha,Urad,Rabi,875.0,875.0,875.0,875.0,875.0,,833.0,834.0,833.0
Nagaland,Wokha,Wheat,Rabi,1861.0,1838.0,1838.0,1838.0,1838.0,1831.0,1970.0,1879.0,1815.0
Nagaland,Zunheboto,Bajra,Kharif,1000.0,1000.0,1000.0,1000.0,1000.0,733.0,1123.0,1042.0,1035.0
Nagaland,Zunheboto,Barley,Rabi,1000.0,1000.0,1000.0,1000.0,1000.0,,,,
Nagaland,Zunheboto,Gram,Rabi,833.0,833.0,833.0,833.0,833.0,855.0,800.0,824.0,818.0
Nagaland,Zunheboto,Jowar,Kharif,1000.0,1000.0,1000.0,1000.0,1000.0,920.0,948.0,977.0,943.0
Nagaland,Zunheboto,Lentil,Rabi,808.0,808.0,808.0,833.0,833.0,800.0,778.0,799.0,796.0
Nagaland,Zunheboto,Maize,Kharif,1980.0,1980.0,1980.0,1981.0,1985.0,1548.0,2002.0,2000.0,2012.0
Nagaland,Zunheboto,Moong,Kharif,1000.0,1000.0,1000.0,1000.0,1000.0,800.0,945.0,981.0,1054.0
Nagaland,Zunheboto,Rice,Kharif,2275.0,2298.0,2323.0,2337.0,2341.0,1697.0,2408.0,1677.0,1596.0
Nagaland,Zunheboto,Shree Anna /Nutri Cereals,Kharif,1109.0,1108.0,1118.0,1118.0,1118.0,1017.0,1113.0,1071.0,1074.0
Nagaland,Zunheboto,Small Millets,Kharif,1122.0,1122.0,1134.0,1134.0,1134.0,1103.0,1150.0,1143.0,1133.0
Nagaland,Zunheboto,Tur,Kharif,893.0,929.0,929.0,929.0,929.0,792.0,892.0,922.0,925.0
Nagaland,Zunheboto,Urad,Rabi,833.0,833.0,833.0,833.0,833.0,625.0,800.0,801.0,850.0
Nagaland,Zunheboto,Wheat,Rabi,1871.0,1844.0,1813.0,1813.0,1822.0,1801.0,1958.0,1886.0,1846.0
Odisha,Angul,Gram,Rabi,,,,782.0,,,,,
Odisha,Angul,Maize,Kharif,1173.0,1285.0,2314.0,2925.0,2818.0,2471.0,2534.0,2829.0,2595.0
Odisha,Angul,Maize,Rabi,1667.0,1892.0,1650.0,2725.0,2500.0,3160.0,2645.0,,
Odisha,Angul,Maize,Summer,1837.0,1819.0,2831.0,2400.0,2808.0,2312.0,2322.0,3635.0,2417.0
Odisha,Angul,Moong,Kharif,302.0,320.0,362.0,362.0,381.0,375.0,377.0,397.0,
Odisha,Angul,Moong,Rabi,341.0,342.0,350.0,371.0,442.0,375.0,376.0,,
Odisha,Angul,Moong,Summer,431.0,394.0,409.0,479.0,347.0,669.0,383.0,377.0,401.0
Odisha,Angul,Ragi,Kharif,700.0,,1600.0,,,825.0,718.0,768.0,
Odisha,Angul,Ragi,Rabi,,,209.0,,,,,,
Odisha,Angul,Ragi,Summer,,,,,,,546.0,,
Odisha,Angul,Rice,Kharif,1412.0,926.0,1939.0,2123.0,2150.0,1696.0,1622.0,2332.0,2956.0
Odisha,Angul,Rice,Rabi,2426.0,1407.0,2747.0,3178.0,3169.0,2292.0,3388.0,,
Odisha,Angul,Rice,Summer,2417.0,2500.0,3043.0,3000.0,3063.0,2471.0,3203.0,,3030.0
Odisha,Angul,Shree Anna /Nutri Cereals,Kharif,700.0,,1600.0,,,825.0,718.0,768.0,
Odisha,Angul,Shree Anna /Nutri Cereals,Rabi,,,209.0,,,,,,
Odisha,Angul,Shree Anna /Nutri Cereals,Summer,,,,,,,546.0,,
Odisha,Angul,Tur,Kharif,,,,1035.0,,,,,
Odisha,Angul,Urad,Kharif,357.0,392.0,437.0,408.0,413.0,386.0,415.0,420.0,
Odisha,Angul,Urad,Rabi,415.0,398.0,402.0,395.0,423.0,403.0,410.0,,
Odisha,Angul,Urad,Summer,504.0,500.0,492.0,450.0,,524.0,411.0,409.0,
Odisha,Balangir,Gram,Rabi,,,,790.0,,,,,
Odisha,Balangir,Jowar,Kharif,,,,615.0,,,,,
Odisha,Balangir,Lentil,Rabi,,,,516.0,,,,,
Odisha,Balangir,Maize,Kharif,1492.0,2121.0,2898.0,3370.0,3376.0,3474.0,3642.0,3722.0,3178.0
Odisha,Balangir,Maize,Rabi,1634.0,1900.0,,,,2777.0,3802.0,,
Odisha,Balangir,Maize,Summer,1600.0,,,,2738.0,2894.0,3350.0,2909.0,
Odisha,Balangir,Moong,Kharif,425.0,320.0,281.0,299.0,346.0,351.0,334.0,377.0,
Odisha,Balangir,Moong,Rabi,435.0,367.0,285.0,300.0,456.0,370.0,368.0,,
Odisha,Balangir,Moong,Summer,378.0,353.0,266.0,356.0,549.0,358.0,413.0,354.0,362.0
Odisha,Balangir,Ragi,Kharif,284.0,,,,186.0,378.0,288.0,410.0,562.0
Odisha,Balangir,Ragi,Rabi,,,,133.0,,298.0,,,
Odisha,Balangir,Rice,Kharif,1270.0,436.0,1356.0,1584.0,1686.0,910.0,1431.0,1815.0,2179.0
Odisha,Balangir,Rice,Rabi,2826.0,962.0,1440.0,2434.0,2512.0,1615.0,2327.0,,
Odisha,Balangir,Rice,Summer,2746.0,2485.0,2538.0,3107.0,3353.0,3556.0,3349.0,,2618.0
Odisha,Balangir,Shree Anna /Nutri Cereals,Kharif,284.0,,,530.0,186.0,378.0,288.0,410.0,562.0
Odisha,Balangir,Shree Anna /Nutri Cereals,Rabi,,,,133.0,,298.0,,,
Odisha,Balangir,Small Millets,Kharif,,,,520.0,,,,,
Odisha,Balangir,Tur,Kharif,,,,1199.0,,,,,
Odisha,Balangir,Urad,Kharif,417.0,311.0,291.0,280.0,335.0,345.0,322.0,384.0,
Odisha,Balangir,Urad,Rabi,411.0,356.0,275.0,263.0,448.0,364.0,338.0,,
Odisha,Balangir,Urad,Summer,462.0,360.0,215.0,381.0,475.0,331.0,443.0,339.0,
Odisha,Balangir,Wheat,Summer,,5000.0,,,,,,,
Odisha,Balasore,Gram,Rabi,,,,778.0,,,,,
Odisha,Balasore,Maize,Summer,1525.0,,,2257.0,,3900.0,3160.0,2501.0,3356.0
Odisha,Balasore,Moong,Rabi,400.0,,200.0,,,,,,
Odisha,Balasore,Moong,Summer,412.0,522.0,415.0,358.0,413.0,381.0,475.0,365.0,391.0
Odisha,Balasore,Ragi,Kharif,,,,,,,,645.0,437.0
Odisha,Balasore,Rice,Kharif,,1000.0,,,,,,1971.0,2100.0
Odisha,Balasore,Rice,Rabi,2720.0,2175.0,2473.0,2259.0,3049.0,2423.0,2958.0,,
Odisha,Balasore,Rice,Summer,3190.0,3408.0,3492.0,3409.0,3462.0,3765.0,3702.0,,3213.0
Odisha,Balasore,Shree Anna /Nutri Cereals,Kharif,,,,,,,,645.0,437.0
Odisha,Balasore,Urad,Kharif,400.0,400.0,300.0,,,400.0,,,
Odisha,Balasore,Urad,Rabi,192.0,,433.0,,,,,,
Odisha,Balasore,Urad,Summer,348.0,535.0,376.0,384.0,353.0,343.0,391.0,340.0,
Odisha,Balasore,Wheat,Summer,,,,,,2500.0,,,
Odisha,Bargarh,Gram,Rabi,,,,714.0,,,,,
Odisha,Bargarh,Maize,Kharif,1385.0,1405.0,1404.0,1938.0,1861.0,1751.0,1810.0,2304.0,2339.0
Odisha,Bargarh,Maize,Rabi,,,3629.0,,,940.0,2460.0,,
Odisha,Bargarh,Maize,Summer,440.0,1950.0,2060.0,1400.0,2150.0,1515.0,2000.0,1460.0,1550.0
Odisha,Bargarh,Moong,Kharif,449.0,321.0,266.0,325.0,264.0,295.0,318.0,324.0,
Odisha,Bargarh,Moong,Rabi,366.0,328.0,318.0,,480.0,344.0,421.0,,
Odisha,Bargarh,Moong,Summer,405.0,381.0,351.0,339.0,376.0,294.0,346.0,415.0,372.0
Odisha,Bargarh,Ragi,Kharif,600.0,,,,,,254.0,411.0,879.0
Odisha,Bargarh,Ragi,Rabi,,,,444.0,854.0,206.0,215.0,,
Odisha,Bargarh,Ragi,Summer,,,,,1250.0,400.0,373.0,,
Odisha,Bargarh,Rice,Kharif,697.0,171.0,1293.0,1347.0,1645.0,360.0,3026.0,2314.0,3139.0
Odisha,Bargarh,Rice,Rabi,2248.0,536.0,1538.0,1870.0,3002.0,2122.0,4169.0,,
Odisha,Bargarh,Rice,Summer,4409.0,3246.0,3578.0,2530.0,4554.0,4463.0,4017.0,,3641.0
Odisha,Bargarh,Shree Anna /Nutri Cereals,Kharif,600.0,,,,,,254.0,411.0,879.0
Odisha,Bargarh,Shree Anna /Nutri Cereals,Rabi,,,,444.0,854.0,206.0,215.0,,
Odisha,Bargarh,Shree Anna /Nutri Cereals,Summer,,,,,1250.0,400.0,373.0,,
Odisha,Bargarh,Tur,Kharif,,,,922.0,,,,,
Odisha,Bargarh,Urad,Kharif,445.0,305.0,273.0,325.0,309.0,305.0,342.0,325.0,
Odisha,Bargarh,Urad,Rabi,,345.0,,250.0,408.0,419.0,525.0,,
Odisha,Bargarh,Urad,Summer,596.0,383.0,360.0,286.0,400.0,293.0,347.0,439.0,
Odisha,Bargarh,Wheat,Summer,660.0,2411.0,1055.0,1402.0,1879.0,1303.0,1596.0,,
Odisha,Bhadrak,Maize,Rabi,,,1900.0,2400.0,,,,,
Odisha,Bhadrak,Maize,Summer,,,1850.0,3050.0,1500.0,1500.0,3100.0,,1933.0
Odisha,Bhadrak,Moong,Rabi,,,,,,,500.0,,
Odisha,Bhadrak,Moong,Summer,614.0,514.0,511.0,547.0,318.0,355.0,439.0,348.0,420.0
Odisha,Bhadrak,Ragi,Kharif,,,,,,,,266.0,
Odisha,Bhadrak,Rice,Kharif,,,,,2150.0,,,1856.0,1941.0
Odisha,Bhadrak,Rice,Rabi,3102.0,1936.0,1811.0,1782.0,2186.0,2489.0,2868.0,,
Odisha,Bhadrak,Rice,Summer,2930.0,2603.0,2140.0,2796.0,2849.0,2696.0,2732.0,,2713.0
Odisha,Bhadrak,Shree Anna /Nutri Cereals,Kharif,,,,,,,,266.0,
Odisha,Bhadrak,Urad,Kharif,,,300.0,,,,,460.0,
Odisha,Bhadrak,Urad,Rabi,533.0,545.0,536.0,596.0,490.0,358.0,492.0,,
Odisha,Bhadrak,Urad,Summer,647.0,508.0,475.0,490.0,284.0,360.0,415.0,348.0,
Odisha,Bhadrak,Wheat,Summer,,,,,,,900.0,,
Odisha,Boudh,Gram,Rabi,,,,793.0,,,,,
Odisha,Boudh,Maize,Kharif,786.0,835.0,841.0,848.0,907.0,868.0,828.0,956.0,1206.0
Odisha,Boudh,Maize,Rabi,130.0,,,,1000.0,767.0,,,
Odisha,Boudh,Maize,Summer,,,,400.0,600.0,700.0,,,1225.0
Odisha,Boudh,Moong,Kharif,331.0,379.0,201.0,215.0,219.0,208.0,202.0,240.0,
Odisha,Boudh,Moong,Rabi,283.0,244.0,228.0,225.0,241.0,220.0,242.0,,
Odisha,Boudh,Moong,Summer,297.0,213.0,307.0,307.0,304.0,303.0,290.0,331.0,320.0
Odisha,Boudh,Ragi,Kharif,,,,,,,,430.0,380.0
Odisha,Boudh,Ragi,Summer,,,,,,,300.0,,
Odisha,Boudh,Rice,Kharif,2108.0,1034.0,2014.0,2027.0,2770.0,2256.0,2389.0,2312.0,2699.0
Odisha,Boudh,Rice,Rabi,3142.0,1873.0,2837.0,2772.0,3568.0,3179.0,3411.0,,
Odisha,Boudh,Rice,Summer,3430.0,3519.0,3110.0,2705.0,3172.0,2843.0,2794.0,,2877.0
Odisha,Boudh,Shree Anna /Nutri Cereals,Kharif,,,,333.0,,,,430.0,380.0
Odisha,Boudh,Shree Anna /Nutri Cereals,Summer,,,,,,,300.0,,
Odisha,Boudh,Small Millets,Kharif,,,,333.0,,,,,
Odisha,Boudh,Tur,Kharif,,,,936.0,,,,,
Odisha,Boudh,Urad,Kharif,528.0,433.0,100.0,167.0,200.0,150.0,150.0,244.0,
Odisha,Boudh,Urad,Rabi,293.0,283.0,188.0,200.0,224.0,215.0,221.0,,
Odisha,Boudh,Urad,Summer,560.0,200.0,329.0,300.0,388.0,277.0,279.0,237.0,
Odisha,Boudh,Wheat,Summer,900.0,,,,,,,,
Odisha,Cuttack,Gram,Rabi,,,,769.0,,,,,
Odisha,Cuttack,Maize,Kharif,,,,,,,,2298.0,
Odisha,Cuttack,Maize,Rabi,,,,,,3705.0,3763.0,,
Odisha,Cuttack,Maize,Summer,,,,,2375.0,3940.0,3900.0,3726.0,3878.0
Odisha,Cuttack,Moong,Kharif,,,,,,,,324.0,
Odisha,Cuttack,Moong,Rabi,384.0,269.0,301.0,555.0,525.0,,,,
Odisha,Cuttack,Moong,Summer,603.0,548.0,465.0,328.0,196.0,475.0,426.0,493.0,470.0
Odisha,Cuttack,Ragi,Kharif,,,,,,722.0,,1060.0,
Odisha,Cuttack,Rice,Kharif,1793.0,1024.0,1613.0,2400.0,2079.0,1788.0,1977.0,2171.0,2682.0
Odisha,Cuttack,Rice,Rabi,3342.0,2220.0,2697.0,3292.0,2889.0,2607.0,2888.0,,
Odisha,Cuttack,Rice,Summer,3413.0,2829.0,2808.0,4195.0,3784.0,3832.0,3679.0,,3330.0
Odisha,Cuttack,Shree Anna /Nutri Cereals,Kharif,,,,,,722.0,,1060.0,
Odisha,Cuttack,Tur,Kharif,,,,871.0,,,,,
Odisha,Cuttack,Urad,Kharif,,,,,,,,440.0,
Odisha,Cuttack,Urad,Rabi,364.0,377.0,460.0,564.0,524.0,438.0,429.0,,
Odisha,Cuttack,Urad,Summer,672.0,575.0,409.0,212.0,146.0,351.0,395.0,520.0,
Odisha,Deogarh,Gram,Rabi,,,,700.0,,,,,
Odisha,Deogarh,Jowar,Kharif,,,,667.0,,,,,
Odisha,Deogarh,Maize,Kharif,1334.0,1507.0,1363.0,1697.0,1880.0,1640.0,2112.0,2118.0,2274.0
Odisha,Deogarh,Maize,Rabi,,,1600.0,,,,,,
Odisha,Deogarh,Maize,Summer,1789.0,,,2420.0,1555.0,1771.0,1637.0,1994.0,1846.0
Odisha,Deogarh,Moong,Kharif,440.0,453.0,324.0,255.0,,312.0,298.0,332.0,
Odisha,Deogarh,Moong,Rabi,376.0,428.0,282.0,,,287.0,296.0,,
Odisha,Deogarh,Moong,Summer,431.0,455.0,253.0,306.0,245.0,317.0,302.0,338.0,320.0
Odisha,Deogarh,Ragi,Kharif,471.0,,,,,,,438.0,422.0
Odisha,Deogarh,Rice,Kharif,1284.0,1618.0,1461.0,1426.0,2138.0,1705.0,1708.0,2085.0,2234.0
Odisha,Deogarh,Rice,Rabi,1797.0,2022.0,1794.0,1954.0,2440.0,1985.0,2838.0,,
Odisha,Deogarh,Rice,Summer,1000.0,,,,2909.0,2010.0,2000.0,,1366.0
Odisha,Deogarh,Shree Anna /Nutri Cereals,Kharif,471.0,,,667.0,,,,438.0,422.0
Odisha,Deogarh,Tur,Kharif,,,,1076.0,,,,,
Odisha,Deogarh,Urad,Kharif,354.0,462.0,358.0,258.0,303.0,360.0,343.0,339.0,
Odisha,Deogarh,Urad,Rabi,550.0,432.0,317.0,,,353.0,,,
Odisha,Deogarh,Urad,Summer,300.0,,,425.0,,500.0,300.0,389.0,
Odisha,Dhenkanal,Gram,Rabi,,,,806.0,,,,,
Odisha,Dhenkanal,Maize,Kharif,1500.0,1100.0,1220.0,1602.0,1778.0,2070.0,2072.0,2913.0,2572.0
Odisha,Dhenkanal,Maize,Rabi,,1133.0,1240.0,2806.0,1433.0,2700.0,2508.0,,
Odisha,Dhenkanal,Maize,Summer,1800.0,1036.0,1187.0,3038.0,2123.0,2097.0,2153.0,3223.0,3029.0
Odisha,Dhenkanal,Moong,Kharif,474.0,,300.0,,561.0,,311.0,589.0,
Odisha,Dhenkanal,Moong,Rabi,491.0,411.0,488.0,426.0,459.0,444.0,441.0,,
Odisha,Dhenkanal,Moong,Summer,445.0,397.0,385.0,444.0,384.0,423.0,402.0,562.0,611.0
Odisha,Dhenkanal,Ragi,Kharif,600.0,,,,433.0,671.0,600.0,710.0,521.0
Odisha,Dhenkanal,Ragi,Summer,,,,,,,789.0,,
Odisha,Dhenkanal,Rice,Kharif,1578.0,1110.0,1348.0,2070.0,1700.0,1263.0,2120.0,2488.0,3122.0
Odisha,Dhenkanal,Rice,Rabi,2876.0,1389.0,3149.0,2763.0,3001.0,2955.0,3392.0,,
Odisha,Dhenkanal,Rice,Summer,2615.0,2600.0,2214.0,2366.0,3300.0,3574.0,2840.0,,2182.0
Odisha,Dhenkanal,Shree Anna /Nutri Cereals,Kharif,600.0,,,556.0,433.0,671.0,600.0,710.0,521.0
Odisha,Dhenkanal,Shree Anna /Nutri Cereals,Summer,,,,,,,789.0,,
Odisha,Dhenkanal,Small Millets,Kharif,,,,556.0,,,,,
Odisha,Dhenkanal,Tur,Kharif,,,,928.0,,,,,
Odisha,Dhenkanal,Urad,Kharif,500.0,200.0,378.0,,530.0,367.0,333.0,628.0,
Odisha,Dhenkanal,Urad,Rabi,461.0,394.0,446.0,432.0,437.0,437.0,436.0,,
Odisha,Dhenkanal,Urad,Summer,505.0,393.0,514.0,467.0,367.0,425.0,349.0,584.0,
Odisha,Dhenkanal,Wheat,Summer,,900.0,,,500.0,3200.0,1200.0,,
Odisha,Gajapati,Bajra,Kharif,,,,636.0,,,,,
Odisha,Gajapati,Jowar,Kharif,,,,632.0,,,,,
Odisha,Gajapati,Maize,Kharif,2526.0,2314.0,874.0,2075.0,2346.0,2383.0,2275.0,2495.0,2501.0
Odisha,Gajapati,Maize,Summer,,2100.0,,1553.0,,,1145.0,2111.0,1950.0
Odisha,Gajapati,Moong,Kharif,,,,,,,,243.0,
Odisha,Gajapati,Moong,Rabi,314.0,388.0,227.0,326.0,262.0,306.0,283.0,,
Odisha,Gajapati,Moong,Summer,,,,,,,,,2.0
Odisha,Gajapati,Ragi,Kharif,800.0,913.0,778.0,837.0,922.0,990.0,936.0,954.0,543.0
Odisha,Gajapati,Ragi,Rabi,828.0,700.0,894.0,900.0,,1080.0,,,
Odisha,Gajapati,Ragi,Summer,700.0,900.0,825.0,529.0,660.0,974.0,1155.0,,
Odisha,Gajapati,Rice,Kharif,1083.0,1000.0,,1000.0,,,,1461.0,1866.0
Odisha,Gajapati,Rice,Rabi,2492.0,2086.0,1170.0,2523.0,2486.0,2260.0,2587.0,,
Odisha,Gajapati,Rice,Summer,2228.0,2227.0,1683.0,1750.0,2000.0,2090.0,1881.0,,1894.0
Odisha,Gajapati,Shree Anna /Nutri Cereals,Kharif,800.0,913.0,778.0,644.0,922.0,990.0,936.0,954.0,543.0
Odisha,Gajapati,Shree Anna /Nutri Cereals,Rabi,828.0,700.0,894.0,900.0,,1080.0,,,
Odisha,Gajapati,Shree Anna /Nutri Cereals,Summer,700.0,900.0,825.0,529.0,660.0,974.0,1155.0,,
Odisha,Gajapati,Small Millets,Kharif,,,,523.0,,,,,
Odisha,Gajapati,Tur,Kharif,,,,906.0,,,,,
Odisha,Gajapati,Urad,Kharif,,,,,,,264.0,240.0,
Odisha,Gajapati,Urad,Rabi,272.0,275.0,223.0,266.0,288.0,267.0,272.0,,
Odisha,Ganjam,Bajra,Kharif,,,,636.0,,,,,
Odisha,Ganjam,Gram,Rabi,,,,809.0,,,,,
Odisha,Ganjam,Jowar,Kharif,,,,612.0,,,,,
Odisha,Ganjam,Maize,Kharif,2370.0,2453.0,2232.0,2115.0,1979.0,1831.0,1942.0,2709.0,2935.0
Odisha,Ganjam,Maize,Summer,1238.0,3100.0,4146.0,2690.0,1653.0,2170.0,2030.0,2258.0,2219.0
Odisha,Ganjam,Moong,Kharif,2067.0,,1700.0,,,,207.0,256.0,
Odisha,Ganjam,Moong,Rabi,299.0,243.0,255.0,249.0,265.0,230.0,242.0,,
Odisha,Ganjam,Moong,Summer,265.0,,283.0,,210.0,208.0,265.0,,
Odisha,Ganjam,Ragi,Kharif,992.0,1093.0,914.0,849.0,1041.0,867.0,997.0,1022.0,
Odisha,Ganjam,Ragi,Rabi,1636.0,965.0,,,,,1099.0,,
Odisha,Ganjam,Ragi,Summer,707.0,833.0,880.0,700.0,898.0,1029.0,1034.0,,
Odisha,Ganjam,Rice,Kharif,3000.0,1625.0,1222.0,,,,,1793.0,2313.0
Odisha,Ganjam,Rice,Rabi,2851.0,1575.0,1752.0,2580.0,2860.0,2114.0,3059.0,,
Odisha,Ganjam,Rice,Summer,2429.0,2250.0,1667.0,2667.0,2167.0,2365.0,3000.0,,2834.0
Odisha,Ganjam,Shree Anna /Nutri Cereals,Kharif,992.0,1093.0,914.0,611.0,1041.0,867.0,997.0,1022.0,
Odisha,Ganjam,Shree Anna /Nutri Cereals,Rabi,1636.0,965.0,,,,,1099.0,,
Odisha,Ganjam,Shree Anna /Nutri Cereals,Summer,707.0,833.0,880.0,700.0,898.0,1029.0,1034.0,,
Odisha,Ganjam,Small Millets,Kharif,,,,527.0,,,,,
Odisha,Ganjam,Tur,Kharif,,,,1018.0,,,,,
Odisha,Ganjam,Urad,Kharif,896.0,281.0,248.0,278.0,275.0,242.0,188.0,244.0,
Odisha,Ganjam,Urad,Rabi,286.0,233.0,220.0,243.0,252.0,232.0,230.0,,
Odisha,Ganjam,Urad,Summer,260.0,,,,198.0,197.0,266.0,,
Odisha,Jagatsinghapur,Gram,Rabi,,,,1000.0,,,,,
Odisha,Jagatsinghapur,Maize,Kharif,,,,,,,,1860.0,
Odisha,Jagatsinghapur,Maize,Summer,,,,2300.0,1300.0,,,,2300.0
Odisha,Jagatsinghapur,Moong,Summer,455.0,460.0,289.0,170.0,60.0,244.0,347.0,437.0,510.0
Odisha,Jagatsinghapur,Ragi,Kharif,,,,,,,,561.0,
Odisha,Jagatsinghapur,Rice,Kharif,1805.0,1878.0,1278.0,1513.0,2000.0,1681.0,1087.0,2082.0,2280.0
Odisha,Jagatsinghapur,Rice,Rabi,2998.0,1928.0,2174.0,2117.0,2432.0,1691.0,2849.0,,
Odisha,Jagatsinghapur,Rice,Summer,2786.0,2900.0,1414.0,1669.0,3354.0,2532.0,3422.0,,3010.0
Odisha,Jagatsinghapur,Shree Anna /Nutri Cereals,Kharif,,,,,,,,561.0,
Odisha,Jagatsinghapur,Urad,Kharif,,,,,,,,434.0,
Odisha,Jagatsinghapur,Urad,Rabi,504.0,377.0,391.0,333.0,373.0,299.0,380.0,,
Odisha,Jagatsinghapur,Urad,Summer,404.0,402.0,313.0,173.0,62.0,214.0,314.0,444.0,
Odisha,Jajpur,Gram,Rabi,,,,800.0,,,,,
Odisha,Jajpur,Maize,Kharif,860.0,,871.0,,1444.0,1683.0,4444.0,2033.0,
Odisha,Jajpur,Maize,Summer,,,,,,1947.0,2000.0,1778.0,1351.0
Odisha,Jajpur,Moong,Kharif,,,,,,,,300.0,
Odisha,Jajpur,Moong,Rabi,460.0,,,187.0,,276.0,,,
Odisha,Jajpur,Moong,Summer,411.0,397.0,207.0,251.0,150.0,195.0,241.0,337.0,433.0
Odisha,Jajpur,Ragi,Kharif,,,,,,,,910.0,
Odisha,Jajpur,Rice,Kharif,1321.0,692.0,1223.0,1053.0,691.0,897.0,1462.0,1597.0,2040.0
Odisha,Jajpur,Rice,Rabi,2775.0,1469.0,1802.0,1826.0,1932.0,1745.0,2481.0,,
Odisha,Jajpur,Rice,Summer,2860.0,2881.0,1333.0,1323.0,2863.0,3110.0,2494.0,,2513.0
Odisha,Jajpur,Shree Anna /Nutri Cereals,Kharif,,,,,,,,910.0,
Odisha,Jajpur,Tur,Kharif,,,,800.0,,,,,
Odisha,Jajpur,Urad,Kharif,,,,,,,,327.0,
Odisha,Jajpur,Urad,Rabi,516.0,355.0,251.0,278.0,245.0,191.0,212.0,,
Odisha,Jajpur,Urad,Summer,406.0,100.0,236.0,189.0,200.0,33.0,100.0,223.0,
Odisha,Jajpur,Wheat,Summer,,,,,,,800.0,,
Odisha,Jharsuguda,Gram,Rabi,,,,818.0,,,,,
Odisha,Jharsuguda,Maize,Kharif,3118.0,2782.0,2467.0,2706.0,3424.0,2913.0,3176.0,3972.0,4060.0
Odisha,Jharsuguda,Maize,Rabi,2133.0,3200.0,,,4100.0,3900.0,,,
Odisha,Jharsuguda,Maize,Summer,,7050.0,,1000.0,,4583.0,4000.0,2273.0,3910.0
Odisha,Jharsuguda,Moong,Kharif,614.0,608.0,,,,186.0,,,
Odisha,Jharsuguda,Moong,Rabi,680.0,548.0,325.0,300.0,,500.0,371.0,,
Odisha,Jharsuguda,Moong,Summer,594.0,496.0,325.0,318.0,230.0,502.0,578.0,359.0,536.0
Odisha,Jharsuguda,Ragi,Kharif,,167.0,,,,517.0,708.0,673.0,630.0
Odisha,Jharsuguda,Ragi,Rabi,,,,,,,586.0,,
Odisha,Jharsuguda,Ragi,Summer,,100.0,,,,,,,
Odisha,Jharsuguda,Rice,Kharif,1568.0,1294.0,325.0,2800.0,2196.0,356.0,817.0,2125.0,2268.0
Odisha,Jharsuguda,Rice,Rabi,2437.0,1829.0,297.0,3701.0,3000.0,768.0,2123.0,,
Odisha,Jharsuguda,Rice,Summer,2302.0,2373.0,3235.0,4082.0,4711.0,4493.0,4546.0,,3669.0
Odisha,Jharsuguda,Shree Anna /Nutri Cereals,Kharif,,167.0,,,,517.0,708.0,673.0,630.0
Odisha,Jharsuguda,Shree Anna /Nutri Cereals,Rabi,,,,,,,586.0,,
Odisha,Jharsuguda,Shree Anna /Nutri Cereals,Summer,,100.0,,,,,,,
Odisha,Jharsuguda,Tur,Kharif,,,,1032.0,,,,,
Odisha,Jharsuguda,Urad,Kharif,414.0,805.0,,,,195.0,,322.0,
Odisha,Jharsuguda,Urad,Rabi,400.0,400.0,300.0,,,272.0,806.0,,
Odisha,Jharsuguda,Urad,Summer,,405.0,,,175.0,375.0,300.0,271.0,
Odisha,Jharsuguda,Wheat,Summer,,,,,,2671.0,,,
Odisha,Kalahandi,Bajra,Kharif,,,,667.0,,,,,
Odisha,Kalahandi,Gram,Rabi,,,,793.0,,,,,
Odisha,Kalahandi,Jowar,Kharif,,,,556.0,,,,,
Odisha,Kalahandi,Lentil,Rabi,,,,525.0,,,,,
Odisha,Kalahandi,Maize,Kharif,1194.0,1394.0,1050.0,1397.0,1907.0,1809.0,2457.0,2546.0,1966.0
Odisha,Kalahandi,Maize,Rabi,983.0,1171.0,2500.0,,,,,,
Odisha,Kalahandi,Maize,Summer,,1900.0,2993.0,,1500.0,1619.0,,2489.0,1819.0
Odisha,Kalahandi,Moong,Kharif,574.0,,350.0,450.0,200.0,,,517.0,
Odisha,Kalahandi,Moong,Rabi,407.0,555.0,344.0,548.0,516.0,560.0,483.0,,
Odisha,Kalahandi,Moong,Summer,399.0,382.0,427.0,592.0,458.0,740.0,798.0,607.0,639.0
Odisha,Kalahandi,Ragi,Kharif,496.0,575.0,322.0,579.0,352.0,345.0,558.0,503.0,450.0
Odisha,Kalahandi,Ragi,Rabi,557.0,519.0,594.0,464.0,713.0,734.0,458.0,,
Odisha,Kalahandi,Rice,Kharif,1448.0,1521.0,1832.0,2088.0,1500.0,1316.0,1699.0,2119.0,2583.0
Odisha,Kalahandi,Rice,Rabi,2649.0,2207.0,2040.0,3005.0,2716.0,2322.0,3062.0,,
Odisha,Kalahandi,Rice,Summer,2627.0,2867.0,2879.0,3689.0,3597.0,3464.0,3733.0,,3347.0
Odisha,Kalahandi,Shree Anna /Nutri Cereals,Kharif,496.0,575.0,322.0,537.0,352.0,345.0,558.0,503.0,450.0
Odisha,Kalahandi,Shree Anna /Nutri Cereals,Rabi,557.0,519.0,594.0,464.0,713.0,734.0,458.0,,
Odisha,Kalahandi,Small Millets,Kharif,,,,530.0,,,,,
Odisha,Kalahandi,Tur,Kharif,,,,1784.0,,,,,
Odisha,Kalahandi,Urad,Kharif,533.0,,,,,,,589.0,
Odisha,Kalahandi,Urad,Rabi,460.0,391.0,362.0,424.0,426.0,392.0,558.0,,
Odisha,Kalahandi,Urad,Summer,333.0,381.0,600.0,,,340.0,640.0,454.0,
Odisha,Kalahandi,Wheat,Summer,500.0,2600.0,1350.0,,,133.0,,,
Odisha,Kandhamal,Bajra,Kharif,,,,571.0,,,,,
Odisha,Kandhamal,Gram,Rabi,,,,765.0,,,,,
Odisha,Kandhamal,Jowar,Kharif,,,,545.0,,,,,
Odisha,Kandhamal,Maize,Kharif,1169.0,1198.0,1117.0,1157.0,1486.0,1856.0,1426.0,1666.0,1676.0
Odisha,Kandhamal,Maize,Rabi,,,,,,2000.0,1550.0,,
Odisha,Kandhamal,Maize,Summer,,,,,1500.0,1475.0,1833.0,2188.0,2098.0
Odisha,Kandhamal,Moong,Kharif,1450.0,,,,,300.0,,350.0,
Odisha,Kandhamal,Moong,Rabi,189.0,233.0,265.0,463.0,409.0,388.0,400.0,,
Odisha,Kandhamal,Moong,Summer,,,,,,,,,198.0
Odisha,Kandhamal,Ragi,Kharif,,,,,,,,709.0,647.0
Odisha,Kandhamal,Ragi,Rabi,564.0,250.0,200.0,,208.0,355.0,668.0,,
Odisha,Kandhamal,Ragi,Summer,550.0,,,,,,433.0,,
Odisha,Kandhamal,Rice,Kharif,1285.0,1168.0,1491.0,1367.0,1532.0,1123.0,1563.0,1386.0,1539.0
Odisha,Kandhamal,Rice,Rabi,1865.0,1599.0,2012.0,1866.0,2146.0,1787.0,2308.0,,
Odisha,Kandhamal,Rice,Summer,2361.0,2167.0,2200.0,2200.0,2600.0,2604.0,2571.0,,1975.0
Odisha,Kandhamal,Shree Anna /Nutri Cereals,Kharif,,,,529.0,,,,709.0,647.0
Odisha,Kandhamal,Shree Anna /Nutri Cereals,Rabi,564.0,250.0,200.0,,208.0,355.0,668.0,,
Odisha,Kandhamal,Shree Anna /Nutri Cereals,Summer,550.0,,,,,,433.0,,
Odisha,Kandhamal,Small Millets,Kharif,,,,523.0,,,,,
Odisha,Kandhamal,Tur,Kharif,,,,735.0,,,,,
Odisha,Kandhamal,Urad,Kharif,,,140.0,,,,400.0,535.0,
Odisha,Kandhamal,Urad,Rabi,264.0,259.0,271.0,391.0,540.0,381.0,504.0,,
Odisha,Kandhamal,Urad,Summer,,,,,,,,373.0,
Odisha,Kendrapara,Gram,Rabi,,,,1000.0,,,,,
Odisha,Kendrapara,Maize,Summer,,,,,,,2200.0,2275.0,
Odisha,Kendrapara,Moong,Summer,488.0,431.0,471.0,311.0,161.0,368.0,434.0,415.0,473.0
Odisha,Kendrapara,Ragi,Kharif,,,,,,,300.0,614.0,384.0
Odisha,Kendrapara,Rice,Kharif,2045.0,1809.0,1327.0,2069.0,1871.0,1879.0,2211.0,1719.0,2066.0
Odisha,Kendrapara,Rice,Rabi,2598.0,1374.0,1445.0,2139.0,1810.0,1597.0,2271.0,,
Odisha,Kendrapara,Rice,Summer,3429.0,1857.0,2571.0,2108.0,3187.0,2411.0,3939.0,,3081.0
Odisha,Kendrapara,Shree Anna /Nutri Cereals,Kharif,,,,,,,300.0,614.0,384.0
Odisha,Kendrapara,Tur,Kharif,,,,1000.0,,,,,
Odisha,Kendrapara,Urad,Kharif,,,,,,,,473.0,
Odisha,Kendrapara,Urad,Rabi,589.0,319.0,584.0,472.0,461.0,380.0,363.0,,
Odisha,Kendrapara,Urad,Summer,292.0,457.0,470.0,320.0,153.0,345.0,359.0,400.0,
Odisha,Kendrapara,Wheat,Summer,,,2700.0,,,,,,
Odisha,Keonjhar,Bajra,Kharif,,,,1000.0,,,,,
Odisha,Keonjhar,Gram,Rabi,,,,805.0,,,,,
Odisha,Keonjhar,Jowar,Kharif,,,,625.0,,,,,
Odisha,Keonjhar,Lentil,Rabi,,,,541.0,,,,,
Odisha,Keonjhar,Maize,Kharif,1692.0,1721.0,1651.0,3115.0,2534.0,2619.0,2740.0,3233.0,3731.0
Odisha,Keonjhar,Maize,Rabi,,,,,,,2220.0,,
Odisha,Keonjhar,Maize,Summer,,3133.0,,,,2950.0,,3887.0,2972.0
Odisha,Keonjhar,Moong,Kharif,200.0,,,300.0,,315.0,500.0,572.0,
Odisha,Keonjhar,Moong,Rabi,407.0,500.0,288.0,318.0,292.0,328.0,529.0,,
Odisha,Keonjhar,Moong,Summer,542.0,453.0,433.0,660.0,495.0,492.0,595.0,549.0,631.0
Odisha,Keonjhar,Ragi,Kharif,,,,200.0,,189.0,300.0,968.0,571.0
Odisha,Keonjhar,Ragi,Rabi,325.0,,,,567.0,697.0,726.0,,
Odisha,Keonjhar,Ragi,Summer,,,,400.0,,,541.0,,
Odisha,Keonjhar,Rice,Kharif,1442.0,1597.0,1787.0,2255.0,2654.0,2656.0,3549.0,2297.0,2647.0
Odisha,Keonjhar,Rice,Rabi,2275.0,2174.0,2395.0,3081.0,3052.0,3071.0,3487.0,,
Odisha,Keonjhar,Rice,Summer,2634.0,2609.0,2684.0,3014.0,3351.0,3846.0,2899.0,,2041.0
Odisha,Keonjhar,Shree Anna /Nutri Cereals,Kharif,,,,609.0,,189.0,300.0,968.0,571.0
Odisha,Keonjhar,Shree Anna /Nutri Cereals,Rabi,325.0,,,,567.0,697.0,726.0,,
Odisha,Keonjhar,Shree Anna /Nutri Cereals,Summer,,,,400.0,,,541.0,,
Odisha,Keonjhar,Small Millets,Kharif,,,,500.0,,,,,
Odisha,Keonjhar,Tur,Kharif,,,,1126.0,,,,,
Odisha,Keonjhar,Urad,Kharif,419.0,299.0,320.0,450.0,298.0,341.0,389.0,495.0,
Odisha,Keonjhar,Urad,Rabi,577.0,394.0,310.0,316.0,359.0,314.0,383.0,,
Odisha,Keonjhar,Urad,Summer,451.0,497.0,289.0,551.0,516.0,475.0,547.0,513.0,
Odisha,Keonjhar,Wheat,Summer,,2292.0,,,,,,,
Odisha,Khordha,Gram,Rabi,,,,737.0,,,,,
Odisha,Khordha,Maize,Kharif,2471.0,1300.0,1242.0,1000.0,1000.0,3205.0,850.0,1457.0,2300.0
Odisha,Khordha,Maize,Summer,,,,,1267.0,2543.0,1850.0,4501.0,2088.0
Odisha,Khordha,Moong,Kharif,,,,,,,,400.0,
Odisha,Khordha,Moong,Rabi,,,263.0,400.0,200.0,225.0,735.0,,
Odisha,Khordha,Moong,Summer,425.0,426.0,353.0,478.0,195.0,384.0,361.0,453.0,519.0
Odisha,Khordha,Ragi,Kharif,720.0,,,,350.0,,,408.0,526.0
Odisha,Khordha,Ragi,Rabi,800.0,400.0,,,,650.0,,,
Odisha,Khordha,Ragi,Summer,500.0,,,,420.0,500.0,,,
Odisha,Khordha,Rice,Kharif,1000.0,1000.0,,,1000.0,1936.0,2000.0,1682.0,2647.0
Odisha,Khordha,Rice,Rabi,2631.0,1615.0,2179.0,2605.0,2455.0,2224.0,2953.0,,
Odisha,Khordha,Rice,Summer,2750.0,3143.0,920.0,3339.0,3900.0,3425.0,3591.0,,3471.0
Odisha,Khordha,Shree Anna /Nutri Cereals,Kharif,720.0,,,,350.0,,,408.0,526.0
Odisha,Khordha,Shree Anna /Nutri Cereals,Rabi,800.0,400.0,,,,650.0,,,
Odisha,Khordha,Shree Anna /Nutri Cereals,Summer,500.0,,,,420.0,500.0,,,
Odisha,Khordha,Tur,Kharif,,,,417.0,,,,,
Odisha,Khordha,Urad,Kharif,,,,,,,,409.0,
Odisha,Khordha,Urad,Rabi,372.0,275.0,231.0,234.0,263.0,277.0,277.0,,
Odisha,Khordha,Urad,Summer,489.0,407.0,289.0,412.0,221.0,352.0,453.0,480.0,
Odisha,Koraput,Bajra,Kharif,,,,650.0,,,,,
Odisha,Koraput,Gram,Rabi,,,,701.0,,,,,
Odisha,Koraput,Jowar,Kharif,,,,648.0,,,,,
Odisha,Koraput,Maize,Kharif,2173.0,2387.0,2183.0,2122.0,2479.0,2289.0,2353.0,2490.0,2623.0
Odisha,Koraput,Maize,Rabi,640.0,,,,,,,,
Odisha,Koraput,Maize,Summer,2255.0,2369.0,2197.0,2023.0,2215.0,2076.0,2026.0,2218.0,2255.0
Odisha,Koraput,Moong,Kharif,,,,,,,,370.0,
Odisha,Koraput,Moong,Rabi,552.0,353.0,313.0,346.0,284.0,340.0,288.0,,
Odisha,Koraput,Moong,Summer,318.0,475.0,343.0,385.0,325.0,330.0,293.0,338.0,423.0
Odisha,Koraput,Ragi,Kharif,680.0,792.0,723.0,758.0,806.0,887.0,871.0,1065.0,974.0
Odisha,Koraput,Ragi,Rabi,767.0,826.0,759.0,736.0,835.0,859.0,1028.0,,
Odisha,Koraput,Ragi,Summer,539.0,703.0,652.0,694.0,605.0,,787.0,,
Odisha,Koraput,Rice,Kharif,1364.0,1519.0,923.0,2213.0,2443.0,2001.0,2361.0,2272.0,2825.0
Odisha,Koraput,Rice,Rabi,2592.0,2300.0,2738.0,2943.0,2994.0,3019.0,3322.0,,
Odisha,Koraput,Rice,Summer,2845.0,2798.0,2951.0,2973.0,2746.0,3036.0,3135.0,,3016.0
Odisha,Koraput,Shree Anna /Nutri Cereals,Kharif,680.0,792.0,723.0,587.0,806.0,887.0,871.0,1065.0,974.0
Odisha,Koraput,Shree Anna /Nutri Cereals,Rabi,767.0,826.0,759.0,736.0,835.0,859.0,1028.0,,
Odisha,Koraput,Shree Anna /Nutri Cereals,Summer,539.0,703.0,652.0,694.0,605.0,,787.0,,
Odisha,Koraput,Small Millets,Kharif,,,,519.0,,,,,
Odisha,Koraput,Tur,Kharif,,,,1066.0,,,,,
Odisha,Koraput,Urad,Kharif,,,,,,,,385.0,
Odisha,Koraput,Urad,Rabi,334.0,398.0,315.0,326.0,312.0,355.0,307.0,,
Odisha,Koraput,Urad,Summer,345.0,428.0,500.0,660.0,,388.0,,242.0,
Odisha,Koraput,Wheat,Summer,,,1878.0,,,,,,
Odisha,Malkangiri,Bajra,Kharif,,,,500.0,,,,,
Odisha,Malkangiri,Gram,Rabi,,,,808.0,,,,,
Odisha,Malkangiri,Jowar,Kharif,,,,643.0,,,,,
Odisha,Malkangiri,Maize,Kharif,1077.0,1181.0,767.0,667.0,1403.0,1573.0,1673.0,1894.0,1438.0
Odisha,Malkangiri,Maize,Rabi,897.0,,2600.0,1644.0,,3980.0,,,
Odisha,Malkangiri,Maize,Summer,1600.0,2135.0,1667.0,2546.0,4983.0,2000.0,2350.0,1028.0,1641.0
Odisha,Malkangiri,Moong,Kharif,,,,,,,,394.0,
Odisha,Malkangiri,Moong,Rabi,322.0,256.0,238.0,357.0,316.0,333.0,452.0,,
Odisha,Malkangiri,Moong,Summer,858.0,390.0,322.0,727.0,279.0,249.0,,,481.0
Odisha,Malkangiri,Ragi,Kharif,586.0,654.0,597.0,541.0,673.0,661.0,832.0,1223.0,870.0
Odisha,Malkangiri,Ragi,Rabi,723.0,722.0,635.0,838.0,825.0,855.0,1171.0,,
Odisha,Malkangiri,Ragi,Summer,,,,1200.0,,,,,
Odisha,Malkangiri,Rice,Kharif,919.0,963.0,598.0,1483.0,1441.0,1399.0,1714.0,1658.0,2199.0
Odisha,Malkangiri,Rice,Rabi,2015.0,1826.0,2020.0,2327.0,2629.0,2590.0,2828.0,,
Odisha,Malkangiri,Rice,Summer,2000.0,1734.0,2073.0,1794.0,2277.0,2293.0,2519.0,,2244.0
Odisha,Malkangiri,Shree Anna /Nutri Cereals,Kharif,586.0,654.0,597.0,492.0,673.0,661.0,832.0,1223.0,870.0
Odisha,Malkangiri,Shree Anna /Nutri Cereals,Rabi,723.0,722.0,635.0,838.0,825.0,855.0,1171.0,,
Odisha,Malkangiri,Shree Anna /Nutri Cereals,Summer,,,,1200.0,,,,,
Odisha,Malkangiri,Small Millets,Kharif,,,,461.0,,,,,
Odisha,Malkangiri,Tur,Kharif,,,,720.0,,,,,
Odisha,Malkangiri,Urad,Kharif,,,,,,,,346.0,
Odisha,Malkangiri,Urad,Rabi,274.0,303.0,252.0,302.0,335.0,297.0,569.0,,
Odisha,Malkangiri,Urad,Summer,,250.0,,928.0,650.0,371.0,,,
Odisha,Mayurbhanj,Gram,Rabi,,,,755.0,,,,,
Odisha,Mayurbhanj,Lentil,Rabi,,,,523.0,,,,,
Odisha,Mayurbhanj,Maize,Kharif,1818.0,1804.0,1731.0,1410.0,2083.0,1852.0,1862.0,2083.0,2161.0
Odisha,Mayurbhanj,Maize,Rabi,,3400.0,2896.0,3125.0,2540.0,2891.0,2264.0,,
Odisha,Mayurbhanj,Maize,Summer,2416.0,2471.0,2696.0,2569.0,2206.0,2553.0,2111.0,2544.0,2541.0
Odisha,Mayurbhanj,Moong,Kharif,804.0,408.0,,900.0,,680.0,363.0,610.0,
Odisha,Mayurbhanj,Moong,Rabi,549.0,495.0,400.0,657.0,620.0,388.0,545.0,,
Odisha,Mayurbhanj,Moong,Summer,661.0,660.0,647.0,490.0,571.0,465.0,440.0,511.0,550.0
Odisha,Mayurbhanj,Ragi,Kharif,,57.0,,723.0,835.0,1390.0,980.0,1141.0,698.0
Odisha,Mayurbhanj,Ragi,Rabi,,,,,,,743.0,,
Odisha,Mayurbhanj,Ragi,Summer,,,1075.0,550.0,1000.0,675.0,787.0,,
Odisha,Mayurbhanj,Rice,Kharif,1641.0,1670.0,1089.0,1588.0,2065.0,1994.0,2109.0,1791.0,2134.0
Odisha,Mayurbhanj,Rice,Rabi,2398.0,2039.0,2087.0,2234.0,2763.0,2653.0,2766.0,,
Odisha,Mayurbhanj,Rice,Summer,2665.0,2426.0,2465.0,2836.0,2723.0,2670.0,2811.0,,2473.0
Odisha,Mayurbhanj,Shree Anna /Nutri Cereals,Kharif,,57.0,,574.0,835.0,1390.0,980.0,1141.0,698.0
Odisha,Mayurbhanj,Shree Anna /Nutri Cereals,Rabi,,,,,,,743.0,,
Odisha,Mayurbhanj,Shree Anna /Nutri Cereals,Summer,,,1075.0,550.0,1000.0,675.0,787.0,,
Odisha,Mayurbhanj,Small Millets,Kharif,,,,476.0,,,,,
Odisha,Mayurbhanj,Tur,Kharif,,,,829.0,,,,,
Odisha,Mayurbhanj,Urad,Kharif,439.0,285.0,317.0,313.0,510.0,439.0,406.0,575.0,
Odisha,Mayurbhanj,Urad,Rabi,536.0,713.0,318.0,522.0,550.0,418.0,367.0,,
Odisha,Mayurbhanj,Urad,Summer,632.0,583.0,551.0,483.0,524.0,458.0,438.0,459.0,
Odisha,Mayurbhanj,Wheat,Summer,1100.0,1667.0,1559.0,1442.0,1213.0,1386.0,1525.0,,
Odisha,Nabarangpur,Gram,Rabi,,,,752.0,,,,,
Odisha,Nabarangpur,Jowar,Kharif,,,,600.0,,,,,
Odisha,Nabarangpur,Lentil,Rabi,,,,556.0,,,,,
Odisha,Nabarangpur,Maize,Kharif,3620.0,3175.0,2966.0,3602.0,3375.0,3255.0,3491.0,4044.0,3997.0
Odisha,Nabarangpur,Maize,Summer,3051.0,2834.0,2739.0,3974.0,2810.0,2978.0,2735.0,3629.0,3268.0
Odisha,Nabarangpur,Moong,Rabi,,607.0,,,,,,,
Odisha,Nabarangpur,Moong,Summer,579.0,358.0,632.0,747.0,736.0,758.0,702.0,755.0,709.0
Odisha,Nabarangpur,Ragi,Kharif,396.0,362.0,368.0,396.0,227.0,314.0,389.0,431.0,753.0
Odisha,Nabarangpur,Ragi,Rabi,266.0,,330.0,286.0,266.0,268.0,335.0,,
Odisha,Nabarangpur,Ragi,Summer,380.0,331.0,272.0,321.0,9.0,220.0,278.0,,
Odisha,Nabarangpur,Rice,Kharif,1978.0,2067.0,1129.0,2771.0,2582.0,2255.0,2676.0,2040.0,2341.0
Odisha,Nabarangpur,Rice,Rabi,2906.0,2627.0,1223.0,3252.0,2988.0,2859.0,3370.0,,
Odisha,Nabarangpur,Rice,Summer,2583.0,2232.0,1831.0,2678.0,2269.0,2712.0,2419.0,,2562.0
Odisha,Nabarangpur,Shree Anna /Nutri Cereals,Kharif,396.0,362.0,368.0,435.0,227.0,314.0,389.0,431.0,753.0
Odisha,Nabarangpur,Shree Anna /Nutri Cereals,Rabi,266.0,,330.0,286.0,266.0,268.0,335.0,,
Odisha,Nabarangpur,Shree Anna /Nutri Cereals,Summer,380.0,331.0,272.0,321.0,9.0,220.0,278.0,,
Odisha,Nabarangpur,Small Millets,Kharif,,,,448.0,,,,,
Odisha,Nabarangpur,Tur,Kharif,,,,904.0,,,,,
Odisha,Nabarangpur,Urad,Kharif,,,,,,,,802.0,
Odisha,Nabarangpur,Urad,Rabi,683.0,533.0,486.0,562.0,688.0,709.0,746.0,,
Odisha,Nabarangpur,Urad,Summer,825.0,358.0,800.0,267.0,,,,870.0,
Odisha,Nabarangpur,Wheat,Summer,,,3267.0,1550.0,2700.0,,,,
Odisha,Nayagarh,Gram,Rabi,,,,804.0,,,,,
Odisha,Nayagarh,Jowar,Kharif,,,,600.0,,,,,
Odisha,Nayagarh,Maize,Kharif,1954.0,1916.0,2142.0,3220.0,2448.0,3188.0,2523.0,3204.0,3088.0
Odisha,Nayagarh,Maize,Rabi,,,,,3600.0,3237.0,3926.0,,
Odisha,Nayagarh,Maize,Summer,,,2008.0,2500.0,2581.0,2590.0,3366.0,3026.0,3858.0
Odisha,Nayagarh,Moong,Kharif,,,,,,,,354.0,
Odisha,Nayagarh,Moong,Rabi,323.0,407.0,298.0,348.0,369.0,239.0,342.0,,
Odisha,Nayagarh,Moong,Summer,,216.0,,,362.0,325.0,423.0,409.0,426.0
Odisha,Nayagarh,Ragi,Kharif,619.0,450.0,,,,,1022.0,660.0,625.0
Odisha,Nayagarh,Ragi,Rabi,,504.0,,,,557.0,810.0,,
Odisha,Nayagarh,Rice,Kharif,1143.0,,,,1000.0,1493.0,,1696.0,2240.0
Odisha,Nayagarh,Rice,Rabi,2286.0,1381.0,2396.0,2601.0,2361.0,2038.0,2751.0,,
Odisha,Nayagarh,Rice,Summer,2000.0,,,2000.0,1000.0,1507.0,2800.0,,3096.0
Odisha,Nayagarh,Shree Anna /Nutri Cereals,Kharif,619.0,450.0,,533.0,,,1022.0,660.0,625.0
Odisha,Nayagarh,Shree Anna /Nutri Cereals,Rabi,,504.0,,,,557.0,810.0,,
Odisha,Nayagarh,Small Millets,Kharif,,,,500.0,,,,,
Odisha,Nayagarh,Tur,Kharif,,,,890.0,,,,,
Odisha,Nayagarh,Urad,Kharif,,,,,,,,327.0,
Odisha,Nayagarh,Urad,Rabi,329.0,434.0,256.0,331.0,341.0,255.0,339.0,,
Odisha,Nayagarh,Urad,Summer,,370.0,,,530.0,294.0,446.0,390.0,
Odisha,Nayagarh,Wheat,Summer,,,,,1400.0,,,,
Odisha,Nuapada,Bajra,Kharif,,,,545.0,,,,,
Odisha,Nuapada,Gram,Rabi,,,,788.0,,,,,
Odisha,Nuapada,Jowar,Kharif,,,,652.0,,,,,
Odisha,Nuapada,Lentil,Rabi,,,,542.0,,,,,
Odisha,Nuapada,Maize,Kharif,1551.0,1322.0,2093.0,2136.0,2339.0,2127.0,2130.0,1917.0,2008.0
Odisha,Nuapada,Maize,Summer,1500.0,,,1846.0,,2267.0,,861.0,
Odisha,Nuapada,Moong,Kharif,422.0,229.0,152.0,182.0,138.0,126.0,151.0,171.0,
Odisha,Nuapada,Moong,Rabi,393.0,349.0,325.0,183.0,,269.0,247.0,,
Odisha,Nuapada,Moong,Summer,330.0,357.0,300.0,267.0,293.0,236.0,306.0,314.0,288.0
Odisha,Nuapada,Ragi,Kharif,451.0,395.0,449.0,520.0,913.0,550.0,692.0,648.0,
Odisha,Nuapada,Ragi,Summer,,,,,21300.0,,,,
Odisha,Nuapada,Rice,Kharif,908.0,424.0,1299.0,1875.0,1923.0,1843.0,2087.0,1609.0,2129.0
Odisha,Nuapada,Rice,Rabi,1668.0,765.0,1575.0,2283.0,2790.0,2289.0,2617.0,,
Odisha,Nuapada,Rice,Summer,2711.0,2624.0,2699.0,3230.0,3121.0,3091.0,3094.0,,2744.0
Odisha,Nuapada,Shree Anna /Nutri Cereals,Kharif,451.0,395.0,449.0,523.0,913.0,550.0,692.0,648.0,
Odisha,Nuapada,Shree Anna /Nutri Cereals,Summer,,,,,21300.0,,,,
Odisha,Nuapada,Small Millets,Kharif,,,,515.0,,,,,
Odisha,Nuapada,Tur,Kharif,,,,1101.0,,,,,
Odisha,Nuapada,Urad,Kharif,323.0,264.0,198.0,240.0,200.0,178.0,168.0,183.0,
Odisha,Nuapada,Urad,Rabi,319.0,340.0,440.0,,,230.0,158.0,,
Odisha,Nuapada,Urad,Summer,,400.0,,,,,,,
Odisha,Nuapada,Wheat,Summer,,,,2400.0,,,,,
Odisha,Puri,Gram,Rabi,,,,1000.0,,,,,
Odisha,Puri,Maize,Summer,,,,,,,,1983.0,4131.0
Odisha,Puri,Moong,Summer,431.0,483.0,310.0,503.0,363.0,480.0,471.0,423.0,540.0
Odisha,Puri,Ragi,Kharif,,,,,,,,,1107.0
Odisha,Puri,Ragi,Summer,,,,,167.0,543.0,780.0,,
Odisha,Puri,Rice,Kharif,,2125.0,,,,2636.0,,2085.0,2544.0
Odisha,Puri,Rice,Rabi,2654.0,1575.0,2100.0,2266.0,2136.0,1243.0,1993.0,,
Odisha,Puri,Rice,Summer,3140.0,2270.0,2844.0,3085.0,3337.0,3164.0,3494.0,,3184.0
Odisha,Puri,Shree Anna /Nutri Cereals,Kharif,,,,,,,,,1107.0
Odisha,Puri,Shree Anna /Nutri Cereals,Summer,,,,,167.0,543.0,780.0,,
Odisha,Puri,Urad,Kharif,,,,,,,,399.0,
Odisha,Puri,Urad,Rabi,377.0,187.0,413.0,381.0,361.0,354.0,523.0,,
Odisha,Puri,Urad,Summer,522.0,503.0,753.0,483.0,360.0,419.0,505.0,453.0,
Odisha,Rayagada,Bajra,Kharif,,,,560.0,,,,,
Odisha,Rayagada,Gram,Rabi,,,,786.0,,,,,
Odisha,Rayagada,Jowar,Kharif,,,,667.0,,,,,
Odisha,Rayagada,Maize,Kharif,1461.0,1560.0,1285.0,1897.0,1843.0,1880.0,1731.0,1850.0,1847.0
Odisha,Rayagada,Maize,Rabi,1377.0,1429.0,1258.0,1548.0,1988.0,1706.0,1494.0,,
Odisha,Rayagada,Maize,Summer,1948.0,1767.0,1414.0,1489.0,1655.0,1756.0,1905.0,2162.0,1475.0
Odisha,Rayagada,Moong,Kharif,,,,,,,,317.0,
Odisha,Rayagada,Moong,Rabi,383.0,565.0,405.0,434.0,407.0,451.0,361.0,,
Odisha,Rayagada,Moong,Summer,,638.0,320.0,275.0,,288.0,490.0,328.0,
Odisha,Rayagada,Ragi,Kharif,691.0,744.0,659.0,785.0,891.0,806.0,764.0,800.0,698.0
Odisha,Rayagada,Ragi,Rabi,704.0,649.0,648.0,779.0,813.0,817.0,772.0,,
Odisha,Rayagada,Ragi,Summer,1194.0,1000.0,902.0,926.0,900.0,884.0,875.0,,
Odisha,Rayagada,Rice,Kharif,892.0,1323.0,1945.0,2273.0,1956.0,2019.0,1200.0,2146.0,2408.0
Odisha,Rayagada,Rice,Rabi,2421.0,2466.0,2531.0,3305.0,2889.0,3070.0,3230.0,,
Odisha,Rayagada,Rice,Summer,2280.0,2776.0,3023.0,3553.0,2947.0,2367.0,2442.0,,2460.0
Odisha,Rayagada,Shree Anna /Nutri Cereals,Kharif,691.0,744.0,659.0,593.0,891.0,806.0,764.0,800.0,698.0
Odisha,Rayagada,Shree Anna /Nutri Cereals,Rabi,704.0,649.0,648.0,779.0,813.0,817.0,772.0,,
Odisha,Rayagada,Shree Anna /Nutri Cereals,Summer,1194.0,1000.0,902.0,926.0,900.0,884.0,875.0,,
Odisha,Rayagada,Small Millets,Kharif,,,,519.0,,,,,
Odisha,Rayagada,Tur,Kharif,,,,1197.0,,,,,
Odisha,Rayagada,Urad,Kharif,,,,,350.0,,250.0,281.0,
Odisha,Rayagada,Urad,Rabi,385.0,400.0,294.0,301.0,266.0,323.0,277.0,,
Odisha,Rayagada,Urad,Summer,,517.0,317.0,300.0,,300.0,380.0,296.0,
Odisha,Sambalpur,Gram,Rabi,,,,789.0,,,,,
Odisha,Sambalpur,Jowar,Kharif,,,,1000.0,,,,,
Odisha,Sambalpur,Maize,Kharif,1557.0,,1590.0,1819.0,1777.0,2022.0,2097.0,2808.0,2509.0
Odisha,Sambalpur,Maize,Rabi,1300.0,,,,,2700.0,,,
Odisha,Sambalpur,Maize,Summer,,,,,,2600.0,,,2868.0
Odisha,Sambalpur,Moong,Kharif,488.0,,,497.0,520.0,862.0,657.0,644.0,
Odisha,Sambalpur,Moong,Rabi,551.0,540.0,686.0,539.0,630.0,726.0,684.0,,
Odisha,Sambalpur,Moong,Summer,606.0,580.0,644.0,685.0,662.0,786.0,641.0,668.0,853.0
Odisha,Sambalpur,Ragi,Kharif,400.0,,75.0,600.0,550.0,700.0,650.0,113.0,406.0
Odisha,Sambalpur,Rice,Kharif,1118.0,751.0,448.0,1750.0,2438.0,1573.0,1233.0,2295.0,2327.0
Odisha,Sambalpur,Rice,Rabi,2001.0,1021.0,1016.0,2894.0,3002.0,2482.0,3222.0,,
Odisha,Sambalpur,Rice,Summer,3951.0,4038.0,4483.0,3511.0,4569.0,4839.0,4541.0,,4194.0
Odisha,Sambalpur,Shree Anna /Nutri Cereals,Kharif,400.0,,75.0,933.0,550.0,700.0,650.0,113.0,406.0
Odisha,Sambalpur,Tur,Kharif,,,,1143.0,,,,,
Odisha,Sambalpur,Urad,Kharif,487.0,,1086.0,478.0,466.0,728.0,454.0,553.0,
Odisha,Sambalpur,Urad,Rabi,572.0,660.0,767.0,597.0,652.0,547.0,611.0,,
Odisha,Sambalpur,Urad,Summer,,400.0,789.0,288.0,652.0,659.0,659.0,525.0,
Odisha,Sambalpur,Wheat,Summer,,,633.0,820.0,2255.0,2200.0,1294.0,,
Odisha,Sonepur,Gram,Rabi,,,,756.0,,,,,
Odisha,Sonepur,Maize,Rabi,4046.0,,,2388.0,,,,,
Odisha,Sonepur,Maize,Summer,,,,2500.0,,,,,
Odisha,Sonepur,Moong,Kharif,340.0,,,,,295.0,305.0,357.0,
Odisha,Sonepur,Moong,Rabi,478.0,371.0,537.0,369.0,237.0,282.0,307.0,,
Odisha,Sonepur,Moong,Summer,431.0,444.0,653.0,375.0,431.0,426.0,333.0,368.0,401.0
Odisha,Sonepur,Ragi,Kharif,,,,,,,,846.0,747.0
Odisha,Sonepur,Rice,Kharif,1735.0,873.0,1812.0,2618.0,2554.0,1498.0,2014.0,2489.0,2906.0
Odisha,Sonepur,Rice,Rabi,3252.0,2046.0,2704.0,3186.0,3518.0,3439.0,3724.0,,
Odisha,Sonepur,Rice,Summer,4166.0,3785.0,4341.0,4101.0,4287.0,4029.0,4031.0,,3826.0
Odisha,Sonepur,Shree Anna /Nutri Cereals,Kharif,,,,,,,,846.0,747.0
Odisha,Sonepur,Tur,Kharif,,,,817.0,,,,,
Odisha,Sonepur,Urad,Rabi,289.0,233.0,280.0,341.0,289.0,345.0,331.0,,
Odisha,Sonepur,Urad,Summer,,,721.0,,554.0,,,,
Odisha,Sundargarh,Bajra,Kharif,,,,1000.0,,,,,
Odisha,Sundargarh,Gram,Rabi,,,,779.0,,,,,
Odisha,Sundargarh,Jowar,Kharif,,,,638.0,,,,,
Odisha,Sundargarh,Lentil,Rabi,,,,535.0,,,,,
Odisha,Sundargarh,Maize,Kharif,1901.0,1908.0,2018.0,2214.0,2595.0,2813.0,2880.0,3066.0,2711.0
Odisha,Sundargarh,Maize,Rabi,2150.0,3050.0,3033.0,3200.0,,3531.0,,,
Odisha,Sundargarh,Maize,Summer,,2071.0,2550.0,2900.0,2400.0,2634.0,3033.0,1448.0,2536.0
Odisha,Sundargarh,Moong,Kharif,368.0,407.0,249.0,285.0,524.0,335.0,403.0,476.0,
Odisha,Sundargarh,Moong,Rabi,418.0,829.0,,600.0,333.0,471.0,428.0,,
Odisha,Sundargarh,Moong,Summer,195.0,588.0,628.0,504.0,631.0,492.0,547.0,534.0,470.0
Odisha,Sundargarh,Ragi,Kharif,610.0,682.0,560.0,663.0,650.0,606.0,588.0,742.0,500.0
Odisha,Sundargarh,Ragi,Rabi,551.0,821.0,589.0,,480.0,718.0,757.0,,
Odisha,Sundargarh,Ragi,Summer,,,,200.0,,338.0,681.0,,
Odisha,Sundargarh,Rice,Kharif,1170.0,1509.0,998.0,1494.0,2076.0,1734.0,1494.0,1508.0,1582.0
Odisha,Sundargarh,Rice,Rabi,2026.0,1972.0,1339.0,1906.0,2443.0,2043.0,1869.0,,
Odisha,Sundargarh,Rice,Summer,1444.0,1688.0,2208.0,1385.0,2375.0,2240.0,2767.0,,2330.0
Odisha,Sundargarh,Shree Anna /Nutri Cereals,Kharif,610.0,682.0,560.0,562.0,650.0,606.0,588.0,742.0,500.0
Odisha,Sundargarh,Shree Anna /Nutri Cereals,Rabi,551.0,821.0,589.0,,480.0,718.0,757.0,,
Odisha,Sundargarh,Shree Anna /Nutri Cereals,Summer,,,,200.0,,338.0,681.0,,
Odisha,Sundargarh,Small Millets,Kharif,,,,514.0,,,,,
Odisha,Sundargarh,Tur,Kharif,,,,839.0,,,,,
Odisha,Sundargarh,Urad,Kharif,382.0,405.0,286.0,293.0,408.0,370.0,396.0,457.0,
Odisha,Sundargarh,Urad,Rabi,414.0,503.0,197.0,400.0,451.0,327.0,301.0,,
Odisha,Sundargarh,Urad,Summer,,,508.0,550.0,500.0,1114.0,582.0,592.0,
Odisha,Sundargarh,Wheat,Summer,1587.0,1836.0,2160.0,1363.0,1909.0,1839.0,1859.0,,
Puducherry,Karaikal,Moong,Summer,98.0,222.0,406.0,180.0,203.0,228.0,604.0,248.0,146.0
Puducherry,Karaikal,Ragi,Kharif,1000.0,,,,,,,,
Puducherry,Karaikal,Rice,Kharif,2289.0,2385.0,2065.0,2550.0,2404.0,2263.0,2154.0,2465.0,1914.0
Puducherry,Karaikal,Rice,Rabi,1060.0,2059.0,2767.0,2389.0,1612.0,2304.0,2472.0,2705.0,2097.0
Puducherry,Karaikal,Rice,Summer,1154.0,2083.0,2083.0,,,2278.0,0.0,2705.0,
Puducherry,Karaikal,Shree Anna /Nutri Cereals,Kharif,1000.0,,,,,,,,
Puducherry,Karaikal,Urad,Summer,115.0,201.0,365.0,290.0,291.0,,302.0,303.0,138.0
Puducherry,Mahe,Urad,Summer,,,,,,180.0,,,
Puducherry,Puducherry,Bajra,Kharif,1333.0,2778.0,2429.0,2571.0,2667.0,2667.0,2593.0,3000.0,3000.0
Puducherry,Puducherry,Bajra,Rabi,,3000.0,3000.0,3000.0,3000.0,3000.0,,,
Puducherry,Puducherry,Bajra,Summer,1250.0,2667.0,2667.0,2571.0,2500.0,2571.0,2667.0,,
Puducherry,Puducherry,Jowar,Kharif,2000.0,3000.0,2500.0,,2667.0,2500.0,2500.0,3000.0,
Puducherry,Puducherry,Jowar,Rabi,,,,,3000.0,,2500.0,,
Puducherry,Puducherry,Jowar,Summer,1000.0,3000.0,3000.0,,,,,,3000.0
Puducherry,Puducherry,Moong,Rabi,1000.0,1000.0,1000.0,750.0,1000.0,,667.0,1000.0,
Puducherry,Puducherry,Moong,Summer,704.0,923.0,900.0,806.0,806.0,,,801.0,807.0
Puducherry,Puducherry,Ragi,Kharif,1579.0,3000.0,2308.0,2406.0,2407.0,2391.0,2394.0,2913.0,3000.0
Puducherry,Puducherry,Ragi,Rabi,1667.0,3000.0,3000.0,2500.0,2400.0,2333.0,2444.0,,
Puducherry,Puducherry,Ragi,Summer,1238.0,2783.0,2500.0,2391.0,2385.0,2429.0,2400.0,,
Puducherry,Puducherry,Rice,Kharif,3756.0,3695.0,4013.0,3669.0,3650.0,3187.0,3285.0,3309.0,3090.0
Puducherry,Puducherry,Rice,Rabi,4025.0,3431.0,3825.0,3363.0,2719.0,3042.0,3235.0,3480.0,2875.0
Puducherry,Puducherry,Rice,Summer,3917.0,3620.0,3687.0,3555.0,3291.0,3523.0,3395.0,3112.0,3218.0
Puducherry,Puducherry,Shree Anna /Nutri Cereals,Kharif,1500.0,2750.0,2130.0,2167.0,2317.0,2043.0,2460.0,2972.0,3000.0
Puducherry,Puducherry,Shree Anna /Nutri Cereals,Rabi,1667.0,3000.0,3000.0,2600.0,2571.0,2500.0,2455.0,,
Puducherry,Puducherry,Shree Anna /Nutri Cereals,Summer,1214.0,2786.0,2556.0,2433.0,2400.0,2476.0,2424.0,,3000.0
Puducherry,Puducherry,Small Millets,Kharif,,1600.0,1222.0,1214.0,1200.0,1200.0,1000.0,1200.0,
Puducherry,Puducherry,Urad,Kharif,1400.0,900.0,833.0,1000.0,1000.0,1000.0,1000.0,1211.0,1200.0
Puducherry,Puducherry,Urad,Rabi,1081.0,1000.0,1000.0,1000.0,1000.0,1000.0,1000.0,1202.0,1200.0
Puducherry,Puducherry,Urad,Summer,763.0,904.0,904.0,1000.0,1000.0,1000.0,1000.0,1213.0,1182.0
Puducherry,Yanam,Moong,Rabi,500.0,,667.0,750.0,1000.0,,,,
Puducherry,Yanam,Moong,Summer,500.0,400.0,667.0,833.0,,,,,
Puducherry,Yanam,Rice,Kharif,3669.0,3682.0,4052.0,3431.0,1234.0,1598.0,2426.0,2627.0,1723.0
Puducherry,Yanam,Rice,Rabi,5227.0,4318.0,5339.0,5903.0,3760.0,4252.0,2822.0,2627.0,2570.0
Puducherry,Yanam,Rice,Summer,,,,,,,,2627.0,
Puducherry,Yanam,Urad,Rabi,400.0,500.0,1000.0,,1000.0,500.0,1000.0,150.0,
Puducherry,Yanam,Urad,Summer,407.0,,1000.0,875.0,,,,,
Punjab,Amritsar,Lentil,Rabi,,500.0,1000.0,500.0,,,1000.0,,
Punjab,Amritsar,Maize,Kharif,3000.0,2500.0,3313.0,3182.0,3500.0,3714.0,4063.0,1832.0,4600.0
Punjab,Amritsar,Moong,Kharif,750.0,875.0,833.0,857.0,,,789.0,1000.0,
Punjab,Amritsar,Moong,Rabi,,760.0,833.0,920.0,,,,,
Punjab,Amritsar,Moong,Summer,,,,,,,1000.0,870.0,650.0
Punjab,Amritsar,Rice,Kharif,3189.0,3761.0,2983.0,3304.0,3341.0,3601.0,3558.0,3197.0,3438.0
Punjab,Amritsar,Tur,Kharif,750.0,1000.0,1000.0,1000.0,1000.0,1000.0,0.0,1158.0,
Punjab,Amritsar,Urad,Kharif,1000.0,1000.0,1000.0,1000.0,,,,,
Punjab,Amritsar,Wheat,Rabi,4947.0,4868.0,4815.0,4532.0,4762.0,4453.0,4788.0,4949.0,5188.0
Punjab,Barnala,Bajra,Kharif,,,,,,,,,948.0
Punjab,Barnala,Barley,Rabi,3750.0,3667.0,2667.0,3667.0,3333.0,2667.0,3333.0,4209.0,4009.0
Punjab,Barnala,Gram,Rabi,,,1000.0,,,1000.0,2000.0,1499.0,1250.0
Punjab,Barnala,Maize,Kharif,,,,3000.0,4000.0,,,,4200.0
Punjab,Barnala,Moong,Kharif,500.0,1000.0,1000.0,1000.0,,,993.0,750.0,1380.0
Punjab,Barnala,Moong,Rabi,,700.0,692.0,700.0,,,,,
Punjab,Barnala,Moong,Summer,,,,,,,1098.0,1000.0,1000.0
Punjab,Barnala,Rice,Kharif,4607.0,5000.0,4974.0,4605.0,5221.0,4746.0,5249.0,5327.0,4909.0
Punjab,Barnala,Shree Anna /Nutri Cereals,Kharif,,,,,,,,,948.0
Punjab,Barnala,Tur,Kharif,1000.0,1000.0,1000.0,,1000.0,1000.0,,,
Punjab,Barnala,Wheat,Rabi,5491.0,5342.0,5574.0,5254.0,4802.0,4573.0,5063.0,5544.0,5276.0
Punjab,Bathinda,Bajra,Kharif,500.0,1000.0,1000.0,,,500.0,667.0,590.0,
Punjab,Bathinda,Barley,Rabi,3167.0,3556.0,4000.0,3333.0,3333.0,3333.0,4000.0,3684.0,3068.0
Punjab,Bathinda,Gram,Rabi,1500.0,1000.0,1500.0,1500.0,,2000.0,1000.0,800.0,1400.0
Punjab,Bathinda,Maize,Kharif,,,,,4000.0,4000.0,4500.0,3827.0,4200.0
Punjab,Bathinda,Moong,Kharif,1000.0,667.0,667.0,1000.0,,,650.0,1000.0,200.0
Punjab,Bathinda,Moong,Rabi,,800.0,600.0,800.0,,,,,
Punjab,Bathinda,Moong,Summer,,,,,,,800.0,880.0,800.0
Punjab,Bathinda,Rice,Kharif,4533.0,4669.0,4563.0,4268.0,4639.0,4595.0,4747.0,4745.0,4530.0
Punjab,Bathinda,Shree Anna /Nutri Cereals,Kharif,500.0,1000.0,1000.0,,,500.0,667.0,590.0,
Punjab,Bathinda,Small Millets,Kharif,,,,,,,667.0,,
Punjab,Bathinda,Tur,Kharif,1000.0,,,,,,,,
Punjab,Bathinda,Wheat,Rabi,5298.0,5295.0,5600.0,5418.0,4953.0,4407.0,4950.0,4986.0,5350.0
Punjab,Faridkot,Barley,Rabi,,3000.0,4000.0,,4000.0,3000.0,4000.0,4598.0,3800.0
Punjab,Faridkot,Gram,Rabi,,,,,,,,1520.0,1500.0
Punjab,Faridkot,Maize,Kharif,,,,,,4000.0,,,
Punjab,Faridkot,Moong,Kharif,1000.0,,,,,,1402.0,1000.0,1100.0
Punjab,Faridkot,Moong,Rabi,,600.0,800.0,800.0,,,,,
Punjab,Faridkot,Moong,Summer,,,,,,,960.0,900.0,776.0
Punjab,Faridkot,Rice,Kharif,4070.0,4443.0,4112.0,3759.0,4105.0,4347.0,4478.0,4618.0,4388.0
Punjab,Faridkot,Tur,Kharif,1000.0,,,,,,,,
Punjab,Faridkot,Wheat,Rabi,5205.0,5336.0,5345.0,5569.0,5069.0,4580.0,4376.0,5258.0,5289.0
Punjab,Fatehgarh Sahib,Barley,Rabi,3667.0,2667.0,3333.0,2667.0,3333.0,3000.0,4000.0,3642.0,3559.0
Punjab,Fatehgarh Sahib,Maize,Kharif,,,3667.0,3667.0,3667.0,,4500.0,3827.0,4250.0
Punjab,Fatehgarh Sahib,Moong,Rabi,,667.0,800.0,1167.0,,,,,
Punjab,Fatehgarh Sahib,Moong,Summer,,,,,,,1111.0,882.0,1015.0
Punjab,Fatehgarh Sahib,Rice,Kharif,4709.0,4593.0,4035.0,4256.0,4753.0,4719.0,4027.0,4784.0,4675.0
Punjab,Fatehgarh Sahib,Wheat,Rabi,5190.0,5341.0,5176.0,4400.0,4959.0,3400.0,4789.0,4938.0,5249.0
Punjab,Fazilka,Bajra,Kharif,,500.0,1000.0,,,,,,948.0
Punjab,Fazilka,Barley,Rabi,3733.0,3615.0,4000.0,3636.0,3667.0,3125.0,3750.0,3857.0,3374.0
Punjab,Fazilka,Gram,Rabi,1333.0,1091.0,1364.0,1182.0,,1273.0,909.0,1679.0,1136.0
Punjab,Fazilka,Maize,Kharif,4000.0,4000.0,2667.0,,2143.0,4000.0,6000.0,,5600.0
Punjab,Fazilka,Moong,Kharif,875.0,889.0,875.0,1000.0,,,467.0,1000.0,563.0
Punjab,Fazilka,Moong,Rabi,,1000.0,333.0,800.0,,,,,
Punjab,Fazilka,Moong,Summer,,,,,,,,900.0,985.0
Punjab,Fazilka,Rice,Kharif,3523.0,3257.0,3298.0,4058.0,3273.0,3139.0,3503.0,3271.0,3349.0
Punjab,Fazilka,Shree Anna /Nutri Cereals,Kharif,,500.0,1000.0,,,,,,948.0
Punjab,Fazilka,Tur,Kharif,875.0,1500.0,,,,,,,
Punjab,Fazilka,Wheat,Rabi,4942.0,4795.0,5058.0,4932.0,4742.0,4277.0,4625.0,5041.0,4947.0
Punjab,Ferozepur,Bajra,Kharif,,,,,,,,,945.0
Punjab,Ferozepur,Maize,Kharif,,,,2833.0,4000.0,2667.0,,,4200.0
Punjab,Ferozepur,Moong,Kharif,1000.0,1200.0,1000.0,1000.0,,,780.0,1000.0,800.0
Punjab,Ferozepur,Moong,Rabi,,333.0,800.0,333.0,,,,,
Punjab,Ferozepur,Moong,Summer,,,,,,,1000.0,894.0,1000.0
Punjab,Ferozepur,Rice,Kharif,4230.0,4551.0,4457.0,2693.0,4364.0,4404.0,4789.0,4553.0,4672.0
Punjab,Ferozepur,Shree Anna /Nutri Cereals,Kharif,,,,,,,,,945.0
Punjab,Ferozepur,Tur,Kharif,,1000.0,,,,,,,
Punjab,Ferozepur,Wheat,Rabi,5212.0,5225.0,5401.0,5118.0,4931.0,4372.0,4801.0,5120.0,5223.0
Punjab,Gurdaspur,Bajra,Kharif,,,,,,,,785.0,
Punjab,Gurdaspur,Gram,Rabi,,,,,,,1000.0,,
Punjab,Gurdaspur,Lentil,Rabi,1000.0,1000.0,1000.0,,1000.0,,1000.0,471.0,900.0
Punjab,Gurdaspur,Maize,Kharif,2000.0,2000.0,2600.0,2714.0,2400.0,2250.0,3750.0,2972.0,3600.0
Punjab,Gurdaspur,Moong,Rabi,,1000.0,333.0,1000.0,,,,,
Punjab,Gurdaspur,Moong,Summer,,,,,,,830.0,889.0,850.0
Punjab,Gurdaspur,Rice,Kharif,3183.0,3653.0,3674.0,3661.0,3892.0,3843.0,3643.0,4013.0,4072.0
Punjab,Gurdaspur,Shree Anna /Nutri Cereals,Kharif,,,,,,,,785.0,
Punjab,Gurdaspur,Urad,Kharif,500.0,1000.0,667.0,667.0,500.0,500.0,1000.0,1000.0,900.0
Punjab,Gurdaspur,Wheat,Rabi,4609.0,4735.0,4717.0,4173.0,4526.0,4221.0,4432.0,4751.0,4834.0
Punjab,Hoshiarpur,Gram,Rabi,1000.0,,1000.0,,1000.0,2000.0,1000.0,888.0,1000.0
Punjab,Hoshiarpur,Lentil,Rabi,500.0,1000.0,,500.0,543.0,296.0,1000.0,462.0,800.0
Punjab,Hoshiarpur,Maize,Kharif,3786.0,3518.0,3668.0,3599.0,3238.0,4076.0,4914.0,3817.0,3765.0
Punjab,Hoshiarpur,Moong,Rabi,,1000.0,1000.0,1000.0,,,,,
Punjab,Hoshiarpur,Moong,Summer,,,,,,,950.0,800.0,780.0
Punjab,Hoshiarpur,Rice,Kharif,3878.0,3893.0,3720.0,4000.0,4156.0,3794.0,3148.0,4003.0,4319.0
Punjab,Hoshiarpur,Urad,Kharif,500.0,,,1000.0,1000.0,441.0,1000.0,1000.0,667.0
Punjab,Hoshiarpur,Wheat,Rabi,4122.0,4336.0,4243.0,4289.0,4144.0,3622.0,4028.0,4146.0,4345.0
Punjab,Jalandhar,Barley,Rabi,,,4000.0,,,,,,
Punjab,Jalandhar,Maize,Kharif,5571.0,4667.0,4431.0,4250.0,4851.0,3659.0,4022.0,4508.0,4078.0
Punjab,Jalandhar,Moong,Rabi,,1000.0,1000.0,1000.0,,,,,
Punjab,Jalandhar,Moong,Summer,,,,,,,1067.0,900.0,980.0
Punjab,Jalandhar,Rice,Kharif,4112.0,4181.0,4156.0,4074.0,4552.0,4276.0,4174.0,4491.0,4507.0
Punjab,Jalandhar,Tur,Kharif,1000.0,1000.0,1000.0,1500.0,1333.0,1000.0,1131.0,1169.0,1633.0
Punjab,Jalandhar,Wheat,Rabi,4844.0,5065.0,4971.0,5029.0,4901.0,4224.0,4350.0,4728.0,5012.0
Punjab,Kapurthala,Bajra,Kharif,,,,,,625.0,,,
Punjab,Kapurthala,Maize,Kharif,2500.0,5500.0,5231.0,5700.0,6067.0,5125.0,2700.0,2553.0,4091.0
Punjab,Kapurthala,Moong,Rabi,,1000.0,1500.0,1667.0,,,,,
Punjab,Kapurthala,Moong,Summer,,,,,,,1238.0,1091.0,1270.0
Punjab,Kapurthala,Rice,Kharif,4093.0,4347.0,4339.0,4133.0,4342.0,4220.0,4274.0,4634.0,4791.0
Punjab,Kapurthala,Shree Anna /Nutri Cereals,Kharif,,,,,,625.0,,,
Punjab,Kapurthala,Wheat,Rabi,4925.0,4843.0,4734.0,4651.0,4620.0,3991.0,4459.0,4923.0,5111.0
Punjab,Ludhiana,Barley,Rabi,3923.0,4357.0,3500.0,3818.0,3545.0,3222.0,3917.0,3455.0,3577.0
Punjab,Ludhiana,Maize,Kharif,3000.0,4000.0,3923.0,4200.0,4800.0,2833.0,2667.0,3112.0,3660.0
Punjab,Ludhiana,Moong,Kharif,500.0,500.0,1000.0,,1000.0,1000.0,929.0,1000.0,1000.0
Punjab,Ludhiana,Moong,Rabi,,773.0,840.0,848.0,,,,,
Punjab,Ludhiana,Moong,Summer,,,,,,,1251.0,950.0,1020.0
Punjab,Ludhiana,Rice,Kharif,4815.0,4744.0,4452.0,4676.0,4888.0,4816.0,4776.0,5076.0,4812.0
Punjab,Ludhiana,Tur,Kharif,714.0,1000.0,1000.0,1000.0,1200.0,1000.0,1209.0,1188.0,1067.0
Punjab,Ludhiana,Wheat,Rabi,5092.0,5143.0,5131.0,5100.0,4970.0,4275.0,4591.0,4999.0,5132.0
Punjab,Malerkotla,Barley,Rabi,,,,,,3250.0,4000.0,4014.0,4245.0
Punjab,Malerkotla,Maize,Kharif,,,,,,4000.0,4500.0,3827.0,4250.0
Punjab,Malerkotla,Moong,Kharif,,,,,,,,,1000.0
Punjab,Malerkotla,Moong,Summer,,,,,,,,0.0,1250.0
Punjab,Malerkotla,Rice,Kharif,,,,,,5254.0,5236.0,5642.0,5328.0
Punjab,Malerkotla,Tur,Kharif,,,,,,1000.0,1247.0,915.0,1200.0
Punjab,Malerkotla,Wheat,Rabi,,,,,,4332.0,4962.0,5485.0,5439.0
Punjab,Mansa,Bajra,Kharif,600.0,600.0,500.0,667.0,750.0,667.0,667.0,850.0,950.0
Punjab,Mansa,Barley,Rabi,3600.0,3400.0,3667.0,3667.0,3667.0,3500.0,4000.0,2877.0,3273.0
Punjab,Mansa,Gram,Rabi,2000.0,2000.0,2000.0,1000.0,1000.0,1000.0,2000.0,1323.0,1429.0
Punjab,Mansa,Maize,Kharif,,,,4000.0,,4000.0,4000.0,3827.0,4200.0
Punjab,Mansa,Moong,Kharif,500.0,1000.0,1000.0,1000.0,,,956.0,1000.0,545.0
Punjab,Mansa,Moong,Rabi,,1000.0,857.0,889.0,,,,,
Punjab,Mansa,Moong,Summer,,,,,,,,900.0,650.0
Punjab,Mansa,Rice,Kharif,4291.0,4664.0,4431.0,4109.0,4761.0,4572.0,4695.0,4608.0,4434.0
Punjab,Mansa,Shree Anna /Nutri Cereals,Kharif,600.0,600.0,500.0,667.0,750.0,667.0,667.0,850.0,950.0
Punjab,Mansa,Small Millets,Kharif,,,,,,,667.0,,
Punjab,Mansa,Tur,Kharif,1000.0,,,,,,,,
Punjab,Mansa,Wheat,Rabi,5123.0,5174.0,5450.0,5392.0,4965.0,4452.0,5001.0,5537.0,5276.0
Punjab,Moga,Bajra,Kharif,,,,500.0,,,,,
Punjab,Moga,Barley,Rabi,3667.0,3333.0,4000.0,4000.0,4333.0,2500.0,3500.0,3651.0,3809.0
Punjab,Moga,Gram,Rabi,,,,,,1000.0,,,
Punjab,Moga,Maize,Kharif,,,4000.0,3500.0,2333.0,5000.0,5500.0,3827.0,4250.0
Punjab,Moga,Moong,Kharif,1000.0,1000.0,1000.0,1000.0,,,,,800.0
Punjab,Moga,Moong,Rabi,,900.0,833.0,886.0,,,,,
Punjab,Moga,Moong,Summer,,,,,,,1000.0,1000.0,1000.0
Punjab,Moga,Rice,Kharif,4584.0,4801.0,4514.0,4564.0,4877.0,4739.0,5060.0,5163.0,4721.0
Punjab,Moga,Shree Anna /Nutri Cereals,Kharif,,,,500.0,,,,,
Punjab,Moga,Tur,Kharif,1000.0,1000.0,1333.0,1000.0,1333.0,1500.0,890.0,1061.0,1100.0
Punjab,Moga,Wheat,Rabi,5276.0,5189.0,5377.0,5352.0,5147.0,4373.0,4752.0,5370.0,5360.0
Punjab,Pathankot,Barley,Rabi,,,,,,,,,3116.0
Punjab,Pathankot,Gram,Rabi,1000.0,1000.0,1000.0,,1000.0,,,96.0,1000.0
Punjab,Pathankot,Maize,Kharif,2750.0,2375.0,2037.0,3000.0,3679.0,4034.0,2714.0,3199.0,3313.0
Punjab,Pathankot,Moong,Rabi,,1000.0,1000.0,,,,,,
Punjab,Pathankot,Moong,Summer,,,,,,,893.0,842.0,880.0
Punjab,Pathankot,Rice,Kharif,2750.0,3071.0,3250.0,3071.0,3671.0,3514.0,2724.0,3952.0,3648.0
Punjab,Pathankot,Urad,Kharif,417.0,,462.0,417.0,500.0,444.0,400.0,400.0,540.0
Punjab,Pathankot,Wheat,Rabi,4098.0,4024.0,3976.0,3950.0,4333.0,3655.0,3998.0,3993.0,4184.0
Punjab,Patiala,Barley,Rabi,5200.0,5400.0,4500.0,3667.0,4000.0,3000.0,3667.0,3499.0,4093.0
Punjab,Patiala,Maize,Kharif,5000.0,4000.0,2500.0,2750.0,2778.0,,2714.0,2746.0,5029.0
Punjab,Patiala,Moong,Rabi,,1000.0,1000.0,1000.0,,,,,
Punjab,Patiala,Moong,Summer,,,,,,,925.0,933.0,1000.0
Punjab,Patiala,Rice,Kharif,4241.0,4296.0,3932.0,3949.0,4473.0,4313.0,4135.0,4514.0,4483.0
Punjab,Patiala,Urad,Kharif,,455.0,,,,,,,
Punjab,Patiala,Wheat,Rabi,5165.0,5272.0,5472.0,4769.0,4972.0,3884.0,4908.0,4957.0,5038.0
Punjab,Rupnagar,Bajra,Kharif,,,500.0,,,,,,
Punjab,Rupnagar,Barley,Rabi,3000.0,4000.0,4000.0,4000.0,5000.0,3000.0,4000.0,3588.0,4441.0
Punjab,Rupnagar,Gram,Rabi,,,,,,,1000.0,1576.0,1000.0
Punjab,Rupnagar,Lentil,Rabi,,,,,,,,,400.0
Punjab,Rupnagar,Maize,Kharif,3762.0,4136.0,3765.0,3577.0,3835.0,4056.0,3980.0,4066.0,5534.0
Punjab,Rupnagar,Moong,Rabi,,750.0,750.0,500.0,,,,,
Punjab,Rupnagar,Moong,Summer,,,,,,,1000.0,1000.0,950.0
Punjab,Rupnagar,Rice,Kharif,4526.0,4250.0,3463.0,3600.0,4467.0,4214.0,3652.0,4143.0,4108.0
Punjab,Rupnagar,Shree Anna /Nutri Cereals,Kharif,,,500.0,,,,,,
Punjab,Rupnagar,Tur,Kharif,1000.0,,,,,,,,
Punjab,Rupnagar,Urad,Kharif,,,,,,,0.0,0.0,500.0
Punjab,Rupnagar,Wheat,Rabi,4824.0,4866.0,4565.0,4333.0,4512.0,3615.0,4511.0,4759.0,4630.0
Punjab,S.A.S Nagar,Bajra,Kharif,,,,,,700.0,,,948.0
Punjab,S.A.S Nagar,Barley,Rabi,4000.0,4000.0,,3000.0,3000.0,3000.0,2000.0,2725.0,4009.0
Punjab,S.A.S Nagar,Gram,Rabi,,1000.0,1000.0,1000.0,1000.0,1000.0,,,1000.0
Punjab,S.A.S Nagar,Lentil,Rabi,667.0,500.0,750.0,500.0,,,1000.0,491.0,667.0
Punjab,S.A.S Nagar,Maize,Kharif,4000.0,4167.0,3719.0,2885.0,3349.0,3000.0,2912.0,3531.0,4551.0
Punjab,S.A.S Nagar,Moong,Rabi,,600.0,667.0,667.0,,,,,
Punjab,S.A.S Nagar,Moong,Summer,,,,,,,867.0,1111.0,850.0
Punjab,S.A.S Nagar,Rice,Kharif,3613.0,3484.0,3290.0,3621.0,3646.0,3509.0,3024.0,4030.0,3884.0
Punjab,S.A.S Nagar,Shree Anna /Nutri Cereals,Kharif,,,,,,700.0,,,948.0
Punjab,S.A.S Nagar,Tur,Kharif,1000.0,1000.0,1000.0,1000.0,1000.0,1000.0,0.0,1000.0,
Punjab,S.A.S Nagar,Urad,Kharif,1000.0,500.0,667.0,1000.0,,,,,
Punjab,S.A.S Nagar,Wheat,Rabi,4700.0,4960.0,4640.0,4520.0,4371.0,3713.0,4094.0,4242.0,4680.0
Punjab,Sangrur,Bajra,Kharif,,500.0,1000.0,,,,,,
Punjab,Sangrur,Barley,Rabi,4125.0,4063.0,3667.0,4286.0,4364.0,3333.0,4286.0,4279.0,4495.0
Punjab,Sangrur,Gram,Rabi,1000.0,2000.0,1000.0,,2000.0,,,0.0,2000.0
Punjab,Sangrur,Maize,Kharif,3000.0,,3667.0,3000.0,3667.0,4000.0,4000.0,3827.0,4200.0
Punjab,Sangrur,Moong,Kharif,1000.0,1000.0,1000.0,,1000.0,,993.0,2000.0,1200.0
Punjab,Sangrur,Moong,Rabi,,1267.0,1267.0,1333.0,,,,,
Punjab,Sangrur,Moong,Summer,,,,,,,1302.0,1099.0,1250.0
Punjab,Sangrur,Rice,Kharif,4874.0,5077.0,4714.0,4713.0,5265.0,5006.0,5157.0,5177.0,4853.0
Punjab,Sangrur,Shree Anna /Nutri Cereals,Kharif,,500.0,1000.0,,,,,,
Punjab,Sangrur,Tur,Kharif,1000.0,1000.0,1000.0,1000.0,1000.0,1000.0,,,
Punjab,Sangrur,Wheat,Rabi,5556.0,5552.0,5800.0,5766.0,5265.0,4142.0,5269.0,5529.0,5519.0
Punjab,Shahid Bhagat Singh Nagar,Gram,Rabi,,,,,,,,0.0,
Punjab,Shahid Bhagat Singh Nagar,Maize,Kharif,4444.0,4125.0,4052.0,4364.0,5691.0,3159.0,5600.0,4677.0,4819.0
Punjab,Shahid Bhagat Singh Nagar,Moong,Rabi,,1000.0,667.0,1000.0,,,,,
Punjab,Shahid Bhagat Singh Nagar,Moong,Summer,,,,,,,933.0,933.0,950.0
Punjab,Shahid Bhagat Singh Nagar,Rice,Kharif,4333.0,4700.0,3950.0,4183.0,4362.0,4516.0,3556.0,4622.0,4538.0
Punjab,Shahid Bhagat Singh Nagar,Wheat,Rabi,4921.0,5000.0,5000.0,5078.0,4942.0,3868.0,4946.0,4756.0,5019.0
Punjab,Sri Muktsar Sahib,Barley,Rabi,3200.0,3333.0,3667.0,4000.0,3500.0,3000.0,3000.0,3804.0,3907.0
Punjab,Sri Muktsar Sahib,Gram,Rabi,2000.0,1000.0,,,,,,0.0,1000.0
Punjab,Sri Muktsar Sahib,Maize,Kharif,,,,,4000.0,5338.0,4500.0,,
Punjab,Sri Muktsar Sahib,Moong,Kharif,1000.0,,1000.0,,,,780.0,1000.0,900.0
Punjab,Sri Muktsar Sahib,Moong,Rabi,,1000.0,1000.0,1000.0,,,,,
Punjab,Sri Muktsar Sahib,Moong,Summer,,,,,,,,875.0,750.0
Punjab,Sri Muktsar Sahib,Rice,Kharif,4040.0,3971.0,4067.0,3353.0,4364.0,4177.0,4120.0,4075.0,4173.0
Punjab,Sri Muktsar Sahib,Tur,Kharif,800.0,1000.0,,,,,,,
Punjab,Sri Muktsar Sahib,Wheat,Rabi,5131.0,5251.0,5570.0,5458.0,5051.0,4526.0,4694.0,5444.0,5379.0
Punjab,Tarn Taran,Maize,Kharif,,,3500.0,3500.0,3500.0,4000.0,4333.0,3827.0,4200.0
Punjab,Tarn Taran,Moong,Kharif,500.0,333.0,333.0,667.0,,,780.0,1000.0,800.0
Punjab,Tarn Taran,Moong,Rabi,,833.0,1200.0,909.0,,,,,
Punjab,Tarn Taran,Moong,Summer,,,,,,,1000.0,893.0,1270.0
Punjab,Tarn Taran,Rice,Kharif,3301.0,4170.0,3914.0,3842.0,4111.0,3978.0,4189.0,4247.0,4280.0
Punjab,Tarn Taran,Tur,Kharif,500.0,1000.0,1000.0,1333.0,1000.0,500.0,1307.0,1000.0,1250.0
Punjab,Tarn Taran,Wheat,Rabi,4789.0,4683.0,4898.0,4548.0,4706.0,4291.0,4670.0,4992.0,4973.0
Rajasthan,Ajmer,Bajra,Kharif,981.0,1190.0,1666.0,1523.0,1915.0,1512.0,1393.0,1356.0,971.0
Rajasthan,Ajmer,Barley,Rabi,3208.0,2628.0,3074.0,3231.0,3038.0,3043.0,2988.0,3085.0,2617.0
Rajasthan,Ajmer,Gram,Rabi,839.0,928.0,943.0,1408.0,1211.0,1076.0,989.0,1104.0,1152.0
Rajasthan,Ajmer,Jowar,Kharif,567.0,588.0,751.0,596.0,905.0,793.0,775.0,718.0,789.0
Rajasthan,Ajmer,Lentil,Rabi,1000.0,1091.0,1125.0,1417.0,1333.0,1333.0,,1254.0,1070.0
Rajasthan,Ajmer,Maize,Kharif,1100.0,1255.0,1714.0,1339.0,2165.0,1344.0,1516.0,1448.0,735.0
Rajasthan,Ajmer,Moong,Kharif,701.0,658.0,694.0,616.0,505.0,412.0,467.0,563.0,341.0
Rajasthan,Ajmer,Moong,Summer,,,,,,,,1236.0,736.0
Rajasthan,Ajmer,Rice,Kharif,2286.0,2333.0,2333.0,2333.0,,2500.0,,2786.0,2593.0
Rajasthan,Ajmer,Shree Anna /Nutri Cereals,Kharif,691.0,778.0,1038.0,863.0,1212.0,1000.0,953.0,918.0,843.0
Rajasthan,Ajmer,Tur,Kharif,,,,,,,,,
Rajasthan,Ajmer,Urad,Kharif,705.0,792.0,717.0,343.0,440.0,402.0,491.0,614.0,298.0
Rajasthan,Ajmer,Urad,Summer,,,,,,,,1000.0,722.0
Rajasthan,Ajmer,Wheat,Rabi,3336.0,3174.0,3472.0,3581.0,3504.0,3317.0,3240.0,3263.0,2571.0
Rajasthan,Alwar,Bajra,Kharif,2149.0,1958.0,2081.0,2104.0,2518.0,2420.0,2082.0,2288.0,1741.0
Rajasthan,Alwar,Barley,Rabi,4165.0,4170.0,4061.0,3852.0,4032.0,4217.0,3905.0,3773.0,3711.0
Rajasthan,Alwar,Gram,Rabi,1474.0,1949.0,1415.0,1409.0,1348.0,1613.0,1637.0,1081.0,1236.0
Rajasthan,Alwar,Jowar,Kharif,870.0,684.0,959.0,702.0,1024.0,1154.0,1046.0,1264.0,762.0
Rajasthan,Alwar,Lentil,Rabi,1000.0,1500.0,1000.0,1375.0,1400.0,1000.0,,1254.0,
Rajasthan,Alwar,Maize,Kharif,1517.0,1764.0,1567.0,1765.0,1768.0,1929.0,1842.0,1763.0,2552.0
Rajasthan,Alwar,Moong,Kharif,500.0,455.0,,563.0,545.0,354.0,500.0,344.0,
Rajasthan,Alwar,Moong,Summer,,,,,,,,,1208.0
Rajasthan,Alwar,Rice,Kharif,2289.0,2367.0,2295.0,2191.0,2742.0,2432.0,2429.0,2786.0,2593.0
Rajasthan,Alwar,Shree Anna /Nutri Cereals,Kharif,2046.0,1857.0,1988.0,2016.0,2439.0,2353.0,2028.0,2244.0,1652.0
Rajasthan,Alwar,Tur,Kharif,1138.0,1092.0,1201.0,1223.0,1200.0,1063.0,1565.0,1273.0,1000.0
Rajasthan,Alwar,Urad,Kharif,,500.0,1000.0,,,,,505.0,
Rajasthan,Alwar,Wheat,Rabi,4365.0,4294.0,4592.0,4381.0,4852.0,4845.0,4453.0,4744.0,4090.0
Rajasthan,Balotra,Bajra,Kharif,,,,,,,,,443.0
Rajasthan,Balotra,Bajra,Summer,,,,,,,,,1000.0
Rajasthan,Balotra,Barley,Rabi,,,,,,,,,3711.0
Rajasthan,Balotra,Gram,Rabi,,,,,,,,,1236.0
Rajasthan,Balotra,Jowar,Kharif,,,,,,,,,309.0
Rajasthan,Balotra,Jowar,Summer,,,,,,,,,1000.0
Rajasthan,Balotra,Moong,Kharif,,,,,,,,,300.0
Rajasthan,Balotra,Shree Anna /Nutri Cereals,Kharif,,,,,,,,,442.0
Rajasthan,Balotra,Shree Anna /Nutri Cereals,Summer,,,,,,,,,1000.0
Rajasthan,Balotra,Wheat,Rabi,,,,,,,,,3559.0
Rajasthan,Banswara,Bajra,Kharif,1000.0,880.0,892.0,1184.0,1337.0,1000.0,1333.0,1030.0,1144.0
Rajasthan,Banswara,Barley,Rabi,3296.0,3324.0,3598.0,3527.0,3500.0,3547.0,3403.0,3665.0,3711.0
Rajasthan,Banswara,Gram,Rabi,1094.0,981.0,1142.0,1130.0,1285.0,1182.0,1123.0,1220.0,1236.0
Rajasthan,Banswara,Jowar,Kharif,602.0,584.0,832.0,710.0,1056.0,866.0,886.0,886.0,811.0
Rajasthan,Banswara,Lentil,Rabi,,,1167.0,1333.0,1400.0,,,,
Rajasthan,Banswara,Maize,Kharif,1336.0,1676.0,1657.0,1263.0,1905.0,1872.0,1859.0,2041.0,2284.0
Rajasthan,Banswara,Maize,Rabi,,,,,,,,5800.0,5800.0
Rajasthan,Banswara,Moong,Kharif,450.0,312.0,244.0,571.0,0.0,,,344.0,515.0
Rajasthan,Banswara,Moong,Summer,,,,,,,,696.0,706.0
Rajasthan,Banswara,Rice,Kharif,1044.0,1010.0,806.0,749.0,994.0,1052.0,1131.0,1019.0,1159.0
Rajasthan,Banswara,Shree Anna /Nutri Cereals,Kharif,432.0,565.0,476.0,203.0,350.0,296.0,379.0,1487.0,1100.0
Rajasthan,Banswara,Small Millets,Kharif,401.0,549.0,430.0,89.0,270.0,263.0,362.0,1524.0,1087.0
Rajasthan,Banswara,Tur,Kharif,800.0,949.0,816.0,511.0,754.0,729.0,839.0,899.0,790.0
Rajasthan,Banswara,Urad,Kharif,697.0,915.0,786.0,401.0,337.0,360.0,395.0,425.0,291.0
Rajasthan,Banswara,Urad,Summer,,,,,,,,,2000.0
Rajasthan,Banswara,Wheat,Rabi,2043.0,2357.0,2556.0,2645.0,2656.0,2625.0,2497.0,2535.0,1904.0
Rajasthan,Baran,Bajra,Kharif,1195.0,881.0,892.0,1186.0,2305.0,1971.0,1538.0,1293.0,1144.0
Rajasthan,Baran,Barley,Rabi,3295.0,3325.0,3592.0,3528.0,3503.0,3556.0,3403.0,3665.0,3711.0
Rajasthan,Baran,Gram,Rabi,1773.0,1843.0,2052.0,1892.0,1938.0,1956.0,1699.0,1563.0,1885.0
Rajasthan,Baran,Jowar,Kharif,605.0,583.0,836.0,710.0,1048.0,867.0,884.0,886.0,811.0
Rajasthan,Baran,Lentil,Rabi,1000.0,1074.0,1158.0,1353.0,1357.0,1345.0,1371.0,1254.0,1070.0
Rajasthan,Baran,Maize,Kharif,2571.0,2984.0,2227.0,716.0,3086.0,2149.0,2298.0,2827.0,3379.0
Rajasthan,Baran,Maize,Summer,,,,,,,,,1000.0
Rajasthan,Baran,Moong,Kharif,495.0,433.0,497.0,548.0,556.0,385.0,538.0,344.0,515.0
Rajasthan,Baran,Moong,Summer,,,,,,,,1056.0,1049.0
Rajasthan,Baran,Rice,Kharif,2789.0,2641.0,2727.0,2210.0,2451.0,2256.0,2836.0,2810.0,2413.0
Rajasthan,Baran,Shree Anna /Nutri Cereals,Kharif,1088.0,823.0,889.0,921.0,2240.0,1906.0,1509.0,1234.0,1131.0
Rajasthan,Baran,Tur,Kharif,1034.0,818.0,1000.0,,,,,1500.0,
Rajasthan,Baran,Urad,Kharif,764.0,876.0,473.0,137.0,372.0,188.0,373.0,662.0,511.0
Rajasthan,Baran,Urad,Summer,,,,,,,,1200.0,1200.0
Rajasthan,Baran,Wheat,Rabi,4533.0,4623.0,4968.0,4863.0,4482.0,4750.0,4409.0,3780.0,3782.0
Rajasthan,Barmer,Bajra,Kharif,150.0,232.0,141.0,623.0,737.0,162.0,1218.0,352.0,776.0
Rajasthan,Barmer,Bajra,Summer,,,,,,,,925.0,1000.0
Rajasthan,Barmer,Barley,Rabi,3304.0,3333.0,3590.0,3519.0,3500.0,3550.0,3394.0,3665.0,3711.0
Rajasthan,Barmer,Gram,Rabi,911.0,1074.0,1151.0,562.0,1312.0,780.0,1141.0,1081.0,1236.0
Rajasthan,Barmer,Jowar,Kharif,70.0,132.0,23.0,412.0,461.0,104.0,829.0,316.0,811.0
Rajasthan,Barmer,Maize,Kharif,1600.0,2000.0,2250.0,1273.0,2733.0,2000.0,2200.0,2395.0,
Rajasthan,Barmer,Moong,Kharif,93.0,169.0,45.0,510.0,553.0,90.0,785.0,174.0,515.0
Rajasthan,Barmer,Shree Anna /Nutri Cereals,Kharif,149.0,232.0,140.0,621.0,736.0,162.0,1217.0,352.0,776.0
Rajasthan,Barmer,Shree Anna /Nutri Cereals,Summer,,,,,,,,925.0,1000.0
Rajasthan,Barmer,Tur,Kharif,,,,,,,,,1000.0
Rajasthan,Barmer,Urad,Kharif,667.0,615.0,,,,,,,
Rajasthan,Barmer,Wheat,Rabi,1229.0,1511.0,1726.0,1803.0,1583.0,1530.0,1790.0,1537.0,3559.0
Rajasthan,Beawar,Bajra,Kharif,,,,,,,,,1144.0
Rajasthan,Beawar,Barley,Rabi,,,,,,,,,3653.0
Rajasthan,Beawar,Gram,Rabi,,,,,,,,,1202.0
Rajasthan,Beawar,Jowar,Kharif,,,,,,,,,735.0
Rajasthan,Beawar,Maize,Kharif,,,,,,,,,1587.0
Rajasthan,Beawar,Moong,Kharif,,,,,,,,,430.0
Rajasthan,Beawar,Shree Anna /Nutri Cereals,Kharif,,,,,,,,,874.0
Rajasthan,Beawar,Small Millets,Kharif,,,,,,,,,2710.0
Rajasthan,Beawar,Urad,Kharif,,,,,,,,,365.0
Rajasthan,Beawar,Wheat,Rabi,,,,,,,,,3940.0
Rajasthan,Bharatpur,Bajra,Kharif,1873.0,1465.0,1755.0,2162.0,2286.0,2101.0,1907.0,2162.0,1850.0
Rajasthan,Bharatpur,Barley,Rabi,3296.0,3324.0,3597.0,3527.0,3501.0,3548.0,3403.0,3665.0,3711.0
Rajasthan,Bharatpur,Gram,Rabi,1176.0,817.0,1494.0,886.0,1265.0,1362.0,1355.0,1081.0,1236.0
Rajasthan,Bharatpur,Jowar,Kharif,697.0,569.0,859.0,1094.0,1231.0,1150.0,974.0,1166.0,668.0
Rajasthan,Bharatpur,Lentil,Rabi,1003.0,1074.0,1165.0,1377.0,1348.0,1328.0,1375.0,1254.0,1070.0
Rajasthan,Bharatpur,Maize,Kharif,2000.0,2000.0,,1000.0,3000.0,,,2395.0,
Rajasthan,Bharatpur,Moong,Kharif,492.0,426.0,494.0,495.0,546.0,333.0,500.0,344.0,515.0
Rajasthan,Bharatpur,Moong,Summer,,,,,,,,4001.0,667.0
Rajasthan,Bharatpur,Rice,Kharif,2282.0,2148.0,2460.0,2761.0,2909.0,2777.0,2000.0,2786.0,2593.0
Rajasthan,Bharatpur,Shree Anna /Nutri Cereals,Kharif,1516.0,1211.0,1501.0,1885.0,2079.0,1920.0,1699.0,1970.0,1772.0
Rajasthan,Bharatpur,Tur,Kharif,946.0,1000.0,1000.0,1000.0,,1000.0,,,
Rajasthan,Bharatpur,Urad,Kharif,646.0,622.0,500.0,241.0,386.0,379.0,424.0,,365.0
Rajasthan,Bharatpur,Wheat,Rabi,4448.0,4228.0,4734.0,4285.0,4710.0,4616.0,4450.0,4079.0,4243.0
Rajasthan,Bhilwara,Bajra,Kharif,1393.0,1080.0,1576.0,403.0,1915.0,1512.0,1451.0,1356.0,1144.0
Rajasthan,Bhilwara,Barley,Rabi,3019.0,2951.0,3138.0,3365.0,3480.0,3137.0,3047.0,3235.0,3125.0
Rajasthan,Bhilwara,Gram,Rabi,1121.0,1132.0,1181.0,1641.0,1619.0,1501.0,1269.0,1222.0,1411.0
Rajasthan,Bhilwara,Jowar,Kharif,786.0,1001.0,1344.0,939.0,1788.0,1480.0,1495.0,1286.0,1012.0
Rajasthan,Bhilwara,Lentil,Rabi,1005.0,904.0,1116.0,1377.0,1350.0,1239.0,1167.0,884.0,1026.0
Rajasthan,Bhilwara,Maize,Kharif,1532.0,2276.0,2461.0,1448.0,3073.0,2288.0,2576.0,2548.0,2467.0
Rajasthan,Bhilwara,Moong,Kharif,535.0,356.0,516.0,272.0,222.0,390.0,510.0,430.0,515.0
Rajasthan,Bhilwara,Moong,Summer,,,,,,,,227.0,1000.0
Rajasthan,Bhilwara,Rice,Kharif,2289.0,2366.0,2290.0,2189.0,2739.0,2436.0,2465.0,1449.0,2593.0
Rajasthan,Bhilwara,Shree Anna /Nutri Cereals,Kharif,817.0,1005.0,1353.0,917.0,1793.0,1482.0,1494.0,1289.0,1017.0
Rajasthan,Bhilwara,Shree Anna /Nutri Cereals,Rabi,,,,,2000.0,1333.0,,,
Rajasthan,Bhilwara,Small Millets,Kharif,1038.0,,,,,,,,
Rajasthan,Bhilwara,Small Millets,Rabi,,,,,2000.0,1333.0,,,
Rajasthan,Bhilwara,Tur,Kharif,2000.0,1556.0,1000.0,800.0,833.0,,1056.0,500.0,667.0
Rajasthan,Bhilwara,Urad,Kharif,495.0,217.0,493.0,202.0,111.0,271.0,385.0,329.0,351.0
Rajasthan,Bhilwara,Wheat,Rabi,3599.0,3318.0,3732.0,4089.0,4142.0,3962.0,3639.0,3441.0,3300.0
Rajasthan,Bikaner,Bajra,Kharif,681.0,484.0,352.0,298.0,363.0,342.0,570.0,460.0,532.0
Rajasthan,Bikaner,Barley,Rabi,1862.0,2208.0,2532.0,2798.0,2212.0,2727.0,2642.0,2939.0,2995.0
Rajasthan,Bikaner,Gram,Rabi,854.0,919.0,1001.0,946.0,782.0,778.0,810.0,773.0,1094.0
Rajasthan,Bikaner,Jowar,Kharif,610.0,583.0,832.0,707.0,732.0,682.0,706.0,886.0,811.0
Rajasthan,Bikaner,Lentil,Rabi,1000.0,,1250.0,1333.0,1333.0,1500.0,2000.0,1254.0,1070.0
Rajasthan,Bikaner,Maize,Kharif,2000.0,,,,3000.0,,,2395.0,
Rajasthan,Bikaner,Moong,Kharif,478.0,384.0,285.0,237.0,206.0,284.0,487.0,647.0,590.0
Rajasthan,Bikaner,Rice,Kharif,2250.0,,,,,,,,
Rajasthan,Bikaner,Shree Anna /Nutri Cereals,Kharif,681.0,485.0,353.0,299.0,363.0,343.0,570.0,460.0,543.0
Rajasthan,Bikaner,Shree Anna /Nutri Cereals,Rabi,,,,875.0,,,,,
Rajasthan,Bikaner,Small Millets,Rabi,,,,875.0,,,,,
Rajasthan,Bikaner,Tur,Kharif,1000.0,1000.0,,,,,1000.0,,
Rajasthan,Bikaner,Urad,Kharif,611.0,1000.0,,,,,,,
Rajasthan,Bikaner,Wheat,Rabi,2497.0,2506.0,2727.0,2855.0,2558.0,2701.0,2526.0,2523.0,3288.0
Rajasthan,Bundi,Bajra,Kharif,1195.0,1706.0,892.0,1186.0,1422.0,1972.0,1538.0,1293.0,1144.0
Rajasthan,Bundi,Barley,Rabi,3297.0,3324.0,3597.0,3527.0,3501.0,3548.0,3403.0,3665.0,3711.0
Rajasthan,Bundi,Gram,Rabi,1509.0,1281.0,1439.0,1859.0,1814.0,1533.0,1723.0,1563.0,1769.0
Rajasthan,Bundi,Jowar,Kharif,605.0,586.0,833.0,710.0,1054.0,864.0,889.0,886.0,811.0
Rajasthan,Bundi,Lentil,Rabi,906.0,891.0,1050.0,1135.0,1374.0,1248.0,1382.0,1177.0,1097.0
Rajasthan,Bundi,Maize,Kharif,2881.0,3455.0,4704.0,707.0,3230.0,2754.0,3350.0,3992.0,2479.0
Rajasthan,Bundi,Moong,Kharif,493.0,429.0,496.0,553.0,565.0,364.0,500.0,344.0,515.0
Rajasthan,Bundi,Moong,Summer,,,,,,,,1800.0,1222.0
Rajasthan,Bundi,Rice,Kharif,2673.0,2832.0,2489.0,2690.0,2996.0,2672.0,2829.0,3143.0,2679.0
Rajasthan,Bundi,Shree Anna /Nutri Cereals,Kharif,1119.0,1597.0,886.0,1003.0,1354.0,1747.0,1434.0,1117.0,1047.0
Rajasthan,Bundi,Tur,Kharif,692.0,714.0,,1000.0,1000.0,1000.0,444.0,964.0,286.0
Rajasthan,Bundi,Urad,Kharif,626.0,623.0,229.0,186.0,259.0,404.0,478.0,460.0,362.0
Rajasthan,Bundi,Urad,Summer,,,,,,,,1000.0,
Rajasthan,Bundi,Wheat,Rabi,4351.0,4126.0,4463.0,4720.0,4656.0,4627.0,4503.0,3919.0,3959.0
Rajasthan,Chittorgarh,Bajra,Kharif,996.0,871.0,894.0,1186.0,1333.0,1000.0,1292.0,1030.0,1144.0
Rajasthan,Chittorgarh,Barley,Rabi,3602.0,3280.0,3434.0,3377.0,3712.0,3590.0,3585.0,3221.0,3912.0
Rajasthan,Chittorgarh,Gram,Rabi,1514.0,1469.0,1724.0,2134.0,1807.0,1774.0,1124.0,1320.0,1481.0
Rajasthan,Chittorgarh,Jowar,Kharif,909.0,1083.0,1452.0,927.0,2341.0,1248.0,2632.0,1440.0,2021.0
Rajasthan,Chittorgarh,Lentil,Rabi,892.0,971.0,1164.0,1376.0,1348.0,1324.0,1376.0,1333.0,1070.0
Rajasthan,Chittorgarh,Maize,Kharif,1455.0,3050.0,3059.0,1693.0,4173.0,2686.0,2860.0,2932.0,3620.0
Rajasthan,Chittorgarh,Maize,Rabi,,,,,,,,,4583.0
Rajasthan,Chittorgarh,Maize,Summer,,,,,,,,4452.0,2999.0
Rajasthan,Chittorgarh,Moong,Kharif,494.0,432.0,496.0,559.0,548.0,354.0,504.0,344.0,515.0
Rajasthan,Chittorgarh,Moong,Summer,,,,,,,,2734.0,813.0
Rajasthan,Chittorgarh,Rice,Kharif,1369.0,2301.0,1635.0,743.0,2154.0,2302.0,2353.0,1449.0,2593.0
Rajasthan,Chittorgarh,Shree Anna /Nutri Cereals,Kharif,911.0,1082.0,1449.0,929.0,2336.0,1247.0,2628.0,1436.0,2018.0
Rajasthan,Chittorgarh,Small Millets,Kharif,,,,,,,,1412.0,
Rajasthan,Chittorgarh,Tur,Kharif,333.0,250.0,,400.0,429.0,,,,500.0
Rajasthan,Chittorgarh,Urad,Kharif,318.0,502.0,531.0,126.0,599.0,219.0,419.0,384.0,636.0
Rajasthan,Chittorgarh,Urad,Summer,,,,,,,,1000.0,800.0
Rajasthan,Chittorgarh,Wheat,Rabi,4035.0,4076.0,4375.0,4676.0,4434.0,4598.0,4482.0,3792.0,3790.0
Rajasthan,Churu,Bajra,Kharif,492.0,399.0,443.0,555.0,720.0,673.0,736.0,719.0,638.0
Rajasthan,Churu,Barley,Rabi,2394.0,2302.0,2536.0,2161.0,2018.0,2595.0,2299.0,3665.0,4033.0
Rajasthan,Churu,Gram,Rabi,347.0,383.0,419.0,164.0,156.0,916.0,172.0,511.0,316.0
Rajasthan,Churu,Jowar,Kharif,1000.0,600.0,,714.0,1000.0,1000.0,,886.0,811.0
Rajasthan,Churu,Lentil,Rabi,,,,,,1000.0,,,1070.0
Rajasthan,Churu,Maize,Kharif,,2000.0,,,3000.0,,,2395.0,
Rajasthan,Churu,Moong,Kharif,297.0,291.0,302.0,366.0,437.0,161.0,356.0,218.0,580.0
Rajasthan,Churu,Shree Anna /Nutri Cereals,Kharif,492.0,399.0,443.0,555.0,720.0,673.0,736.0,719.0,638.0
Rajasthan,Churu,Urad,Kharif,1000.0,1000.0,,250.0,333.0,500.0,0.0,505.0,365.0
Rajasthan,Churu,Wheat,Rabi,2041.0,2188.0,2318.0,2188.0,2129.0,2515.0,2385.0,2071.0,3559.0
Rajasthan,Dausa,Bajra,Kharif,1624.0,1381.0,1735.0,1973.0,1993.0,2104.0,1995.0,1946.0,2053.0
Rajasthan,Dausa,Barley,Rabi,3328.0,3685.0,3788.0,3391.0,3501.0,3547.0,3403.0,2883.0,3711.0
Rajasthan,Dausa,Gram,Rabi,1489.0,1429.0,1605.0,1397.0,1322.0,1675.0,1545.0,1592.0,1368.0
Rajasthan,Dausa,Jowar,Kharif,788.0,765.0,899.0,901.0,707.0,1205.0,1377.0,1184.0,811.0
Rajasthan,Dausa,Lentil,Rabi,1000.0,,,,,,,,
Rajasthan,Dausa,Maize,Kharif,1496.0,2029.0,2232.0,1298.0,2755.0,2085.0,2218.0,2395.0,2552.0
Rajasthan,Dausa,Moong,Kharif,423.0,390.0,367.0,500.0,556.0,368.0,524.0,344.0,515.0
Rajasthan,Dausa,Moong,Summer,,,,,,,,,1000.0
Rajasthan,Dausa,Shree Anna /Nutri Cereals,Kharif,1597.0,1363.0,1714.0,1944.0,1966.0,2086.0,1978.0,1937.0,2033.0
Rajasthan,Dausa,Tur,Kharif,722.0,636.0,,,,1000.0,,,
Rajasthan,Dausa,Urad,Kharif,641.0,613.0,500.0,250.0,390.0,500.0,375.0,505.0,365.0
Rajasthan,Dausa,Wheat,Rabi,4085.0,4308.0,4326.0,3943.0,4336.0,4553.0,4203.0,3925.0,3784.0
Rajasthan,Deeg,Bajra,Kharif,,,,,,,,,1819.0
Rajasthan,Deeg,Barley,Rabi,,,,,,,,,3711.0
Rajasthan,Deeg,Gram,Rabi,,,,,,,,,1236.0
Rajasthan,Deeg,Jowar,Kharif,,,,,,,,,1421.0
Rajasthan,Deeg,Lentil,Rabi,,,,,,,,,1070.0
Rajasthan,Deeg,Moong,Kharif,,,,,,,,,515.0
Rajasthan,Deeg,Rice,Kharif,,,,,,,,,2593.0
Rajasthan,Deeg,Shree Anna /Nutri Cereals,Kharif,,,,,,,,,1627.0
Rajasthan,Deeg,Tur,Kharif,,,,,,,,,
Rajasthan,Deeg,Wheat,Rabi,,,,,,,,,4528.0
Rajasthan,Dholpur,Bajra,Kharif,2010.0,2363.0,2243.0,2225.0,2263.0,2317.0,2286.0,2361.0,1998.0
Rajasthan,Dholpur,Barley,Rabi,3297.0,3323.0,3597.0,3527.0,3500.0,3545.0,3405.0,3665.0,3711.0
Rajasthan,Dholpur,Gram,Rabi,910.0,1074.0,1152.0,1080.0,1045.0,1168.0,931.0,1081.0,1236.0
Rajasthan,Dholpur,Jowar,Kharif,603.0,584.0,832.0,708.0,1053.0,870.0,900.0,886.0,811.0
Rajasthan,Dholpur,Lentil,Rabi,1000.0,1078.0,,1500.0,1375.0,,1000.0,,1070.0
Rajasthan,Dholpur,Maize,Kharif,,,,,2500.0,2000.0,,,2552.0
Rajasthan,Dholpur,Moong,Kharif,403.0,436.0,452.0,563.0,534.0,346.0,500.0,344.0,515.0
Rajasthan,Dholpur,Moong,Summer,,,,,,,,1203.0,1205.0
Rajasthan,Dholpur,Rice,Kharif,2288.0,2366.0,2291.0,2190.0,2739.0,2436.0,2466.0,2786.0,2593.0
Rajasthan,Dholpur,Shree Anna /Nutri Cereals,Kharif,2005.0,2357.0,2237.0,2221.0,2260.0,2316.0,2286.0,2358.0,1998.0
Rajasthan,Dholpur,Tur,Kharif,1599.0,1598.0,1608.0,1608.0,1554.0,1000.0,1000.0,1000.0,1000.0
Rajasthan,Dholpur,Urad,Kharif,639.0,622.0,496.0,250.0,390.0,357.0,429.0,505.0,365.0
Rajasthan,Dholpur,Wheat,Rabi,4561.0,4286.0,4437.0,4442.0,4610.0,4734.0,4679.0,3966.0,4115.0
Rajasthan,Didwana-Kuchaman,Bajra,Kharif,,,,,,,,,903.0
Rajasthan,Didwana-Kuchaman,Barley,Rabi,,,,,,,,,2391.0
Rajasthan,Didwana-Kuchaman,Gram,Rabi,,,,,,,,,1202.0
Rajasthan,Didwana-Kuchaman,Jowar,Kharif,,,,,,,,,811.0
Rajasthan,Didwana-Kuchaman,Lentil,Rabi,,,,,,,,,1070.0
Rajasthan,Didwana-Kuchaman,Maize,Kharif,,,,,,,,,2552.0
Rajasthan,Didwana-Kuchaman,Moong,Kharif,,,,,,,,,451.0
Rajasthan,Didwana-Kuchaman,Shree Anna /Nutri Cereals,Kharif,,,,,,,,,900.0
Rajasthan,Didwana-Kuchaman,Wheat,Rabi,,,,,,,,,3559.0
Rajasthan,Dungarpur,Bajra,Kharif,1000.0,886.0,886.0,1187.0,1375.0,1000.0,1310.0,1030.0,1144.0
Rajasthan,Dungarpur,Bajra,Summer,,,,,,,,,1000.0
Rajasthan,Dungarpur,Barley,Rabi,3297.0,3324.0,3597.0,3527.0,3500.0,3546.0,3404.0,3665.0,3711.0
Rajasthan,Dungarpur,Gram,Rabi,1165.0,1249.0,1253.0,1428.0,1263.0,1382.0,1270.0,1575.0,1155.0
Rajasthan,Dungarpur,Jowar,Kharif,605.0,583.0,831.0,711.0,1056.0,865.0,900.0,886.0,811.0
Rajasthan,Dungarpur,Maize,Kharif,1374.0,1144.0,1448.0,1070.0,1803.0,1339.0,1013.0,1335.0,1579.0
Rajasthan,Dungarpur,Maize,Rabi,,,,,,,,1604.0,1596.0
Rajasthan,Dungarpur,Moong,Kharif,442.0,394.0,400.0,413.0,544.0,222.0,1000.0,344.0,515.0
Rajasthan,Dungarpur,Moong,Summer,,,,,,,,1000.0,1000.0
Rajasthan,Dungarpur,Rice,Kharif,1269.0,1149.0,953.0,1061.0,1195.0,1033.0,1094.0,888.0,1982.0
Rajasthan,Dungarpur,Shree Anna /Nutri Cereals,Kharif,793.0,690.0,803.0,158.0,822.0,784.0,491.0,622.0,1106.0
Rajasthan,Dungarpur,Shree Anna /Nutri Cereals,Summer,,,,,,,,,1000.0
Rajasthan,Dungarpur,Small Millets,Kharif,800.0,694.0,800.0,61.0,800.0,772.0,426.0,584.0,4874.0
Rajasthan,Dungarpur,Tur,Kharif,800.0,772.0,800.0,232.0,798.0,705.0,337.0,318.0,470.0
Rajasthan,Dungarpur,Urad,Kharif,738.0,772.0,803.0,358.0,339.0,618.0,341.0,425.0,766.0
Rajasthan,Dungarpur,Wheat,Rabi,2081.0,2317.0,2142.0,2378.0,2262.0,2283.0,2191.0,1686.0,2937.0
Rajasthan,Ganganagar,Bajra,Kharif,1194.0,1455.0,1531.0,1410.0,1863.0,1267.0,1339.0,801.0,1144.0
Rajasthan,Ganganagar,Barley,Rabi,3855.0,4077.0,4659.0,4591.0,4215.0,4450.0,4527.0,4808.0,4416.0
Rajasthan,Ganganagar,Gram,Rabi,989.0,1004.0,1208.0,1306.0,1114.0,1158.0,1126.0,1093.0,1034.0
Rajasthan,Ganganagar,Jowar,Kharif,603.0,583.0,832.0,713.0,1058.0,864.0,893.0,886.0,811.0
Rajasthan,Ganganagar,Lentil,Rabi,1000.0,1000.0,1000.0,,1500.0,1000.0,1000.0,1254.0,
Rajasthan,Ganganagar,Maize,Kharif,1500.0,2019.0,2250.0,1294.0,2757.0,2083.0,2273.0,2395.0,2552.0
Rajasthan,Ganganagar,Moong,Kharif,571.0,523.0,437.0,486.0,642.0,461.0,649.0,961.0,812.0
Rajasthan,Ganganagar,Rice,Kharif,2841.0,2759.0,3029.0,2780.0,3583.0,2785.0,3043.0,3216.0,2490.0
Rajasthan,Ganganagar,Shree Anna /Nutri Cereals,Kharif,1185.0,1453.0,1416.0,1394.0,1847.0,1142.0,1328.0,804.0,1140.0
Rajasthan,Ganganagar,Tur,Kharif,2000.0,2000.0,1367.0,1385.0,1444.0,,2000.0,2000.0,1401.0
Rajasthan,Ganganagar,Urad,Kharif,227.0,625.0,500.0,245.0,390.0,,,,365.0
Rajasthan,Ganganagar,Wheat,Rabi,3964.0,4041.0,4185.0,4659.0,4393.0,4314.0,4394.0,4175.0,3822.0
Rajasthan,Hanumangarh,Bajra,Kharif,442.0,512.0,647.0,518.0,742.0,1141.0,928.0,906.0,1717.0
Rajasthan,Hanumangarh,Barley,Rabi,3434.0,3180.0,3611.0,3704.0,3427.0,3621.0,3901.0,4077.0,4077.0
Rajasthan,Hanumangarh,Gram,Rabi,679.0,679.0,968.0,662.0,349.0,651.0,492.0,958.0,1141.0
Rajasthan,Hanumangarh,Jowar,Kharif,619.0,584.0,857.0,,1000.0,864.0,892.0,886.0,811.0
Rajasthan,Hanumangarh,Lentil,Rabi,,,,,1000.0,,,,
Rajasthan,Hanumangarh,Maize,Kharif,1500.0,2000.0,2227.0,1273.0,2750.0,2111.0,2200.0,2395.0,2552.0
Rajasthan,Hanumangarh,Moong,Kharif,355.0,452.0,392.0,272.0,311.0,405.0,349.0,377.0,699.0
Rajasthan,Hanumangarh,Rice,Kharif,2936.0,3103.0,3142.0,2490.0,3610.0,3546.0,3369.0,3722.0,3362.0
Rajasthan,Hanumangarh,Shree Anna /Nutri Cereals,Kharif,442.0,513.0,647.0,518.0,742.0,1134.0,927.0,906.0,1716.0
Rajasthan,Hanumangarh,Tur,Kharif,415.0,750.0,773.0,,,1000.0,1000.0,,333.0
Rajasthan,Hanumangarh,Urad,Kharif,645.0,625.0,500.0,273.0,375.0,,,,
Rajasthan,Hanumangarh,Wheat,Rabi,4034.0,4414.0,4875.0,4678.0,4305.0,4154.0,4580.0,4479.0,4249.0
Rajasthan,Jaipur,Bajra,Kharif,1626.0,1491.0,1538.0,1885.0,2150.0,1908.0,1778.0,1525.0,1352.0
Rajasthan,Jaipur,Barley,Rabi,3367.0,3530.0,3658.0,3488.0,3788.0,3898.0,3550.0,3763.0,3752.0
Rajasthan,Jaipur,Gram,Rabi,1049.0,975.0,1115.0,1256.0,1313.0,1374.0,1251.0,1304.0,1473.0
Rajasthan,Jaipur,Jowar,Kharif,623.0,385.0,897.0,1060.0,1024.0,869.0,980.0,1035.0,521.0
Rajasthan,Jaipur,Lentil,Rabi,1000.0,,1164.0,,,,,,
Rajasthan,Jaipur,Maize,Kharif,1498.0,1133.0,1588.0,1297.0,2753.0,2085.0,2218.0,2395.0,2552.0
Rajasthan,Jaipur,Moong,Kharif,680.0,410.0,604.0,685.0,388.0,518.0,474.0,324.0,430.0
Rajasthan,Jaipur,Shree Anna /Nutri Cereals,Kharif,1517.0,1382.0,1472.0,1801.0,2049.0,1804.0,1700.0,1481.0,1246.0
Rajasthan,Jaipur,Shree Anna /Nutri Cereals,Rabi,,,1000.0,,,,,,
Rajasthan,Jaipur,Small Millets,Kharif,,,,,,,,,
Rajasthan,Jaipur,Small Millets,Rabi,,,1000.0,,,,,,
Rajasthan,Jaipur,Tur,Kharif,321.0,630.0,634.0,818.0,1000.0,511.0,1000.0,667.0,500.0
Rajasthan,Jaipur,Urad,Kharif,641.0,444.0,724.0,610.0,487.0,376.0,423.0,505.0,365.0
Rajasthan,Jaipur,Wheat,Rabi,3621.0,3639.0,3802.0,3881.0,3838.0,3887.0,3678.0,3751.0,3454.0
Rajasthan,Jaisalmer,Bajra,Kharif,88.0,131.0,129.0,212.0,250.0,199.0,309.0,276.0,306.0
Rajasthan,Jaisalmer,Barley,Rabi,3200.0,3333.0,3571.0,3500.0,3462.0,3500.0,3500.0,3665.0,3711.0
Rajasthan,Jaisalmer,Gram,Rabi,895.0,790.0,1113.0,901.0,495.0,896.0,904.0,1157.0,839.0
Rajasthan,Jaisalmer,Jowar,Kharif,470.0,181.0,614.0,731.0,1055.0,864.0,890.0,316.0,811.0
Rajasthan,Jaisalmer,Moong,Kharif,357.0,230.0,271.0,393.0,356.0,326.0,395.0,304.0,435.0
Rajasthan,Jaisalmer,Shree Anna /Nutri Cereals,Kharif,100.0,132.0,142.0,228.0,280.0,219.0,319.0,276.0,308.0
Rajasthan,Jaisalmer,Tur,Kharif,1000.0,250.0,,,,,,,
Rajasthan,Jaisalmer,Wheat,Rabi,1384.0,1794.0,1803.0,1553.0,957.0,1453.0,1600.0,3540.0,3559.0
Rajasthan,Jalore,Bajra,Kharif,406.0,294.0,152.0,1035.0,1064.0,317.0,899.0,895.0,1378.0
Rajasthan,Jalore,Bajra,Summer,,,,,,,,1730.0,1699.0
Rajasthan,Jalore,Barley,Rabi,3298.0,3322.0,3597.0,3529.0,3502.0,3548.0,3404.0,3665.0,3711.0
Rajasthan,Jalore,Gram,Rabi,1170.0,1157.0,1119.0,994.0,1121.0,598.0,904.0,1081.0,1236.0
Rajasthan,Jalore,Jowar,Kharif,168.0,245.0,224.0,579.0,494.0,104.0,678.0,626.0,811.0
Rajasthan,Jalore,Jowar,Summer,,,,,,,,,1298.0
Rajasthan,Jalore,Lentil,Rabi,,1000.0,,,1000.0,,,,
Rajasthan,Jalore,Maize,Kharif,1490.0,2029.0,2231.0,1281.0,2773.0,2087.0,2333.0,2395.0,2552.0
Rajasthan,Jalore,Maize,Rabi,,,,,,,,1381.0,1500.0
Rajasthan,Jalore,Maize,Summer,,,,,,,,,2000.0
Rajasthan,Jalore,Moong,Kharif,325.0,270.0,193.0,534.0,309.0,52.0,472.0,323.0,466.0
Rajasthan,Jalore,Moong,Summer,,,,,,,,1333.0,
Rajasthan,Jalore,Shree Anna /Nutri Cereals,Kharif,402.0,294.0,158.0,1026.0,1058.0,314.0,894.0,894.0,1372.0
Rajasthan,Jalore,Shree Anna /Nutri Cereals,Rabi,709.0,1088.0,1848.0,1092.0,1235.0,1319.0,1020.0,,
Rajasthan,Jalore,Shree Anna /Nutri Cereals,Summer,,,,,,,,1730.0,1698.0
Rajasthan,Jalore,Small Millets,Kharif,358.0,562.0,3061.0,499.0,501.0,0.0,600.0,1853.0,
Rajasthan,Jalore,Small Millets,Rabi,709.0,1088.0,1848.0,1092.0,1235.0,1319.0,1020.0,,
Rajasthan,Jalore,Tur,Kharif,,,,,,,,,
Rajasthan,Jalore,Urad,Kharif,611.0,643.0,429.0,200.0,500.0,500.0,0.0,505.0,365.0
Rajasthan,Jalore,Wheat,Rabi,1954.0,2145.0,2381.0,2226.0,2339.0,2425.0,2176.0,2425.0,3559.0
Rajasthan,Jhalawar,Bajra,Kharif,1000.0,909.0,889.0,1333.0,1000.0,1000.0,1286.0,1030.0,1144.0
Rajasthan,Jhalawar,Barley,Rabi,3298.0,3322.0,3598.0,3525.0,3503.0,3546.0,3404.0,3665.0,3711.0
Rajasthan,Jhalawar,Gram,Rabi,1291.0,1534.0,1343.0,1566.0,1795.0,1729.0,1705.0,1579.0,1605.0
Rajasthan,Jhalawar,Jowar,Kharif,604.0,582.0,832.0,710.0,1055.0,863.0,891.0,886.0,811.0
Rajasthan,Jhalawar,Lentil,Rabi,1010.0,1310.0,1156.0,1429.0,1355.0,1452.0,1461.0,1385.0,1441.0
Rajasthan,Jhalawar,Maize,Kharif,1869.0,3064.0,2858.0,676.0,2436.0,1927.0,2379.0,2399.0,2610.0
Rajasthan,Jhalawar,Moong,Kharif,497.0,434.0,494.0,561.0,551.0,362.0,507.0,344.0,515.0
Rajasthan,Jhalawar,Moong,Summer,,,,,,,,1000.0,1000.0
Rajasthan,Jhalawar,Rice,Kharif,1819.0,2885.0,2214.0,1478.0,2809.0,2315.0,2139.0,2185.0,1985.0
Rajasthan,Jhalawar,Shree Anna /Nutri Cereals,Kharif,614.0,588.0,833.0,716.0,1055.0,864.0,898.0,902.0,822.0
Rajasthan,Jhalawar,Tur,Kharif,238.0,800.0,800.0,391.0,1500.0,667.0,1000.0,821.0,857.0
Rajasthan,Jhalawar,Urad,Kharif,688.0,771.0,441.0,96.0,229.0,205.0,325.0,477.0,656.0
Rajasthan,Jhalawar,Urad,Summer,,,,,,,,1000.0,1000.0
Rajasthan,Jhalawar,Wheat,Rabi,3829.0,4044.0,4033.0,4176.0,4278.0,4390.0,4061.0,3755.0,3580.0
Rajasthan,Jhunjhunu,Bajra,Kharif,1472.0,1045.0,1459.0,1383.0,1381.0,1160.0,1267.0,1287.0,1244.0
Rajasthan,Jhunjhunu,Barley,Rabi,3111.0,3264.0,3367.0,3344.0,3065.0,3464.0,2628.0,2913.0,3711.0
Rajasthan,Jhunjhunu,Gram,Rabi,1252.0,1362.0,1424.0,1351.0,1223.0,1361.0,985.0,918.0,1338.0
Rajasthan,Jhunjhunu,Jowar,Kharif,,,1000.0,,1125.0,1000.0,1000.0,886.0,811.0
Rajasthan,Jhunjhunu,Lentil,Rabi,1000.0,1085.0,1167.0,1376.0,1347.0,1326.0,1375.0,1254.0,735.0
Rajasthan,Jhunjhunu,Maize,Kharif,,,,1500.0,3000.0,2000.0,2333.0,2396.0,2552.0
Rajasthan,Jhunjhunu,Moong,Kharif,571.0,307.0,648.0,550.0,599.0,289.0,578.0,635.0,600.0
Rajasthan,Jhunjhunu,Shree Anna /Nutri Cereals,Kharif,1472.0,1045.0,1459.0,1383.0,1381.0,1160.0,1267.0,1286.0,1243.0
Rajasthan,Jhunjhunu,Tur,Kharif,,,,,0.0,,,,
Rajasthan,Jhunjhunu,Urad,Kharif,1000.0,,1000.0,,,,,,365.0
Rajasthan,Jhunjhunu,Wheat,Rabi,4045.0,3956.0,4173.0,4071.0,3806.0,3908.0,3103.0,3142.0,3651.0
Rajasthan,Jodhpur,Bajra,Kharif,791.0,995.0,626.0,1000.0,971.0,595.0,798.0,479.0,559.0
Rajasthan,Jodhpur,Barley,Rabi,3298.0,3323.0,3599.0,3528.0,3501.0,3547.0,3403.0,3665.0,
Rajasthan,Jodhpur,Gram,Rabi,942.0,1461.0,1194.0,1193.0,1121.0,1048.0,1036.0,1148.0,0.0
Rajasthan,Jodhpur,Jowar,Kharif,470.0,581.0,614.0,731.0,923.0,575.0,650.0,434.0,498.0
Rajasthan,Jodhpur,Jowar,Summer,,,,,,,,,282.0
Rajasthan,Jodhpur,Lentil,Rabi,,1000.0,,,1340.0,,,,
Rajasthan,Jodhpur,Maize,Kharif,1500.0,2000.0,2000.0,1500.0,,2111.0,2333.0,2396.0,2552.0
Rajasthan,Jodhpur,Moong,Kharif,388.0,575.0,471.0,703.0,659.0,361.0,570.0,252.0,478.0
Rajasthan,Jodhpur,Shree Anna /Nutri Cereals,Kharif,760.0,964.0,625.0,969.0,968.0,593.0,785.0,476.0,552.0
Rajasthan,Jodhpur,Shree Anna /Nutri Cereals,Summer,,,,,,,,,282.0
Rajasthan,Jodhpur,Urad,Kharif,647.0,628.0,533.0,,400.0,500.0,,,
Rajasthan,Jodhpur,Wheat,Rabi,2318.0,2285.0,2351.0,2708.0,2467.0,2432.0,2272.0,1980.0,2112.0
Rajasthan,Karauli,Bajra,Kharif,1940.0,2082.0,1928.0,2224.0,2178.0,2172.0,2306.0,2265.0,2090.0
Rajasthan,Karauli,Barley,Rabi,3298.0,3323.0,3598.0,3532.0,3503.0,3542.0,3407.0,3665.0,3711.0
Rajasthan,Karauli,Gram,Rabi,1553.0,1223.0,1841.0,1698.0,1298.0,1607.0,1640.0,1081.0,1236.0
Rajasthan,Karauli,Jowar,Kharif,603.0,583.0,831.0,709.0,1056.0,863.0,890.0,886.0,811.0
Rajasthan,Karauli,Lentil,Rabi,1000.0,,,,,,,1254.0,1070.0
Rajasthan,Karauli,Maize,Kharif,1500.0,2040.0,2222.0,1300.0,2700.0,2083.0,2000.0,2396.0,
Rajasthan,Karauli,Maize,Rabi,,,,,,,,,
Rajasthan,Karauli,Moong,Kharif,500.0,414.0,500.0,564.0,538.0,279.0,0.0,344.0,
Rajasthan,Karauli,Moong,Summer,,,,,,,,2418.0,1000.0
Rajasthan,Karauli,Rice,Kharif,1546.0,1304.0,1686.0,1584.0,1463.0,2163.0,1437.0,1815.0,2593.0
Rajasthan,Karauli,Shree Anna /Nutri Cereals,Kharif,1936.0,2076.0,1923.0,2219.0,2175.0,2167.0,2300.0,2258.0,2086.0
Rajasthan,Karauli,Tur,Kharif,995.0,1084.0,1096.0,493.0,1034.0,984.0,762.0,1000.0,1000.0
Rajasthan,Karauli,Urad,Kharif,638.0,619.0,501.0,243.0,390.0,365.0,432.0,505.0,365.0
Rajasthan,Karauli,Wheat,Rabi,4044.0,4237.0,4445.0,4259.0,4209.0,4437.0,4521.0,4103.0,3752.0
Rajasthan,Khairthal-Tijara,Bajra,Kharif,,,,,,,,,2892.0
Rajasthan,Khairthal-Tijara,Barley,Rabi,,,,,,,,,3711.0
Rajasthan,Khairthal-Tijara,Gram,Rabi,,,,,,,,,1236.0
Rajasthan,Khairthal-Tijara,Jowar,Kharif,,,,,,,,,811.0
Rajasthan,Khairthal-Tijara,Rice,Kharif,,,,,,,,,2593.0
Rajasthan,Khairthal-Tijara,Shree Anna /Nutri Cereals,Kharif,,,,,,,,,2891.0
Rajasthan,Khairthal-Tijara,Tur,Kharif,,,,,,,,,578.0
Rajasthan,Khairthal-Tijara,Wheat,Rabi,,,,,,,,,3969.0
Rajasthan,Kota,Bajra,Kharif,1000.0,875.0,879.0,1176.0,1338.0,1000.0,1297.0,1030.0,1144.0
Rajasthan,Kota,Barley,Rabi,3297.0,3323.0,3597.0,3527.0,3500.0,3547.0,3403.0,3665.0,3711.0
Rajasthan,Kota,Gram,Rabi,1702.0,1508.0,1730.0,1770.0,1835.0,1925.0,1782.0,1691.0,1560.0
Rajasthan,Kota,Jowar,Kharif,1373.0,1219.0,1594.0,1094.0,1390.0,1134.0,1251.0,2047.0,811.0
Rajasthan,Kota,Lentil,Rabi,1000.0,1077.0,1143.0,1364.0,1345.0,1350.0,1391.0,1254.0,1070.0
Rajasthan,Kota,Maize,Kharif,1758.0,2648.0,1635.0,390.0,2513.0,2201.0,2250.0,2474.0,2552.0
Rajasthan,Kota,Moong,Kharif,491.0,432.0,490.0,538.0,548.0,354.0,500.0,344.0,515.0
Rajasthan,Kota,Moong,Summer,,,,,,,,667.0,692.0
Rajasthan,Kota,Rice,Kharif,2657.0,2893.0,2836.0,2904.0,3694.0,2974.0,2825.0,2980.0,2566.0
Rajasthan,Kota,Shree Anna /Nutri Cereals,Kharif,1365.0,1208.0,1576.0,1096.0,1387.0,1133.0,1254.0,1720.0,873.0
Rajasthan,Kota,Tur,Kharif,1000.0,1000.0,1000.0,417.0,1000.0,0.0,500.0,857.0,800.0
Rajasthan,Kota,Urad,Kharif,827.0,760.0,587.0,120.0,585.0,288.0,368.0,614.0,282.0
Rajasthan,Kota,Urad,Summer,,,,,,,,600.0,667.0
Rajasthan,Kota,Wheat,Rabi,4398.0,4171.0,4691.0,4351.0,4375.0,4801.0,4496.0,3935.0,3749.0
Rajasthan,Kotputli-Behror,Bajra,Kharif,,,,,,,,,1987.0
Rajasthan,Kotputli-Behror,Barley,Rabi,,,,,,,,,3711.0
Rajasthan,Kotputli-Behror,Gram,Rabi,,,,,,,,,1236.0
Rajasthan,Kotputli-Behror,Jowar,Kharif,,,,,,,,,811.0
Rajasthan,Kotputli-Behror,Maize,Kharif,,,,,,,,,2552.0
Rajasthan,Kotputli-Behror,Moong,Kharif,,,,,,,,,515.0
Rajasthan,Kotputli-Behror,Moong,Summer,,,,,,,,,1000.0
Rajasthan,Kotputli-Behror,Shree Anna /Nutri Cereals,Kharif,,,,,,,,,1987.0
Rajasthan,Kotputli-Behror,Tur,Kharif,,,,,,,,,1201.0
Rajasthan,Kotputli-Behror,Wheat,Rabi,,,,,,,,,4366.0
Rajasthan,Nagaur,Bajra,Kharif,1056.0,916.0,1019.0,985.0,1131.0,948.0,1053.0,728.0,743.0
Rajasthan,Nagaur,Barley,Rabi,2512.0,2638.0,2619.0,3135.0,2726.0,2873.0,2448.0,2739.0,3711.0
Rajasthan,Nagaur,Gram,Rabi,829.0,1110.0,1163.0,1173.0,1151.0,1115.0,932.0,685.0,1161.0
Rajasthan,Nagaur,Jowar,Kharif,582.0,496.0,606.0,604.0,726.0,680.0,707.0,515.0,413.0
Rajasthan,Nagaur,Lentil,Rabi,1003.0,1074.0,1160.0,1378.0,1346.0,1330.0,1374.0,1254.0,1070.0
Rajasthan,Nagaur,Maize,Kharif,1480.0,2045.0,2214.0,1250.0,2737.0,2095.0,2214.0,2395.0,2552.0
Rajasthan,Nagaur,Moong,Kharif,571.0,485.0,610.0,619.0,618.0,445.0,575.0,278.0,509.0
Rajasthan,Nagaur,Rice,Kharif,,,,,3000.0,,,2786.0,
Rajasthan,Nagaur,Shree Anna /Nutri Cereals,Kharif,1022.0,881.0,977.0,927.0,1096.0,912.0,1022.0,715.0,683.0
Rajasthan,Nagaur,Shree Anna /Nutri Cereals,Rabi,,,,,,1609.0,,,
Rajasthan,Nagaur,Small Millets,Rabi,,,,,,1609.0,,,
Rajasthan,Nagaur,Urad,Kharif,,623.0,429.0,,,,429.0,505.0,
Rajasthan,Nagaur,Wheat,Rabi,2544.0,2655.0,2839.0,2809.0,2848.0,2882.0,2719.0,2443.0,3559.0
Rajasthan,Pali,Bajra,Kharif,752.0,446.0,1161.0,893.0,1173.0,766.0,953.0,917.0,1144.0
Rajasthan,Pali,Barley,Rabi,2700.0,2792.0,2570.0,2890.0,3217.0,3290.0,2824.0,3665.0,3711.0
Rajasthan,Pali,Gram,Rabi,1340.0,1366.0,1118.0,1226.0,1347.0,1322.0,1214.0,1089.0,973.0
Rajasthan,Pali,Jowar,Kharif,585.0,313.0,511.0,352.0,608.0,427.0,546.0,507.0,588.0
Rajasthan,Pali,Lentil,Rabi,1000.0,1000.0,,,,,,,
Rajasthan,Pali,Maize,Kharif,1403.0,751.0,1595.0,1272.0,1606.0,926.0,1406.0,1324.0,1452.0
Rajasthan,Pali,Moong,Kharif,382.0,228.0,451.0,320.0,426.0,203.0,433.0,355.0,307.0
Rajasthan,Pali,Moong,Summer,,,,,,,,1200.0,1000.0
Rajasthan,Pali,Shree Anna /Nutri Cereals,Kharif,638.0,358.0,708.0,500.0,778.0,509.0,641.0,635.0,687.0
Rajasthan,Pali,Small Millets,Kharif,621.0,,,,,1000.0,,2117.0,
Rajasthan,Pali,Tur,Kharif,425.0,508.0,1000.0,1000.0,1000.0,1000.0,,1000.0,
Rajasthan,Pali,Urad,Kharif,641.0,624.0,501.0,247.0,432.0,325.0,503.0,448.0,365.0
Rajasthan,Pali,Wheat,Rabi,2873.0,2638.0,2926.0,2753.0,3190.0,3040.0,2817.0,2234.0,2753.0
Rajasthan,Phalodi,Bajra,Kharif,,,,,,,,,647.0
Rajasthan,Phalodi,Barley,Rabi,,,,,,,,,3711.0
Rajasthan,Phalodi,Gram,Rabi,,,,,,,,,1800.0
Rajasthan,Phalodi,Jowar,Kharif,,,,,,,,,811.0
Rajasthan,Phalodi,Moong,Kharif,,,,,,,,,656.0
Rajasthan,Phalodi,Shree Anna /Nutri Cereals,Kharif,,,,,,,,,648.0
Rajasthan,Phalodi,Wheat,Rabi,,,,,,,,,3559.0
Rajasthan,Pratapgarh,Bajra,Kharif,1000.0,857.0,1000.0,1000.0,1300.0,1000.0,1286.0,1030.0,1144.0
Rajasthan,Pratapgarh,Barley,Rabi,3548.0,3807.0,2416.0,3748.0,3571.0,3855.0,3628.0,3665.0,3711.0
Rajasthan,Pratapgarh,Gram,Rabi,1474.0,1260.0,1342.0,1520.0,1393.0,1435.0,1477.0,1453.0,1228.0
Rajasthan,Pratapgarh,Jowar,Kharif,583.0,667.0,1000.0,500.0,1000.0,1000.0,875.0,886.0,811.0
Rajasthan,Pratapgarh,Lentil,Rabi,1291.0,1084.0,1250.0,1343.0,1235.0,1219.0,1345.0,1212.0,1170.0
Rajasthan,Pratapgarh,Maize,Kharif,1512.0,1901.0,2106.0,1423.0,2227.0,1843.0,2081.0,2270.0,3144.0
Rajasthan,Pratapgarh,Maize,Rabi,,,,,,,,2500.0,2499.0
Rajasthan,Pratapgarh,Maize,Summer,,,,,,,,1528.0,
Rajasthan,Pratapgarh,Moong,Kharif,455.0,417.0,500.0,667.0,667.0,250.0,333.0,344.0,515.0
Rajasthan,Pratapgarh,Moong,Summer,,,,,,,,1501.0,1501.0
Rajasthan,Pratapgarh,Rice,Kharif,2289.0,2366.0,2291.0,2190.0,2740.0,2434.0,2464.0,2786.0,2593.0
Rajasthan,Pratapgarh,Shree Anna /Nutri Cereals,Kharif,706.0,769.0,1000.0,667.0,1231.0,1000.0,1000.0,837.0,932.0
Rajasthan,Pratapgarh,Shree Anna /Nutri Cereals,Rabi,,,,,,0.0,,,
Rajasthan,Pratapgarh,Small Millets,Kharif,,,,,,,,,
Rajasthan,Pratapgarh,Small Millets,Rabi,,,,,,0.0,,,
Rajasthan,Pratapgarh,Tur,Kharif,1500.0,1500.0,1502.0,910.0,1493.0,1500.0,1504.0,1507.0,1501.0
Rajasthan,Pratapgarh,Urad,Kharif,868.0,644.0,1178.0,601.0,992.0,868.0,808.0,895.0,365.0
Rajasthan,Pratapgarh,Urad,Rabi,,,,,,,,,1000.0
Rajasthan,Pratapgarh,Urad,Summer,,,,,,,,667.0,500.0
Rajasthan,Pratapgarh,Wheat,Rabi,3796.0,3414.0,4070.0,4013.0,3928.0,4145.0,4032.0,3399.0,3130.0
Rajasthan,Rajsamand,Bajra,Kharif,997.0,883.0,891.0,1187.0,1332.0,995.0,1295.0,1030.0,1144.0
Rajasthan,Rajsamand,Barley,Rabi,2432.0,2705.0,2576.0,2890.0,3580.0,3316.0,2772.0,2906.0,2936.0
Rajasthan,Rajsamand,Gram,Rabi,910.0,1074.0,1152.0,1869.0,1647.0,1538.0,724.0,1081.0,1236.0
Rajasthan,Rajsamand,Jowar,Kharif,1081.0,1790.0,2448.0,1619.0,2251.0,2143.0,1798.0,2102.0,2011.0
Rajasthan,Rajsamand,Lentil,Rabi,,,,,,,1000.0,,
Rajasthan,Rajsamand,Maize,Kharif,1599.0,2340.0,2090.0,1744.0,2530.0,1967.0,2120.0,2127.0,1888.0
Rajasthan,Rajsamand,Maize,Summer,,,,,,,,3166.0,
Rajasthan,Rajsamand,Moong,Kharif,491.0,431.0,493.0,554.0,548.0,353.0,505.0,344.0,515.0
Rajasthan,Rajsamand,Moong,Summer,,,,,,,,1875.0,2001.0
Rajasthan,Rajsamand,Rice,Kharif,2276.0,2355.0,2280.0,2192.0,2722.0,2375.0,2500.0,2786.0,2593.0
Rajasthan,Rajsamand,Shree Anna /Nutri Cereals,Kharif,1077.0,1763.0,2395.0,1605.0,2215.0,2075.0,1722.0,2002.0,1900.0
Rajasthan,Rajsamand,Small Millets,Kharif,1000.0,,,,,,,,
Rajasthan,Rajsamand,Tur,Kharif,,1000.0,1000.0,,,,,1000.0,
Rajasthan,Rajsamand,Urad,Kharif,641.0,624.0,500.0,246.0,390.0,367.0,420.0,505.0,365.0
Rajasthan,Rajsamand,Wheat,Rabi,3252.0,3274.0,2966.0,3421.0,4067.0,3625.0,3222.0,3684.0,2835.0
Rajasthan,Salumbar,Bajra,Kharif,,,,,,,,,1144.0
Rajasthan,Salumbar,Barley,Rabi,,,,,,,,,3711.0
Rajasthan,Salumbar,Gram,Rabi,,,,,,,,,1236.0
Rajasthan,Salumbar,Jowar,Kharif,,,,,,,,,811.0
Rajasthan,Salumbar,Maize,Kharif,,,,,,,,,1797.0
Rajasthan,Salumbar,Maize,Rabi,,,,,,,,,1000.0
Rajasthan,Salumbar,Moong,Kharif,,,,,,,,,515.0
Rajasthan,Salumbar,Moong,Summer,,,,,,,,,1093.0
Rajasthan,Salumbar,Rice,Kharif,,,,,,,,,2593.0
Rajasthan,Salumbar,Shree Anna /Nutri Cereals,Kharif,,,,,,,,,1016.0
Rajasthan,Salumbar,Tur,Kharif,,,,,,,,,391.0
Rajasthan,Salumbar,Urad,Kharif,,,,,,,,,365.0
Rajasthan,Salumbar,Wheat,Rabi,,,,,,,,,3559.0
Rajasthan,Sawai Madhopur,Bajra,Kharif,1723.0,1549.0,1535.0,1922.0,2305.0,1994.0,1669.0,1848.0,1280.0
Rajasthan,Sawai Madhopur,Barley,Rabi,3297.0,3324.0,3598.0,3527.0,3501.0,3549.0,3403.0,3665.0,3711.0
Rajasthan,Sawai Madhopur,Gram,Rabi,1802.0,1585.0,1919.0,2080.0,1887.0,1791.0,1603.0,1690.0,1918.0
Rajasthan,Sawai Madhopur,Jowar,Kharif,604.0,583.0,833.0,709.0,1055.0,863.0,891.0,886.0,811.0
Rajasthan,Sawai Madhopur,Lentil,Rabi,1071.0,1139.0,1291.0,1701.0,1628.0,1435.0,1000.0,1254.0,1070.0
Rajasthan,Sawai Madhopur,Maize,Kharif,1499.0,2028.0,2232.0,1296.0,2755.0,2087.0,2220.0,2395.0,2552.0
Rajasthan,Sawai Madhopur,Moong,Kharif,477.0,432.0,491.0,554.0,406.0,270.0,500.0,344.0,515.0
Rajasthan,Sawai Madhopur,Moong,Summer,,,,,,,,1000.0,533.0
Rajasthan,Sawai Madhopur,Rice,Kharif,2217.0,2277.0,2836.0,2904.0,3173.0,2163.0,1212.0,2621.0,3411.0
Rajasthan,Sawai Madhopur,Shree Anna /Nutri Cereals,Kharif,1711.0,1541.0,1529.0,1913.0,2295.0,1990.0,1665.0,1830.0,1263.0
Rajasthan,Sawai Madhopur,Tur,Kharif,789.0,761.0,808.0,778.0,833.0,,,,1000.0
Rajasthan,Sawai Madhopur,Urad,Kharif,719.0,345.0,544.0,419.0,549.0,488.0,424.0,508.0,474.0
Rajasthan,Sawai Madhopur,Wheat,Rabi,4102.0,3916.0,4278.0,4373.0,4179.0,4233.0,3667.0,3767.0,3677.0
Rajasthan,Sikar,Bajra,Kharif,1475.0,767.0,916.0,1317.0,1383.0,1262.0,1124.0,1109.0,1422.0
Rajasthan,Sikar,Barley,Rabi,3712.0,3236.0,3951.0,3523.0,3398.0,3824.0,2834.0,3067.0,3572.0
Rajasthan,Sikar,Gram,Rabi,1019.0,1198.0,1284.0,1224.0,1208.0,1313.0,1003.0,1130.0,1212.0
Rajasthan,Sikar,Jowar,Kharif,1000.0,,667.0,,,842.0,889.0,886.0,811.0
Rajasthan,Sikar,Lentil,Rabi,1000.0,1167.0,1250.0,1333.0,1385.0,1357.0,1369.0,1254.0,1070.0
Rajasthan,Sikar,Maize,Kharif,1500.0,2000.0,2200.0,1500.0,3000.0,2000.0,2250.0,2395.0,2552.0
Rajasthan,Sikar,Moong,Kharif,818.0,366.0,417.0,771.0,824.0,416.0,480.0,356.0,591.0
Rajasthan,Sikar,Shree Anna /Nutri Cereals,Kharif,1475.0,767.0,916.0,1317.0,1383.0,1262.0,1124.0,1108.0,1422.0
Rajasthan,Sikar,Tur,Kharif,1000.0,,,1000.0,1000.0,1000.0,,,
Rajasthan,Sikar,Urad,Kharif,,643.0,1000.0,,0.0,,,,
Rajasthan,Sikar,Wheat,Rabi,3625.0,3320.0,3861.0,3488.0,3354.0,3607.0,3363.0,2968.0,2987.0
Rajasthan,Sirohi,Bajra,Kharif,516.0,1.0,664.0,1207.0,1156.0,797.0,1113.0,1047.0,1144.0
Rajasthan,Sirohi,Bajra,Summer,,,,,,,,,2000.0
Rajasthan,Sirohi,Barley,Rabi,3297.0,3324.0,3597.0,3527.0,3501.0,3546.0,3404.0,3665.0,3767.0
Rajasthan,Sirohi,Gram,Rabi,730.0,974.0,884.0,789.0,1010.0,991.0,1064.0,1081.0,1236.0
Rajasthan,Sirohi,Jowar,Kharif,168.0,,626.0,763.0,1076.0,427.0,979.0,1036.0,811.0
Rajasthan,Sirohi,Jowar,Summer,,,,,,,,,1000.0
Rajasthan,Sirohi,Lentil,Rabi,,,,,,1000.0,,,
Rajasthan,Sirohi,Maize,Kharif,1309.0,42.0,1721.0,1854.0,2304.0,2219.0,2359.0,1957.0,2505.0
Rajasthan,Sirohi,Moong,Kharif,361.0,9.0,306.0,561.0,511.0,386.0,518.0,549.0,515.0
Rajasthan,Sirohi,Moong,Summer,,,,,,,,484.0,517.0
Rajasthan,Sirohi,Rice,Kharif,2500.0,,,,,,,,
Rajasthan,Sirohi,Shree Anna /Nutri Cereals,Kharif,401.0,1.0,645.0,1084.0,1114.0,724.0,1030.0,1016.0,1063.0
Rajasthan,Sirohi,Shree Anna /Nutri Cereals,Rabi,1500.0,1442.0,1501.0,1479.0,1500.0,1500.0,1901.0,,
Rajasthan,Sirohi,Shree Anna /Nutri Cereals,Summer,,,,,,,,,1988.0
Rajasthan,Sirohi,Small Millets,Kharif,183.0,,429.0,300.0,304.0,317.0,139.0,851.0,1214.0
Rajasthan,Sirohi,Small Millets,Rabi,1500.0,1442.0,1501.0,1479.0,1500.0,1500.0,1901.0,,
Rajasthan,Sirohi,Tur,Kharif,500.0,,500.0,538.0,526.0,571.0,714.0,505.0,500.0
Rajasthan,Sirohi,Urad,Kharif,418.0,10.0,447.0,696.0,636.0,382.0,565.0,511.0,420.0
Rajasthan,Sirohi,Wheat,Rabi,2897.0,2985.0,3024.0,3177.0,3517.0,3178.0,3190.0,2911.0,3559.0
Rajasthan,Tonk,Bajra,Kharif,1459.0,1528.0,1441.0,1309.0,1683.0,1638.0,1493.0,1763.0,1306.0
Rajasthan,Tonk,Barley,Rabi,2921.0,2607.0,2635.0,3287.0,2546.0,2701.0,3409.0,3665.0,3711.0
Rajasthan,Tonk,Gram,Rabi,984.0,1065.0,1375.0,1741.0,1461.0,1720.0,1597.0,1860.0,1994.0
Rajasthan,Tonk,Jowar,Kharif,433.0,508.0,830.0,663.0,881.0,945.0,512.0,902.0,523.0
Rajasthan,Tonk,Lentil,Rabi,1018.0,1056.0,1164.0,1699.0,1374.0,1489.0,1158.0,1356.0,1070.0
Rajasthan,Tonk,Maize,Kharif,1048.0,4396.0,1482.0,1042.0,1705.0,1769.0,1097.0,1841.0,666.0
Rajasthan,Tonk,Moong,Kharif,719.0,682.0,676.0,459.0,363.0,676.0,387.0,727.0,397.0
Rajasthan,Tonk,Moong,Summer,,,,,,,,2000.0,1000.0
Rajasthan,Tonk,Rice,Kharif,2000.0,2500.0,2000.0,,2500.0,,2400.0,2786.0,2593.0
Rajasthan,Tonk,Shree Anna /Nutri Cereals,Kharif,863.0,960.0,1098.0,935.0,1227.0,1222.0,889.0,1256.0,830.0
Rajasthan,Tonk,Shree Anna /Nutri Cereals,Rabi,,,250.0,,,,,,
Rajasthan,Tonk,Small Millets,Kharif,,,,,,,0.0,,
Rajasthan,Tonk,Small Millets,Rabi,,,250.0,,,,,,
Rajasthan,Tonk,Tur,Kharif,1000.0,,1000.0,1000.0,1000.0,,0.0,1000.0,989.0
Rajasthan,Tonk,Urad,Kharif,555.0,594.0,604.0,295.0,536.0,430.0,386.0,656.0,332.0
Rajasthan,Tonk,Urad,Summer,,,,,,,,2000.0,1000.0
Rajasthan,Tonk,Wheat,Rabi,3626.0,3333.0,3585.0,3830.0,3558.0,3878.0,3980.0,3295.0,3559.0
Rajasthan,Udaipur,Bajra,Kharif,1000.0,895.0,889.0,1180.0,1338.0,1000.0,1296.0,1030.0,1144.0
Rajasthan,Udaipur,Barley,Rabi,2538.0,2379.0,2416.0,2772.0,2282.0,2268.0,2305.0,3071.0,2800.0
Rajasthan,Udaipur,Gram,Rabi,1368.0,1203.0,1320.0,1379.0,1462.0,1275.0,1272.0,1322.0,1236.0
Rajasthan,Udaipur,Jowar,Kharif,459.0,663.0,532.0,288.0,1086.0,717.0,682.0,1648.0,1256.0
Rajasthan,Udaipur,Maize,Kharif,1215.0,1334.0,1966.0,1018.0,2169.0,1877.0,1780.0,2147.0,1893.0
Rajasthan,Udaipur,Maize,Rabi,,,,,,,,,2004.0
Rajasthan,Udaipur,Maize,Summer,,,,,,,,1227.0,1952.0
Rajasthan,Udaipur,Moong,Kharif,497.0,435.0,494.0,550.0,548.0,351.0,506.0,344.0,515.0
Rajasthan,Udaipur,Moong,Summer,,,,,,,,1225.0,1219.0
Rajasthan,Udaipur,Rice,Kharif,1128.0,1141.0,997.0,1006.0,1113.0,1072.0,699.0,782.0,1810.0
Rajasthan,Udaipur,Shree Anna /Nutri Cereals,Kharif,503.0,678.0,555.0,305.0,1090.0,720.0,690.0,1650.0,1261.0
Rajasthan,Udaipur,Small Millets,Kharif,1239.0,1004.0,971.0,561.0,1000.0,1000.0,1000.0,2117.0,3251.0
Rajasthan,Udaipur,Tur,Kharif,1142.0,1173.0,966.0,723.0,996.0,1261.0,1259.0,1253.0,1190.0
Rajasthan,Udaipur,Urad,Kharif,413.0,432.0,710.0,443.0,651.0,542.0,338.0,678.0,400.0
Rajasthan,Udaipur,Urad,Summer,,,,,,,,3000.0,1000.0
Rajasthan,Udaipur,Wheat,Rabi,3121.0,2840.0,2912.0,3155.0,2572.0,2532.0,2471.0,2987.0,2924.0
Sikkim,Gangtok,Barley,Rabi,1087.0,1089.0,1148.0,1150.0,1150.0,1008.0,1135.0,1158.0,1150.0
Sikkim,Gangtok,Maize,Kharif,1749.0,1750.0,1750.0,1757.0,1757.0,1760.0,1754.0,1763.0,1774.0
Sikkim,Gangtok,Ragi,Kharif,,,,,,,,1069.0,1071.0
Sikkim,Gangtok,Rice,Kharif,1829.0,1844.0,1847.0,1856.0,1856.0,1857.0,1849.0,1250.0,1246.0
Sikkim,Gangtok,Shree Anna /Nutri Cereals,Kharif,1061.0,1062.0,1066.0,1072.0,1077.0,1080.0,1069.0,1069.0,1071.0
Sikkim,Gangtok,Small Millets,Kharif,1061.0,1062.0,1066.0,1072.0,1077.0,1080.0,1069.0,,
Sikkim,Gangtok,Urad,Kharif,1003.0,1003.0,1002.0,1009.0,1009.0,3206.0,1012.0,1021.0,1011.0
Sikkim,Gangtok,Wheat,Rabi,1142.0,1142.0,1142.0,1150.0,1154.0,1155.0,1135.0,1125.0,1160.0
Sikkim,Gyalshing,Barley,Rabi,923.0,,,,,942.0,,1110.0,1100.0
Sikkim,Gyalshing,Maize,Kharif,1752.0,1757.0,1757.0,1757.0,1758.0,1759.0,1732.0,1760.0,1772.0
Sikkim,Gyalshing,Ragi,Kharif,,,,,,,,1088.0,1090.0
Sikkim,Gyalshing,Rice,Kharif,1951.0,1956.0,1958.0,1959.0,1968.0,1968.0,1975.0,1333.0,1332.0
Sikkim,Gyalshing,Shree Anna /Nutri Cereals,Kharif,1067.0,1069.0,1068.0,1070.0,1076.0,1079.0,1078.0,1088.0,1090.0
Sikkim,Gyalshing,Small Millets,Kharif,1067.0,1069.0,1068.0,1070.0,1076.0,1079.0,1078.0,,
Sikkim,Gyalshing,Urad,Kharif,889.0,890.0,890.0,891.0,899.0,900.0,921.0,931.0,917.0
Sikkim,Gyalshing,Wheat,Rabi,,,,,,,,1170.0,
Sikkim,Mangan,Barley,Rabi,1100.0,1103.0,1193.0,1190.0,1192.0,983.0,1197.0,1201.0,1193.0
Sikkim,Mangan,Maize,Kharif,1599.0,1600.0,1600.0,1601.0,1605.0,1608.0,1608.0,1620.0,1632.0
Sikkim,Mangan,Ragi,Kharif,,,,,,,,986.0,985.0
Sikkim,Mangan,Rice,Kharif,1490.0,1499.0,1500.0,1504.0,1509.0,1503.0,1511.0,1014.0,1015.0
Sikkim,Mangan,Shree Anna /Nutri Cereals,Kharif,969.0,970.0,975.0,975.0,980.0,984.0,985.0,986.0,985.0
Sikkim,Mangan,Small Millets,Kharif,969.0,970.0,975.0,975.0,980.0,984.0,985.0,,
Sikkim,Mangan,Urad,Kharif,,,,,940.0,944.0,,801.0,793.0
Sikkim,Mangan,Wheat,Rabi,920.0,923.0,940.0,923.0,,,,,
Sikkim,Namchi,Barley,Rabi,929.0,920.0,998.0,1000.0,,985.0,1000.0,1175.0,1165.0
Sikkim,Namchi,Maize,Kharif,1823.0,1824.0,1824.0,1825.0,1825.0,1831.0,1831.0,1854.0,1867.0
Sikkim,Namchi,Ragi,Kharif,,,,,,,,1044.0,1048.0
Sikkim,Namchi,Rice,Kharif,1960.0,1963.0,1966.0,1967.0,1967.0,1968.0,1994.0,1333.0,1331.0
Sikkim,Namchi,Shree Anna /Nutri Cereals,Kharif,1024.0,1025.0,1031.0,1032.0,1036.0,1039.0,1041.0,1044.0,1048.0
Sikkim,Namchi,Small Millets,Kharif,1024.0,1025.0,1031.0,1032.0,1036.0,1039.0,1041.0,,
Sikkim,Namchi,Urad,Kharif,931.0,931.0,931.0,934.0,937.0,940.0,940.0,945.0,931.0
Sikkim,Namchi,Wheat,Rabi,1084.0,,,,,,,,
Sikkim,Pakyong,Barley,Rabi,,,,,,,719.0,1166.0,
Sikkim,Pakyong,Maize,Kharif,,,,,,,1775.0,1786.0,1798.0
Sikkim,Pakyong,Ragi,Kharif,,,,,,,,1089.0,1092.0
Sikkim,Pakyong,Rice,Kharif,,,,,,,1872.0,1273.0,1276.0
Sikkim,Pakyong,Shree Anna /Nutri Cereals,Kharif,,,,,,,1086.0,1089.0,1092.0
Sikkim,Pakyong,Small Millets,Kharif,,,,,,,1086.0,,
Sikkim,Pakyong,Urad,Kharif,,,,,,,1019.0,1024.0,1009.0
Sikkim,Pakyong,Wheat,Rabi,,,,,,,1179.0,1177.0,
Sikkim,Soreng,Maize,Kharif,,,,,,,1860.0,1869.0,1878.0
Sikkim,Soreng,Ragi,Kharif,,,,,,,,1085.0,1088.0
Sikkim,Soreng,Rice,Kharif,,,,,,,1971.0,1332.0,1332.0
Sikkim,Soreng,Shree Anna /Nutri Cereals,Kharif,,,,,,,1080.0,1085.0,1088.0
Sikkim,Soreng,Small Millets,Kharif,,,,,,,1080.0,,
Sikkim,Soreng,Urad,Kharif,,,,,,,891.0,900.0,887.0
Tamil Nadu,Ariyalur,Bajra,Kharif,4357.0,2356.0,2330.0,3295.0,3130.0,3245.0,3182.0,3542.0,1981.0
Tamil Nadu,Ariyalur,Bajra,Rabi,522.0,2077.0,1933.0,2696.0,1600.0,2400.0,2000.0,,
Tamil Nadu,Ariyalur,Jowar,Kharif,830.0,1137.0,1144.0,1222.0,1100.0,1080.0,830.0,996.0,1267.0
Tamil Nadu,Ariyalur,Jowar,Rabi,333.0,1083.0,1250.0,1000.0,909.0,667.0,500.0,658.0,1147.0
Tamil Nadu,Ariyalur,Maize,Kharif,3984.0,8839.0,5101.0,7454.0,3313.0,5978.0,6481.0,5380.0,4231.0
Tamil Nadu,Ariyalur,Maize,Rabi,1255.0,6692.0,6997.0,6724.0,5284.0,6068.0,6140.0,5071.0,5084.0
Tamil Nadu,Ariyalur,Moong,Kharif,667.0,600.0,,,750.0,500.0,750.0,645.0,564.0
Tamil Nadu,Ariyalur,Moong,Rabi,,,333.0,375.0,,250.0,,281.0,248.0
Tamil Nadu,Ariyalur,Ragi,Kharif,1649.0,3400.0,3130.0,2900.0,3258.0,3286.0,2762.0,3432.0,3765.0
Tamil Nadu,Ariyalur,Ragi,Rabi,3000.0,4500.0,3500.0,4000.0,4500.0,4750.0,4500.0,,
Tamil Nadu,Ariyalur,Rice,Kharif,2892.0,3854.0,4286.0,3410.0,4644.0,3622.0,3638.0,2513.0,3381.0
Tamil Nadu,Ariyalur,Rice,Rabi,,4444.0,3859.0,3906.0,2819.0,4240.0,4041.0,3888.0,3600.0
Tamil Nadu,Ariyalur,Rice,Summer,,4469.0,4186.0,4305.0,4122.0,3993.0,3974.0,3839.0,3874.0
Tamil Nadu,Ariyalur,Shree Anna /Nutri Cereals,Kharif,2700.0,2214.0,2224.0,3207.0,3021.0,3154.0,3051.0,3513.0,1971.0
Tamil Nadu,Ariyalur,Shree Anna /Nutri Cereals,Rabi,756.0,2732.0,1871.0,2556.0,1514.0,2320.0,2061.0,658.0,1147.0
Tamil Nadu,Ariyalur,Small Millets,Kharif,1324.0,2980.0,2333.0,2130.0,1550.0,1698.0,1977.0,,
Tamil Nadu,Ariyalur,Small Millets,Rabi,1273.0,2941.0,,,1529.0,1625.0,2000.0,,
Tamil Nadu,Ariyalur,Tur,Kharif,655.0,1090.0,1239.0,1281.0,1059.0,935.0,1038.0,987.0,676.0
Tamil Nadu,Ariyalur,Tur,Rabi,,,,1125.0,900.0,944.0,1056.0,,
Tamil Nadu,Ariyalur,Urad,Kharif,773.0,910.0,761.0,846.0,890.0,883.0,856.0,801.0,531.0
Tamil Nadu,Ariyalur,Urad,Rabi,361.0,675.0,607.0,850.0,528.0,631.0,656.0,749.0,615.0
Tamil Nadu,Chengalpattu,Bajra,Kharif,,,,,2667.0,2474.0,2750.0,3152.0,
Tamil Nadu,Chengalpattu,Bajra,Rabi,,,,,1750.0,,2000.0,,
Tamil Nadu,Chengalpattu,Gram,Rabi,,,,,,,,926.0,
Tamil Nadu,Chengalpattu,Jowar,Kharif,,,,,2000.0,1000.0,1000.0,996.0,1267.0
Tamil Nadu,Chengalpattu,Jowar,Rabi,,,,,,1000.0,,,1147.0
Tamil Nadu,Chengalpattu,Maize,Kharif,,,,,,8000.0,7800.0,7283.0,5923.0
Tamil Nadu,Chengalpattu,Maize,Rabi,,,,5500.0,,5778.0,,5071.0,5084.0
Tamil Nadu,Chengalpattu,Moong,Kharif,,,,,750.0,889.0,500.0,645.0,564.0
Tamil Nadu,Chengalpattu,Moong,Rabi,,,,,,333.0,333.0,281.0,248.0
Tamil Nadu,Chengalpattu,Ragi,Kharif,,,,,3211.0,2793.0,2655.0,3432.0,3765.0
Tamil Nadu,Chengalpattu,Ragi,Rabi,,,,,4152.0,4069.0,4176.0,,
Tamil Nadu,Chengalpattu,Rice,Kharif,,,,,5051.0,4045.0,4335.0,3582.0,3683.0
Tamil Nadu,Chengalpattu,Rice,Rabi,,,,,3740.0,4042.0,4087.0,3841.0,3721.0
Tamil Nadu,Chengalpattu,Rice,Summer,,,,,3571.0,4461.0,4225.0,3784.0,3938.0
Tamil Nadu,Chengalpattu,Shree Anna /Nutri Cereals,Kharif,,,,1800.0,2775.0,2645.0,2587.0,3366.0,3731.0
Tamil Nadu,Chengalpattu,Shree Anna /Nutri Cereals,Rabi,,,,,4069.0,3967.0,4056.0,,1147.0
Tamil Nadu,Chengalpattu,Small Millets,Kharif,,,,1800.0,1000.0,1727.0,1833.0,,
Tamil Nadu,Chengalpattu,Tur,Rabi,,,,,1000.0,,1000.0,,
Tamil Nadu,Chengalpattu,Urad,Kharif,,,,,892.0,880.0,858.0,801.0,531.0
Tamil Nadu,Chengalpattu,Urad,Rabi,,,,,517.0,634.0,655.0,470.0,457.0
Tamil Nadu,Chennai,Moong,Kharif,,,,,,,667.0,,
Tamil Nadu,Chennai,Moong,Rabi,,,,,,,,,
Tamil Nadu,Chennai,Rice,Kharif,,,,,0.0,,4182.0,3261.0,3375.0
Tamil Nadu,Chennai,Rice,Rabi,,,,,0.0,,2639.0,3556.0,3107.0
Tamil Nadu,Chennai,Rice,Summer,,,,,0.0,,4154.0,4753.0,3874.0
Tamil Nadu,Chennai,Urad,Rabi,,,,,0.0,0.0,,,
Tamil Nadu,Coimbatore,Bajra,Kharif,2953.0,2353.0,2852.0,2797.0,2623.0,2503.0,2722.0,3152.0,2634.0
Tamil Nadu,Coimbatore,Bajra,Rabi,505.0,2067.0,1895.0,2609.0,1522.0,2255.0,2011.0,,
Tamil Nadu,Coimbatore,Gram,Rabi,672.0,926.0,926.0,926.0,926.0,926.0,926.0,926.0,
Tamil Nadu,Coimbatore,Jowar,Kharif,1040.0,702.0,757.0,999.0,1031.0,926.0,625.0,559.0,985.0
Tamil Nadu,Coimbatore,Jowar,Rabi,55.0,538.0,889.0,1034.0,934.0,764.0,593.0,507.0,984.0
Tamil Nadu,Coimbatore,Maize,Kharif,4553.0,9219.0,7601.0,8940.0,7280.0,8048.0,7793.0,7283.0,5923.0
Tamil Nadu,Coimbatore,Maize,Rabi,1255.0,6692.0,7000.0,6717.0,5288.0,6073.0,6140.0,5071.0,5084.0
Tamil Nadu,Coimbatore,Moong,Kharif,808.0,609.0,674.0,574.0,877.0,817.0,792.0,645.0,564.0
Tamil Nadu,Coimbatore,Moong,Rabi,240.0,400.0,409.0,427.0,282.0,323.0,307.0,281.0,248.0
Tamil Nadu,Coimbatore,Ragi,Kharif,1750.0,3400.0,3308.0,2958.0,3333.0,2840.0,,3432.0,
Tamil Nadu,Coimbatore,Ragi,Rabi,3200.0,4000.0,3000.0,4100.0,3938.0,,3917.0,,
Tamil Nadu,Coimbatore,Rice,Kharif,4034.0,3818.0,4286.0,4364.0,4455.0,4090.0,3852.0,3074.0,3375.0
Tamil Nadu,Coimbatore,Rice,Rabi,,3414.0,3270.0,3638.0,2920.0,3313.0,3991.0,3204.0,3107.0
Tamil Nadu,Coimbatore,Rice,Summer,,,4192.0,4308.0,4125.0,4000.0,3968.0,3839.0,3874.0
Tamil Nadu,Coimbatore,Shree Anna /Nutri Cereals,Kharif,1053.0,713.0,778.0,1008.0,1047.0,950.0,646.0,592.0,1011.0
Tamil Nadu,Coimbatore,Shree Anna /Nutri Cereals,Rabi,65.0,556.0,892.0,1044.0,943.0,779.0,608.0,507.0,984.0
Tamil Nadu,Coimbatore,Small Millets,Kharif,1000.0,1250.0,600.0,3000.0,1500.0,1000.0,,1426.0,
Tamil Nadu,Coimbatore,Small Millets,Rabi,1000.0,,,,1000.0,,,,
Tamil Nadu,Coimbatore,Tur,Kharif,655.0,1094.0,1254.0,1279.0,1056.0,941.0,1035.0,987.0,676.0
Tamil Nadu,Coimbatore,Tur,Rabi,,,,1267.0,1030.0,919.0,1026.0,,
Tamil Nadu,Coimbatore,Urad,Kharif,775.0,911.0,755.0,840.0,884.0,886.0,861.0,801.0,531.0
Tamil Nadu,Coimbatore,Urad,Rabi,362.0,674.0,606.0,777.0,516.0,634.0,655.0,470.0,457.0
Tamil Nadu,Coimbatore,Wheat,Rabi,,,,,,,,,
Tamil Nadu,Cuddalore,Bajra,Kharif,4351.0,3824.0,3330.0,3508.0,3262.0,3642.0,3475.0,5382.0,3490.0
Tamil Nadu,Cuddalore,Bajra,Rabi,506.0,2053.0,1909.0,2588.0,1478.0,2286.0,2020.0,,
Tamil Nadu,Cuddalore,Jowar,Kharif,800.0,1118.0,1158.0,1211.0,1141.0,1066.0,,996.0,1267.0
Tamil Nadu,Cuddalore,Jowar,Rabi,375.0,,,1000.0,1000.0,,1000.0,,
Tamil Nadu,Cuddalore,Maize,Kharif,1662.0,6543.0,5405.0,8105.0,4449.0,6503.0,5876.0,4214.0,1816.0
Tamil Nadu,Cuddalore,Maize,Rabi,1255.0,6692.0,7000.0,6724.0,5288.0,6088.0,6123.0,5071.0,5084.0
Tamil Nadu,Cuddalore,Moong,Kharif,813.0,667.0,,556.0,800.0,789.0,,,564.0
Tamil Nadu,Cuddalore,Moong,Rabi,631.0,672.0,469.0,705.0,563.0,514.0,493.0,494.0,241.0
Tamil Nadu,Cuddalore,Ragi,Kharif,1645.0,3423.0,3143.0,3014.0,3263.0,2795.0,2595.0,3432.0,3765.0
Tamil Nadu,Cuddalore,Ragi,Rabi,3111.0,4463.0,3550.0,4500.0,4000.0,4500.0,4167.0,,
Tamil Nadu,Cuddalore,Rice,Kharif,3487.0,3906.0,4319.0,3957.0,4289.0,3948.0,3810.0,3287.0,3367.0
Tamil Nadu,Cuddalore,Rice,Rabi,,4423.0,3521.0,3646.0,2692.0,3190.0,3490.0,3255.0,2317.0
Tamil Nadu,Cuddalore,Rice,Summer,,4508.0,3736.0,3974.0,4005.0,4089.0,4074.0,4016.0,3783.0
Tamil Nadu,Cuddalore,Shree Anna /Nutri Cereals,Kharif,3477.0,3531.0,3076.0,3212.0,2907.0,3257.0,3189.0,5277.0,3484.0
Tamil Nadu,Cuddalore,Shree Anna /Nutri Cereals,Rabi,642.0,3700.0,2690.0,2864.0,1867.0,2475.0,1892.0,,
Tamil Nadu,Cuddalore,Small Millets,Kharif,810.0,2223.0,2087.0,1819.0,876.0,1417.0,1779.0,470.0,
Tamil Nadu,Cuddalore,Small Millets,Rabi,800.0,,,,900.0,1000.0,765.0,,
Tamil Nadu,Cuddalore,Tur,Kharif,656.0,1090.0,1235.0,1300.0,1077.0,875.0,1000.0,987.0,676.0
Tamil Nadu,Cuddalore,Tur,Rabi,,,,1214.0,,,,,
Tamil Nadu,Cuddalore,Urad,Kharif,591.0,890.0,732.0,838.0,891.0,881.0,857.0,801.0,531.0
Tamil Nadu,Cuddalore,Urad,Rabi,504.0,863.0,596.0,804.0,434.0,645.0,635.0,637.0,331.0
Tamil Nadu,Dharmapuri,Bajra,Kharif,2953.0,1100.0,2846.0,2784.0,2638.0,2513.0,2723.0,3152.0,2634.0
Tamil Nadu,Dharmapuri,Bajra,Rabi,500.0,2073.0,1882.0,,1400.0,,,,
Tamil Nadu,Dharmapuri,Gram,Rabi,548.0,926.0,926.0,926.0,926.0,927.0,926.0,926.0,
Tamil Nadu,Dharmapuri,Jowar,Kharif,383.0,1585.0,1440.0,2039.0,1882.0,1831.0,1436.0,1669.0,1914.0
Tamil Nadu,Dharmapuri,Jowar,Rabi,357.0,1079.0,1253.0,1115.0,967.0,,798.0,658.0,1147.0
Tamil Nadu,Dharmapuri,Maize,Kharif,4230.0,8374.0,5396.0,7432.0,7242.0,7242.0,5974.0,7609.0,6718.0
Tamil Nadu,Dharmapuri,Maize,Rabi,1254.0,6691.0,6156.0,6716.0,5286.0,6069.0,6140.0,5071.0,5084.0
Tamil Nadu,Dharmapuri,Moong,Kharif,415.0,823.0,709.0,771.0,785.0,688.0,691.0,828.0,654.0
Tamil Nadu,Dharmapuri,Moong,Rabi,167.0,389.0,408.0,462.0,277.0,375.0,500.0,,248.0
Tamil Nadu,Dharmapuri,Ragi,Kharif,2041.0,3199.0,2262.0,3504.0,3326.0,2673.0,2681.0,3658.0,3268.0
Tamil Nadu,Dharmapuri,Ragi,Rabi,2724.0,4628.0,4600.0,4507.0,4062.0,4854.0,4182.0,,
Tamil Nadu,Dharmapuri,Rice,Kharif,3751.0,4175.0,4287.0,4750.0,4297.0,4528.0,4592.0,3074.0,3375.0
Tamil Nadu,Dharmapuri,Rice,Rabi,,4868.0,4342.0,4269.0,4551.0,4105.0,4192.0,4262.0,4067.0
Tamil Nadu,Dharmapuri,Rice,Summer,,4901.0,4749.0,4377.0,4517.0,5604.0,4578.0,4172.0,4256.0
Tamil Nadu,Dharmapuri,Shree Anna /Nutri Cereals,Kharif,1016.0,1991.0,1645.0,2313.0,2208.0,2009.0,1738.0,2377.0,2312.0
Tamil Nadu,Dharmapuri,Shree Anna /Nutri Cereals,Rabi,2652.0,4413.0,3565.0,3263.0,3930.0,4854.0,4049.0,658.0,1147.0
Tamil Nadu,Dharmapuri,Small Millets,Kharif,847.0,1286.0,1543.0,1411.0,1245.0,1405.0,1253.0,1680.0,
Tamil Nadu,Dharmapuri,Small Millets,Rabi,1000.0,,,,,,,,
Tamil Nadu,Dharmapuri,Tur,Kharif,626.0,1361.0,1511.0,1278.0,995.0,1065.0,1039.0,1097.0,638.0
Tamil Nadu,Dharmapuri,Tur,Rabi,,,,,957.0,,,,
Tamil Nadu,Dharmapuri,Urad,Kharif,445.0,929.0,733.0,1028.0,1013.0,973.0,806.0,811.0,508.0
Tamil Nadu,Dharmapuri,Urad,Rabi,367.0,677.0,606.0,775.0,518.0,634.0,654.0,470.0,457.0
Tamil Nadu,Dindigul,Bajra,Kharif,2956.0,2358.0,2839.0,2759.0,2633.0,2479.0,2746.0,3152.0,2634.0
Tamil Nadu,Dindigul,Bajra,Rabi,315.0,1572.0,905.0,2617.0,1504.0,2253.0,2000.0,,
Tamil Nadu,Dindigul,Gram,Rabi,575.0,925.0,928.0,927.0,926.0,927.0,935.0,926.0,
Tamil Nadu,Dindigul,Jowar,Kharif,1473.0,1580.0,1385.0,1066.0,1029.0,718.0,611.0,616.0,849.0
Tamil Nadu,Dindigul,Jowar,Rabi,309.0,1282.0,1200.0,874.0,625.0,597.0,564.0,513.0,784.0
Tamil Nadu,Dindigul,Maize,Kharif,5495.0,9219.0,7321.0,8932.0,7276.0,8052.0,7797.0,7283.0,5923.0
Tamil Nadu,Dindigul,Maize,Rabi,1246.0,8811.0,6998.0,6950.0,6241.0,8097.0,7927.0,6567.0,6721.0
Tamil Nadu,Dindigul,Moong,Kharif,808.0,609.0,678.0,582.0,876.0,815.0,800.0,645.0,564.0
Tamil Nadu,Dindigul,Moong,Rabi,46.0,701.0,599.0,708.0,594.0,523.0,575.0,401.0,625.0
Tamil Nadu,Dindigul,Ragi,Kharif,,3444.0,4000.0,4000.0,3286.0,2000.0,,,3765.0
Tamil Nadu,Dindigul,Ragi,Rabi,3000.0,4444.0,3444.0,3933.0,4000.0,3875.0,5333.0,,
Tamil Nadu,Dindigul,Rice,Kharif,2961.0,3850.0,4286.0,4106.0,4358.0,4086.0,3850.0,3074.0,3375.0
Tamil Nadu,Dindigul,Rice,Rabi,,5583.0,4008.0,4225.0,3017.0,4105.0,3857.0,4091.0,3344.0
Tamil Nadu,Dindigul,Rice,Summer,,5726.0,3786.0,4796.0,4410.0,4416.0,4871.0,3268.0,3546.0
Tamil Nadu,Dindigul,Shree Anna /Nutri Cereals,Kharif,1545.0,1589.0,1469.0,1072.0,1040.0,759.0,632.0,639.0,894.0
Tamil Nadu,Dindigul,Shree Anna /Nutri Cereals,Rabi,310.0,1285.0,1199.0,882.0,629.0,603.0,571.0,513.0,784.0
Tamil Nadu,Dindigul,Small Millets,Kharif,1000.0,1077.0,,1000.0,1500.0,1000.0,,,
Tamil Nadu,Dindigul,Small Millets,Rabi,875.0,1000.0,1833.0,,1167.0,1333.0,1667.0,,
Tamil Nadu,Dindigul,Tur,Kharif,711.0,1093.0,1248.0,1040.0,453.0,553.0,1041.0,389.0,676.0
Tamil Nadu,Dindigul,Tur,Rabi,,,,1043.0,450.0,554.0,1039.0,,
Tamil Nadu,Dindigul,Urad,Kharif,774.0,911.0,759.0,842.0,890.0,879.0,854.0,801.0,531.0
Tamil Nadu,Dindigul,Urad,Rabi,361.0,730.0,694.0,808.0,521.0,693.0,534.0,482.0,718.0
Tamil Nadu,Erode,Bajra,Kharif,2944.0,2353.0,2848.0,2733.0,2631.0,2508.0,2718.0,3152.0,2634.0
Tamil Nadu,Erode,Bajra,Rabi,667.0,2067.0,1941.0,2762.0,1511.0,2268.0,2000.0,,
Tamil Nadu,Erode,Gram,Rabi,,,,1000.0,1000.0,1000.0,,,
Tamil Nadu,Erode,Jowar,Kharif,,1143.0,1125.0,1333.0,1146.0,1073.0,1000.0,996.0,1267.0
Tamil Nadu,Erode,Jowar,Rabi,,1078.0,1250.0,,962.0,773.0,,658.0,
Tamil Nadu,Erode,Maize,Kharif,3538.0,6655.0,8420.0,7958.0,9871.0,9353.0,8251.0,9005.0,7780.0
Tamil Nadu,Erode,Maize,Rabi,1256.0,6692.0,6997.0,9081.0,9924.0,8939.0,9983.0,7125.0,9671.0
Tamil Nadu,Erode,Moong,Kharif,808.0,608.0,674.0,573.0,874.0,813.0,794.0,645.0,564.0
Tamil Nadu,Erode,Moong,Rabi,250.0,403.0,410.0,424.0,294.0,317.0,300.0,281.0,248.0
Tamil Nadu,Erode,Ragi,Kharif,212.0,2912.0,3045.0,2545.0,3660.0,3854.0,3348.0,3952.0,3646.0
Tamil Nadu,Erode,Ragi,Rabi,3126.0,4467.0,3551.0,3667.0,4159.0,3833.0,5000.0,,
Tamil Nadu,Erode,Rice,Kharif,2256.0,3850.0,4283.0,4108.0,4358.0,4085.0,3849.0,3074.0,3375.0
Tamil Nadu,Erode,Rice,Rabi,,5179.0,5203.0,4636.0,4959.0,4017.0,4374.0,4242.0,4204.0
Tamil Nadu,Erode,Rice,Summer,,4468.0,4188.0,4303.0,4119.0,3992.0,3976.0,3839.0,3874.0
Tamil Nadu,Erode,Shree Anna /Nutri Cereals,Kharif,268.0,2885.0,3025.0,2544.0,3595.0,3770.0,3274.0,3870.0,3619.0
Tamil Nadu,Erode,Shree Anna /Nutri Cereals,Rabi,3082.0,1948.0,3505.0,2875.0,2358.0,1903.0,2032.0,658.0,
Tamil Nadu,Erode,Small Millets,Kharif,1051.0,1278.0,1706.0,1538.0,1286.0,1444.0,1801.0,1426.0,
Tamil Nadu,Erode,Small Millets,Rabi,,,,,1333.0,1333.0,1000.0,,
Tamil Nadu,Erode,Tur,Kharif,287.0,1011.0,1008.0,2487.0,1855.0,1350.0,1039.0,1175.0,868.0
Tamil Nadu,Erode,Tur,Rabi,,,,2458.0,2000.0,1342.0,1000.0,,
Tamil Nadu,Erode,Urad,Kharif,773.0,911.0,760.0,842.0,890.0,881.0,856.0,801.0,531.0
Tamil Nadu,Erode,Urad,Rabi,368.0,674.0,607.0,775.0,520.0,635.0,655.0,470.0,457.0
Tamil Nadu,Kallakurichi,Bajra,Kharif,,,,,2204.0,1636.0,1678.0,1707.0,2126.0
Tamil Nadu,Kallakurichi,Bajra,Rabi,,,,,,,2000.0,,
Tamil Nadu,Kallakurichi,Jowar,Kharif,,,,,1000.0,1000.0,833.0,,
Tamil Nadu,Kallakurichi,Jowar,Rabi,,,,,1000.0,,,,
Tamil Nadu,Kallakurichi,Maize,Kharif,,,,,8318.0,7868.0,7611.0,9231.0,7645.0
Tamil Nadu,Kallakurichi,Maize,Rabi,,,,,7543.0,8022.0,8610.0,8436.0,8283.0
Tamil Nadu,Kallakurichi,Moong,Kharif,,,,,750.0,,,,
Tamil Nadu,Kallakurichi,Moong,Rabi,,,,,267.0,308.0,,,
Tamil Nadu,Kallakurichi,Ragi,Kharif,,,,,3226.0,2833.0,2645.0,3432.0,3765.0
Tamil Nadu,Kallakurichi,Ragi,Rabi,,,,,4133.0,4069.0,4132.0,,
Tamil Nadu,Kallakurichi,Rice,Kharif,,,,,4704.0,4263.0,3800.0,3088.0,3681.0
Tamil Nadu,Kallakurichi,Rice,Rabi,,,,,3621.0,3633.0,3960.0,3959.0,3917.0
Tamil Nadu,Kallakurichi,Rice,Summer,,,,,3998.0,4297.0,3795.0,3911.0,3822.0
Tamil Nadu,Kallakurichi,Shree Anna /Nutri Cereals,Kharif,,,,1683.0,2196.0,1629.0,1677.0,1707.0,2132.0
Tamil Nadu,Kallakurichi,Shree Anna /Nutri Cereals,Rabi,,,,,3748.0,3950.0,2878.0,,
Tamil Nadu,Kallakurichi,Small Millets,Kharif,,,,1683.0,1200.0,1144.0,1131.0,470.0,
Tamil Nadu,Kallakurichi,Small Millets,Rabi,,,,,1750.0,1200.0,1250.0,,
Tamil Nadu,Kallakurichi,Tur,Kharif,,,,,1111.0,667.0,,,
Tamil Nadu,Kallakurichi,Tur,Rabi,,,,,1000.0,1000.0,1000.0,,
Tamil Nadu,Kallakurichi,Urad,Kharif,,,,,875.0,880.0,856.0,801.0,531.0
Tamil Nadu,Kallakurichi,Urad,Rabi,,,,,661.0,648.0,776.0,527.0,541.0
Tamil Nadu,Kancheepuram,Bajra,Kharif,2953.0,2368.0,3000.0,3000.0,,,,3152.0,
Tamil Nadu,Kancheepuram,Bajra,Rabi,515.0,2083.0,2200.0,3000.0,1000.0,,,,
Tamil Nadu,Kancheepuram,Gram,Rabi,469.0,,,,,,,,
Tamil Nadu,Kancheepuram,Jowar,Kharif,,1200.0,1174.0,1000.0,,,,,
Tamil Nadu,Kancheepuram,Jowar,Rabi,333.0,1000.0,1250.0,1333.0,,,,,1147.0
Tamil Nadu,Kancheepuram,Maize,Kharif,4563.0,,8500.0,8000.0,,8500.0,7000.0,7283.0,5923.0
Tamil Nadu,Kancheepuram,Maize,Rabi,1000.0,,12000.0,7333.0,,,,,5084.0
Tamil Nadu,Kancheepuram,Moong,Kharif,808.0,608.0,671.0,576.0,875.0,1500.0,800.0,,564.0
Tamil Nadu,Kancheepuram,Moong,Rabi,236.0,398.0,410.0,424.0,281.0,324.0,307.0,281.0,248.0
Tamil Nadu,Kancheepuram,Ragi,Kharif,1646.0,3427.0,3174.0,3049.0,3250.0,2789.0,2625.0,3432.0,3765.0
Tamil Nadu,Kancheepuram,Ragi,Rabi,3121.0,4464.0,3530.0,4044.0,4111.0,4125.0,4100.0,,
Tamil Nadu,Kancheepuram,Rice,Kharif,3967.0,3954.0,5530.0,5097.0,4704.0,4210.0,4139.0,3261.0,3786.0
Tamil Nadu,Kancheepuram,Rice,Rabi,,4377.0,4431.0,4927.0,3316.0,2378.0,2623.0,3556.0,2698.0
Tamil Nadu,Kancheepuram,Rice,Summer,,4801.0,4291.0,4958.0,4010.0,4298.0,4121.0,4753.0,4127.0
Tamil Nadu,Kancheepuram,Shree Anna /Nutri Cereals,Kharif,1966.0,3111.0,2534.0,3000.0,3250.0,2700.0,2560.0,3376.0,3765.0
Tamil Nadu,Kancheepuram,Shree Anna /Nutri Cereals,Rabi,2560.0,3841.0,3441.0,3947.0,3800.0,4125.0,4100.0,,1147.0
Tamil Nadu,Kancheepuram,Small Millets,Kharif,,,,,,1000.0,1000.0,,
Tamil Nadu,Kancheepuram,Small Millets,Rabi,,,,,,,,,
Tamil Nadu,Kancheepuram,Tur,Kharif,651.0,1059.0,1364.0,1500.0,1200.0,1000.0,1000.0,,676.0
Tamil Nadu,Kancheepuram,Tur,Rabi,,,,1167.0,1000.0,,,,
Tamil Nadu,Kancheepuram,Urad,Kharif,773.0,911.0,760.0,839.0,890.0,878.0,854.0,801.0,531.0
Tamil Nadu,Kancheepuram,Urad,Rabi,361.0,675.0,607.0,777.0,519.0,636.0,656.0,470.0,457.0
Tamil Nadu,Kanniyakumari,Jowar,Kharif,,1000.0,,,,,,,
Tamil Nadu,Kanniyakumari,Maize,Kharif,4565.0,9000.0,8333.0,8167.0,,,,7283.0,
Tamil Nadu,Kanniyakumari,Maize,Rabi,1250.0,6750.0,7000.0,,,,,5071.0,
Tamil Nadu,Kanniyakumari,Moong,Kharif,,,667.0,,1000.0,,,,
Tamil Nadu,Kanniyakumari,Ragi,Kharif,,,,,,,,3432.0,
Tamil Nadu,Kanniyakumari,Rice,Kharif,4004.0,3548.0,3664.0,3882.0,4591.0,3945.0,3578.0,3486.0,3653.0
Tamil Nadu,Kanniyakumari,Rice,Rabi,,3353.0,4290.0,4086.0,3832.0,3528.0,3856.0,4038.0,3798.0
Tamil Nadu,Kanniyakumari,Rice,Summer,,4465.0,4182.0,4327.0,4000.0,3947.0,,3839.0,3874.0
Tamil Nadu,Kanniyakumari,Shree Anna /Nutri Cereals,Kharif,,1000.0,,,,,,3432.0,
Tamil Nadu,Kanniyakumari,Tur,Kharif,500.0,,1000.0,,,,,,
Tamil Nadu,Kanniyakumari,Urad,Kharif,770.0,913.0,741.0,847.0,888.0,879.0,851.0,801.0,531.0
Tamil Nadu,Kanniyakumari,Urad,Rabi,361.0,676.0,605.0,778.0,516.0,636.0,655.0,470.0,457.0
Tamil Nadu,Karur,Bajra,Kharif,2952.0,2358.0,2855.0,2773.0,2660.0,2448.0,2726.0,3152.0,2634.0
Tamil Nadu,Karur,Bajra,Rabi,520.0,2064.0,1863.0,2624.0,1505.0,2261.0,2000.0,,
Tamil Nadu,Karur,Jowar,Kharif,411.0,167.0,649.0,580.0,867.0,416.0,684.0,843.0,1624.0
Tamil Nadu,Karur,Jowar,Rabi,675.0,327.0,610.0,407.0,689.0,373.0,589.0,282.0,1425.0
Tamil Nadu,Karur,Maize,Kharif,4554.0,9220.0,7622.0,8895.0,7292.0,8087.0,7778.0,7283.0,5923.0
Tamil Nadu,Karur,Maize,Rabi,1263.0,6692.0,6994.0,6719.0,5290.0,6059.0,6134.0,5071.0,5084.0
Tamil Nadu,Karur,Moong,Kharif,805.0,604.0,667.0,571.0,1000.0,800.0,,645.0,564.0
Tamil Nadu,Karur,Moong,Rabi,235.0,399.0,408.0,424.0,281.0,325.0,304.0,281.0,248.0
Tamil Nadu,Karur,Ragi,Kharif,,3500.0,4000.0,,,4000.0,,3432.0,3765.0
Tamil Nadu,Karur,Ragi,Rabi,,4455.0,4000.0,3000.0,4667.0,4000.0,,,
Tamil Nadu,Karur,Rice,Kharif,2939.0,,,,5000.0,,,3074.0,3375.0
Tamil Nadu,Karur,Rice,Rabi,,3773.0,3452.0,3484.0,2802.0,3019.0,3880.0,3435.0,3810.0
Tamil Nadu,Karur,Rice,Summer,,4467.0,4193.0,4306.0,4123.0,3997.0,3974.0,3839.0,3874.0
Tamil Nadu,Karur,Shree Anna /Nutri Cereals,Kharif,511.0,215.0,720.0,679.0,888.0,440.0,717.0,909.0,1654.0
Tamil Nadu,Karur,Shree Anna /Nutri Cereals,Rabi,673.0,375.0,624.0,425.0,700.0,390.0,604.0,282.0,1425.0
Tamil Nadu,Karur,Small Millets,Kharif,,1250.0,,,,,,,
Tamil Nadu,Karur,Small Millets,Rabi,500.0,2000.0,,,,,,,
Tamil Nadu,Karur,Tur,Kharif,127.0,269.0,478.0,339.0,242.0,448.0,1038.0,535.0,297.0
Tamil Nadu,Karur,Tur,Rabi,,,,337.0,243.0,450.0,1036.0,,
Tamil Nadu,Karur,Urad,Kharif,773.0,910.0,761.0,843.0,891.0,881.0,863.0,801.0,531.0
Tamil Nadu,Karur,Urad,Rabi,361.0,675.0,606.0,776.0,517.0,634.0,655.0,470.0,457.0
Tamil Nadu,Krishnagiri,Bajra,Kharif,2952.0,2356.0,2844.0,2781.0,2636.0,2499.0,2715.0,3152.0,2634.0
Tamil Nadu,Krishnagiri,Bajra,Rabi,500.0,2100.0,1944.0,2400.0,,2333.0,,,
Tamil Nadu,Krishnagiri,Gram,Rabi,,,1000.0,,914.0,,,,
Tamil Nadu,Krishnagiri,Jowar,Kharif,1265.0,1839.0,1700.0,1469.0,1772.0,1721.0,1330.0,2314.0,1327.0
Tamil Nadu,Krishnagiri,Jowar,Rabi,340.0,1078.0,1254.0,1114.0,962.0,777.0,750.0,658.0,1147.0
Tamil Nadu,Krishnagiri,Maize,Kharif,4554.0,9219.0,7597.0,8319.0,6252.0,6520.0,8236.0,9070.0,7705.0
Tamil Nadu,Krishnagiri,Maize,Rabi,1257.0,6691.0,6997.0,6697.0,5273.0,6073.0,6000.0,5071.0,5084.0
Tamil Nadu,Krishnagiri,Moong,Kharif,458.0,675.0,620.0,573.0,875.0,813.0,793.0,645.0,564.0
Tamil Nadu,Krishnagiri,Moong,Rabi,239.0,400.0,408.0,425.0,282.0,325.0,307.0,281.0,248.0
Tamil Nadu,Krishnagiri,Ragi,Kharif,1654.0,3698.0,3548.0,2895.0,3215.0,2757.0,2551.0,3392.0,4008.0
Tamil Nadu,Krishnagiri,Ragi,Rabi,3125.0,5230.0,3321.0,4346.0,4990.0,4230.0,3913.0,,
Tamil Nadu,Krishnagiri,Rice,Kharif,4352.0,5001.0,4869.0,4858.0,4766.0,5129.0,4362.0,3655.0,4235.0
Tamil Nadu,Krishnagiri,Rice,Rabi,,4573.0,4938.0,4517.0,4985.0,4240.0,4567.0,4521.0,3109.0
Tamil Nadu,Krishnagiri,Rice,Summer,,4950.0,4870.0,5006.0,4437.0,3575.0,4102.0,4403.0,3952.0
Tamil Nadu,Krishnagiri,Shree Anna /Nutri Cereals,Kharif,1634.0,3444.0,3317.0,2730.0,3028.0,2630.0,2408.0,3294.0,3843.0
Tamil Nadu,Krishnagiri,Shree Anna /Nutri Cereals,Rabi,2930.0,5034.0,3270.0,4036.0,4895.0,4071.0,3889.0,658.0,1147.0
Tamil Nadu,Krishnagiri,Small Millets,Kharif,1058.0,1070.0,1686.0,1204.0,1000.0,923.0,1039.0,1269.0,
Tamil Nadu,Krishnagiri,Small Millets,Rabi,1000.0,1077.0,,,,929.0,1240.0,,
Tamil Nadu,Krishnagiri,Tur,Kharif,676.0,1043.0,1338.0,1306.0,1552.0,1033.0,1039.0,847.0,763.0
Tamil Nadu,Krishnagiri,Tur,Rabi,,,,1324.0,1571.0,,1000.0,,
Tamil Nadu,Krishnagiri,Urad,Kharif,773.0,911.0,760.0,841.0,890.0,881.0,856.0,801.0,531.0
Tamil Nadu,Krishnagiri,Urad,Rabi,361.0,675.0,607.0,776.0,517.0,635.0,655.0,470.0,457.0
Tamil Nadu,Madurai,Bajra,Kharif,2663.0,3110.0,3425.0,3687.0,3607.0,3435.0,3021.0,3985.0,2074.0
Tamil Nadu,Madurai,Bajra,Rabi,2164.0,3018.0,2368.0,3207.0,2824.0,2590.0,2736.0,,
Tamil Nadu,Madurai,Gram,Rabi,625.0,923.0,917.0,944.0,929.0,923.0,900.0,926.0,
Tamil Nadu,Madurai,Jowar,Kharif,1833.0,2699.0,1316.0,2075.0,1631.0,1178.0,1946.0,1776.0,1397.0
Tamil Nadu,Madurai,Jowar,Rabi,835.0,2272.0,2309.0,2057.0,2535.0,1062.0,1215.0,2481.0,1772.0
Tamil Nadu,Madurai,Maize,Kharif,2286.0,6785.0,6337.0,6017.0,4306.0,5520.0,4500.0,6919.0,4469.0
Tamil Nadu,Madurai,Maize,Rabi,1255.0,6692.0,5066.0,6718.0,5287.0,6067.0,6140.0,5071.0,5084.0
Tamil Nadu,Madurai,Moong,Kharif,616.0,759.0,467.0,452.0,596.0,666.0,460.0,349.0,110.0
Tamil Nadu,Madurai,Moong,Rabi,240.0,398.0,410.0,424.0,281.0,324.0,306.0,281.0,248.0
Tamil Nadu,Madurai,Ragi,Kharif,2000.0,3375.0,3000.0,3111.0,3185.0,3000.0,2333.0,3432.0,3765.0
Tamil Nadu,Madurai,Ragi,Rabi,3133.0,4500.0,3800.0,3727.0,4143.0,3750.0,4167.0,,
Tamil Nadu,Madurai,Rice,Kharif,3279.0,4111.0,4875.0,4102.0,4358.0,4085.0,3848.0,3074.0,3375.0
Tamil Nadu,Madurai,Rice,Rabi,,4140.0,4146.0,4203.0,4065.0,3633.0,3990.0,4097.0,3428.0
Tamil Nadu,Madurai,Rice,Summer,,3409.0,3926.0,3673.0,3766.0,3807.0,3664.0,3602.0,3083.0
Tamil Nadu,Madurai,Shree Anna /Nutri Cereals,Kharif,1826.0,2704.0,1406.0,2157.0,1676.0,1240.0,1960.0,1855.0,1437.0
Tamil Nadu,Madurai,Shree Anna /Nutri Cereals,Rabi,1044.0,2497.0,2316.0,2253.0,2557.0,1205.0,1354.0,2481.0,1772.0
Tamil Nadu,Madurai,Small Millets,Kharif,547.0,913.0,1346.0,2097.0,1172.0,1466.0,1616.0,470.0,
Tamil Nadu,Madurai,Small Millets,Rabi,241.0,818.0,1500.0,,1189.0,1535.0,1800.0,,
Tamil Nadu,Madurai,Tur,Kharif,737.0,1241.0,862.0,829.0,932.0,701.0,1039.0,749.0,299.0
Tamil Nadu,Madurai,Tur,Rabi,,,,829.0,926.0,703.0,1039.0,,
Tamil Nadu,Madurai,Urad,Kharif,773.0,911.0,759.0,841.0,890.0,880.0,856.0,801.0,531.0
Tamil Nadu,Madurai,Urad,Rabi,360.0,674.0,605.0,775.0,520.0,634.0,656.0,470.0,457.0
Tamil Nadu,Mayiladuthurai,Bajra,Kharif,,,,,,,,,2634.0
Tamil Nadu,Mayiladuthurai,Jowar,Kharif,,,,,1100.0,1000.0,667.0,,
Tamil Nadu,Mayiladuthurai,Jowar,Rabi,,,,,1000.0,500.0,750.0,658.0,
Tamil Nadu,Mayiladuthurai,Maize,Kharif,,,,,7182.0,8000.0,8250.0,7283.0,5923.0
Tamil Nadu,Mayiladuthurai,Maize,Rabi,,,,,,5917.0,6250.0,5071.0,5084.0
Tamil Nadu,Mayiladuthurai,Moong,Kharif,,,,,857.0,,,,
Tamil Nadu,Mayiladuthurai,Moong,Rabi,,,,,393.0,260.0,213.0,256.0,228.0
Tamil Nadu,Mayiladuthurai,Ragi,Kharif,,,,,3200.0,,,,
Tamil Nadu,Mayiladuthurai,Ragi,Rabi,,,,,4000.0,3875.0,,,
Tamil Nadu,Mayiladuthurai,Rice,Kharif,,,,,4772.0,3826.0,3581.0,2935.0,3412.0
Tamil Nadu,Mayiladuthurai,Rice,Rabi,,,,,2359.0,3289.0,3019.0,2769.0,2795.0
Tamil Nadu,Mayiladuthurai,Rice,Summer,,,,,4250.0,3967.0,3969.0,3839.0,3874.0
Tamil Nadu,Mayiladuthurai,Shree Anna /Nutri Cereals,Kharif,,,,,2150.0,1000.0,667.0,,2634.0
Tamil Nadu,Mayiladuthurai,Shree Anna /Nutri Cereals,Rabi,,,,,2200.0,3200.0,750.0,658.0,
Tamil Nadu,Mayiladuthurai,Urad,Kharif,,,,,933.0,1000.0,833.0,,531.0
Tamil Nadu,Mayiladuthurai,Urad,Rabi,,,,,314.0,366.0,218.0,245.0,180.0
Tamil Nadu,Nagapattinam,Bajra,Kharif,,,,,,,2750.0,3152.0,
Tamil Nadu,Nagapattinam,Gram,Rabi,,,,,,,,926.0,
Tamil Nadu,Nagapattinam,Jowar,Rabi,500.0,,,1000.0,,,,,
Tamil Nadu,Nagapattinam,Maize,Kharif,,9000.0,,9083.0,,,,,
Tamil Nadu,Nagapattinam,Maize,Rabi,1200.0,6667.0,6929.0,6846.0,,,,,
Tamil Nadu,Nagapattinam,Moong,Kharif,,,,667.0,,,500.0,,564.0
Tamil Nadu,Nagapattinam,Moong,Rabi,208.0,440.0,338.0,425.0,240.0,97.0,171.0,290.0,171.0
Tamil Nadu,Nagapattinam,Ragi,Kharif,,,,,,,3000.0,,
Tamil Nadu,Nagapattinam,Ragi,Rabi,3000.0,4000.0,,3000.0,,3000.0,,,
Tamil Nadu,Nagapattinam,Rice,Kharif,1583.0,2797.0,4111.0,3819.0,4082.0,4012.0,3576.0,2129.0,2703.0
Tamil Nadu,Nagapattinam,Rice,Rabi,,2708.0,3166.0,3154.0,1616.0,2784.0,3132.0,2853.0,2652.0
Tamil Nadu,Nagapattinam,Rice,Summer,,4467.0,4187.0,4302.0,4149.0,4000.0,3978.0,3839.0,3874.0
Tamil Nadu,Nagapattinam,Shree Anna /Nutri Cereals,Kharif,,,,,,,2833.0,3152.0,
Tamil Nadu,Nagapattinam,Shree Anna /Nutri Cereals,Rabi,1333.0,4000.0,,2333.0,,3000.0,,,
Tamil Nadu,Nagapattinam,Urad,Kharif,774.0,938.0,727.0,1000.0,917.0,887.0,,801.0,531.0
Tamil Nadu,Nagapattinam,Urad,Rabi,319.0,475.0,278.0,489.0,317.0,95.0,61.0,232.0,291.0
Tamil Nadu,Namakkal,Bajra,Kharif,2943.0,2358.0,2819.0,2778.0,2632.0,2509.0,2696.0,3152.0,2634.0
Tamil Nadu,Namakkal,Bajra,Rabi,1000.0,2000.0,2000.0,2625.0,1500.0,2000.0,2021.0,,
Tamil Nadu,Namakkal,Gram,Rabi,,925.0,926.0,922.0,924.0,929.0,926.0,926.0,
Tamil Nadu,Namakkal,Jowar,Kharif,611.0,469.0,537.0,448.0,502.0,570.0,442.0,574.0,910.0
Tamil Nadu,Namakkal,Jowar,Rabi,120.0,585.0,492.0,491.0,816.0,546.0,503.0,601.0,889.0
Tamil Nadu,Namakkal,Maize,Kharif,8058.0,7022.0,7599.0,8936.0,7277.0,8051.0,7796.0,7283.0,5923.0
Tamil Nadu,Namakkal,Maize,Rabi,3692.0,8988.0,6998.0,7323.0,7614.0,4655.0,6269.0,5836.0,6196.0
Tamil Nadu,Namakkal,Moong,Kharif,834.0,150.0,433.0,462.0,866.0,709.0,872.0,751.0,679.0
Tamil Nadu,Namakkal,Moong,Rabi,240.0,399.0,410.0,425.0,281.0,325.0,306.0,281.0,248.0
Tamil Nadu,Namakkal,Ragi,Kharif,1645.0,3424.0,3146.0,2994.0,3244.0,2813.0,2644.0,2572.0,3411.0
Tamil Nadu,Namakkal,Ragi,Rabi,3143.0,4462.0,3550.0,4029.0,4153.0,4056.0,4165.0,,
Tamil Nadu,Namakkal,Rice,Kharif,3260.0,3854.0,3276.0,4104.0,4359.0,4084.0,3846.0,3074.0,3375.0
Tamil Nadu,Namakkal,Rice,Rabi,,5792.0,4494.0,4572.0,3580.0,4979.0,5374.0,4171.0,4051.0
Tamil Nadu,Namakkal,Rice,Summer,,4468.0,4195.0,4303.0,4119.0,3994.0,3974.0,3839.0,3874.0
Tamil Nadu,Namakkal,Shree Anna /Nutri Cereals,Kharif,632.0,502.0,570.0,475.0,531.0,595.0,470.0,601.0,941.0
Tamil Nadu,Namakkal,Shree Anna /Nutri Cereals,Rabi,128.0,611.0,505.0,495.0,830.0,552.0,516.0,601.0,889.0
Tamil Nadu,Namakkal,Small Millets,Kharif,1061.0,1161.0,1354.0,1230.0,916.0,895.0,930.0,873.0,
Tamil Nadu,Namakkal,Small Millets,Rabi,1049.0,1102.0,1664.0,,1331.0,1303.0,1071.0,,
Tamil Nadu,Namakkal,Tur,Kharif,196.0,700.0,596.0,1281.0,1055.0,936.0,1040.0,987.0,676.0
Tamil Nadu,Namakkal,Tur,Rabi,,,,1214.0,1000.0,908.0,1046.0,,
Tamil Nadu,Namakkal,Urad,Kharif,409.0,911.0,760.0,840.0,892.0,881.0,857.0,801.0,531.0
Tamil Nadu,Namakkal,Urad,Rabi,360.0,675.0,607.0,776.0,517.0,634.0,655.0,470.0,457.0
Tamil Nadu,Perambalur,Bajra,Kharif,2954.0,2357.0,2832.0,2808.0,2648.0,2516.0,2710.0,3152.0,2634.0
Tamil Nadu,Perambalur,Bajra,Rabi,504.0,2061.0,1778.0,2629.0,1537.0,2259.0,2000.0,,
Tamil Nadu,Perambalur,Gram,Rabi,818.0,1000.0,,1000.0,1000.0,1000.0,,,
Tamil Nadu,Perambalur,Jowar,Kharif,830.0,1871.0,1150.0,1193.0,1136.0,1071.0,836.0,996.0,1267.0
Tamil Nadu,Perambalur,Jowar,Rabi,333.0,1082.0,1253.0,1083.0,1000.0,773.0,,658.0,1147.0
Tamil Nadu,Perambalur,Maize,Kharif,2592.0,11501.0,7598.0,10058.0,8331.0,9065.0,9118.0,7670.0,5643.0
Tamil Nadu,Perambalur,Maize,Rabi,1256.0,6692.0,6998.0,6720.0,5293.0,6071.0,6140.0,5071.0,5084.0
Tamil Nadu,Perambalur,Moong,Kharif,,500.0,,667.0,,800.0,800.0,645.0,
Tamil Nadu,Perambalur,Moong,Rabi,,,,333.0,0.0,333.0,,,
Tamil Nadu,Perambalur,Ragi,Kharif,1667.0,3500.0,2000.0,2571.0,2667.0,3333.0,2000.0,,3765.0
Tamil Nadu,Perambalur,Rice,Kharif,2844.0,3853.0,4303.0,4117.0,4344.0,4086.0,3858.0,3074.0,3375.0
Tamil Nadu,Perambalur,Rice,Rabi,,5004.0,4140.0,4433.0,3285.0,4035.0,4036.0,4408.0,4112.0
Tamil Nadu,Perambalur,Rice,Summer,,4468.0,4189.0,4303.0,4121.0,3993.0,3975.0,3839.0,3874.0
Tamil Nadu,Perambalur,Shree Anna /Nutri Cereals,Kharif,998.0,1983.0,1446.0,1477.0,1917.0,1875.0,1973.0,2534.0,2270.0
Tamil Nadu,Perambalur,Shree Anna /Nutri Cereals,Rabi,493.0,1494.0,1282.0,2234.0,1367.0,1243.0,2000.0,658.0,1147.0
Tamil Nadu,Perambalur,Small Millets,Kharif,845.0,2264.0,2009.0,2179.0,2181.0,2098.0,2077.0,,
Tamil Nadu,Perambalur,Small Millets,Rabi,667.0,3000.0,1833.0,,,2111.0,2000.0,,
Tamil Nadu,Perambalur,Tur,Kharif,760.0,1481.0,936.0,924.0,980.0,1183.0,1037.0,624.0,1105.0
Tamil Nadu,Perambalur,Tur,Rabi,,,,1000.0,,1211.0,1040.0,,
Tamil Nadu,Perambalur,Urad,Kharif,774.0,911.0,756.0,845.0,894.0,884.0,857.0,801.0,531.0
Tamil Nadu,Perambalur,Urad,Rabi,362.0,674.0,604.0,777.0,521.0,634.0,654.0,470.0,457.0
Tamil Nadu,Pudukkottai,Bajra,Kharif,3000.0,2333.0,,3333.0,2500.0,2273.0,2400.0,3152.0,2634.0
Tamil Nadu,Pudukkottai,Bajra,Rabi,1000.0,2000.0,1857.0,,1333.0,,2500.0,,
Tamil Nadu,Pudukkottai,Gram,Rabi,,,,,,938.0,,,
Tamil Nadu,Pudukkottai,Jowar,Kharif,850.0,1148.0,1000.0,1200.0,800.0,889.0,813.0,996.0,1267.0
Tamil Nadu,Pudukkottai,Jowar,Rabi,324.0,1074.0,1259.0,1000.0,1000.0,769.0,784.0,658.0,1147.0
Tamil Nadu,Pudukkottai,Maize,Kharif,4554.0,9219.0,6372.0,8942.0,7278.0,8049.0,7799.0,7283.0,5923.0
Tamil Nadu,Pudukkottai,Maize,Rabi,1256.0,6692.0,6998.0,6715.0,5288.0,6078.0,6138.0,5071.0,5084.0
Tamil Nadu,Pudukkottai,Moong,Kharif,750.0,1000.0,,566.0,895.0,1000.0,750.0,645.0,564.0
Tamil Nadu,Pudukkottai,Moong,Rabi,,333.0,,385.0,333.0,,,281.0,248.0
Tamil Nadu,Pudukkottai,Ragi,Kharif,1636.0,3444.0,3214.0,3019.0,3194.0,2760.0,2600.0,3432.0,3765.0
Tamil Nadu,Pudukkottai,Ragi,Rabi,3125.0,4500.0,3625.0,3778.0,4000.0,7000.0,4000.0,,
Tamil Nadu,Pudukkottai,Rice,Kharif,1065.0,3854.0,4285.0,3728.0,4047.0,3348.0,3562.0,3751.0,2875.0
Tamil Nadu,Pudukkottai,Rice,Rabi,,1894.0,2557.0,3079.0,2119.0,2990.0,3503.0,2968.0,3408.0
Tamil Nadu,Pudukkottai,Rice,Summer,,4468.0,2541.0,3120.0,2885.0,2502.0,3624.0,3417.0,3423.0
Tamil Nadu,Pudukkottai,Shree Anna /Nutri Cereals,Kharif,1294.0,1942.0,2824.0,2257.0,2718.0,2098.0,1676.0,1867.0,3025.0
Tamil Nadu,Pudukkottai,Shree Anna /Nutri Cereals,Rabi,860.0,1485.0,1518.0,2471.0,2200.0,1214.0,1023.0,658.0,1147.0
Tamil Nadu,Pudukkottai,Small Millets,Kharif,,2049.0,,1792.0,1333.0,1625.0,2000.0,1426.0,
Tamil Nadu,Pudukkottai,Small Millets,Rabi,,,2000.0,,1000.0,,2000.0,,
Tamil Nadu,Pudukkottai,Tur,Kharif,656.0,1092.0,1250.0,791.0,81.0,667.0,1040.0,1070.0,693.0
Tamil Nadu,Pudukkottai,Tur,Rabi,,,,797.0,88.0,500.0,1043.0,,
Tamil Nadu,Pudukkottai,Urad,Kharif,773.0,911.0,760.0,841.0,890.0,881.0,856.0,801.0,531.0
Tamil Nadu,Pudukkottai,Urad,Rabi,361.0,675.0,607.0,776.0,517.0,634.0,655.0,470.0,457.0
Tamil Nadu,Ramanathapuram,Bajra,Kharif,,,,,,,,3152.0,
Tamil Nadu,Ramanathapuram,Bajra,Rabi,,761.0,768.0,1919.0,1794.0,1592.0,399.0,,
Tamil Nadu,Ramanathapuram,Jowar,Kharif,,,,,,,831.0,996.0,1267.0
Tamil Nadu,Ramanathapuram,Jowar,Rabi,,563.0,1053.0,2221.0,1760.0,1816.0,274.0,590.0,921.0
Tamil Nadu,Ramanathapuram,Maize,Kharif,,,,,,,7805.0,7283.0,5923.0
Tamil Nadu,Ramanathapuram,Maize,Rabi,1255.0,6692.0,6999.0,6735.0,5289.0,6070.0,6141.0,5071.0,5084.0
Tamil Nadu,Ramanathapuram,Moong,Kharif,,,,,,,800.0,645.0,
Tamil Nadu,Ramanathapuram,Moong,Rabi,239.0,400.0,407.0,425.0,282.0,324.0,304.0,281.0,248.0
Tamil Nadu,Ramanathapuram,Ragi,Kharif,,3000.0,,,3500.0,,,3432.0,
Tamil Nadu,Ramanathapuram,Ragi,Rabi,3125.0,4462.0,3555.0,4018.0,4151.0,4069.0,4156.0,,
Tamil Nadu,Ramanathapuram,Rice,Kharif,2.0,,,,,,,,
Tamil Nadu,Ramanathapuram,Rice,Rabi,,284.0,441.0,2526.0,2609.0,2324.0,875.0,2101.0,2031.0
Tamil Nadu,Ramanathapuram,Rice,Summer,,,,,,,,3839.0,3874.0
Tamil Nadu,Ramanathapuram,Shree Anna /Nutri Cereals,Kharif,,3000.0,,,1111.0,333.0,831.0,1408.0,1267.0
Tamil Nadu,Ramanathapuram,Shree Anna /Nutri Cereals,Rabi,115.0,875.0,1256.0,2325.0,1885.0,1849.0,405.0,590.0,921.0
Tamil Nadu,Ramanathapuram,Small Millets,Kharif,,,,,429.0,333.0,,,
Tamil Nadu,Ramanathapuram,Small Millets,Rabi,813.0,1917.0,1000.0,,1231.0,1455.0,1667.0,,
Tamil Nadu,Ramanathapuram,Tur,Kharif,500.0,1000.0,1375.0,,,,,,
Tamil Nadu,Ramanathapuram,Tur,Rabi,,,,,,1000.0,1000.0,,
Tamil Nadu,Ramanathapuram,Urad,Kharif,770.0,833.0,1000.0,909.0,,800.0,,801.0,
Tamil Nadu,Ramanathapuram,Urad,Rabi,361.0,675.0,607.0,360.0,102.0,194.0,119.0,252.0,381.0
Tamil Nadu,Ranipet,Bajra,Kharif,,,,,2640.0,1972.0,2553.0,3019.0,3621.0
Tamil Nadu,Ranipet,Bajra,Rabi,,,,,1471.0,,2000.0,,
Tamil Nadu,Ranipet,Jowar,Kharif,,,,,1145.0,1080.0,808.0,996.0,1267.0
Tamil Nadu,Ranipet,Jowar,Rabi,,,,,1000.0,500.0,857.0,658.0,1147.0
Tamil Nadu,Ranipet,Maize,Kharif,,,,,7000.0,8000.0,8000.0,7283.0,
Tamil Nadu,Ranipet,Maize,Rabi,,,,,7000.0,,6000.0,5071.0,
Tamil Nadu,Ranipet,Moong,Kharif,,,,,877.0,814.0,791.0,645.0,564.0
Tamil Nadu,Ranipet,Moong,Rabi,,,,,281.0,324.0,305.0,281.0,248.0
Tamil Nadu,Ranipet,Ragi,Kharif,,,,,3270.0,2848.0,2813.0,3432.0,3765.0
Tamil Nadu,Ranipet,Ragi,Rabi,,,,,4139.0,4060.0,4145.0,,
Tamil Nadu,Ranipet,Rice,Kharif,,,,,4721.0,4553.0,4345.0,3590.0,3737.0
Tamil Nadu,Ranipet,Rice,Rabi,,,,,4052.0,3220.0,3807.0,3952.0,2949.0
Tamil Nadu,Ranipet,Rice,Summer,,,,,4589.0,4119.0,4208.0,3793.0,3826.0
Tamil Nadu,Ranipet,Shree Anna /Nutri Cereals,Kharif,,,,,2485.0,2239.0,2568.0,3211.0,3458.0
Tamil Nadu,Ranipet,Shree Anna /Nutri Cereals,Rabi,,,,,4028.0,4048.0,4085.0,658.0,1147.0
Tamil Nadu,Ranipet,Tur,Kharif,,,,,1267.0,748.0,1038.0,617.0,503.0
Tamil Nadu,Ranipet,Tur,Rabi,,,,,1000.0,1000.0,1038.0,,
Tamil Nadu,Ranipet,Urad,Kharif,,,,,811.0,428.0,723.0,691.0,464.0
Tamil Nadu,Ranipet,Urad,Rabi,,,,,517.0,634.0,655.0,470.0,457.0
Tamil Nadu,Salem,Bajra,Kharif,1799.0,1967.0,2579.0,2785.0,2637.0,2502.0,2717.0,3152.0,2634.0
Tamil Nadu,Salem,Bajra,Rabi,500.0,2073.0,1875.0,2667.0,1511.0,2190.0,2040.0,,
Tamil Nadu,Salem,Gram,Rabi,588.0,900.0,938.0,1000.0,1000.0,,,926.0,
Tamil Nadu,Salem,Jowar,Kharif,1110.0,957.0,1048.0,1052.0,1186.0,1240.0,638.0,803.0,1159.0
Tamil Nadu,Salem,Jowar,Rabi,869.0,1216.0,1269.0,1055.0,1248.0,748.0,807.0,510.0,1093.0
Tamil Nadu,Salem,Maize,Kharif,8236.0,9498.0,10638.0,8964.0,9635.0,7778.0,8137.0,8561.0,8318.0
Tamil Nadu,Salem,Maize,Rabi,3367.0,9642.0,9039.0,6655.0,8390.0,8479.0,8425.0,7479.0,7183.0
Tamil Nadu,Salem,Moong,Kharif,899.0,747.0,869.0,618.0,1079.0,989.0,941.0,636.0,625.0
Tamil Nadu,Salem,Moong,Rabi,239.0,399.0,410.0,424.0,282.0,325.0,306.0,281.0,248.0
Tamil Nadu,Salem,Ragi,Kharif,1613.0,2869.0,2385.0,3314.0,3290.0,2944.0,2878.0,2867.0,3029.0
Tamil Nadu,Salem,Ragi,Rabi,3246.0,4603.0,3317.0,3720.0,4727.0,4336.0,4826.0,,
Tamil Nadu,Salem,Rice,Kharif,3665.0,3854.0,4284.0,4105.0,4362.0,4085.0,3852.0,3074.0,3375.0
Tamil Nadu,Salem,Rice,Rabi,,5324.0,3790.0,4352.0,4266.0,4291.0,4193.0,4437.0,3992.0
Tamil Nadu,Salem,Rice,Summer,,4329.0,4187.0,4209.0,3662.0,5542.0,3906.0,4086.0,4988.0
Tamil Nadu,Salem,Shree Anna /Nutri Cereals,Kharif,1226.0,1179.0,1206.0,1297.0,1452.0,1399.0,873.0,1069.0,1352.0
Tamil Nadu,Salem,Shree Anna /Nutri Cereals,Rabi,1212.0,1747.0,1455.0,1369.0,1656.0,1076.0,1259.0,510.0,1093.0
Tamil Nadu,Salem,Small Millets,Kharif,1388.0,1059.0,1123.0,1183.0,1462.0,1081.0,1257.0,1086.0,
Tamil Nadu,Salem,Small Millets,Rabi,,1182.0,1489.0,,1552.0,1333.0,1315.0,,
Tamil Nadu,Salem,Tur,Kharif,476.0,943.0,1361.0,2240.0,1450.0,947.0,1038.0,923.0,680.0
Tamil Nadu,Salem,Tur,Rabi,,,,2273.0,1450.0,956.0,1039.0,,
Tamil Nadu,Salem,Urad,Kharif,687.0,1068.0,820.0,841.0,995.0,923.0,1048.0,841.0,776.0
Tamil Nadu,Salem,Urad,Rabi,362.0,675.0,607.0,776.0,517.0,634.0,655.0,470.0,457.0
Tamil Nadu,Sivaganga,Bajra,Kharif,2941.0,2000.0,3000.0,2828.0,3000.0,3000.0,,,2634.0
Tamil Nadu,Sivaganga,Bajra,Rabi,,2000.0,2000.0,2571.0,,1500.0,2333.0,,
Tamil Nadu,Sivaganga,Gram,Rabi,,1000.0,,,,,,,
Tamil Nadu,Sivaganga,Jowar,Kharif,826.0,1132.0,1147.0,1191.0,1137.0,1100.0,875.0,996.0,1267.0
Tamil Nadu,Sivaganga,Jowar,Rabi,333.0,1079.0,1242.0,1114.0,952.0,769.0,840.0,658.0,1147.0
Tamil Nadu,Sivaganga,Maize,Kharif,4556.0,9211.0,7700.0,8917.0,7500.0,8059.0,7750.0,7283.0,5923.0
Tamil Nadu,Sivaganga,Maize,Rabi,1000.0,6667.0,6750.0,6647.0,5000.0,6043.0,6261.0,5071.0,5084.0
Tamil Nadu,Sivaganga,Moong,Kharif,818.0,588.0,667.0,581.0,929.0,786.0,1000.0,645.0,564.0
Tamil Nadu,Sivaganga,Moong,Rabi,,429.0,,1000.0,286.0,1000.0,333.0,281.0,
Tamil Nadu,Sivaganga,Ragi,Kharif,1647.0,3429.0,3211.0,2993.0,3258.0,2829.0,2667.0,3432.0,3765.0
Tamil Nadu,Sivaganga,Ragi,Rabi,3120.0,4457.0,3545.0,4024.0,4163.0,4061.0,4161.0,,
Tamil Nadu,Sivaganga,Rice,Kharif,657.0,3857.0,4200.0,4099.0,4352.0,4084.0,3850.0,3074.0,3375.0
Tamil Nadu,Sivaganga,Rice,Rabi,,886.0,622.0,2654.0,2485.0,2670.0,2562.0,2333.0,2952.0
Tamil Nadu,Sivaganga,Rice,Summer,,4469.0,4191.0,4299.0,4121.0,3993.0,3976.0,3839.0,3874.0
Tamil Nadu,Sivaganga,Shree Anna /Nutri Cereals,Kharif,1242.0,2231.0,1444.0,2337.0,2428.0,2450.0,2326.0,3142.0,3105.0
Tamil Nadu,Sivaganga,Shree Anna /Nutri Cereals,Rabi,931.0,1678.0,2729.0,3026.0,3254.0,3565.0,3230.0,658.0,1147.0
Tamil Nadu,Sivaganga,Small Millets,Kharif,,2000.0,,,1000.0,1000.0,1750.0,,
Tamil Nadu,Sivaganga,Small Millets,Rabi,,2000.0,2000.0,,1333.0,1778.0,1889.0,,
Tamil Nadu,Sivaganga,Tur,Kharif,648.0,1096.0,1229.0,1280.0,1034.0,909.0,1000.0,987.0,676.0
Tamil Nadu,Sivaganga,Tur,Rabi,,,,1250.0,1000.0,813.0,1063.0,,
Tamil Nadu,Sivaganga,Urad,Kharif,774.0,911.0,761.0,846.0,890.0,881.0,856.0,801.0,531.0
Tamil Nadu,Sivaganga,Urad,Rabi,361.0,675.0,606.0,776.0,516.0,634.0,655.0,470.0,457.0
Tamil Nadu,Tenkasi,Bajra,Kharif,,,,,2643.0,2536.0,2692.0,3152.0,2634.0
Tamil Nadu,Tenkasi,Bajra,Rabi,,,,,1492.0,2318.0,,,
Tamil Nadu,Tenkasi,Jowar,Kharif,,,,,1134.0,1070.0,834.0,996.0,1267.0
Tamil Nadu,Tenkasi,Jowar,Rabi,,,,,973.0,765.0,1000.0,658.0,1382.0
Tamil Nadu,Tenkasi,Maize,Kharif,,,,,7304.0,8000.0,7836.0,7283.0,5923.0
Tamil Nadu,Tenkasi,Maize,Rabi,,,,,4171.0,4480.0,4696.0,4036.0,4547.0
Tamil Nadu,Tenkasi,Moong,Kharif,,,,,852.0,813.0,778.0,645.0,564.0
Tamil Nadu,Tenkasi,Moong,Rabi,,,,,364.0,415.0,498.0,144.0,125.0
Tamil Nadu,Tenkasi,Ragi,Kharif,,,,,3231.0,3000.0,3000.0,3432.0,3765.0
Tamil Nadu,Tenkasi,Ragi,Rabi,,,,,3333.0,1000.0,,,
Tamil Nadu,Tenkasi,Rice,Kharif,,,,,4231.0,3816.0,4002.0,2946.0,3209.0
Tamil Nadu,Tenkasi,Rice,Rabi,,,,,3732.0,4056.0,3716.0,3616.0,4085.0
Tamil Nadu,Tenkasi,Rice,Summer,,,,,4010.0,2836.0,3696.0,3336.0,3396.0
Tamil Nadu,Tenkasi,Shree Anna /Nutri Cereals,Kharif,,,,,1166.0,1082.0,851.0,1042.0,1302.0
Tamil Nadu,Tenkasi,Shree Anna /Nutri Cereals,Rabi,,,,,1356.0,1610.0,1000.0,658.0,1382.0
Tamil Nadu,Tenkasi,Tur,Kharif,,,,,1000.0,1000.0,,,
Tamil Nadu,Tenkasi,Urad,Kharif,,,,,893.0,885.0,853.0,801.0,531.0
Tamil Nadu,Tenkasi,Urad,Rabi,,,,,389.0,573.0,398.0,234.0,293.0
Tamil Nadu,Thanjavur,Bajra,Kharif,,2500.0,3000.0,,,,,,2634.0
Tamil Nadu,Thanjavur,Bajra,Rabi,,2000.0,,2600.0,,,2000.0,,
Tamil Nadu,Thanjavur,Gram,Rabi,,1000.0,,,1000.0,,1000.0,926.0,
Tamil Nadu,Thanjavur,Jowar,Kharif,,1250.0,1333.0,1179.0,1143.0,1095.0,1000.0,996.0,1267.0
Tamil Nadu,Thanjavur,Jowar,Rabi,,1000.0,1333.0,1167.0,1000.0,667.0,,658.0,1147.0
Tamil Nadu,Thanjavur,Maize,Kharif,4552.0,9219.0,7598.0,8933.0,7279.0,8067.0,7798.0,7283.0,5923.0
Tamil Nadu,Thanjavur,Maize,Rabi,1257.0,6691.0,5314.0,6725.0,5281.0,6074.0,6143.0,5071.0,5084.0
Tamil Nadu,Thanjavur,Moong,Kharif,786.0,1000.0,686.0,667.0,864.0,800.0,1000.0,645.0,564.0
Tamil Nadu,Thanjavur,Moong,Rabi,354.0,403.0,475.0,459.0,393.0,338.0,359.0,451.0,398.0
Tamil Nadu,Thanjavur,Ragi,Kharif,1750.0,3500.0,3000.0,,3000.0,,2636.0,3432.0,3765.0
Tamil Nadu,Thanjavur,Ragi,Rabi,3000.0,4000.0,2000.0,4000.0,3800.0,4250.0,4129.0,,
Tamil Nadu,Thanjavur,Rice,Kharif,2786.0,3545.0,4028.0,3755.0,4090.0,4268.0,3835.0,3220.0,2993.0
Tamil Nadu,Thanjavur,Rice,Rabi,,3967.0,3552.0,3661.0,2097.0,3906.0,3701.0,3310.0,3170.0
Tamil Nadu,Thanjavur,Rice,Summer,,4369.0,3831.0,4057.0,4185.0,3567.0,3238.0,3317.0,3583.0
Tamil Nadu,Thanjavur,Shree Anna /Nutri Cereals,Kharif,1750.0,2040.0,1857.0,876.0,1469.0,1136.0,2587.0,3114.0,2511.0
Tamil Nadu,Thanjavur,Shree Anna /Nutri Cereals,Rabi,3000.0,1250.0,1400.0,1769.0,1824.0,2714.0,4063.0,658.0,1147.0
Tamil Nadu,Thanjavur,Small Millets,Kharif,,2000.0,,435.0,1333.0,2000.0,2000.0,,
Tamil Nadu,Thanjavur,Small Millets,Rabi,,,,,,,,,
Tamil Nadu,Thanjavur,Tur,Kharif,653.0,1083.0,1250.0,1273.0,1069.0,,1000.0,,676.0
Tamil Nadu,Thanjavur,Tur,Rabi,,,,1273.0,1083.0,900.0,1000.0,,
Tamil Nadu,Thanjavur,Urad,Kharif,1183.0,1211.0,1392.0,1032.0,1157.0,1080.0,938.0,815.0,642.0
Tamil Nadu,Thanjavur,Urad,Rabi,394.0,818.0,556.0,966.0,860.0,661.0,956.0,588.0,523.0
Tamil Nadu,The Nilgiris,Bajra,Kharif,,,,,,,4000.0,,
Tamil Nadu,The Nilgiris,Jowar,Kharif,,,,,1000.0,,,,
Tamil Nadu,The Nilgiris,Maize,Kharif,,,,11000.0,9000.0,10667.0,6000.0,7283.0,5923.0
Tamil Nadu,The Nilgiris,Maize,Rabi,,,,,6000.0,,7500.0,5071.0,5084.0
Tamil Nadu,The Nilgiris,Moong,Kharif,1000.0,500.0,1000.0,,,,,,
Tamil Nadu,The Nilgiris,Moong,Rabi,,,,,,,,281.0,
Tamil Nadu,The Nilgiris,Ragi,Kharif,,,,2000.0,3295.0,2000.0,2333.0,,
Tamil Nadu,The Nilgiris,Ragi,Rabi,,,,,5000.0,,4000.0,,
Tamil Nadu,The Nilgiris,Rice,Kharif,4292.0,3854.0,4290.0,4106.0,4344.0,4082.0,3835.0,,
Tamil Nadu,The Nilgiris,Rice,Rabi,,,,,,,,3204.0,3107.0
Tamil Nadu,The Nilgiris,Shree Anna /Nutri Cereals,Kharif,200.0,,,2000.0,3174.0,1333.0,2600.0,,
Tamil Nadu,The Nilgiris,Shree Anna /Nutri Cereals,Rabi,,,,,5000.0,1000.0,4000.0,,
Tamil Nadu,The Nilgiris,Small Millets,Kharif,200.0,,,,0.0,0.0,2000.0,,
Tamil Nadu,The Nilgiris,Small Millets,Rabi,,,,,,1000.0,,,
Tamil Nadu,The Nilgiris,Wheat,Rabi,,,,,,,,,
Tamil Nadu,Theni,Bajra,Kharif,1445.0,1867.0,3505.0,2778.0,2638.0,2499.0,2732.0,3152.0,2634.0
Tamil Nadu,Theni,Bajra,Rabi,507.0,2065.0,3863.0,1926.0,2687.0,2358.0,2448.0,,
Tamil Nadu,Theni,Jowar,Kharif,1140.0,3551.0,5229.0,2076.0,1916.0,1985.0,2021.0,1806.0,2838.0
Tamil Nadu,Theni,Jowar,Rabi,2083.0,4315.0,5530.0,3131.0,2940.0,2149.0,1861.0,2445.0,4853.0
Tamil Nadu,Theni,Maize,Kharif,4554.0,9219.0,7598.0,8937.0,7275.0,8051.0,7800.0,7283.0,5923.0
Tamil Nadu,Theni,Maize,Rabi,1256.0,8852.0,6998.0,6717.0,5287.0,6067.0,6141.0,5071.0,5084.0
Tamil Nadu,Theni,Moong,Kharif,808.0,824.0,676.0,884.0,672.0,500.0,812.0,880.0,794.0
Tamil Nadu,Theni,Moong,Rabi,239.0,399.0,409.0,677.0,531.0,401.0,321.0,703.0,440.0
Tamil Nadu,Theni,Ragi,Kharif,1714.0,3429.0,3267.0,,3250.0,2750.0,3000.0,3432.0,3765.0
Tamil Nadu,Theni,Ragi,Rabi,3111.0,4429.0,3800.0,3846.0,4000.0,4667.0,4143.0,,
Tamil Nadu,Theni,Rice,Kharif,6029.0,5448.0,5898.0,4108.0,4358.0,4085.0,3849.0,3750.0,4317.0
Tamil Nadu,Theni,Rice,Rabi,,5282.0,5369.0,4056.0,4260.0,3805.0,3333.0,4538.0,4184.0
Tamil Nadu,Theni,Rice,Summer,,4469.0,4187.0,4303.0,4121.0,3995.0,3975.0,3839.0,3874.0
Tamil Nadu,Theni,Shree Anna /Nutri Cereals,Kharif,1234.0,3349.0,4487.0,2111.0,1966.0,2066.0,2084.0,1918.0,2826.0
Tamil Nadu,Theni,Shree Anna /Nutri Cereals,Rabi,1560.0,3977.0,5323.0,2996.0,2914.0,2171.0,1936.0,2445.0,4853.0
Tamil Nadu,Theni,Small Millets,Kharif,1045.0,1300.0,1609.0,1286.0,1091.0,968.0,,1426.0,
Tamil Nadu,Theni,Small Millets,Rabi,889.0,1035.0,1703.0,,1533.0,1389.0,1223.0,,
Tamil Nadu,Theni,Tur,Kharif,372.0,992.0,1629.0,1411.0,1183.0,1478.0,1038.0,974.0,636.0
Tamil Nadu,Theni,Tur,Rabi,,,,1409.0,1179.0,1476.0,1039.0,,
Tamil Nadu,Theni,Urad,Kharif,772.0,911.0,760.0,843.0,890.0,879.0,853.0,801.0,531.0
Tamil Nadu,Theni,Urad,Rabi,361.0,675.0,606.0,776.0,517.0,635.0,654.0,470.0,457.0
Tamil Nadu,Thiruvallur,Bajra,Kharif,2953.0,2355.0,2844.0,2786.0,2634.0,2498.0,2720.0,3152.0,2634.0
Tamil Nadu,Thiruvallur,Bajra,Rabi,507.0,2059.0,1846.0,2567.0,1500.0,2225.0,2000.0,,
Tamil Nadu,Thiruvallur,Jowar,Kharif,800.0,1133.0,2000.0,1200.0,,1000.0,,996.0,
Tamil Nadu,Thiruvallur,Jowar,Rabi,500.0,1091.0,,1000.0,1000.0,,,,
Tamil Nadu,Thiruvallur,Maize,Kharif,4500.0,,,9500.0,,7250.0,7786.0,7283.0,5923.0
Tamil Nadu,Thiruvallur,Maize,Rabi,1250.0,6667.0,8000.0,7143.0,4667.0,7000.0,5000.0,,5084.0
Tamil Nadu,Thiruvallur,Moong,Kharif,810.0,603.0,678.0,573.0,872.0,810.0,808.0,645.0,564.0
Tamil Nadu,Thiruvallur,Moong,Rabi,685.0,696.0,902.0,863.0,704.0,783.0,797.0,771.0,897.0
Tamil Nadu,Thiruvallur,Ragi,Kharif,1647.0,3423.0,3150.0,2778.0,3213.0,2886.0,2650.0,3432.0,3765.0
Tamil Nadu,Thiruvallur,Ragi,Rabi,3346.0,4489.0,3258.0,4012.0,4124.0,4119.0,4158.0,,
Tamil Nadu,Thiruvallur,Rice,Kharif,3064.0,4295.0,4429.0,4959.0,4591.0,4095.0,4240.0,3376.0,3654.0
Tamil Nadu,Thiruvallur,Rice,Rabi,,3783.0,4279.0,4016.0,3767.0,2805.0,3461.0,2890.0,3227.0
Tamil Nadu,Thiruvallur,Rice,Summer,,4266.0,4090.0,4558.0,3989.0,3871.0,3980.0,3819.0,3932.0
Tamil Nadu,Thiruvallur,Shree Anna /Nutri Cereals,Kharif,2846.0,2404.0,2893.0,2737.0,2645.0,2520.0,2710.0,3193.0,2747.0
Tamil Nadu,Thiruvallur,Shree Anna /Nutri Cereals,Rabi,2518.0,4111.0,3153.0,3579.0,3187.0,3410.0,3892.0,,
Tamil Nadu,Thiruvallur,Small Millets,Kharif,,,,1944.0,1250.0,,,,
Tamil Nadu,Thiruvallur,Small Millets,Rabi,,,,,,1600.0,,,
Tamil Nadu,Thiruvallur,Tur,Kharif,657.0,1093.0,1239.0,1276.0,1056.0,1000.0,1000.0,,676.0
Tamil Nadu,Thiruvallur,Tur,Rabi,,,,1235.0,1000.0,500.0,1000.0,,
Tamil Nadu,Thiruvallur,Urad,Kharif,773.0,911.0,761.0,845.0,894.0,891.0,855.0,801.0,531.0
Tamil Nadu,Thiruvallur,Urad,Rabi,361.0,675.0,607.0,777.0,516.0,634.0,655.0,470.0,457.0
Tamil Nadu,Thiruvarur,Jowar,Kharif,,,,,,1000.0,,,
Tamil Nadu,Thiruvarur,Maize,Kharif,,,,8714.0,7333.0,8000.0,7769.0,7283.0,
Tamil Nadu,Thiruvarur,Maize,Rabi,,,7000.0,6692.0,5286.0,6091.0,,5071.0,5084.0
Tamil Nadu,Thiruvarur,Moong,Kharif,,632.0,675.0,,876.0,817.0,,645.0,564.0
Tamil Nadu,Thiruvarur,Moong,Rabi,212.0,264.0,312.0,333.0,128.0,263.0,185.0,180.0,175.0
Tamil Nadu,Thiruvarur,Ragi,Rabi,,,3500.0,,4000.0,,4000.0,,
Tamil Nadu,Thiruvarur,Rice,Kharif,1781.0,4345.0,4324.0,3940.0,4038.0,4192.0,3641.0,2409.0,2911.0
Tamil Nadu,Thiruvarur,Rice,Rabi,,3816.0,3309.0,3553.0,2479.0,3460.0,3280.0,3018.0,3194.0
Tamil Nadu,Thiruvarur,Rice,Summer,,3496.0,3625.0,4342.0,3206.0,3681.0,3261.0,3835.0,3780.0
Tamil Nadu,Thiruvarur,Shree Anna /Nutri Cereals,Kharif,,,,,,1000.0,,,
Tamil Nadu,Thiruvarur,Shree Anna /Nutri Cereals,Rabi,,,3500.0,,4000.0,,3500.0,,
Tamil Nadu,Thiruvarur,Small Millets,Rabi,,,,,,,2000.0,,
Tamil Nadu,Thiruvarur,Tur,Kharif,655.0,1125.0,,,,1000.0,,,
Tamil Nadu,Thiruvarur,Tur,Rabi,,,,,,1000.0,,,
Tamil Nadu,Thiruvarur,Urad,Kharif,773.0,911.0,760.0,841.0,890.0,881.0,856.0,801.0,531.0
Tamil Nadu,Thiruvarur,Urad,Rabi,426.0,290.0,364.0,435.0,268.0,312.0,234.0,147.0,271.0
Tamil Nadu,Thoothukkudi,Bajra,Kharif,,,3000.0,2750.0,2667.0,2526.0,2600.0,3152.0,2634.0
Tamil Nadu,Thoothukkudi,Bajra,Rabi,146.0,1791.0,1572.0,2538.0,1186.0,2102.0,1863.0,,
Tamil Nadu,Thoothukkudi,Gram,Rabi,625.0,875.0,900.0,917.0,909.0,,,,
Tamil Nadu,Thoothukkudi,Jowar,Kharif,,,,1231.0,,1091.0,,996.0,1267.0
Tamil Nadu,Thoothukkudi,Jowar,Rabi,113.0,1261.0,2063.0,2609.0,339.0,1390.0,1335.0,392.0,1878.0
Tamil Nadu,Thoothukkudi,Maize,Kharif,4500.0,,7000.0,,7667.0,8600.0,9500.0,7283.0,5923.0
Tamil Nadu,Thoothukkudi,Maize,Rabi,254.0,2838.0,6993.0,3907.0,2915.0,3493.0,3531.0,2039.0,2579.0
Tamil Nadu,Thoothukkudi,Moong,Kharif,818.0,500.0,,600.0,875.0,814.0,833.0,645.0,564.0
Tamil Nadu,Thoothukkudi,Moong,Rabi,88.0,354.0,519.0,309.0,170.0,368.0,537.0,95.0,228.0
Tamil Nadu,Thoothukkudi,Ragi,Rabi,3125.0,4480.0,3594.0,4086.0,4333.0,4111.0,4500.0,,
Tamil Nadu,Thoothukkudi,Rice,Kharif,3262.0,2208.0,3783.0,4107.0,4358.0,4085.0,3848.0,3074.0,3375.0
Tamil Nadu,Thoothukkudi,Rice,Rabi,,4612.0,3703.0,3690.0,3227.0,3183.0,3855.0,1811.0,3888.0
Tamil Nadu,Thoothukkudi,Rice,Summer,,4468.0,4188.0,3693.0,3611.0,3791.0,4296.0,2672.0,3596.0
Tamil Nadu,Thoothukkudi,Shree Anna /Nutri Cereals,Kharif,,,1333.0,1474.0,2125.0,1921.0,2600.0,2289.0,2155.0
Tamil Nadu,Thoothukkudi,Shree Anna /Nutri Cereals,Rabi,136.0,1516.0,1818.0,2583.0,783.0,1773.0,1610.0,392.0,1878.0
Tamil Nadu,Thoothukkudi,Small Millets,Kharif,,,500.0,500.0,500.0,333.0,,,
Tamil Nadu,Thoothukkudi,Small Millets,Rabi,857.0,1688.0,1500.0,,1400.0,1000.0,500.0,,
Tamil Nadu,Thoothukkudi,Tur,Kharif,636.0,1095.0,1227.0,,,1000.0,,,
Tamil Nadu,Thoothukkudi,Tur,Rabi,,,,1167.0,1000.0,857.0,1000.0,,
Tamil Nadu,Thoothukkudi,Urad,Kharif,773.0,857.0,760.0,841.0,890.0,881.0,856.0,801.0,531.0
Tamil Nadu,Thoothukkudi,Urad,Rabi,137.0,506.0,603.0,436.0,127.0,657.0,656.0,247.0,311.0
Tamil Nadu,Tiruchirappalli,Bajra,Kharif,1101.0,2593.0,1976.0,2785.0,2633.0,2521.0,2731.0,3152.0,2634.0
Tamil Nadu,Tiruchirappalli,Bajra,Rabi,509.0,2065.0,1873.0,2612.0,1483.0,1800.0,1933.0,,
Tamil Nadu,Tiruchirappalli,Gram,Rabi,583.0,1000.0,1000.0,912.0,875.0,1000.0,,926.0,
Tamil Nadu,Tiruchirappalli,Jowar,Kharif,832.0,1926.0,1979.0,1600.0,1107.0,727.0,493.0,758.0,
Tamil Nadu,Tiruchirappalli,Jowar,Rabi,278.0,2028.0,1424.0,1619.0,2015.0,1279.0,1953.0,1876.0,2373.0
Tamil Nadu,Tiruchirappalli,Maize,Kharif,3234.0,10382.0,7598.0,9656.0,5263.0,9027.0,8751.0,6639.0,5657.0
Tamil Nadu,Tiruchirappalli,Maize,Rabi,1258.0,6692.0,6998.0,6720.0,5285.0,6069.0,6141.0,5071.0,5084.0
Tamil Nadu,Tiruchirappalli,Moong,Kharif,810.0,606.0,667.0,569.0,875.0,811.0,774.0,645.0,564.0
Tamil Nadu,Tiruchirappalli,Moong,Rabi,242.0,399.0,410.0,425.0,281.0,325.0,306.0,281.0,248.0
Tamil Nadu,Tiruchirappalli,Ragi,Kharif,2000.0,3500.0,3000.0,2667.0,3000.0,4000.0,2667.0,3432.0,3765.0
Tamil Nadu,Tiruchirappalli,Ragi,Rabi,,4000.0,3600.0,4000.0,8000.0,4000.0,,,
Tamil Nadu,Tiruchirappalli,Rice,Kharif,2830.0,4336.0,4421.0,5255.0,4834.0,4113.0,4133.0,3118.0,3932.0
Tamil Nadu,Tiruchirappalli,Rice,Rabi,,5221.0,5419.0,4169.0,3558.0,3640.0,3701.0,3982.0,3877.0
Tamil Nadu,Tiruchirappalli,Rice,Summer,,4468.0,4187.0,3981.0,3583.0,3526.0,3552.0,3764.0,3968.0
Tamil Nadu,Tiruchirappalli,Shree Anna /Nutri Cereals,Kharif,843.0,1936.0,1979.0,1609.0,1115.0,732.0,497.0,766.0,2665.0
Tamil Nadu,Tiruchirappalli,Shree Anna /Nutri Cereals,Rabi,283.0,2029.0,1430.0,1624.0,2013.0,1281.0,1953.0,1876.0,2373.0
Tamil Nadu,Tiruchirappalli,Small Millets,Kharif,,2000.0,1750.0,1833.0,1100.0,1333.0,2000.0,1426.0,
Tamil Nadu,Tiruchirappalli,Small Millets,Rabi,,,,,1200.0,1500.0,2000.0,,
Tamil Nadu,Tiruchirappalli,Tur,Kharif,541.0,1701.0,1509.0,1345.0,1168.0,580.0,1038.0,943.0,494.0
Tamil Nadu,Tiruchirappalli,Tur,Rabi,,,,1349.0,1170.0,579.0,1039.0,,
Tamil Nadu,Tiruchirappalli,Urad,Kharif,773.0,911.0,758.0,841.0,891.0,881.0,856.0,801.0,531.0
Tamil Nadu,Tiruchirappalli,Urad,Rabi,405.0,910.0,775.0,821.0,500.0,580.0,684.0,716.0,834.0
Tamil Nadu,Tirunelveli,Bajra,Kharif,2958.0,,2842.0,2000.0,,,3333.0,3152.0,2634.0
Tamil Nadu,Tirunelveli,Bajra,Rabi,500.0,2064.0,1868.0,2624.0,1600.0,,1500.0,,
Tamil Nadu,Tirunelveli,Jowar,Kharif,830.0,3626.0,3950.0,1193.0,1138.0,1070.0,831.0,996.0,1267.0
Tamil Nadu,Tirunelveli,Jowar,Rabi,339.0,1080.0,1250.0,1108.0,1000.0,761.0,800.0,658.0,1147.0
Tamil Nadu,Tirunelveli,Maize,Kharif,4552.0,9219.0,10469.0,8835.0,7319.0,8025.0,7773.0,7283.0,5923.0
Tamil Nadu,Tirunelveli,Maize,Rabi,438.0,5426.0,8786.0,4554.0,5292.0,6069.0,6140.0,5071.0,5084.0
Tamil Nadu,Tirunelveli,Moong,Kharif,807.0,615.0,675.0,571.0,1000.0,,,,564.0
Tamil Nadu,Tirunelveli,Moong,Rabi,7.0,266.0,131.0,289.0,280.0,327.0,301.0,281.0,248.0
Tamil Nadu,Tirunelveli,Ragi,Kharif,1625.0,3000.0,3429.0,2900.0,3333.0,,3000.0,3432.0,3765.0
Tamil Nadu,Tirunelveli,Ragi,Rabi,3000.0,4458.0,3333.0,4167.0,4000.0,4500.0,,,
Tamil Nadu,Tirunelveli,Rice,Kharif,3520.0,4152.0,4367.0,4121.0,4681.0,4259.0,3525.0,3280.0,3757.0
Tamil Nadu,Tirunelveli,Rice,Rabi,,4787.0,4664.0,4044.0,4558.0,4198.0,4420.0,4618.0,4389.0
Tamil Nadu,Tirunelveli,Rice,Summer,,4479.0,3996.0,3892.0,4353.0,3940.0,4374.0,4386.0,3705.0
Tamil Nadu,Tirunelveli,Shree Anna /Nutri Cereals,Kharif,883.0,3601.0,3909.0,1199.0,1172.0,1070.0,892.0,1267.0,1407.0
Tamil Nadu,Tirunelveli,Shree Anna /Nutri Cereals,Rabi,389.0,1992.0,1746.0,2051.0,1923.0,917.0,1000.0,658.0,1147.0
Tamil Nadu,Tirunelveli,Small Millets,Kharif,,,,,,,,,
Tamil Nadu,Tirunelveli,Small Millets,Rabi,,1000.0,,,,,,,
Tamil Nadu,Tirunelveli,Tur,Kharif,645.0,1083.0,1000.0,1000.0,,,,,676.0
Tamil Nadu,Tirunelveli,Tur,Rabi,,,,1000.0,1000.0,,,,
Tamil Nadu,Tirunelveli,Urad,Kharif,773.0,588.0,759.0,840.0,891.0,880.0,856.0,801.0,531.0
Tamil Nadu,Tirunelveli,Urad,Rabi,47.0,578.0,750.0,706.0,859.0,697.0,600.0,300.0,122.0
Tamil Nadu,Tirupathur,Bajra,Kharif,,,,,3127.0,3198.0,3384.0,3052.0,2987.0
Tamil Nadu,Tirupathur,Bajra,Rabi,,,,,1500.0,2273.0,,,
Tamil Nadu,Tirupathur,Gram,Rabi,,,,919.0,938.0,926.0,1000.0,,
Tamil Nadu,Tirupathur,Jowar,Kharif,,,,,1751.0,1233.0,1352.0,1086.0,1322.0
Tamil Nadu,Tirupathur,Jowar,Rabi,,,,,965.0,774.0,794.0,658.0,1147.0
Tamil Nadu,Tirupathur,Maize,Kharif,,,,,7273.0,8052.0,7798.0,7283.0,5923.0
Tamil Nadu,Tirupathur,Maize,Rabi,,,,,5291.0,6067.0,6139.0,5071.0,5084.0
Tamil Nadu,Tirupathur,Moong,Kharif,,,,,305.0,365.0,699.0,332.0,493.0
Tamil Nadu,Tirupathur,Moong,Rabi,,,,,278.0,324.0,300.0,281.0,248.0
Tamil Nadu,Tirupathur,Ragi,Kharif,,,,,1971.0,2178.0,2194.0,2769.0,3669.0
Tamil Nadu,Tirupathur,Ragi,Rabi,,,,,3353.0,4538.0,4179.0,,
Tamil Nadu,Tirupathur,Rice,Kharif,,,,,4364.0,4084.0,3848.0,3074.0,3375.0
Tamil Nadu,Tirupathur,Rice,Rabi,,,,,2921.0,3313.0,4398.0,4127.0,4290.0
Tamil Nadu,Tirupathur,Rice,Summer,,,,,4120.0,3994.0,4603.0,3839.0,3874.0
Tamil Nadu,Tirupathur,Shree Anna /Nutri Cereals,Kharif,,,,751.0,1832.0,1731.0,1849.0,1898.0,2550.0
Tamil Nadu,Tirupathur,Shree Anna /Nutri Cereals,Rabi,,,,,2850.0,3283.0,3623.0,658.0,1147.0
Tamil Nadu,Tirupathur,Small Millets,Kharif,,,,751.0,927.0,1070.0,896.0,978.0,
Tamil Nadu,Tirupathur,Tur,Kharif,,,,,565.0,630.0,1038.0,1126.0,700.0
Tamil Nadu,Tirupathur,Urad,Kharif,,,,,698.0,743.0,711.0,763.0,648.0
Tamil Nadu,Tirupathur,Urad,Rabi,,,,,516.0,636.0,655.0,470.0,457.0
Tamil Nadu,Tiruppur,Bajra,Kharif,2917.0,2355.0,2947.0,2821.0,2634.0,2496.0,2691.0,3152.0,2634.0
Tamil Nadu,Tiruppur,Bajra,Rabi,504.0,2067.0,1864.0,2654.0,1531.0,2289.0,2044.0,,
Tamil Nadu,Tiruppur,Gram,Rabi,693.0,926.0,926.0,926.0,926.0,926.0,926.0,926.0,
Tamil Nadu,Tiruppur,Jowar,Kharif,320.0,392.0,310.0,193.0,510.0,170.0,402.0,282.0,567.0
Tamil Nadu,Tiruppur,Jowar,Rabi,29.0,172.0,311.0,171.0,388.0,157.0,254.0,208.0,580.0
Tamil Nadu,Tiruppur,Maize,Kharif,4154.0,10716.0,7597.0,7907.0,10666.0,9780.0,9274.0,8073.0,8896.0
Tamil Nadu,Tiruppur,Maize,Rabi,3131.0,9495.0,6997.0,9820.0,9074.0,8516.0,9050.0,7480.0,7952.0
Tamil Nadu,Tiruppur,Moong,Kharif,810.0,609.0,685.0,575.0,881.0,814.0,787.0,645.0,564.0
Tamil Nadu,Tiruppur,Moong,Rabi,240.0,1123.0,429.0,385.0,370.0,435.0,402.0,201.0,584.0
Tamil Nadu,Tiruppur,Ragi,Kharif,,,5000.0,,,,,3432.0,
Tamil Nadu,Tiruppur,Ragi,Rabi,,,,,,3333.0,,,
Tamil Nadu,Tiruppur,Rice,Kharif,3771.0,,,,,4085.0,3850.0,3074.0,3375.0
Tamil Nadu,Tiruppur,Rice,Rabi,,5731.0,5054.0,4889.0,4337.0,4371.0,4454.0,4869.0,4645.0
Tamil Nadu,Tiruppur,Rice,Summer,,4468.0,4186.0,4303.0,4121.0,3992.0,3975.0,3839.0,3874.0
Tamil Nadu,Tiruppur,Shree Anna /Nutri Cereals,Kharif,326.0,413.0,323.0,204.0,555.0,223.0,456.0,325.0,628.0
Tamil Nadu,Tiruppur,Shree Anna /Nutri Cereals,Rabi,31.0,189.0,312.0,173.0,390.0,160.0,257.0,208.0,580.0
Tamil Nadu,Tiruppur,Small Millets,Kharif,,,,,,,,1426.0,
Tamil Nadu,Tiruppur,Small Millets,Rabi,1000.0,1000.0,,,,,,,
Tamil Nadu,Tiruppur,Tur,Kharif,660.0,1093.0,1260.0,1289.0,1069.0,952.0,1044.0,987.0,676.0
Tamil Nadu,Tiruppur,Tur,Rabi,,,,1276.0,1050.0,943.0,1059.0,,
Tamil Nadu,Tiruppur,Urad,Kharif,772.0,911.0,768.0,830.0,890.0,885.0,865.0,801.0,531.0
Tamil Nadu,Tiruppur,Urad,Rabi,361.0,675.0,607.0,776.0,517.0,634.0,655.0,470.0,457.0
Tamil Nadu,Tiruppur,Wheat,Rabi,,,,,,,,,
Tamil Nadu,Tiruvannamalai,Bajra,Kharif,2495.0,1889.0,2245.0,4198.0,3396.0,2105.0,2002.0,2670.0,2443.0
Tamil Nadu,Tiruvannamalai,Bajra,Rabi,507.0,4548.0,3996.0,3858.0,1644.0,3833.0,2474.0,,
Tamil Nadu,Tiruvannamalai,Gram,Rabi,286.0,1000.0,,,,,,,
Tamil Nadu,Tiruvannamalai,Jowar,Kharif,829.0,1140.0,1111.0,1194.0,1121.0,1067.0,765.0,996.0,1267.0
Tamil Nadu,Tiruvannamalai,Jowar,Rabi,333.0,1079.0,1231.0,1250.0,800.0,1000.0,800.0,658.0,
Tamil Nadu,Tiruvannamalai,Maize,Kharif,4554.0,9219.0,7584.0,8936.0,7273.0,8056.0,7804.0,7283.0,5923.0
Tamil Nadu,Tiruvannamalai,Maize,Rabi,1256.0,6692.0,4191.0,6735.0,5288.0,6064.0,6138.0,5071.0,5084.0
Tamil Nadu,Tiruvannamalai,Moong,Kharif,807.0,610.0,774.0,574.0,875.0,813.0,793.0,645.0,564.0
Tamil Nadu,Tiruvannamalai,Moong,Rabi,241.0,399.0,409.0,424.0,282.0,324.0,306.0,281.0,248.0
Tamil Nadu,Tiruvannamalai,Ragi,Kharif,1646.0,3425.0,3147.0,2991.0,3247.0,2808.0,2646.0,3432.0,3765.0
Tamil Nadu,Tiruvannamalai,Ragi,Rabi,2651.0,4015.0,3236.0,3299.0,3445.0,3154.0,3342.0,,
Tamil Nadu,Tiruvannamalai,Rice,Kharif,3728.0,3973.0,3539.0,4130.0,4271.0,3859.0,3907.0,3495.0,3503.0
Tamil Nadu,Tiruvannamalai,Rice,Rabi,,4232.0,4054.0,4344.0,3734.0,3178.0,3356.0,3715.0,3196.0
Tamil Nadu,Tiruvannamalai,Rice,Summer,,4624.0,4304.0,4176.0,4425.0,4188.0,4218.0,4043.0,4312.0
Tamil Nadu,Tiruvannamalai,Shree Anna /Nutri Cereals,Kharif,1674.0,1715.0,2092.0,2954.0,2509.0,1759.0,1622.0,2055.0,2575.0
Tamil Nadu,Tiruvannamalai,Shree Anna /Nutri Cereals,Rabi,2268.0,3871.0,3292.0,3348.0,3180.0,3175.0,3325.0,658.0,
Tamil Nadu,Tiruvannamalai,Small Millets,Kharif,1260.0,1189.0,1985.0,2126.0,1551.0,1407.0,1341.0,1370.0,
Tamil Nadu,Tiruvannamalai,Small Millets,Rabi,,692.0,,,1333.0,,2000.0,,
Tamil Nadu,Tiruvannamalai,Tur,Kharif,979.0,1675.0,1268.0,1439.0,1155.0,1498.0,1038.0,862.0,865.0
Tamil Nadu,Tiruvannamalai,Tur,Rabi,,,,1441.0,1154.0,1497.0,1037.0,,
Tamil Nadu,Tiruvannamalai,Urad,Kharif,484.0,686.0,410.0,666.0,771.0,766.0,893.0,780.0,328.0
Tamil Nadu,Tiruvannamalai,Urad,Rabi,419.0,675.0,641.0,921.0,1004.0,831.0,888.0,743.0,804.0
Tamil Nadu,Vellore,Bajra,Kharif,2858.0,2622.0,2302.0,3105.0,3666.0,2681.0,3665.0,3017.0,3025.0
Tamil Nadu,Vellore,Bajra,Rabi,526.0,2000.0,2000.0,2559.0,2000.0,,,,
Tamil Nadu,Vellore,Gram,Rabi,471.0,1000.0,929.0,,,,,,
Tamil Nadu,Vellore,Jowar,Kharif,1313.0,1536.0,1625.0,1433.0,1360.0,2354.0,1237.0,1563.0,1682.0
Tamil Nadu,Vellore,Jowar,Rabi,341.0,1079.0,1253.0,1114.0,965.0,,,,1717.0
Tamil Nadu,Vellore,Maize,Kharif,4554.0,9219.0,7597.0,8928.0,7245.0,8050.0,7777.0,7283.0,5923.0
Tamil Nadu,Vellore,Maize,Rabi,4225.0,6692.0,6999.0,6717.0,5280.0,6061.0,6152.0,5071.0,5084.0
Tamil Nadu,Vellore,Moong,Kharif,537.0,702.0,593.0,605.0,312.0,684.0,595.0,583.0,418.0
Tamil Nadu,Vellore,Moong,Rabi,239.0,398.0,410.0,424.0,500.0,286.0,250.0,281.0,248.0
Tamil Nadu,Vellore,Ragi,Kharif,2000.0,2457.0,1210.0,2237.0,,3000.0,2333.0,3432.0,3765.0
Tamil Nadu,Vellore,Ragi,Rabi,3669.0,4063.0,4238.0,4170.0,4458.0,4385.0,4634.0,,
Tamil Nadu,Vellore,Rice,Kharif,4196.0,4232.0,4613.0,4533.0,4358.0,4084.0,3849.0,3074.0,3375.0
Tamil Nadu,Vellore,Rice,Rabi,,4582.0,4302.0,4205.0,3917.0,3313.0,3284.0,3204.0,3107.0
Tamil Nadu,Vellore,Rice,Summer,,4919.0,4826.0,4635.0,4527.0,3993.0,3975.0,4057.0,3185.0
Tamil Nadu,Vellore,Shree Anna /Nutri Cereals,Kharif,1646.0,1806.0,1553.0,1786.0,1462.0,2003.0,1312.0,1691.0,1823.0
Tamil Nadu,Vellore,Shree Anna /Nutri Cereals,Rabi,3447.0,3949.0,3754.0,3594.0,3551.0,4385.0,4634.0,,1717.0
Tamil Nadu,Vellore,Small Millets,Kharif,804.0,1050.0,916.0,949.0,788.0,786.0,961.0,1159.0,
Tamil Nadu,Vellore,Small Millets,Rabi,,,907.0,,,,,,
Tamil Nadu,Vellore,Tur,Kharif,938.0,1149.0,1092.0,1117.0,896.0,717.0,1039.0,1040.0,661.0
Tamil Nadu,Vellore,Tur,Rabi,,,,836.0,,667.0,,,
Tamil Nadu,Vellore,Urad,Kharif,773.0,911.0,686.0,983.0,759.0,658.0,686.0,764.0,769.0
Tamil Nadu,Vellore,Urad,Rabi,361.0,675.0,607.0,776.0,517.0,634.0,655.0,470.0,457.0
Tamil Nadu,Viluppuram,Bajra,Kharif,2839.0,2161.0,2861.0,2525.0,2542.0,3565.0,3483.0,3819.0,3011.0
Tamil Nadu,Viluppuram,Bajra,Rabi,2452.0,2065.0,2212.0,2993.0,3638.0,,2000.0,,
Tamil Nadu,Viluppuram,Jowar,Kharif,830.0,1139.0,1145.0,1194.0,1116.0,1065.0,857.0,996.0,1267.0
Tamil Nadu,Viluppuram,Jowar,Rabi,336.0,1078.0,1244.0,1138.0,875.0,750.0,750.0,658.0,1147.0
Tamil Nadu,Viluppuram,Maize,Kharif,10763.0,9102.0,7598.0,9035.0,7266.0,8056.0,7800.0,7283.0,5923.0
Tamil Nadu,Viluppuram,Maize,Rabi,6419.0,8040.0,3490.0,8253.0,5270.0,6062.0,6152.0,5071.0,5084.0
Tamil Nadu,Viluppuram,Moong,Kharif,735.0,609.0,676.0,575.0,878.0,767.0,857.0,645.0,564.0
Tamil Nadu,Viluppuram,Moong,Rabi,240.0,399.0,409.0,424.0,282.0,325.0,306.0,281.0,248.0
Tamil Nadu,Viluppuram,Ragi,Kharif,1645.0,3425.0,3145.0,2994.0,3245.0,2813.0,2647.0,3432.0,3765.0
Tamil Nadu,Viluppuram,Ragi,Rabi,1883.0,2721.0,2635.0,2873.0,2484.0,2072.0,2793.0,,
Tamil Nadu,Viluppuram,Rice,Kharif,3707.0,4594.0,4221.0,4507.0,4172.0,4022.0,4335.0,3302.0,3233.0
Tamil Nadu,Viluppuram,Rice,Rabi,,4363.0,4504.0,4147.0,3578.0,3526.0,3832.0,3910.0,3076.0
Tamil Nadu,Viluppuram,Rice,Summer,,4060.0,4553.0,4197.0,4379.0,3693.0,3143.0,3307.0,3406.0
Tamil Nadu,Viluppuram,Shree Anna /Nutri Cereals,Kharif,2624.0,2103.0,2782.0,2428.0,2335.0,3300.0,3343.0,3604.0,3030.0
Tamil Nadu,Viluppuram,Shree Anna /Nutri Cereals,Rabi,1959.0,2212.0,2464.0,2897.0,2537.0,2007.0,2471.0,658.0,1147.0
Tamil Nadu,Viluppuram,Small Millets,Kharif,597.0,534.0,1010.0,521.0,470.0,529.0,495.0,470.0,
Tamil Nadu,Viluppuram,Small Millets,Rabi,590.0,588.0,1250.0,,1286.0,1571.0,750.0,,
Tamil Nadu,Viluppuram,Tur,Kharif,171.0,1093.0,1249.0,1276.0,1111.0,1000.0,1000.0,,
Tamil Nadu,Viluppuram,Tur,Rabi,,,,1290.0,1000.0,1000.0,,,
Tamil Nadu,Viluppuram,Urad,Kharif,828.0,547.0,864.0,669.0,785.0,878.0,787.0,874.0,766.0
Tamil Nadu,Viluppuram,Urad,Rabi,485.0,1002.0,773.0,1144.0,904.0,948.0,1008.0,871.0,836.0
Tamil Nadu,Virudhunagar,Bajra,Kharif,2968.0,2351.0,2857.0,2782.0,2636.0,2586.0,2722.0,3152.0,2634.0
Tamil Nadu,Virudhunagar,Bajra,Rabi,944.0,2516.0,2896.0,3600.0,2698.0,3294.0,3272.0,,
Tamil Nadu,Virudhunagar,Gram,Rabi,571.0,857.0,1000.0,,1000.0,,1000.0,,
Tamil Nadu,Virudhunagar,Jowar,Kharif,1025.0,1139.0,3255.0,1651.0,1871.0,1611.0,1307.0,1606.0,1978.0
Tamil Nadu,Virudhunagar,Jowar,Rabi,1023.0,2514.0,2677.0,2429.0,1817.0,2014.0,2462.0,1684.0,1683.0
Tamil Nadu,Virudhunagar,Maize,Kharif,4553.0,9219.0,10066.0,6320.0,5200.0,5669.0,4233.0,4848.0,4857.0
Tamil Nadu,Virudhunagar,Maize,Rabi,624.0,5586.0,7807.0,7729.0,5243.0,6650.0,5974.0,4885.0,4344.0
Tamil Nadu,Virudhunagar,Moong,Kharif,808.0,609.0,673.0,878.0,709.0,866.0,267.0,586.0,239.0
Tamil Nadu,Virudhunagar,Moong,Rabi,268.0,386.0,629.0,480.0,347.0,451.0,462.0,304.0,349.0
Tamil Nadu,Virudhunagar,Ragi,Kharif,1500.0,3429.0,3571.0,3000.0,3190.0,,,,
Tamil Nadu,Virudhunagar,Ragi,Rabi,3125.0,4468.0,3552.0,4000.0,4158.0,4122.0,4211.0,,
Tamil Nadu,Virudhunagar,Rice,Kharif,1149.0,4000.0,4296.0,4093.0,4367.0,4083.0,3846.0,3074.0,3375.0
Tamil Nadu,Virudhunagar,Rice,Rabi,,3813.0,3361.0,3268.0,3438.0,3114.0,3246.0,2822.0,2746.0
Tamil Nadu,Virudhunagar,Rice,Summer,,3685.0,4138.0,3837.0,3584.0,2411.0,3569.0,3010.0,3108.0
Tamil Nadu,Virudhunagar,Shree Anna /Nutri Cereals,Kharif,1105.0,1162.0,3190.0,1670.0,1863.0,1600.0,1341.0,1627.0,1984.0
Tamil Nadu,Virudhunagar,Shree Anna /Nutri Cereals,Rabi,1017.0,2521.0,2702.0,2537.0,1937.0,2173.0,2550.0,1684.0,1683.0
Tamil Nadu,Virudhunagar,Small Millets,Kharif,667.0,1882.0,556.0,981.0,943.0,487.0,1869.0,470.0,
Tamil Nadu,Virudhunagar,Small Millets,Rabi,245.0,1622.0,1842.0,,1248.0,1573.0,1626.0,,
Tamil Nadu,Virudhunagar,Tur,Kharif,655.0,1092.0,1248.0,1280.0,1055.0,935.0,1040.0,987.0,676.0
Tamil Nadu,Virudhunagar,Tur,Rabi,,,,1266.0,1042.0,935.0,1038.0,,
Tamil Nadu,Virudhunagar,Urad,Kharif,773.0,911.0,759.0,840.0,890.0,882.0,857.0,801.0,531.0
Tamil Nadu,Virudhunagar,Urad,Rabi,361.0,675.0,607.0,776.0,517.0,634.0,655.0,470.0,457.0
Telangana,Adilabad,Bajra,Kharif,,,,1214.0,,,,,1029.0
Telangana,Adilabad,Bajra,Rabi,,,,1000.0,917.0,1000.0,,,
Telangana,Adilabad,Gram,Kharif,,,,,,,1500.0,,
Telangana,Adilabad,Gram,Rabi,1551.0,1742.0,1858.0,1648.0,1824.0,1453.0,1606.0,1797.0,1984.0
Telangana,Adilabad,Jowar,Kharif,965.0,741.0,719.0,1046.0,830.0,412.0,420.0,566.0,272.0
Telangana,Adilabad,Jowar,Rabi,867.0,1269.0,1271.0,2272.0,2725.0,1790.0,1464.0,1706.0,2108.0
Telangana,Adilabad,Maize,Kharif,3457.0,3451.0,3104.0,4839.0,4593.0,4569.0,4554.0,2884.0,4659.0
Telangana,Adilabad,Maize,Rabi,6805.0,10982.0,5577.0,6557.0,6530.0,4429.0,5891.0,5667.0,4754.0
Telangana,Adilabad,Moong,Kharif,646.0,704.0,823.0,652.0,465.0,401.0,573.0,561.0,622.0
Telangana,Adilabad,Moong,Rabi,929.0,833.0,1000.0,952.0,953.0,957.0,679.0,619.0,989.0
Telangana,Adilabad,Rice,Kharif,2580.0,2399.0,3174.0,3634.0,2949.0,3296.0,3498.0,3630.0,3640.0
Telangana,Adilabad,Rice,Rabi,3793.0,3600.0,3405.0,3721.0,3884.0,3571.0,3447.0,3567.0,3613.0
Telangana,Adilabad,Shree Anna /Nutri Cereals,Kharif,965.0,741.0,719.0,1066.0,830.0,412.0,420.0,566.0,273.0
Telangana,Adilabad,Shree Anna /Nutri Cereals,Rabi,867.0,1269.0,1271.0,2272.0,2724.0,1790.0,1464.0,1706.0,2108.0
Telangana,Adilabad,Small Millets,Kharif,,,,1721.0,,,,,
Telangana,Adilabad,Small Millets,Rabi,1000.0,,,,,,,,
Telangana,Adilabad,Tur,Kharif,1104.0,1077.0,1331.0,1243.0,907.0,992.0,997.0,844.0,814.0
Telangana,Adilabad,Tur,Rabi,1000.0,,,,900.0,744.0,1771.0,,
Telangana,Adilabad,Urad,Kharif,722.0,736.0,918.0,595.0,291.0,492.0,610.0,626.0,610.0
Telangana,Adilabad,Urad,Rabi,,,1500.0,1778.0,1860.0,1292.0,1579.0,1489.0,1763.0
Telangana,Adilabad,Wheat,Kharif,,,,,,,2048.0,,
Telangana,Adilabad,Wheat,Rabi,1571.0,1103.0,1715.0,1971.0,3284.0,2578.0,2070.0,1850.0,1749.0
Telangana,Bhadradri Kothagudem,Bajra,Rabi,857.0,,,,,1000.0,,,
Telangana,Bhadradri Kothagudem,Gram,Rabi,,2000.0,,,1750.0,1438.0,1500.0,,
Telangana,Bhadradri Kothagudem,Jowar,Kharif,1000.0,,,1167.0,750.0,667.0,700.0,,
Telangana,Bhadradri Kothagudem,Jowar,Rabi,1191.0,1350.0,1650.0,2129.0,2529.0,2234.0,2063.0,627.0,497.0
Telangana,Bhadradri Kothagudem,Maize,Kharif,4173.0,4125.0,2511.0,5235.0,3792.0,4851.0,4826.0,4537.0,3461.0
Telangana,Bhadradri Kothagudem,Maize,Rabi,8707.0,7452.0,6331.0,5851.0,6498.0,6122.0,6425.0,5567.0,4900.0
Telangana,Bhadradri Kothagudem,Moong,Kharif,440.0,638.0,633.0,792.0,414.0,102.0,313.0,687.0,643.0
Telangana,Bhadradri Kothagudem,Moong,Rabi,903.0,852.0,815.0,720.0,951.0,1063.0,849.0,680.0,802.0
Telangana,Bhadradri Kothagudem,Ragi,Kharif,,,,,,1500.0,,,
Telangana,Bhadradri Kothagudem,Ragi,Rabi,,,,,,1667.0,,,
Telangana,Bhadradri Kothagudem,Rice,Kharif,3506.0,3083.0,3285.0,3667.0,3160.0,3185.0,3470.0,3327.0,3581.0
Telangana,Bhadradri Kothagudem,Rice,Rabi,4111.0,3769.0,4066.0,3294.0,1540.0,3161.0,3573.0,3442.0,3133.0
Telangana,Bhadradri Kothagudem,Shree Anna /Nutri Cereals,Kharif,1000.0,,,1250.0,750.0,826.0,700.0,,
Telangana,Bhadradri Kothagudem,Shree Anna /Nutri Cereals,Rabi,1067.0,1350.0,1650.0,2129.0,2529.0,2225.0,2060.0,627.0,497.0
Telangana,Bhadradri Kothagudem,Small Millets,Kharif,,,,1500.0,,1000.0,,,
Telangana,Bhadradri Kothagudem,Small Millets,Rabi,,,,,,,1000.0,,
Telangana,Bhadradri Kothagudem,Tur,Kharif,445.0,798.0,1262.0,516.0,717.0,1068.0,899.0,1051.0,999.0
Telangana,Bhadradri Kothagudem,Tur,Rabi,450.0,800.0,1273.0,545.0,,738.0,1125.0,,
Telangana,Bhadradri Kothagudem,Urad,Kharif,815.0,804.0,862.0,920.0,738.0,793.0,2070.0,1194.0,790.0
Telangana,Bhadradri Kothagudem,Urad,Rabi,817.0,879.0,1481.0,1801.0,1910.0,1250.0,1000.0,943.0,1297.0
Telangana,Bhadradri Kothagudem,Wheat,Rabi,,,,,,2000.0,,,
Telangana,Hanumakonda,Bajra,Kharif,,,,,,1000.0,,,
Telangana,Hanumakonda,Bajra,Rabi,,,,,,,3000.0,,
Telangana,Hanumakonda,Gram,Kharif,,,,,,0.0,2000.0,,
Telangana,Hanumakonda,Gram,Rabi,1301.0,1515.0,1569.0,1528.0,1681.0,494.0,2000.0,1666.0,1762.0
Telangana,Hanumakonda,Jowar,Kharif,,1000.0,,1194.0,825.0,667.0,625.0,808.0,819.0
Telangana,Hanumakonda,Jowar,Rabi,,,,,2500.0,2000.0,2000.0,2361.0,2479.0
Telangana,Hanumakonda,Maize,Kharif,4250.0,5533.0,4296.0,5483.0,6981.0,5722.0,5289.0,4746.0,5210.0
Telangana,Hanumakonda,Maize,Rabi,7345.0,7568.0,6156.0,7252.0,7724.0,8278.0,7647.0,6397.0,6481.0
Telangana,Hanumakonda,Moong,Kharif,784.0,636.0,629.0,788.0,427.0,93.0,654.0,687.0,643.0
Telangana,Hanumakonda,Moong,Rabi,903.0,827.0,947.0,943.0,956.0,955.0,1000.0,522.0,989.0
Telangana,Hanumakonda,Ragi,Kharif,,,,1556.0,2000.0,,,,
Telangana,Hanumakonda,Rice,Kharif,3436.0,2463.0,3502.0,3501.0,2889.0,3298.0,3587.0,3943.0,3515.0
Telangana,Hanumakonda,Rice,Rabi,3772.0,4238.0,3280.0,3798.0,3679.0,3928.0,3864.0,3667.0,3223.0
Telangana,Hanumakonda,Shree Anna /Nutri Cereals,Kharif,,1000.0,,1357.0,854.0,714.0,625.0,808.0,889.0
Telangana,Hanumakonda,Shree Anna /Nutri Cereals,Rabi,,,,,2500.0,2000.0,2500.0,2361.0,2479.0
Telangana,Hanumakonda,Small Millets,Kharif,,,,1727.0,,667.0,,,1881.0
Telangana,Hanumakonda,Tur,Kharif,556.0,798.0,647.0,903.0,776.0,644.0,431.0,631.0,545.0
Telangana,Hanumakonda,Tur,Rabi,571.0,,,,789.0,733.0,1000.0,,
Telangana,Hanumakonda,Urad,Kharif,846.0,1000.0,,958.0,778.0,857.0,667.0,,
Telangana,Hanumakonda,Urad,Rabi,820.0,879.0,1488.0,1806.0,2000.0,1299.0,1625.0,1489.0,1763.0
Telangana,Hanumakonda,Wheat,Rabi,,,,,,2000.0,2000.0,1714.0,1973.0
Telangana,Jagitial,Bajra,Kharif,,,,,,,,,1029.0
Telangana,Jagitial,Bajra,Rabi,870.0,1057.0,497.0,1216.0,929.0,1003.0,3278.0,,
Telangana,Jagitial,Gram,Rabi,1301.0,1518.0,1568.0,1531.0,1664.0,1545.0,2056.0,2376.0,2233.0
Telangana,Jagitial,Jowar,Kharif,,,,,1000.0,750.0,,,
Telangana,Jagitial,Jowar,Rabi,1190.0,1351.0,1653.0,2125.0,2515.0,2635.0,2071.0,3499.0,2479.0
Telangana,Jagitial,Maize,Kharif,4542.0,4461.0,6353.0,5844.0,6561.0,5991.0,6419.0,8089.0,6391.0
Telangana,Jagitial,Maize,Rabi,6819.0,4503.0,4538.0,5543.0,6418.0,8367.0,7020.0,6669.0,6503.0
Telangana,Jagitial,Moong,Kharif,608.0,973.0,547.0,621.0,863.0,537.0,404.0,687.0,643.0
Telangana,Jagitial,Moong,Rabi,972.0,819.0,970.0,1094.0,1007.0,824.0,1110.0,988.0,1029.0
Telangana,Jagitial,Rice,Kharif,3789.0,2719.0,4251.0,4456.0,3168.0,3528.0,3611.0,3816.0,3723.0
Telangana,Jagitial,Rice,Rabi,3742.0,3500.0,3780.0,3819.0,4297.0,3822.0,3616.0,3824.0,3881.0
Telangana,Jagitial,Shree Anna /Nutri Cereals,Kharif,,,,,1000.0,750.0,,,1029.0
Telangana,Jagitial,Shree Anna /Nutri Cereals,Rabi,892.0,1090.0,563.0,1244.0,1085.0,1371.0,3042.0,3499.0,2479.0
Telangana,Jagitial,Tur,Kharif,939.0,636.0,1649.0,690.0,984.0,992.0,662.0,530.0,1096.0
Telangana,Jagitial,Tur,Rabi,,,,,2000.0,750.0,1333.0,,
Telangana,Jagitial,Urad,Kharif,1000.0,,,,,750.0,1000.0,721.0,
Telangana,Jagitial,Urad,Rabi,817.0,1032.0,1135.0,1121.0,1233.0,818.0,1040.0,1073.0,1650.0
Telangana,Jagitial,Wheat,Rabi,,,,,,2009.0,2000.0,,1973.0
Telangana,Jangoan,Bajra,Kharif,,,,,1000.0,,,,1000.0
Telangana,Jangoan,Gram,Kharif,,,,,,,1000.0,,
Telangana,Jangoan,Gram,Rabi,1300.0,1519.0,1571.0,1531.0,1692.0,534.0,1000.0,,1762.0
Telangana,Jangoan,Jowar,Kharif,852.0,929.0,1000.0,1180.0,800.0,667.0,667.0,808.0,
Telangana,Jangoan,Jowar,Rabi,1191.0,1357.0,1625.0,2133.0,2522.0,1986.0,2057.0,1622.0,2479.0
Telangana,Jangoan,Maize,Kharif,4250.0,4880.0,5712.0,5498.0,5041.0,4505.0,4998.0,4724.0,4724.0
Telangana,Jangoan,Maize,Rabi,5919.0,5411.0,5203.0,7909.0,8229.0,7070.0,5888.0,5835.0,4373.0
Telangana,Jangoan,Moong,Kharif,783.0,563.0,520.0,897.0,32.0,554.0,491.0,355.0,698.0
Telangana,Jangoan,Moong,Rabi,901.0,829.0,944.0,955.0,956.0,959.0,227.0,563.0,989.0
Telangana,Jangoan,Ragi,Kharif,,,,1667.0,,,,,
Telangana,Jangoan,Rice,Kharif,3436.0,2511.0,3102.0,3197.0,2797.0,3208.0,2903.0,2466.0,2848.0
Telangana,Jangoan,Rice,Rabi,3608.0,3529.0,2799.0,3546.0,3793.0,3188.0,2161.0,2654.0,2754.0
Telangana,Jangoan,Shree Anna /Nutri Cereals,Kharif,852.0,929.0,1000.0,1254.0,795.0,667.0,667.0,808.0,1000.0
Telangana,Jangoan,Shree Anna /Nutri Cereals,Rabi,1191.0,1357.0,1625.0,2133.0,2522.0,1982.0,2057.0,1622.0,2479.0
Telangana,Jangoan,Small Millets,Kharif,,,,1714.0,667.0,,,,
Telangana,Jangoan,Small Millets,Rabi,,,,,,1000.0,,,
Telangana,Jangoan,Tur,Kharif,556.0,1117.0,780.0,924.0,539.0,410.0,462.0,356.0,487.0
Telangana,Jangoan,Tur,Rabi,556.0,1100.0,750.0,889.0,532.0,914.0,727.0,,
Telangana,Jangoan,Urad,Kharif,,818.0,875.0,933.0,833.0,750.0,682.0,721.0,790.0
Telangana,Jangoan,Urad,Rabi,820.0,886.0,1467.0,1778.0,1872.0,1297.0,1571.0,486.0,1763.0
Telangana,Jangoan,Wheat,Kharif,,,,,,,2000.0,,
Telangana,Jangoan,Wheat,Rabi,,,,,3000.0,2000.0,2000.0,,
Telangana,Jayashankar Bhupalapally,Bajra,Kharif,,,,,,,1000.0,,
Telangana,Jayashankar Bhupalapally,Bajra,Rabi,,1000.0,,,,,,,
Telangana,Jayashankar Bhupalapally,Gram,Kharif,,,,,,1333.0,,,
Telangana,Jayashankar Bhupalapally,Gram,Rabi,1299.0,1516.0,1568.0,1528.0,1629.0,1444.0,1583.0,,1762.0
Telangana,Jayashankar Bhupalapally,Jowar,Kharif,,,,,,,636.0,,
Telangana,Jayashankar Bhupalapally,Jowar,Rabi,1143.0,1333.0,1500.0,,3000.0,2000.0,2058.0,2361.0,2479.0
Telangana,Jayashankar Bhupalapally,Maize,Kharif,4250.0,7004.0,6800.0,4848.0,4714.0,4555.0,4553.0,4350.0,4814.0
Telangana,Jayashankar Bhupalapally,Maize,Rabi,5985.0,9749.0,7293.0,6981.0,8781.0,8312.0,7055.0,7358.0,5959.0
Telangana,Jayashankar Bhupalapally,Moong,Kharif,784.0,638.0,629.0,789.0,414.0,772.0,867.0,687.0,643.0
Telangana,Jayashankar Bhupalapally,Moong,Rabi,903.0,669.0,707.0,947.0,943.0,950.0,1130.0,1045.0,989.0
Telangana,Jayashankar Bhupalapally,Ragi,Kharif,,,,1571.0,,,1500.0,,
Telangana,Jayashankar Bhupalapally,Ragi,Rabi,,,,,,,938.0,,
Telangana,Jayashankar Bhupalapally,Rice,Kharif,3389.0,2473.0,3646.0,3208.0,2713.0,2939.0,3253.0,3455.0,3220.0
Telangana,Jayashankar Bhupalapally,Rice,Rabi,3633.0,3497.0,3324.0,3590.0,3825.0,2888.0,3093.0,3676.0,3270.0
Telangana,Jayashankar Bhupalapally,Shree Anna /Nutri Cereals,Kharif,,,,1647.0,,,875.0,,
Telangana,Jayashankar Bhupalapally,Shree Anna /Nutri Cereals,Rabi,1143.0,1143.0,1500.0,,3000.0,2000.0,1878.0,2361.0,2479.0
Telangana,Jayashankar Bhupalapally,Small Millets,Kharif,,,,1700.0,,,,,
Telangana,Jayashankar Bhupalapally,Small Millets,Rabi,,,,,,,1000.0,,
Telangana,Jayashankar Bhupalapally,Tur,Kharif,556.0,796.0,600.0,897.0,769.0,766.0,889.0,812.0,934.0
Telangana,Jayashankar Bhupalapally,Tur,Rabi,554.0,818.0,667.0,1000.0,750.0,750.0,1000.0,,
Telangana,Jayashankar Bhupalapally,Urad,Kharif,811.0,833.0,833.0,1000.0,727.0,800.0,,721.0,790.0
Telangana,Jayashankar Bhupalapally,Urad,Rabi,816.0,731.0,677.0,1801.0,1881.0,678.0,1563.0,1489.0,1763.0
Telangana,Jayashankar Bhupalapally,Wheat,Rabi,,,,,,,2000.0,,
Telangana,Jogulamba Gadwal,Bajra,Kharif,1061.0,1169.0,503.0,1502.0,987.0,1406.0,847.0,3479.0,1013.0
Telangana,Jogulamba Gadwal,Bajra,Rabi,1000.0,,,1510.0,975.0,1000.0,3250.0,,
Telangana,Jogulamba Gadwal,Gram,Rabi,657.0,1312.0,411.0,1117.0,1686.0,1418.0,1478.0,1461.0,1516.0
Telangana,Jogulamba Gadwal,Jowar,Kharif,795.0,946.0,926.0,1184.0,813.0,667.0,672.0,808.0,819.0
Telangana,Jogulamba Gadwal,Jowar,Rabi,1275.0,3018.0,2069.0,2330.0,2655.0,1072.0,975.0,1415.0,1274.0
Telangana,Jogulamba Gadwal,Maize,Kharif,1091.0,5640.0,2705.0,4929.0,2441.0,5246.0,4141.0,3501.0,4427.0
Telangana,Jogulamba Gadwal,Maize,Rabi,6805.0,3990.0,3543.0,3774.0,5915.0,3929.0,3771.0,4038.0,5024.0
Telangana,Jogulamba Gadwal,Moong,Kharif,646.0,642.0,,,433.0,667.0,667.0,687.0,643.0
Telangana,Jogulamba Gadwal,Moong,Rabi,882.0,667.0,949.0,950.0,944.0,958.0,1230.0,951.0,989.0
Telangana,Jogulamba Gadwal,Ragi,Kharif,,,,1500.0,,1667.0,,,
Telangana,Jogulamba Gadwal,Rice,Kharif,2518.0,2276.0,2567.0,3184.0,2854.0,2541.0,3400.0,3002.0,3180.0
Telangana,Jogulamba Gadwal,Rice,Rabi,2657.0,2544.0,2811.0,3170.0,3121.0,2995.0,3175.0,2694.0,2982.0
Telangana,Jogulamba Gadwal,Shree Anna /Nutri Cereals,Kharif,956.0,1152.0,617.0,1371.0,868.0,1102.0,824.0,3441.0,1479.0
Telangana,Jogulamba Gadwal,Shree Anna /Nutri Cereals,Rabi,1275.0,3018.0,2069.0,2243.0,2373.0,1028.0,1004.0,1415.0,1274.0
Telangana,Jogulamba Gadwal,Small Millets,Kharif,939.0,1329.0,867.0,1500.0,396.0,722.0,1038.0,,1880.0
Telangana,Jogulamba Gadwal,Small Millets,Rabi,,,,1500.0,392.0,721.0,1045.0,,
Telangana,Jogulamba Gadwal,Tur,Kharif,546.0,637.0,296.0,647.0,623.0,512.0,876.0,636.0,834.0
Telangana,Jogulamba Gadwal,Tur,Rabi,,667.0,292.0,649.0,620.0,680.0,1191.0,,
Telangana,Jogulamba Gadwal,Urad,Kharif,817.0,806.0,800.0,947.0,747.0,791.0,750.0,721.0,1415.0
Telangana,Jogulamba Gadwal,Urad,Rabi,817.0,880.0,1480.0,1800.0,1877.0,886.0,1140.0,1263.0,1430.0
Telangana,Jogulamba Gadwal,Wheat,Rabi,,,,1750.0,2667.0,2000.0,,1714.0,1973.0
Telangana,Kamareddy,Bajra,Kharif,,,,,833.0,,,,
Telangana,Kamareddy,Bajra,Rabi,,,,,800.0,1000.0,,,
Telangana,Kamareddy,Gram,Rabi,1340.0,1687.0,1617.0,1569.0,1754.0,1421.0,1568.0,1764.0,1754.0
Telangana,Kamareddy,Jowar,Kharif,584.0,941.0,930.0,1185.0,807.0,684.0,700.0,,819.0
Telangana,Kamareddy,Jowar,Rabi,1817.0,1459.0,2631.0,3749.0,3989.0,2865.0,3932.0,3631.0,3597.0
Telangana,Kamareddy,Maize,Kharif,5265.0,5352.0,6170.0,6133.0,5225.0,5564.0,4419.0,5822.0,6421.0
Telangana,Kamareddy,Maize,Rabi,4460.0,5222.0,4671.0,7036.0,8417.0,6779.0,6311.0,6406.0,8188.0
Telangana,Kamareddy,Moong,Kharif,857.0,918.0,1104.0,1009.0,890.0,572.0,791.0,642.0,770.0
Telangana,Kamareddy,Moong,Rabi,898.0,829.0,944.0,944.0,962.0,956.0,1000.0,528.0,989.0
Telangana,Kamareddy,Ragi,Kharif,1000.0,,,2000.0,1364.0,2000.0,,,898.0
Telangana,Kamareddy,Rice,Kharif,3944.0,3034.0,4252.0,4510.0,3296.0,3800.0,4290.0,4430.0,4635.0
Telangana,Kamareddy,Rice,Rabi,3868.0,3802.0,3756.0,4151.0,4332.0,4323.0,3549.0,4231.0,4076.0
Telangana,Kamareddy,Shree Anna /Nutri Cereals,Kharif,588.0,941.0,930.0,1199.0,854.0,750.0,714.0,,840.0
Telangana,Kamareddy,Shree Anna /Nutri Cereals,Rabi,1817.0,1459.0,2631.0,3749.0,3987.0,2865.0,3932.0,3631.0,3597.0
Telangana,Kamareddy,Small Millets,Kharif,,,,1667.0,1000.0,,1000.0,,
Telangana,Kamareddy,Tur,Kharif,625.0,1131.0,1364.0,1310.0,1077.0,877.0,1072.0,627.0,1094.0
Telangana,Kamareddy,Tur,Rabi,,,,,,750.0,1500.0,,
Telangana,Kamareddy,Urad,Kharif,1104.0,1029.0,1157.0,1112.0,865.0,597.0,712.0,612.0,825.0
Telangana,Kamareddy,Urad,Rabi,1100.0,889.0,1475.0,1818.0,1929.0,1295.0,1568.0,1169.0,1763.0
Telangana,Kamareddy,Wheat,Rabi,906.0,1909.0,2416.0,1643.0,2315.0,1989.0,1628.0,1397.0,1785.0
Telangana,Karimnagar,Bajra,Kharif,,,,,1000.0,,,,1000.0
Telangana,Karimnagar,Bajra,Rabi,,,,,1000.0,1000.0,,,
Telangana,Karimnagar,Gram,Rabi,1299.0,1518.0,1570.0,1529.0,1682.0,850.0,1053.0,1055.0,1762.0
Telangana,Karimnagar,Jowar,Kharif,,,,1000.0,778.0,500.0,1000.0,808.0,
Telangana,Karimnagar,Jowar,Rabi,,,,,3333.0,2000.0,,2361.0,
Telangana,Karimnagar,Maize,Kharif,4542.0,4677.0,5667.0,6235.0,4582.0,5092.0,4631.0,6217.0,6748.0
Telangana,Karimnagar,Maize,Rabi,8354.0,7372.0,6953.0,6121.0,7644.0,6895.0,5927.0,8569.0,8022.0
Telangana,Karimnagar,Moong,Kharif,607.0,638.0,628.0,788.0,413.0,421.0,500.0,687.0,643.0
Telangana,Karimnagar,Moong,Rabi,901.0,829.0,949.0,950.0,951.0,222.0,688.0,508.0,989.0
Telangana,Karimnagar,Rice,Kharif,3789.0,2908.0,3791.0,3365.0,3010.0,3121.0,3259.0,3746.0,3573.0
Telangana,Karimnagar,Rice,Rabi,4235.0,4215.0,3684.0,3910.0,4327.0,3744.0,3155.0,3858.0,3917.0
Telangana,Karimnagar,Shree Anna /Nutri Cereals,Kharif,,,,1636.0,762.0,500.0,1000.0,808.0,1000.0
Telangana,Karimnagar,Shree Anna /Nutri Cereals,Rabi,,,,,3000.0,1957.0,,2361.0,
Telangana,Karimnagar,Small Millets,Kharif,,,,1700.0,500.0,,,,
Telangana,Karimnagar,Tur,Kharif,939.0,798.0,647.0,968.0,786.0,953.0,554.0,1110.0,1393.0
Telangana,Karimnagar,Tur,Rabi,,,,,667.0,750.0,,,
Telangana,Karimnagar,Urad,Kharif,826.0,808.0,837.0,1000.0,1000.0,,750.0,721.0,
Telangana,Karimnagar,Urad,Rabi,821.0,862.0,1480.0,1750.0,3500.0,1292.0,2000.0,1489.0,1763.0
Telangana,Karimnagar,Wheat,Rabi,,,,,,2000.0,,1714.0,
Telangana,Khammam,Bajra,Kharif,1000.0,,,,,1000.0,,,
Telangana,Khammam,Bajra,Rabi,,,,1000.0,,,,,
Telangana,Khammam,Gram,Kharif,,,,,,1400.0,,,
Telangana,Khammam,Gram,Rabi,1295.0,1529.0,1591.0,1600.0,1667.0,1404.0,1600.0,1686.0,1762.0
Telangana,Khammam,Jowar,Kharif,,900.0,1000.0,1167.0,750.0,667.0,700.0,808.0,819.0
Telangana,Khammam,Jowar,Rabi,1189.0,1351.0,1652.0,2129.0,2519.0,1127.0,1482.0,2361.0,1314.0
Telangana,Khammam,Maize,Kharif,4173.0,4823.0,5362.0,5469.0,5244.0,4826.0,4962.0,4493.0,2974.0
Telangana,Khammam,Maize,Rabi,6209.0,6708.0,6019.0,7510.0,9032.0,7775.0,6313.0,6652.0,7083.0
Telangana,Khammam,Moong,Kharif,440.0,467.0,352.0,730.0,67.0,346.0,645.0,778.0,397.0
Telangana,Khammam,Moong,Rabi,843.0,995.0,982.0,965.0,991.0,1088.0,952.0,935.0,955.0
Telangana,Khammam,Ragi,Kharif,,,,1500.0,,,,,
Telangana,Khammam,Rice,Kharif,3573.0,2730.0,3586.0,3636.0,3052.0,2906.0,3508.0,3333.0,3439.0
Telangana,Khammam,Rice,Rabi,4056.0,3773.0,3117.0,3884.0,3613.0,3045.0,3442.0,2986.0,3699.0
Telangana,Khammam,Shree Anna /Nutri Cereals,Kharif,1000.0,900.0,1000.0,1391.0,667.0,692.0,700.0,808.0,819.0
Telangana,Khammam,Shree Anna /Nutri Cereals,Rabi,1189.0,1351.0,1652.0,2124.0,2515.0,1126.0,1482.0,2361.0,1314.0
Telangana,Khammam,Small Millets,Kharif,,,,1667.0,500.0,,,,
Telangana,Khammam,Small Millets,Rabi,,,,2000.0,1000.0,1000.0,,,
Telangana,Khammam,Tur,Kharif,445.0,832.0,817.0,52.0,1098.0,911.0,975.0,555.0,573.0
Telangana,Khammam,Tur,Rabi,462.0,846.0,842.0,,1061.0,737.0,1200.0,,
Telangana,Khammam,Urad,Kharif,818.0,805.0,849.0,938.0,745.0,793.0,699.0,721.0,790.0
Telangana,Khammam,Urad,Rabi,818.0,877.0,1481.0,1799.0,1875.0,803.0,885.0,660.0,1248.0
Telangana,Khammam,Wheat,Rabi,,,,,,,,,
Telangana,Kumuram Bheem Asifabad,Bajra,Kharif,,,,1000.0,2000.0,,847.0,,
Telangana,Kumuram Bheem Asifabad,Gram,Rabi,1881.0,1240.0,1766.0,756.0,858.0,1334.0,1319.0,1421.0,1201.0
Telangana,Kumuram Bheem Asifabad,Jowar,Kharif,965.0,1186.0,1073.0,803.0,926.0,191.0,66.0,375.0,819.0
Telangana,Kumuram Bheem Asifabad,Jowar,Rabi,896.0,840.0,1147.0,899.0,625.0,916.0,957.0,770.0,685.0
Telangana,Kumuram Bheem Asifabad,Maize,Kharif,3456.0,3450.0,4641.0,3281.0,1412.0,4574.0,4553.0,2112.0,2704.0
Telangana,Kumuram Bheem Asifabad,Maize,Rabi,6804.0,6901.0,6503.0,6934.0,7883.0,3531.0,5043.0,6712.0,4893.0
Telangana,Kumuram Bheem Asifabad,Moong,Kharif,646.0,773.0,707.0,799.0,240.0,504.0,533.0,617.0,416.0
Telangana,Kumuram Bheem Asifabad,Moong,Rabi,903.0,1370.0,1727.0,949.0,946.0,453.0,865.0,891.0,990.0
Telangana,Kumuram Bheem Asifabad,Ragi,Kharif,,,1000.0,1571.0,,,1543.0,,
Telangana,Kumuram Bheem Asifabad,Ragi,Rabi,,,,,,1750.0,,,
Telangana,Kumuram Bheem Asifabad,Rice,Kharif,2723.0,1788.0,2091.0,2801.0,2750.0,2460.0,2796.0,3036.0,3099.0
Telangana,Kumuram Bheem Asifabad,Rice,Rabi,2573.0,2721.0,2347.0,2997.0,3614.0,2752.0,2942.0,3135.0,3021.0
Telangana,Kumuram Bheem Asifabad,Shree Anna /Nutri Cereals,Kharif,965.0,1186.0,1072.0,817.0,927.0,192.0,685.0,375.0,819.0
Telangana,Kumuram Bheem Asifabad,Shree Anna /Nutri Cereals,Rabi,896.0,840.0,1147.0,899.0,625.0,917.0,957.0,770.0,685.0
Telangana,Kumuram Bheem Asifabad,Small Millets,Kharif,,,,1733.0,,1000.0,1051.0,,
Telangana,Kumuram Bheem Asifabad,Small Millets,Rabi,,,,,,1000.0,1000.0,,
Telangana,Kumuram Bheem Asifabad,Tur,Kharif,1104.0,717.0,1041.0,1369.0,1129.0,1014.0,1027.0,1162.0,1039.0
Telangana,Kumuram Bheem Asifabad,Tur,Rabi,1105.0,720.0,1000.0,,1000.0,741.0,1184.0,,
Telangana,Kumuram Bheem Asifabad,Urad,Kharif,722.0,806.0,845.0,938.0,755.0,357.0,484.0,721.0,790.0
Telangana,Kumuram Bheem Asifabad,Urad,Rabi,722.0,885.0,1500.0,1810.0,1917.0,1296.0,1545.0,1489.0,1763.0
Telangana,Kumuram Bheem Asifabad,Wheat,Rabi,1570.0,1386.0,1877.0,1841.0,1298.0,2009.0,2323.0,1470.0,3606.0
Telangana,Mahabubabad,Bajra,Kharif,,,,,,,,,1000.0
Telangana,Mahabubabad,Bajra,Rabi,,1000.0,,,1000.0,,3500.0,,
Telangana,Mahabubabad,Gram,Rabi,1200.0,1600.0,,,1500.0,1400.0,1500.0,,1762.0
Telangana,Mahabubabad,Jowar,Kharif,,950.0,,1000.0,806.0,667.0,700.0,808.0,
Telangana,Mahabubabad,Jowar,Rabi,822.0,1161.0,1228.0,440.0,1478.0,802.0,1188.0,1108.0,833.0
Telangana,Mahabubabad,Maize,Kharif,4250.0,5332.0,3432.0,5683.0,3798.0,3770.0,4118.0,3200.0,4219.0
Telangana,Mahabubabad,Maize,Rabi,6943.0,6672.0,6806.0,5599.0,6591.0,5985.0,6497.0,5035.0,4923.0
Telangana,Mahabubabad,Moong,Kharif,783.0,664.0,510.0,908.0,79.0,446.0,482.0,708.0,640.0
Telangana,Mahabubabad,Moong,Rabi,903.0,658.0,997.0,1072.0,834.0,822.0,1022.0,929.0,869.0
Telangana,Mahabubabad,Ragi,Kharif,,,,,,1600.0,,,898.0
Telangana,Mahabubabad,Rice,Kharif,3420.0,2359.0,3126.0,3361.0,2750.0,2810.0,3378.0,3213.0,3170.0
Telangana,Mahabubabad,Rice,Rabi,3201.0,3295.0,3495.0,3372.0,3556.0,3145.0,2924.0,3249.0,3263.0
Telangana,Mahabubabad,Shree Anna /Nutri Cereals,Kharif,,950.0,,1000.0,806.0,941.0,700.0,808.0,970.0
Telangana,Mahabubabad,Shree Anna /Nutri Cereals,Rabi,822.0,1160.0,1227.0,440.0,1478.0,802.0,1200.0,1108.0,833.0
Telangana,Mahabubabad,Small Millets,Rabi,,,,,,500.0,,,
Telangana,Mahabubabad,Tur,Kharif,556.0,1018.0,549.0,690.0,727.0,600.0,456.0,460.0,563.0
Telangana,Mahabubabad,Tur,Rabi,543.0,1000.0,571.0,1000.0,,750.0,1200.0,,
Telangana,Mahabubabad,Urad,Kharif,815.0,805.0,846.0,929.0,833.0,833.0,667.0,721.0,790.0
Telangana,Mahabubabad,Urad,Rabi,817.0,754.0,806.0,1799.0,1879.0,615.0,883.0,1446.0,721.0
Telangana,Mahabubabad,Wheat,Rabi,,,,,,2000.0,,,
Telangana,Mahabubnagar,Bajra,Kharif,1000.0,,,1222.0,941.0,1200.0,,,1019.0
Telangana,Mahabubnagar,Gram,Rabi,1298.0,1516.0,,1400.0,1700.0,1409.0,1500.0,,
Telangana,Mahabubnagar,Jowar,Kharif,795.0,1061.0,1053.0,999.0,652.0,739.0,618.0,668.0,730.0
Telangana,Mahabubnagar,Jowar,Rabi,869.0,938.0,,2118.0,2630.0,1986.0,2064.0,2361.0,1192.0
Telangana,Mahabubnagar,Maize,Kharif,1091.0,1449.0,1202.0,3106.0,2474.0,2961.0,3254.0,1261.0,3543.0
Telangana,Mahabubnagar,Maize,Rabi,6806.0,6901.0,6519.0,6927.0,7850.0,5247.0,6927.0,6712.0,4138.0
Telangana,Mahabubnagar,Moong,Kharif,641.0,569.0,541.0,790.0,420.0,609.0,671.0,687.0,643.0
Telangana,Mahabubnagar,Moong,Rabi,917.0,,,1000.0,1000.0,956.0,1000.0,,
Telangana,Mahabubnagar,Ragi,Kharif,1169.0,1087.0,1047.0,1603.0,1343.0,1400.0,985.0,1207.0,840.0
Telangana,Mahabubnagar,Ragi,Rabi,1167.0,1086.0,976.0,1602.0,1341.0,1585.0,907.0,,
Telangana,Mahabubnagar,Rice,Kharif,2815.0,1934.0,2438.0,3463.0,3015.0,3363.0,3367.0,3889.0,3858.0
Telangana,Mahabubnagar,Rice,Rabi,2553.0,2954.0,2592.0,3313.0,3652.0,3501.0,3527.0,2863.0,3330.0
Telangana,Mahabubnagar,Shree Anna /Nutri Cereals,Kharif,805.0,1062.0,1053.0,1028.0,678.0,753.0,622.0,701.0,733.0
Telangana,Mahabubnagar,Shree Anna /Nutri Cereals,Rabi,913.0,968.0,976.0,1648.0,1460.0,1621.0,1619.0,2361.0,1192.0
Telangana,Mahabubnagar,Small Millets,Kharif,,,1000.0,1714.0,565.0,800.0,,,1980.0
Telangana,Mahabubnagar,Small Millets,Rabi,,,,,,1000.0,,,
Telangana,Mahabubnagar,Tur,Kharif,546.0,842.0,482.0,598.0,588.0,554.0,814.0,525.0,585.0
Telangana,Mahabubnagar,Tur,Rabi,,,333.0,500.0,500.0,714.0,,,
Telangana,Mahabubnagar,Urad,Kharif,818.0,808.0,,935.0,833.0,786.0,700.0,721.0,790.0
Telangana,Mahabubnagar,Urad,Rabi,,,,2000.0,1909.0,1295.0,1583.0,1489.0,1763.0
Telangana,Mahabubnagar,Wheat,Kharif,,1000.0,,,,,,,
Telangana,Mahabubnagar,Wheat,Rabi,,,,,3000.0,2000.0,2000.0,,
Telangana,Mancherial,Gram,Rabi,1298.0,1513.0,1571.0,1528.0,1663.0,1477.0,1573.0,1214.0,1762.0
Telangana,Mancherial,Jowar,Kharif,,950.0,900.0,1167.0,805.0,1000.0,1000.0,808.0,
Telangana,Mancherial,Jowar,Rabi,1190.0,1351.0,1651.0,2126.0,2529.0,946.0,1706.0,832.0,1051.0
Telangana,Mancherial,Maize,Kharif,3456.0,3450.0,3929.0,4842.0,4646.0,4558.0,4559.0,4350.0,4814.0
Telangana,Mancherial,Maize,Rabi,7511.0,4481.0,6157.0,5840.0,7864.0,3889.0,5855.0,6712.0,4601.0
Telangana,Mancherial,Moong,Kharif,646.0,638.0,630.0,791.0,416.0,413.0,455.0,687.0,643.0
Telangana,Mancherial,Moong,Rabi,903.0,833.0,947.0,946.0,948.0,1930.0,1135.0,1076.0,1324.0
Telangana,Mancherial,Rice,Kharif,3109.0,1905.0,3227.0,2674.0,2427.0,2569.0,3047.0,3511.0,3189.0
Telangana,Mancherial,Rice,Rabi,3705.0,3706.0,3658.0,4247.0,3907.0,3042.0,3259.0,3141.0,3278.0
Telangana,Mancherial,Shree Anna /Nutri Cereals,Kharif,,950.0,900.0,1238.0,805.0,1000.0,1000.0,808.0,
Telangana,Mancherial,Shree Anna /Nutri Cereals,Rabi,1190.0,1351.0,1651.0,2126.0,2529.0,946.0,1706.0,832.0,1051.0
Telangana,Mancherial,Small Millets,Kharif,,,,1667.0,,,,,
Telangana,Mancherial,Tur,Kharif,1104.0,573.0,792.0,687.0,991.0,775.0,842.0,,870.0
Telangana,Mancherial,Tur,Rabi,1100.0,569.0,795.0,686.0,981.0,743.0,1187.0,,
Telangana,Mancherial,Urad,Kharif,725.0,814.0,848.0,909.0,750.0,778.0,667.0,,790.0
Telangana,Mancherial,Urad,Rabi,704.0,884.0,1486.0,1789.0,2067.0,1296.0,1556.0,1537.0,1763.0
Telangana,Mancherial,Wheat,Rabi,1500.0,,,2000.0,2625.0,2000.0,2000.0,1714.0,1973.0
Telangana,Medak,Bajra,Kharif,,,500.0,1211.0,1000.0,1250.0,750.0,3372.0,1043.0
Telangana,Medak,Bajra,Rabi,1000.0,,,1286.0,1000.0,1000.0,3273.0,,
Telangana,Medak,Gram,Kharif,,,,,,,1000.0,,
Telangana,Medak,Gram,Rabi,1060.0,1341.0,1203.0,945.0,1665.0,1182.0,871.0,1418.0,899.0
Telangana,Medak,Jowar,Kharif,710.0,944.0,931.0,1184.0,816.0,662.0,685.0,808.0,819.0
Telangana,Medak,Jowar,Rabi,1222.0,1568.0,2125.0,2895.0,3478.0,2492.0,2022.0,3101.0,2448.0
Telangana,Medak,Maize,Kharif,2518.0,3707.0,2667.0,4297.0,3760.0,2795.0,2499.0,3059.0,3790.0
Telangana,Medak,Maize,Rabi,4272.0,4621.0,5145.0,6096.0,5500.0,6724.0,5544.0,4210.0,4984.0
Telangana,Medak,Moong,Kharif,678.0,660.0,428.0,458.0,242.0,433.0,528.0,485.0,661.0
Telangana,Medak,Moong,Rabi,889.0,818.0,900.0,1000.0,1000.0,955.0,,,989.0
Telangana,Medak,Ragi,Kharif,1000.0,,,1600.0,1364.0,2000.0,,,
Telangana,Medak,Ragi,Rabi,,,,1667.0,1500.0,1714.0,,,
Telangana,Medak,Rice,Kharif,3064.0,2878.0,3477.0,4381.0,2565.0,3748.0,3649.0,3799.0,3749.0
Telangana,Medak,Rice,Rabi,4127.0,3442.0,3218.0,3741.0,4996.0,3754.0,3326.0,3529.0,3300.0
Telangana,Medak,Shree Anna /Nutri Cereals,Kharif,710.0,944.0,928.0,1239.0,829.0,691.0,692.0,3159.0,922.0
Telangana,Medak,Shree Anna /Nutri Cereals,Rabi,1222.0,1568.0,2091.0,2880.0,3443.0,2477.0,2027.0,3101.0,2448.0
Telangana,Medak,Small Millets,Kharif,,,,1712.0,500.0,1000.0,1000.0,,
Telangana,Medak,Small Millets,Rabi,,,1000.0,,,,,,
Telangana,Medak,Tur,Kharif,673.0,704.0,516.0,1272.0,600.0,661.0,596.0,848.0,985.0
Telangana,Medak,Tur,Rabi,1000.0,,,,1000.0,800.0,,,
Telangana,Medak,Urad,Kharif,747.0,807.0,530.0,641.0,390.0,657.0,537.0,435.0,476.0
Telangana,Medak,Urad,Rabi,667.0,833.0,1429.0,1800.0,1750.0,1296.0,1500.0,399.0,1763.0
Telangana,Medak,Wheat,Kharif,,,,,,2000.0,,,
Telangana,Medak,Wheat,Rabi,1105.0,1387.0,1873.0,1842.0,2633.0,2010.0,2077.0,1714.0,1973.0
Telangana,Medchal Malkajgiri,Bajra,Kharif,,,,,1000.0,1200.0,1000.0,,1029.0
Telangana,Medchal Malkajgiri,Bajra,Rabi,,,,,1000.0,1000.0,3200.0,,
Telangana,Medchal Malkajgiri,Gram,Rabi,1303.0,1513.0,1576.0,1542.0,1500.0,1333.0,1500.0,,
Telangana,Medchal Malkajgiri,Jowar,Kharif,1316.0,938.0,917.0,1185.0,809.0,667.0,684.0,808.0,
Telangana,Medchal Malkajgiri,Jowar,Rabi,1167.0,1375.0,1714.0,2143.0,2667.0,2000.0,2000.0,2361.0,
Telangana,Medchal Malkajgiri,Maize,Kharif,3143.0,3450.0,2478.0,4071.0,3521.0,4558.0,1321.0,4350.0,4814.0
Telangana,Medchal Malkajgiri,Maize,Rabi,6796.0,6898.0,6505.0,6896.0,8000.0,7387.0,6513.0,6712.0,6465.0
Telangana,Medchal Malkajgiri,Moong,Kharif,700.0,1000.0,,750.0,400.0,667.0,,,
Telangana,Medchal Malkajgiri,Moong,Rabi,,,,,,1000.0,,,
Telangana,Medchal Malkajgiri,Ragi,Kharif,,,,2000.0,1333.0,,,,
Telangana,Medchal Malkajgiri,Rice,Kharif,2630.0,3304.0,4156.0,3929.0,2888.0,3655.0,3997.0,3849.0,3740.0
Telangana,Medchal Malkajgiri,Rice,Rabi,3887.0,3932.0,3362.0,3446.0,3857.0,3351.0,3608.0,3567.0,3880.0
Telangana,Medchal Malkajgiri,Shree Anna /Nutri Cereals,Kharif,1316.0,938.0,917.0,1192.0,814.0,720.0,700.0,808.0,1369.0
Telangana,Medchal Malkajgiri,Shree Anna /Nutri Cereals,Rabi,1167.0,1375.0,1714.0,2143.0,1714.0,1524.0,2857.0,2361.0,
Telangana,Medchal Malkajgiri,Small Millets,Kharif,,,,,625.0,,,,1881.0
Telangana,Medchal Malkajgiri,Small Millets,Rabi,,,,,,500.0,,,
Telangana,Medchal Malkajgiri,Tur,Kharif,676.0,797.0,650.0,902.0,775.0,771.0,887.0,812.0,934.0
Telangana,Medchal Malkajgiri,Tur,Rabi,,,,,,1000.0,,,
Telangana,Medchal Malkajgiri,Urad,Kharif,,,,,,750.0,667.0,,
Telangana,Medchal Malkajgiri,Urad,Rabi,,,,,,1290.0,2000.0,,
Telangana,Medchal Malkajgiri,Wheat,Kharif,,,,,,2000.0,,,
Telangana,Medchal Malkajgiri,Wheat,Rabi,1000.0,,,,3000.0,2000.0,2000.0,,
Telangana,Mulugu,Bajra,Rabi,,,,,,1000.0,,,
Telangana,Mulugu,Gram,Rabi,,,,1500.0,1750.0,1429.0,,,
Telangana,Mulugu,Jowar,Kharif,,,,,,600.0,,,819.0
Telangana,Mulugu,Jowar,Rabi,,,1750.0,,2000.0,1978.0,2083.0,2361.0,2479.0
Telangana,Mulugu,Maize,Kharif,,,6800.0,6594.0,4609.0,4784.0,3122.0,3726.0,4667.0
Telangana,Mulugu,Maize,Rabi,,,7293.0,10958.0,8368.0,9224.0,6321.0,8593.0,7634.0
Telangana,Mulugu,Moong,Kharif,,,627.0,795.0,421.0,600.0,1000.0,687.0,643.0
Telangana,Mulugu,Moong,Rabi,,,706.0,884.0,759.0,650.0,664.0,967.0,1235.0
Telangana,Mulugu,Ragi,Kharif,,,,,,1500.0,,,
Telangana,Mulugu,Rice,Kharif,,,3646.0,3420.0,2780.0,2993.0,3019.0,2761.0,2888.0
Telangana,Mulugu,Rice,Rabi,,,3324.0,3826.0,3502.0,3052.0,3376.0,2972.0,3040.0
Telangana,Mulugu,Shree Anna /Nutri Cereals,Kharif,,,,,,1000.0,,,819.0
Telangana,Mulugu,Shree Anna /Nutri Cereals,Rabi,,,1750.0,,2000.0,1918.0,2083.0,2361.0,2479.0
Telangana,Mulugu,Tur,Kharif,,,615.0,22846.0,787.0,750.0,909.0,812.0,934.0
Telangana,Mulugu,Tur,Rabi,,,625.0,,875.0,727.0,,,
Telangana,Mulugu,Urad,Kharif,,,,,769.0,857.0,500.0,721.0,
Telangana,Mulugu,Urad,Rabi,,,663.0,1800.0,1885.0,760.0,508.0,687.0,877.0
Telangana,Mulugu,Wheat,Rabi,,,,,,2000.0,,,
Telangana,Nagarkurnool,Bajra,Kharif,1061.0,1056.0,200.0,1220.0,913.0,1250.0,875.0,3669.0,1013.0
Telangana,Nagarkurnool,Bajra,Rabi,,,,1000.0,1000.0,1000.0,3250.0,,
Telangana,Nagarkurnool,Gram,Kharif,,,,,,1500.0,,,
Telangana,Nagarkurnool,Gram,Rabi,1298.0,1517.0,1568.0,1527.0,1691.0,1254.0,1195.0,1752.0,1762.0
Telangana,Nagarkurnool,Jowar,Kharif,795.0,613.0,678.0,1302.0,941.0,794.0,742.0,1029.0,1063.0
Telangana,Nagarkurnool,Jowar,Rabi,1190.0,749.0,1653.0,2127.0,2524.0,802.0,1101.0,821.0,1239.0
Telangana,Nagarkurnool,Maize,Kharif,1091.0,2012.0,641.0,2563.0,2983.0,2673.0,4430.0,2548.0,4561.0
Telangana,Nagarkurnool,Maize,Rabi,6805.0,6901.0,6504.0,6929.0,7845.0,4961.0,5322.0,4504.0,6435.0
Telangana,Nagarkurnool,Moong,Kharif,641.0,643.0,622.0,795.0,411.0,619.0,667.0,687.0,643.0
Telangana,Nagarkurnool,Moong,Rabi,917.0,828.0,1000.0,946.0,947.0,956.0,1163.0,1039.0,989.0
Telangana,Nagarkurnool,Ragi,Kharif,1171.0,1386.0,796.0,1471.0,1305.0,1750.0,1600.0,1463.0,1185.0
Telangana,Nagarkurnool,Ragi,Rabi,,1500.0,1000.0,1455.0,1409.0,1875.0,875.0,,
Telangana,Nagarkurnool,Rice,Kharif,2789.0,2185.0,2377.0,3329.0,2678.0,3100.0,3302.0,3440.0,3330.0
Telangana,Nagarkurnool,Rice,Rabi,2332.0,3171.0,2659.0,3459.0,3363.0,2909.0,3483.0,3178.0,3897.0
Telangana,Nagarkurnool,Shree Anna /Nutri Cereals,Kharif,822.0,715.0,700.0,1322.0,945.0,816.0,761.0,1410.0,1065.0
Telangana,Nagarkurnool,Shree Anna /Nutri Cereals,Rabi,1190.0,753.0,1633.0,2117.0,2450.0,827.0,1126.0,821.0,1239.0
Telangana,Nagarkurnool,Small Millets,Kharif,938.0,1326.0,1086.0,2052.0,679.0,750.0,1000.0,,2030.0
Telangana,Nagarkurnool,Small Millets,Rabi,,,,2000.0,1000.0,500.0,,,
Telangana,Nagarkurnool,Tur,Kharif,546.0,637.0,361.0,726.0,492.0,500.0,938.0,490.0,736.0
Telangana,Nagarkurnool,Tur,Rabi,571.0,636.0,375.0,731.0,500.0,750.0,1182.0,,
Telangana,Nagarkurnool,Urad,Kharif,817.0,802.0,846.0,900.0,746.0,1665.0,1306.0,721.0,790.0
Telangana,Nagarkurnool,Urad,Rabi,816.0,880.0,1479.0,1800.0,1879.0,972.0,1281.0,1622.0,1883.0
Telangana,Nagarkurnool,Wheat,Kharif,,,,,,2000.0,2000.0,,
Telangana,Nagarkurnool,Wheat,Rabi,,,,,2667.0,2000.0,2000.0,,1973.0
Telangana,Nalgonda,Bajra,Kharif,585.0,724.0,500.0,1214.0,913.0,1200.0,889.0,3372.0,1137.0
Telangana,Nalgonda,Bajra,Rabi,563.0,750.0,,1286.0,952.0,1000.0,3262.0,,
Telangana,Nalgonda,Gram,Kharif,,,,,,,2000.0,,
Telangana,Nalgonda,Gram,Rabi,1297.0,1515.0,1568.0,1526.0,1667.0,1143.0,1579.0,1686.0,1762.0
Telangana,Nalgonda,Jowar,Kharif,432.0,943.0,938.0,1184.0,813.0,667.0,679.0,808.0,819.0
Telangana,Nalgonda,Jowar,Rabi,1250.0,1346.0,1636.0,2128.0,2424.0,1982.0,2064.0,2361.0,916.0
Telangana,Nalgonda,Maize,Kharif,1888.0,3455.0,3071.0,4871.0,4455.0,4559.0,4560.0,4350.0,4814.0
Telangana,Nalgonda,Maize,Rabi,6808.0,6900.0,6500.0,6923.0,7871.0,7389.0,6508.0,6712.0,6465.0
Telangana,Nalgonda,Moong,Kharif,411.0,512.0,241.0,294.0,412.0,290.0,886.0,687.0,643.0
Telangana,Nalgonda,Moong,Rabi,896.0,,917.0,946.0,946.0,958.0,1506.0,1598.0,1449.0
Telangana,Nalgonda,Ragi,Kharif,,,,1667.0,,2000.0,2000.0,,940.0
Telangana,Nalgonda,Ragi,Rabi,,,,,2000.0,2000.0,,,
Telangana,Nalgonda,Rice,Kharif,3369.0,2679.0,3107.0,3449.0,3351.0,3439.0,3352.0,3708.0,3544.0
Telangana,Nalgonda,Rice,Rabi,3510.0,3166.0,3291.0,3441.0,3679.0,3232.0,3719.0,3438.0,3481.0
Telangana,Nalgonda,Shree Anna /Nutri Cereals,Kharif,509.0,868.0,875.0,1214.0,821.0,739.0,716.0,2997.0,943.0
Telangana,Nalgonda,Shree Anna /Nutri Cereals,Rabi,792.0,1206.0,1636.0,2019.0,1857.0,1736.0,2236.0,2361.0,916.0
Telangana,Nalgonda,Small Millets,Kharif,,,,1688.0,600.0,667.0,,,
Telangana,Nalgonda,Tur,Kharif,664.0,491.0,331.0,803.0,788.0,590.0,597.0,478.0,550.0
Telangana,Nalgonda,Tur,Rabi,,,,,1000.0,714.0,1000.0,,
Telangana,Nalgonda,Urad,Kharif,817.0,809.0,,,833.0,667.0,700.0,721.0,790.0
Telangana,Nalgonda,Urad,Rabi,817.0,882.0,1467.0,1804.0,1872.0,1296.0,1591.0,410.0,1763.0
Telangana,Nalgonda,Wheat,Rabi,1250.0,,,,2667.0,2000.0,2000.0,,1973.0
Telangana,Narayanpet,Bajra,Kharif,,,,1333.0,1000.0,1000.0,1000.0,,1037.0
Telangana,Narayanpet,Bajra,Rabi,,,,,,1000.0,3333.0,,
Telangana,Narayanpet,Gram,Kharif,,,,,,,1000.0,,
Telangana,Narayanpet,Gram,Rabi,,,1570.0,1532.0,1679.0,1571.0,1186.0,1244.0,1107.0
Telangana,Narayanpet,Jowar,Kharif,,,1053.0,1094.0,682.0,914.0,998.0,1073.0,817.0
Telangana,Narayanpet,Jowar,Rabi,,,606.0,1252.0,1117.0,1121.0,980.0,1115.0,907.0
Telangana,Narayanpet,Maize,Kharif,,,1202.0,4845.0,6000.0,4556.0,4557.0,4350.0,4814.0
Telangana,Narayanpet,Maize,Rabi,,,,6938.0,7741.0,7389.0,6500.0,6712.0,6465.0
Telangana,Narayanpet,Moong,Kharif,,,542.0,395.0,588.0,381.0,601.0,820.0,794.0
Telangana,Narayanpet,Moong,Rabi,,,,1000.0,954.0,957.0,688.0,727.0,989.0
Telangana,Narayanpet,Ragi,Kharif,,,1059.0,1576.0,1310.0,1615.0,667.0,1465.0,989.0
Telangana,Narayanpet,Ragi,Rabi,,,1000.0,1571.0,1378.0,1893.0,1000.0,,
Telangana,Narayanpet,Rice,Kharif,,,2438.0,3169.0,3165.0,3185.0,3349.0,3474.0,3595.0
Telangana,Narayanpet,Rice,Rabi,,,2592.0,3367.0,3297.0,3473.0,3357.0,2932.0,3436.0
Telangana,Narayanpet,Shree Anna /Nutri Cereals,Kharif,,,1053.0,1101.0,687.0,918.0,997.0,1076.0,819.0
Telangana,Narayanpet,Shree Anna /Nutri Cereals,Rabi,,,607.0,1262.0,1125.0,1209.0,988.0,1115.0,907.0
Telangana,Narayanpet,Small Millets,Kharif,,,,1706.0,588.0,667.0,,,
Telangana,Narayanpet,Tur,Kharif,,,482.0,939.0,840.0,768.0,777.0,755.0,928.0
Telangana,Narayanpet,Tur,Rabi,,,,,857.0,746.0,1194.0,,
Telangana,Narayanpet,Urad,Kharif,,,846.0,923.0,753.0,725.0,696.0,721.0,790.0
Telangana,Narayanpet,Urad,Rabi,,,,,2000.0,1295.0,1564.0,909.0,1763.0
Telangana,Narayanpet,Wheat,Rabi,,,,,,2000.0,,,
Telangana,Nirmal,Bajra,Kharif,,,,,,,,,1030.0
Telangana,Nirmal,Bajra,Rabi,,1057.0,497.0,,928.0,1000.0,2000.0,,
Telangana,Nirmal,Gram,Kharif,,,,,,,2000.0,,
Telangana,Nirmal,Gram,Rabi,1173.0,1072.0,1842.0,1623.0,1747.0,1567.0,1619.0,1646.0,1786.0
Telangana,Nirmal,Jowar,Kharif,976.0,1000.0,935.0,1179.0,810.0,679.0,688.0,808.0,819.0
Telangana,Nirmal,Jowar,Rabi,1710.0,1435.0,2575.0,926.0,2594.0,1581.0,2036.0,1717.0,1878.0
Telangana,Nirmal,Maize,Kharif,3456.0,5723.0,6110.0,8189.0,6695.0,6305.0,4696.0,5641.0,6245.0
Telangana,Nirmal,Maize,Rabi,8158.0,8665.0,8274.0,8800.0,9179.0,9207.0,8204.0,8532.0,7801.0
Telangana,Nirmal,Moong,Kharif,646.0,638.0,743.0,807.0,210.0,525.0,429.0,687.0,643.0
Telangana,Nirmal,Moong,Rabi,901.0,831.0,951.0,949.0,950.0,958.0,1114.0,1031.0,989.0
Telangana,Nirmal,Ragi,Kharif,,,,1667.0,,,,,
Telangana,Nirmal,Ragi,Rabi,1182.0,,1000.0,,,,,,
Telangana,Nirmal,Rice,Kharif,3117.0,2383.0,3238.0,3649.0,2854.0,3195.0,3240.0,3319.0,3382.0
Telangana,Nirmal,Rice,Rabi,3025.0,3734.0,3449.0,3871.0,4057.0,3628.0,3412.0,3322.0,3667.0
Telangana,Nirmal,Shree Anna /Nutri Cereals,Kharif,976.0,1000.0,935.0,1297.0,814.0,679.0,688.0,808.0,1007.0
Telangana,Nirmal,Shree Anna /Nutri Cereals,Rabi,1708.0,1321.0,2054.0,782.0,2364.0,1573.0,2036.0,1717.0,1878.0
Telangana,Nirmal,Small Millets,Kharif,,,,1667.0,1000.0,,,,
Telangana,Nirmal,Small Millets,Rabi,,,,,1000.0,,,,
Telangana,Nirmal,Tur,Kharif,1104.0,936.0,1059.0,1250.0,1228.0,833.0,1128.0,991.0,761.0
Telangana,Nirmal,Tur,Rabi,1105.0,,,,,667.0,1333.0,,
Telangana,Nirmal,Urad,Kharif,722.0,687.0,784.0,1084.0,942.0,691.0,467.0,593.0,790.0
Telangana,Nirmal,Urad,Rabi,722.0,882.0,1475.0,1833.0,1821.0,1289.0,1556.0,1489.0,1763.0
Telangana,Nirmal,Wheat,Kharif,,,,,,,,,
Telangana,Nirmal,Wheat,Rabi,1571.0,1855.0,1926.0,1817.0,2077.0,719.0,2204.0,1684.0,1467.0
Telangana,Nizamabad,Bajra,Kharif,1000.0,,,1250.0,929.0,1000.0,750.0,3372.0,1029.0
Telangana,Nizamabad,Bajra,Rabi,869.0,1057.0,497.0,1216.0,929.0,1013.0,3261.0,,
Telangana,Nizamabad,Gram,Rabi,1558.0,1675.0,1824.0,1475.0,1782.0,1425.0,1705.0,1605.0,1801.0
Telangana,Nizamabad,Jowar,Kharif,500.0,1000.0,,1167.0,833.0,500.0,667.0,808.0,
Telangana,Nizamabad,Jowar,Rabi,1188.0,1353.0,1651.0,2128.0,2515.0,2033.0,2422.0,1974.0,2496.0
Telangana,Nizamabad,Maize,Kharif,5265.0,5030.0,5701.0,6413.0,5511.0,6445.0,5901.0,5846.0,6634.0
Telangana,Nizamabad,Maize,Rabi,5830.0,6930.0,5767.0,5941.0,6257.0,8207.0,8472.0,8034.0,6590.0
Telangana,Nizamabad,Moong,Kharif,858.0,638.0,629.0,791.0,414.0,338.0,442.0,687.0,643.0
Telangana,Nizamabad,Moong,Rabi,904.0,832.0,947.0,950.0,981.0,739.0,1000.0,1270.0,989.0
Telangana,Nizamabad,Ragi,Rabi,,,,,,2000.0,,,
Telangana,Nizamabad,Rice,Kharif,3944.0,3515.0,4204.0,4151.0,3553.0,3784.0,3995.0,4153.0,4286.0
Telangana,Nizamabad,Rice,Rabi,4160.0,4063.0,3964.0,4033.0,4218.0,3991.0,3890.0,4291.0,4338.0
Telangana,Nizamabad,Shree Anna /Nutri Cereals,Kharif,571.0,1000.0,,1250.0,864.0,667.0,714.0,3346.0,1029.0
Telangana,Nizamabad,Shree Anna /Nutri Cereals,Rabi,915.0,1067.0,538.0,1232.0,1086.0,1219.0,3188.0,1974.0,2496.0
Telangana,Nizamabad,Small Millets,Kharif,,,,1500.0,500.0,,,,
Telangana,Nizamabad,Tur,Kharif,625.0,798.0,913.0,1524.0,1447.0,738.0,1378.0,655.0,967.0
Telangana,Nizamabad,Tur,Rabi,,,,,,722.0,1182.0,,
Telangana,Nizamabad,Urad,Kharif,1104.0,807.0,844.0,939.0,750.0,492.0,38.0,721.0,790.0
Telangana,Nizamabad,Urad,Rabi,1105.0,1500.0,1474.0,1806.0,1962.0,1296.0,1570.0,1223.0,1790.0
Telangana,Nizamabad,Wheat,Rabi,903.0,1393.0,1875.0,1848.0,2650.0,2011.0,2077.0,1714.0,1973.0
Telangana,Peddapalli,Bajra,Rabi,869.0,,,,,,3000.0,,
Telangana,Peddapalli,Gram,Rabi,1298.0,1518.0,1571.0,1533.0,1679.0,1413.0,1545.0,,1762.0
Telangana,Peddapalli,Jowar,Kharif,,,,1182.0,667.0,,,,
Telangana,Peddapalli,Jowar,Rabi,,,,2167.0,,1975.0,,,
Telangana,Peddapalli,Maize,Kharif,4542.0,6916.0,6613.0,8280.0,4871.0,4755.0,6072.0,4601.0,5707.0
Telangana,Peddapalli,Maize,Rabi,9476.0,9713.0,6611.0,7089.0,7158.0,6575.0,7077.0,7750.0,8300.0
Telangana,Peddapalli,Moong,Kharif,608.0,637.0,621.0,786.0,409.0,400.0,643.0,687.0,643.0
Telangana,Peddapalli,Moong,Rabi,905.0,821.0,947.0,953.0,944.0,960.0,1000.0,915.0,989.0
Telangana,Peddapalli,Ragi,Kharif,,,,1667.0,,,2000.0,,
Telangana,Peddapalli,Rice,Kharif,3789.0,2918.0,3998.0,3833.0,2837.0,2973.0,3481.0,3729.0,3459.0
Telangana,Peddapalli,Rice,Rabi,4365.0,4088.0,3895.0,4079.0,4147.0,3786.0,3850.0,4124.0,4087.0
Telangana,Peddapalli,Shree Anna /Nutri Cereals,Kharif,,,,1458.0,667.0,,2000.0,,
Telangana,Peddapalli,Shree Anna /Nutri Cereals,Rabi,869.0,,,2167.0,,1975.0,3000.0,,
Telangana,Peddapalli,Small Millets,Kharif,,,,1700.0,,,,,
Telangana,Peddapalli,Tur,Kharif,939.0,799.0,649.0,902.0,776.0,770.0,823.0,902.0,934.0
Telangana,Peddapalli,Tur,Rabi,935.0,,,,1000.0,,1000.0,,
Telangana,Peddapalli,Urad,Kharif,817.0,750.0,1000.0,,800.0,1000.0,,721.0,
Telangana,Peddapalli,Urad,Rabi,817.0,,,1833.0,1882.0,1294.0,2000.0,,1763.0
Telangana,Peddapalli,Wheat,Rabi,,,,,,2000.0,,1714.0,
Telangana,Rajanna Sircilla,Bajra,Kharif,,,,1000.0,,,,,
Telangana,Rajanna Sircilla,Gram,Rabi,1300.0,1516.0,1570.0,1531.0,1682.0,1221.0,1118.0,1247.0,1557.0
Telangana,Rajanna Sircilla,Jowar,Kharif,,,,1333.0,821.0,600.0,1000.0,808.0,819.0
Telangana,Rajanna Sircilla,Jowar,Rabi,,,,2111.0,2600.0,1982.0,2000.0,2361.0,2479.0
Telangana,Rajanna Sircilla,Maize,Kharif,4542.0,2852.0,5153.0,7026.0,5410.0,4567.0,5611.0,5401.0,6889.0
Telangana,Rajanna Sircilla,Maize,Rabi,7285.0,4400.0,6719.0,6910.0,7898.0,5236.0,7697.0,6712.0,6465.0
Telangana,Rajanna Sircilla,Moong,Kharif,608.0,638.0,627.0,789.0,417.0,738.0,694.0,687.0,643.0
Telangana,Rajanna Sircilla,Moong,Rabi,904.0,834.0,945.0,944.0,940.0,959.0,920.0,766.0,989.0
Telangana,Rajanna Sircilla,Ragi,Kharif,,,,2000.0,2000.0,,,,
Telangana,Rajanna Sircilla,Ragi,Rabi,,,,,,1500.0,,,
Telangana,Rajanna Sircilla,Rice,Kharif,3789.0,3103.0,3700.0,4341.0,2995.0,3598.0,3569.0,4322.0,4104.0
Telangana,Rajanna Sircilla,Rice,Rabi,3986.0,3234.0,3524.0,3950.0,4055.0,4316.0,3687.0,4313.0,3749.0
Telangana,Rajanna Sircilla,Shree Anna /Nutri Cereals,Kharif,,,,1400.0,862.0,600.0,1000.0,808.0,819.0
Telangana,Rajanna Sircilla,Shree Anna /Nutri Cereals,Rabi,,,,2111.0,2333.0,1976.0,2000.0,2361.0,2479.0
Telangana,Rajanna Sircilla,Small Millets,Rabi,,,,,1000.0,,,,
Telangana,Rajanna Sircilla,Tur,Kharif,939.0,798.0,648.0,902.0,776.0,958.0,762.0,577.0,823.0
Telangana,Rajanna Sircilla,Tur,Rabi,,,,,,750.0,,,
Telangana,Rajanna Sircilla,Urad,Kharif,817.0,818.0,1000.0,1000.0,667.0,750.0,500.0,,790.0
Telangana,Rajanna Sircilla,Urad,Rabi,816.0,857.0,1500.0,,2500.0,1294.0,2000.0,,
Telangana,Rajanna Sircilla,Wheat,Rabi,,,,1851.0,2634.0,2010.0,2059.0,1714.0,1973.0
Telangana,Ranga Reddy,Bajra,Kharif,868.0,1061.0,491.0,1212.0,928.0,1214.0,800.0,2001.0,1034.0
Telangana,Ranga Reddy,Bajra,Rabi,1000.0,,,1214.0,929.0,1083.0,3222.0,,
Telangana,Ranga Reddy,Gram,Kharif,,1000.0,,,1800.0,1167.0,1000.0,,
Telangana,Ranga Reddy,Gram,Rabi,1477.0,1403.0,1138.0,1435.0,1397.0,1155.0,1475.0,1554.0,1489.0
Telangana,Ranga Reddy,Jowar,Kharif,1320.0,1083.0,710.0,1498.0,850.0,628.0,564.0,704.0,796.0
Telangana,Ranga Reddy,Jowar,Rabi,1189.0,1351.0,1653.0,2127.0,2516.0,2715.0,1920.0,1381.0,1216.0
Telangana,Ranga Reddy,Maize,Kharif,3143.0,2157.0,713.0,3324.0,3245.0,3583.0,3467.0,3322.0,4040.0
Telangana,Ranga Reddy,Maize,Rabi,2719.0,4238.0,3268.0,3666.0,6676.0,5926.0,7334.0,4793.0,4406.0
Telangana,Ranga Reddy,Moong,Kharif,693.0,638.0,626.0,786.0,417.0,447.0,679.0,687.0,643.0
Telangana,Ranga Reddy,Moong,Rabi,1000.0,750.0,,,1000.0,967.0,1000.0,980.0,
Telangana,Ranga Reddy,Ragi,Kharif,1079.0,1133.0,955.0,1580.0,1325.0,2120.0,933.0,1465.0,1227.0
Telangana,Ranga Reddy,Ragi,Rabi,1000.0,,,1500.0,1200.0,1625.0,,,
Telangana,Ranga Reddy,Rice,Kharif,2630.0,2486.0,3091.0,3300.0,3040.0,3395.0,3559.0,3622.0,3326.0
Telangana,Ranga Reddy,Rice,Rabi,3087.0,3117.0,1923.0,2753.0,3689.0,3145.0,3693.0,3495.0,3439.0
Telangana,Ranga Reddy,Shree Anna /Nutri Cereals,Kharif,1309.0,1083.0,709.0,1496.0,854.0,654.0,568.0,998.0,804.0
Telangana,Ranga Reddy,Shree Anna /Nutri Cereals,Rabi,1187.0,1351.0,1647.0,2070.0,2381.0,2562.0,1963.0,1381.0,1216.0
Telangana,Ranga Reddy,Small Millets,Kharif,,,,1703.0,533.0,750.0,,,1910.0
Telangana,Ranga Reddy,Tur,Kharif,677.0,694.0,333.0,657.0,744.0,441.0,606.0,420.0,668.0
Telangana,Ranga Reddy,Tur,Rabi,,,,,,769.0,1143.0,,
Telangana,Ranga Reddy,Urad,Kharif,843.0,826.0,889.0,941.0,761.0,765.0,692.0,721.0,790.0
Telangana,Ranga Reddy,Urad,Rabi,,,,,1909.0,1298.0,,1489.0,1763.0
Telangana,Ranga Reddy,Wheat,Kharif,,1000.0,,,,2000.0,,,
Telangana,Ranga Reddy,Wheat,Rabi,1258.0,1395.0,1889.0,1857.0,2647.0,2000.0,2143.0,1714.0,1973.0
Telangana,Sangareddy,Bajra,Kharif,871.0,1061.0,496.0,470.0,682.0,115.0,875.0,3372.0,1123.0
Telangana,Sangareddy,Bajra,Rabi,,1000.0,,333.0,667.0,1000.0,,,
Telangana,Sangareddy,Gram,Rabi,1421.0,1366.0,1268.0,1347.0,1233.0,1238.0,1266.0,1391.0,1602.0
Telangana,Sangareddy,Jowar,Kharif,710.0,916.0,684.0,852.0,931.0,376.0,806.0,1079.0,819.0
Telangana,Sangareddy,Jowar,Rabi,1200.0,1380.0,968.0,1388.0,1492.0,2371.0,2243.0,3073.0,3026.0
Telangana,Sangareddy,Maize,Kharif,2518.0,3549.0,3152.0,4490.0,3654.0,3454.0,3952.0,3586.0,2820.0
Telangana,Sangareddy,Maize,Rabi,4143.0,4032.0,2794.0,3571.0,4891.0,3205.0,3715.0,4727.0,3362.0
Telangana,Sangareddy,Moong,Kharif,678.0,795.0,744.0,838.0,549.0,855.0,908.0,753.0,902.0
Telangana,Sangareddy,Moong,Rabi,,,,,1000.0,962.0,1000.0,980.0,989.0
Telangana,Sangareddy,Ragi,Kharif,,,,,1316.0,1619.0,1500.0,,940.0
Telangana,Sangareddy,Ragi,Rabi,,,1000.0,,,1500.0,,,
Telangana,Sangareddy,Rice,Kharif,3062.0,3165.0,3030.0,3884.0,2953.0,3793.0,4120.0,4037.0,4268.0
Telangana,Sangareddy,Rice,Rabi,4650.0,4446.0,2733.0,3134.0,3709.0,3481.0,3412.0,3477.0,3781.0
Telangana,Sangareddy,Shree Anna /Nutri Cereals,Kharif,715.0,919.0,679.0,841.0,924.0,406.0,820.0,2646.0,897.0
Telangana,Sangareddy,Shree Anna /Nutri Cereals,Rabi,1200.0,1380.0,968.0,1387.0,1492.0,2369.0,2243.0,3073.0,3026.0
Telangana,Sangareddy,Small Millets,Kharif,,,,1714.0,500.0,742.0,1000.0,,1847.0
Telangana,Sangareddy,Small Millets,Rabi,,,1000.0,,,,,,
Telangana,Sangareddy,Tur,Kharif,673.0,854.0,448.0,845.0,680.0,892.0,1021.0,1103.0,1378.0
Telangana,Sangareddy,Tur,Rabi,,,,,,743.0,1182.0,,
Telangana,Sangareddy,Urad,Kharif,747.0,775.0,668.0,822.0,637.0,826.0,884.0,805.0,717.0
Telangana,Sangareddy,Urad,Rabi,,,,,1923.0,1293.0,1560.0,1489.0,1763.0
Telangana,Sangareddy,Wheat,Kharif,,,,,,,2000.0,,
Telangana,Sangareddy,Wheat,Rabi,1106.0,1036.0,765.0,1255.0,2640.0,1431.0,2071.0,1714.0,1973.0
Telangana,Siddipet,Bajra,Kharif,,,,,1000.0,1250.0,1000.0,3372.0,1000.0
Telangana,Siddipet,Bajra,Rabi,,,,,958.0,1000.0,3500.0,,
Telangana,Siddipet,Gram,Kharif,,,,,,1069.0,1000.0,,
Telangana,Siddipet,Gram,Rabi,1423.0,1315.0,2257.0,1396.0,1189.0,1070.0,1305.0,1189.0,1378.0
Telangana,Siddipet,Jowar,Kharif,709.0,938.0,923.0,1180.0,816.0,650.0,667.0,808.0,819.0
Telangana,Siddipet,Jowar,Rabi,,,,,2629.0,1986.0,2000.0,2361.0,2479.0
Telangana,Siddipet,Maize,Kharif,2518.0,2883.0,2591.0,4310.0,4479.0,3815.0,5064.0,5247.0,5674.0
Telangana,Siddipet,Maize,Rabi,4515.0,6240.0,4372.0,5478.0,7565.0,5238.0,5073.0,5917.0,6021.0
Telangana,Siddipet,Moong,Kharif,678.0,638.0,631.0,789.0,413.0,856.0,594.0,687.0,643.0
Telangana,Siddipet,Moong,Rabi,906.0,828.0,944.0,946.0,964.0,959.0,1000.0,808.0,989.0
Telangana,Siddipet,Ragi,Kharif,,,,,1667.0,1500.0,,,
Telangana,Siddipet,Ragi,Rabi,,,,,,2000.0,,,
Telangana,Siddipet,Rice,Kharif,3064.0,3281.0,3302.0,3741.0,3269.0,3460.0,3416.0,3563.0,3880.0
Telangana,Siddipet,Rice,Rabi,3874.0,3744.0,2390.0,3795.0,4263.0,4182.0,3036.0,3575.0,3802.0
Telangana,Siddipet,Shree Anna /Nutri Cereals,Kharif,709.0,938.0,923.0,1180.0,863.0,780.0,682.0,3159.0,891.0
Telangana,Siddipet,Shree Anna /Nutri Cereals,Rabi,,,,,1949.0,1912.0,2333.0,2361.0,2479.0
Telangana,Siddipet,Small Millets,Kharif,,,,,500.0,,,,
Telangana,Siddipet,Tur,Kharif,673.0,598.0,712.0,949.0,638.0,646.0,830.0,327.0,550.0
Telangana,Siddipet,Tur,Rabi,,,,,,741.0,1125.0,,
Telangana,Siddipet,Urad,Kharif,750.0,824.0,833.0,937.0,778.0,750.0,,,
Telangana,Siddipet,Urad,Rabi,759.0,900.0,1455.0,1857.0,1792.0,1295.0,2000.0,996.0,1763.0
Telangana,Siddipet,Wheat,Kharif,,,,,,2000.0,,,
Telangana,Siddipet,Wheat,Rabi,1125.0,1429.0,1833.0,1857.0,2667.0,2000.0,2000.0,1714.0,
Telangana,Suryapet,Bajra,Kharif,,,,1000.0,1000.0,1000.0,,,
Telangana,Suryapet,Bajra,Rabi,,,,,,,3000.0,,
Telangana,Suryapet,Gram,Kharif,,,,,0.0,,,,
Telangana,Suryapet,Gram,Rabi,1295.0,1515.0,1578.0,1532.0,1661.0,1409.0,1538.0,1686.0,1762.0
Telangana,Suryapet,Jowar,Kharif,,,,1200.0,871.0,750.0,667.0,2.0,819.0
Telangana,Suryapet,Jowar,Rabi,1190.0,1351.0,1654.0,2128.0,2540.0,558.0,2063.0,480.0,2479.0
Telangana,Suryapet,Maize,Kharif,1878.0,3467.0,3118.0,4818.0,4647.0,4545.0,4600.0,4350.0,4814.0
Telangana,Suryapet,Maize,Rabi,6806.0,6902.0,6500.0,6965.0,7667.0,3674.0,6512.0,6712.0,6465.0
Telangana,Suryapet,Moong,Kharif,411.0,513.0,452.0,604.0,195.0,575.0,492.0,379.0,520.0
Telangana,Suryapet,Moong,Rabi,903.0,,1000.0,951.0,947.0,958.0,525.0,808.0,989.0
Telangana,Suryapet,Ragi,Kharif,,,,,,,,,940.0
Telangana,Suryapet,Ragi,Rabi,,,,,,1667.0,1000.0,,
Telangana,Suryapet,Rice,Kharif,3369.0,3423.0,3313.0,3532.0,3168.0,3289.0,3529.0,3525.0,3604.0
Telangana,Suryapet,Rice,Rabi,3688.0,3741.0,3603.0,3628.0,3835.0,3244.0,3541.0,3386.0,3503.0
Telangana,Suryapet,Shree Anna /Nutri Cereals,Kharif,,,,1355.0,879.0,800.0,667.0,2.0,1455.0
Telangana,Suryapet,Shree Anna /Nutri Cereals,Rabi,1190.0,1351.0,1652.0,2128.0,2540.0,589.0,2041.0,480.0,2479.0
Telangana,Suryapet,Small Millets,Kharif,,,,1700.0,,,,,1881.0
Telangana,Suryapet,Small Millets,Rabi,,,1000.0,,,,1000.0,,
Telangana,Suryapet,Tur,Kharif,664.0,772.0,570.0,798.0,734.0,535.0,693.0,564.0,731.0
Telangana,Suryapet,Tur,Rabi,660.0,,,778.0,750.0,745.0,1000.0,,
Telangana,Suryapet,Urad,Kharif,,,1000.0,1000.0,727.0,778.0,667.0,721.0,790.0
Telangana,Suryapet,Urad,Rabi,817.0,878.0,1477.0,1797.0,1917.0,1297.0,610.0,531.0,1763.0
Telangana,Vikarabad,Bajra,Kharif,857.0,1000.0,500.0,1211.0,889.0,1250.0,750.0,3372.0,1015.0
Telangana,Vikarabad,Bajra,Rabi,,,,,1000.0,,3000.0,,
Telangana,Vikarabad,Gram,Kharif,,,,,,,1609.0,,
Telangana,Vikarabad,Gram,Rabi,1576.0,1440.0,1611.0,1678.0,1411.0,1181.0,1599.0,1702.0,1480.0
Telangana,Vikarabad,Jowar,Kharif,1320.0,782.0,1141.0,1468.0,709.0,1057.0,1158.0,1329.0,1129.0
Telangana,Vikarabad,Jowar,Rabi,902.0,916.0,1180.0,1200.0,2107.0,1778.0,2238.0,2137.0,1800.0
Telangana,Vikarabad,Maize,Kharif,3143.0,3174.0,3247.0,5202.0,4386.0,4540.0,4236.0,4001.0,4111.0
Telangana,Vikarabad,Maize,Rabi,6805.0,6901.0,6501.0,6931.0,7844.0,4611.0,3891.0,4427.0,4741.0
Telangana,Vikarabad,Moong,Kharif,693.0,548.0,869.0,873.0,531.0,691.0,550.0,576.0,611.0
Telangana,Vikarabad,Moong,Rabi,,,,,938.0,962.0,1000.0,980.0,989.0
Telangana,Vikarabad,Ragi,Kharif,1071.0,1140.0,979.0,1582.0,1322.0,1653.0,2886.0,2011.0,712.0
Telangana,Vikarabad,Ragi,Rabi,1078.0,1148.0,984.0,1585.0,1409.0,1652.0,1143.0,,
Telangana,Vikarabad,Rice,Kharif,2630.0,2476.0,2958.0,3187.0,2911.0,2916.0,3262.0,2820.0,3077.0
Telangana,Vikarabad,Rice,Rabi,2648.0,3302.0,2845.0,3552.0,3012.0,2989.0,3217.0,2986.0,3277.0
Telangana,Vikarabad,Shree Anna /Nutri Cereals,Kharif,1318.0,787.0,1134.0,1468.0,728.0,1081.0,1213.0,1590.0,1106.0
Telangana,Vikarabad,Shree Anna /Nutri Cereals,Rabi,906.0,919.0,1171.0,1209.0,2103.0,1773.0,2236.0,2137.0,1800.0
Telangana,Vikarabad,Small Millets,Kharif,,,,,540.0,769.0,1000.0,,1956.0
Telangana,Vikarabad,Small Millets,Rabi,,,,,,750.0,,,
Telangana,Vikarabad,Tur,Kharif,677.0,754.0,605.0,865.0,865.0,781.0,815.0,708.0,801.0
Telangana,Vikarabad,Tur,Rabi,676.0,750.0,619.0,1000.0,874.0,764.0,1022.0,,
Telangana,Vikarabad,Urad,Kharif,840.0,762.0,950.0,1032.0,771.0,873.0,473.0,605.0,546.0
Telangana,Vikarabad,Urad,Rabi,,,,,2000.0,1297.0,1600.0,1489.0,1763.0
Telangana,Vikarabad,Wheat,Kharif,,,,,,2000.0,2000.0,,
Telangana,Vikarabad,Wheat,Rabi,1252.0,1385.0,1880.0,1848.0,2640.0,2009.0,2074.0,1714.0,1973.0
Telangana,Wanaparthy,Bajra,Kharif,,1000.0,,1000.0,1000.0,,1000.0,,
Telangana,Wanaparthy,Gram,Rabi,1299.0,2132.0,2140.0,1799.0,2367.0,2084.0,1966.0,1686.0,1762.0
Telangana,Wanaparthy,Jowar,Kharif,795.0,1090.0,1068.0,1433.0,1226.0,402.0,881.0,408.0,819.0
Telangana,Wanaparthy,Jowar,Rabi,1189.0,1350.0,1658.0,2125.0,2531.0,1980.0,2061.0,2361.0,2479.0
Telangana,Wanaparthy,Maize,Kharif,1091.0,3171.0,2954.0,5253.0,3615.0,3927.0,4943.0,3468.0,4047.0
Telangana,Wanaparthy,Maize,Rabi,6806.0,6899.0,6500.0,6948.0,7866.0,4458.0,6512.0,6712.0,6465.0
Telangana,Wanaparthy,Moong,Kharif,641.0,639.0,630.0,783.0,415.0,495.0,655.0,687.0,643.0
Telangana,Wanaparthy,Moong,Rabi,904.0,830.0,949.0,944.0,955.0,956.0,1000.0,980.0,989.0
Telangana,Wanaparthy,Ragi,Kharif,1167.0,1151.0,981.0,1576.0,1352.0,2167.0,1533.0,1465.0,980.0
Telangana,Wanaparthy,Ragi,Rabi,,1000.0,1000.0,1625.0,1286.0,1886.0,909.0,,
Telangana,Wanaparthy,Rice,Kharif,2796.0,2021.0,2995.0,3293.0,2637.0,3603.0,3695.0,3762.0,3564.0
Telangana,Wanaparthy,Rice,Rabi,2878.0,2817.0,2818.0,3321.0,3778.0,3243.0,3315.0,3384.0,3344.0
Telangana,Wanaparthy,Shree Anna /Nutri Cereals,Kharif,807.0,1092.0,1066.0,1440.0,1225.0,416.0,897.0,535.0,839.0
Telangana,Wanaparthy,Shree Anna /Nutri Cereals,Rabi,1189.0,1344.0,1627.0,2087.0,2200.0,1918.0,1896.0,2361.0,2479.0
Telangana,Wanaparthy,Small Millets,Kharif,955.0,,,1712.0,526.0,1000.0,1091.0,,1865.0
Telangana,Wanaparthy,Small Millets,Rabi,,,,,1000.0,1000.0,1000.0,,
Telangana,Wanaparthy,Tur,Kharif,546.0,764.0,627.0,610.0,353.0,471.0,631.0,349.0,516.0
Telangana,Wanaparthy,Tur,Rabi,553.0,,,606.0,353.0,741.0,1250.0,,
Telangana,Wanaparthy,Urad,Kharif,817.0,807.0,847.0,950.0,734.0,793.0,698.0,721.0,2280.0
Telangana,Wanaparthy,Urad,Rabi,817.0,879.0,2055.0,1860.0,1935.0,1817.0,1957.0,1670.0,1819.0
Telangana,Wanaparthy,Wheat,Rabi,,,,,,2000.0,,,
Telangana,Warangal,Bajra,Kharif,,,,,,,,,1000.0
Telangana,Warangal,Bajra,Rabi,,,,1000.0,,,3333.0,,
Telangana,Warangal,Gram,Kharif,,,,,,1000.0,,,
Telangana,Warangal,Gram,Rabi,1301.0,1516.0,1569.0,1530.0,1670.0,588.0,1074.0,1815.0,1762.0
Telangana,Warangal,Jowar,Kharif,,,1000.0,1214.0,857.0,667.0,500.0,,
Telangana,Warangal,Jowar,Rabi,1197.0,1348.0,1655.0,2129.0,2513.0,938.0,2061.0,1487.0,917.0
Telangana,Warangal,Maize,Kharif,4250.0,6967.0,6422.0,5805.0,3999.0,6376.0,5448.0,4826.0,4974.0
Telangana,Warangal,Maize,Rabi,10356.0,8340.0,8787.0,6838.0,6982.0,8135.0,6032.0,6816.0,7143.0
Telangana,Warangal,Moong,Kharif,783.0,637.0,628.0,789.0,414.0,1092.0,302.0,683.0,664.0
Telangana,Warangal,Moong,Rabi,904.0,833.0,946.0,949.0,943.0,854.0,909.0,921.0,989.0
Telangana,Warangal,Ragi,Kharif,,,,1600.0,,,,,
Telangana,Warangal,Ragi,Rabi,,,,,,,1000.0,,
Telangana,Warangal,Rice,Kharif,3436.0,2476.0,3343.0,3432.0,2837.0,3128.0,3280.0,3520.0,3502.0
Telangana,Warangal,Rice,Rabi,3980.0,3234.0,3448.0,3782.0,4026.0,3240.0,3536.0,3557.0,3455.0
Telangana,Warangal,Shree Anna /Nutri Cereals,Kharif,,,1000.0,1467.0,867.0,667.0,500.0,,1000.0
Telangana,Warangal,Shree Anna /Nutri Cereals,Rabi,1197.0,1348.0,1641.0,2121.0,2513.0,938.0,2084.0,1487.0,917.0
Telangana,Warangal,Small Millets,Kharif,,,,1727.0,1000.0,,,,
Telangana,Warangal,Tur,Kharif,556.0,798.0,647.0,902.0,566.0,640.0,1116.0,349.0,1082.0
Telangana,Warangal,Tur,Rabi,552.0,813.0,633.0,913.0,565.0,731.0,1250.0,,
Telangana,Warangal,Urad,Kharif,814.0,810.0,844.0,946.0,759.0,778.0,708.0,721.0,
Telangana,Warangal,Urad,Rabi,814.0,883.0,1478.0,1800.0,1856.0,738.0,1625.0,1127.0,1763.0
Telangana,Yadadri Bhuvanagiri,Bajra,Kharif,586.0,,,1000.0,1000.0,1000.0,,,
Telangana,Yadadri Bhuvanagiri,Bajra,Rabi,,,,,,1000.0,,,
Telangana,Yadadri Bhuvanagiri,Gram,Rabi,1302.0,1512.0,1573.0,1524.0,1750.0,1411.0,1625.0,,
Telangana,Yadadri Bhuvanagiri,Jowar,Kharif,432.0,417.0,1199.0,1043.0,814.0,226.0,688.0,808.0,819.0
Telangana,Yadadri Bhuvanagiri,Jowar,Rabi,1167.0,,1667.0,2125.0,2429.0,1989.0,2000.0,2361.0,2479.0
Telangana,Yadadri Bhuvanagiri,Maize,Kharif,1888.0,2946.0,2113.0,2127.0,4703.0,4550.0,4556.0,4350.0,4814.0
Telangana,Yadadri Bhuvanagiri,Maize,Rabi,6805.0,6909.0,6516.0,6588.0,8750.0,7387.0,6500.0,6712.0,6465.0
Telangana,Yadadri Bhuvanagiri,Moong,Kharif,411.0,639.0,630.0,789.0,416.0,800.0,611.0,687.0,643.0
Telangana,Yadadri Bhuvanagiri,Moong,Rabi,1000.0,838.0,947.0,947.0,962.0,960.0,1000.0,980.0,
Telangana,Yadadri Bhuvanagiri,Ragi,Kharif,,,,1556.0,2000.0,1500.0,,,
Telangana,Yadadri Bhuvanagiri,Rice,Kharif,3369.0,3310.0,3379.0,3758.0,2829.0,3277.0,3448.0,3586.0,3686.0
Telangana,Yadadri Bhuvanagiri,Rice,Rabi,3838.0,3621.0,3526.0,3552.0,3588.0,3368.0,3508.0,3465.0,3693.0
Telangana,Yadadri Bhuvanagiri,Shree Anna /Nutri Cereals,Kharif,434.0,417.0,1199.0,1180.0,815.0,238.0,688.0,808.0,826.0
Telangana,Yadadri Bhuvanagiri,Shree Anna /Nutri Cereals,Rabi,1167.0,,1500.0,2081.0,2429.0,1956.0,2000.0,2361.0,2479.0
Telangana,Yadadri Bhuvanagiri,Small Millets,Kharif,,,,1711.0,571.0,,,,2030.0
Telangana,Yadadri Bhuvanagiri,Small Millets,Rabi,,,1000.0,1800.0,,,,,
Telangana,Yadadri Bhuvanagiri,Tur,Kharif,664.0,491.0,342.0,818.0,751.0,747.0,684.0,688.0,941.0
Telangana,Yadadri Bhuvanagiri,Tur,Rabi,,,,,,756.0,1000.0,,
Telangana,Yadadri Bhuvanagiri,Urad,Kharif,813.0,800.0,857.0,923.0,767.0,857.0,710.0,721.0,790.0
Telangana,Yadadri Bhuvanagiri,Urad,Rabi,813.0,879.0,1478.0,1833.0,1933.0,1295.0,1667.0,1489.0,1763.0
Telangana,Yadadri Bhuvanagiri,Wheat,Rabi,1000.0,,,,3000.0,2000.0,,,
The Dadra And Nagar Haveli And Daman And Diu,Dadra And Nagar Haveli,Gram,Rabi,1050.0,,1050.0,,,,,,
The Dadra And Nagar Haveli And Daman And Diu,Dadra And Nagar Haveli,Jowar,Kharif,2200.0,854.0,22000.0,2200.0,,,,,
The Dadra And Nagar Haveli And Daman And Diu,Dadra And Nagar Haveli,Maize,Kharif,1000.0,1072.0,1000.0,1000.0,,,,,
The Dadra And Nagar Haveli And Daman And Diu,Dadra And Nagar Haveli,Maize,Rabi,,1200.0,,,,,,,
The Dadra And Nagar Haveli And Daman And Diu,Dadra And Nagar Haveli,Ragi,Kharif,1700.0,1040.0,1700.0,1650.0,,1667.0,1656.0,1675.0,
The Dadra And Nagar Haveli And Daman And Diu,Dadra And Nagar Haveli,Rice,Kharif,2200.0,2074.0,2167.0,2067.0,,2069.0,2084.0,2077.0,
The Dadra And Nagar Haveli And Daman And Diu,Dadra And Nagar Haveli,Rice,Rabi,3500.0,1954.0,2533.0,2533.0,,,,,
The Dadra And Nagar Haveli And Daman And Diu,Dadra And Nagar Haveli,Shree Anna /Nutri Cereals,Kharif,1703.0,966.0,1813.0,1653.0,,1667.0,1656.0,1675.0,
The Dadra And Nagar Haveli And Daman And Diu,Dadra And Nagar Haveli,Small Millets,Kharif,,747.0,,,,,,,
The Dadra And Nagar Haveli And Daman And Diu,Dadra And Nagar Haveli,Tur,Kharif,3431.0,845.0,1100.0,1000.0,,,,,
The Dadra And Nagar Haveli And Daman And Diu,Dadra And Nagar Haveli,Tur,Rabi,1000.0,915.0,,1000.0,,,,,
The Dadra And Nagar Haveli And Daman And Diu,Dadra And Nagar Haveli,Urad,Kharif,1000.0,970.0,1000.0,711.0,,,,,
The Dadra And Nagar Haveli And Daman And Diu,Dadra And Nagar Haveli,Wheat,Rabi,2300.0,2223.0,,2400.0,,,,,
The Dadra And Nagar Haveli And Daman And Diu,Daman,Rice,Kharif,1285.0,1222.0,1273.0,1273.0,,1936.0,1946.0,1963.0,
The Dadra And Nagar Haveli And Daman And Diu,Diu,Bajra,Kharif,1333.0,1333.0,1306.0,1306.0,,1530.0,1518.0,1536.0,
The Dadra And Nagar Haveli And Daman And Diu,Diu,Shree Anna /Nutri Cereals,Kharif,1333.0,1333.0,1306.0,1306.0,,1530.0,1518.0,1536.0,
Tripura,Dhalai,Gram,Rabi,641.0,881.0,751.0,712.0,700.0,1000.0,667.0,706.0,857.0
Tripura,Dhalai,Jowar,Kharif,799.0,813.0,819.0,857.0,,,,,
Tripura,Dhalai,Jowar,Rabi,,,813.0,826.0,860.0,,,,
Tripura,Dhalai,Lentil,Rabi,649.0,750.0,946.0,949.0,908.0,954.0,925.0,912.0,941.0
Tripura,Dhalai,Maize,Kharif,1258.0,1301.0,1260.0,1372.0,1490.0,1836.0,2073.0,1936.0,1690.0
Tripura,Dhalai,Maize,Rabi,1383.0,1383.0,2164.0,2446.0,2506.0,2601.0,3661.0,3650.0,3237.0
Tripura,Dhalai,Moong,Kharif,559.0,558.0,652.0,801.0,821.0,745.0,817.0,815.0,670.0
Tripura,Dhalai,Moong,Rabi,581.0,684.0,748.0,757.0,811.0,752.0,855.0,855.0,793.0
Tripura,Dhalai,Rice,Kharif,2138.0,2221.0,2224.0,2089.0,2301.0,2164.0,1754.0,2852.0,2695.0
Tripura,Dhalai,Rice,Rabi,2862.0,2998.0,2981.0,3029.0,3180.0,3267.0,3345.0,3280.0,3237.0
Tripura,Dhalai,Rice,Summer,2928.0,2801.0,2911.0,2927.0,3009.0,3132.0,3164.0,,
Tripura,Dhalai,Shree Anna /Nutri Cereals,Kharif,799.0,815.0,827.0,847.0,794.0,817.0,990.0,990.0,895.0
Tripura,Dhalai,Shree Anna /Nutri Cereals,Rabi,,,813.0,826.0,855.0,857.0,,,
Tripura,Dhalai,Small Millets,Kharif,798.0,818.0,836.0,836.0,794.0,817.0,990.0,990.0,895.0
Tripura,Dhalai,Small Millets,Rabi,,,,,851.0,857.0,,,
Tripura,Dhalai,Tur,Kharif,706.0,753.0,796.0,848.0,832.0,820.0,837.0,838.0,855.0
Tripura,Dhalai,Urad,Kharif,531.0,566.0,569.0,695.0,789.0,744.0,870.0,871.0,800.0
Tripura,Dhalai,Urad,Rabi,716.0,748.0,735.0,795.0,853.0,824.0,823.0,825.0,880.0
Tripura,Dhalai,Wheat,Rabi,2320.0,1857.0,2160.0,2433.0,,,,2237.0,2427.0
Tripura,Gomati,Gram,Rabi,684.0,657.0,678.0,667.0,654.0,1154.0,714.0,706.0,769.0
Tripura,Gomati,Jowar,Kharif,791.0,816.0,785.0,813.0,,,,,
Tripura,Gomati,Jowar,Rabi,,,804.0,806.0,850.0,,,,
Tripura,Gomati,Lentil,Rabi,718.0,755.0,635.0,642.0,688.0,655.0,750.0,787.0,725.0
Tripura,Gomati,Maize,Kharif,1419.0,1488.0,1286.0,1498.0,1612.0,1841.0,1860.0,1895.0,1722.0
Tripura,Gomati,Maize,Rabi,1664.0,1665.0,2101.0,2371.0,2508.0,2766.0,3342.0,3324.0,3261.0
Tripura,Gomati,Moong,Kharif,577.0,559.0,557.0,558.0,565.0,590.0,655.0,650.0,633.0
Tripura,Gomati,Moong,Rabi,739.0,727.0,710.0,709.0,771.0,730.0,834.0,846.0,771.0
Tripura,Gomati,Rice,Kharif,1715.0,1879.0,1737.0,1840.0,1877.0,1878.0,1593.0,3240.0,2899.0
Tripura,Gomati,Rice,Rabi,3156.0,2994.0,3066.0,3179.0,3118.0,3273.0,3547.0,3350.0,3535.0
Tripura,Gomati,Rice,Summer,2942.0,3141.0,3177.0,3195.0,3208.0,3414.0,3372.0,,
Tripura,Gomati,Shree Anna /Nutri Cereals,Kharif,793.0,813.0,699.0,816.0,789.0,791.0,1000.0,1000.0,869.0
Tripura,Gomati,Shree Anna /Nutri Cereals,Rabi,,,804.0,806.0,851.0,847.0,,,
Tripura,Gomati,Small Millets,Kharif,796.0,803.0,608.0,823.0,789.0,791.0,1000.0,1000.0,869.0
Tripura,Gomati,Small Millets,Rabi,,,,,853.0,847.0,,,
Tripura,Gomati,Tur,Kharif,713.0,744.0,800.0,818.0,796.0,803.0,803.0,801.0,831.0
Tripura,Gomati,Urad,Kharif,599.0,578.0,573.0,586.0,676.0,636.0,761.0,759.0,706.0
Tripura,Gomati,Urad,Rabi,924.0,809.0,692.0,779.0,774.0,760.0,759.0,758.0,809.0
Tripura,Gomati,Wheat,Rabi,2348.0,2082.0,2142.0,2167.0,2000.0,2000.0,2000.0,1929.0,2048.0
Tripura,Khowai,Gram,Rabi,647.0,1000.0,727.0,625.0,600.0,,600.0,471.0,889.0
Tripura,Khowai,Jowar,Kharif,788.0,822.0,810.0,847.0,,,,,
Tripura,Khowai,Jowar,Rabi,,,793.0,797.0,,,,,
Tripura,Khowai,Lentil,Rabi,635.0,650.0,661.0,667.0,644.0,654.0,783.0,756.0,672.0
Tripura,Khowai,Maize,Kharif,1387.0,1445.0,1241.0,1307.0,1828.0,1818.0,1910.0,1979.0,1634.0
Tripura,Khowai,Maize,Rabi,1545.0,1548.0,2096.0,2380.0,2465.0,2602.0,3432.0,3500.0,3141.0
Tripura,Khowai,Moong,Kharif,532.0,526.0,600.0,621.0,637.0,617.0,670.0,678.0,500.0
Tripura,Khowai,Moong,Rabi,606.0,615.0,667.0,699.0,752.0,730.0,846.0,825.0,762.0
Tripura,Khowai,Rice,Kharif,1776.0,1926.0,1734.0,1766.0,2012.0,2167.0,1844.0,3249.0,3143.0
Tripura,Khowai,Rice,Rabi,3000.0,2978.0,2990.0,2999.0,3115.0,3326.0,3309.0,3371.0,3328.0
Tripura,Khowai,Rice,Summer,3042.0,3425.0,3040.0,3088.0,3254.0,3433.0,3383.0,,
Tripura,Khowai,Shree Anna /Nutri Cereals,Kharif,800.0,816.0,825.0,846.0,780.0,800.0,986.0,982.0,884.0
Tripura,Khowai,Shree Anna /Nutri Cereals,Rabi,,,793.0,797.0,848.0,833.0,,,
Tripura,Khowai,Small Millets,Kharif,822.0,811.0,845.0,845.0,780.0,800.0,986.0,982.0,884.0
Tripura,Khowai,Small Millets,Rabi,,,,,848.0,833.0,,,
Tripura,Khowai,Tur,Kharif,689.0,725.0,865.0,746.0,729.0,730.0,757.0,759.0,768.0
Tripura,Khowai,Urad,Kharif,552.0,564.0,584.0,616.0,690.0,676.0,785.0,789.0,756.0
Tripura,Khowai,Urad,Rabi,759.0,692.0,709.0,738.0,800.0,782.0,785.0,782.0,830.0
Tripura,Khowai,Wheat,Rabi,2000.0,2000.0,2000.0,2150.0,2067.0,2067.0,2000.0,2009.0,2059.0
Tripura,North Tripura,Gram,Rabi,615.0,839.0,637.0,604.0,619.0,,,,1000.0
Tripura,North Tripura,Jowar,Kharif,813.0,825.0,762.0,783.0,,,,,
Tripura,North Tripura,Jowar,Rabi,,,817.0,1000.0,846.0,,,,
Tripura,North Tripura,Lentil,Rabi,679.0,741.0,826.0,828.0,784.0,857.0,833.0,650.0,1001.0
Tripura,North Tripura,Maize,Kharif,1331.0,1292.0,1257.0,1469.0,1717.0,1768.0,1784.0,1939.0,1718.0
Tripura,North Tripura,Maize,Rabi,1276.0,1285.0,1931.0,2207.0,2310.0,2544.0,3407.0,3359.0,2917.0
Tripura,North Tripura,Moong,Kharif,577.0,578.0,597.0,621.0,648.0,600.0,625.0,599.0,500.0
Tripura,North Tripura,Moong,Rabi,618.0,615.0,650.0,683.0,741.0,719.0,917.0,726.0,611.0
Tripura,North Tripura,Rice,Kharif,2383.0,2346.0,2232.0,2408.0,2319.0,2433.0,2435.0,3008.0,3005.0
Tripura,North Tripura,Rice,Rabi,2863.0,2718.0,2817.0,3014.0,3022.0,3180.0,3341.0,3245.0,3645.0
Tripura,North Tripura,Rice,Summer,2839.0,2760.0,2581.0,2919.0,3360.0,3227.0,,,
Tripura,North Tripura,Shree Anna /Nutri Cereals,Kharif,803.0,821.0,810.0,809.0,787.0,830.0,946.0,975.0,881.0
Tripura,North Tripura,Shree Anna /Nutri Cereals,Rabi,,,817.0,1000.0,867.0,862.0,,,
Tripura,North Tripura,Small Millets,Kharif,786.0,810.0,832.0,840.0,787.0,830.0,946.0,975.0,881.0
Tripura,North Tripura,Small Millets,Rabi,,,,,875.0,862.0,,,
Tripura,North Tripura,Tur,Kharif,707.0,730.0,729.0,740.0,724.0,731.0,733.0,735.0,763.0
Tripura,North Tripura,Urad,Kharif,555.0,578.0,557.0,578.0,663.0,610.0,728.0,738.0,699.0
Tripura,North Tripura,Urad,Rabi,723.0,690.0,654.0,657.0,714.0,664.0,727.0,702.0,736.0
Tripura,North Tripura,Wheat,Rabi,2375.0,2000.0,1994.0,,,,,1929.0,2000.0
Tripura,Sepahijala,Gram,Rabi,590.0,714.0,641.0,594.0,700.0,1000.0,667.0,837.0,600.0
Tripura,Sepahijala,Jowar,Kharif,773.0,827.0,750.0,783.0,,,,,
Tripura,Sepahijala,Jowar,Rabi,,,790.0,789.0,,,,,
Tripura,Sepahijala,Lentil,Rabi,662.0,676.0,635.0,635.0,605.0,,791.0,815.0,643.0
Tripura,Sepahijala,Maize,Kharif,1515.0,1477.0,1477.0,1515.0,2036.0,2020.0,2125.0,2217.0,2036.0
Tripura,Sepahijala,Maize,Rabi,1824.0,1757.0,2240.0,2540.0,2679.0,2676.0,3929.0,3895.0,3267.0
Tripura,Sepahijala,Moong,Kharif,533.0,527.0,608.0,644.0,643.0,618.0,727.0,666.0,649.0
Tripura,Sepahijala,Moong,Rabi,579.0,582.0,639.0,671.0,733.0,632.0,840.0,833.0,733.0
Tripura,Sepahijala,Rice,Kharif,1900.0,2047.0,1880.0,2265.0,2095.0,2337.0,2000.0,3463.0,3201.0
Tripura,Sepahijala,Rice,Rabi,3168.0,3237.0,3132.0,3272.0,3221.0,3355.0,3570.0,3414.0,3530.0
Tripura,Sepahijala,Rice,Summer,3444.0,3254.0,3355.0,3119.0,3347.0,3481.0,3436.0,,
Tripura,Sepahijala,Shree Anna /Nutri Cereals,Kharif,803.0,819.0,783.0,798.0,757.0,754.0,1000.0,986.0,866.0
Tripura,Sepahijala,Shree Anna /Nutri Cereals,Rabi,,,790.0,789.0,,864.0,,,
Tripura,Sepahijala,Small Millets,Kharif,821.0,806.0,1000.0,800.0,757.0,754.0,1000.0,986.0,866.0
Tripura,Sepahijala,Small Millets,Rabi,,,,,,864.0,,,
Tripura,Sepahijala,Tur,Kharif,747.0,751.0,756.0,767.0,756.0,753.0,778.0,783.0,793.0
Tripura,Sepahijala,Urad,Kharif,550.0,573.0,645.0,672.0,763.0,736.0,867.0,865.0,821.0
Tripura,Sepahijala,Urad,Rabi,715.0,552.0,727.0,718.0,777.0,774.0,763.0,760.0,810.0
Tripura,Sepahijala,Wheat,Rabi,2243.0,1971.0,2148.0,2240.0,,,2143.0,2017.0,2200.0
Tripura,South Tripura,Gram,Rabi,543.0,758.0,620.0,594.0,632.0,1105.0,600.0,612.0,750.0
Tripura,South Tripura,Jowar,Kharif,814.0,826.0,794.0,857.0,,,,,
Tripura,South Tripura,Jowar,Rabi,,,770.0,778.0,,,,,
Tripura,South Tripura,Lentil,Rabi,651.0,703.0,728.0,740.0,701.0,743.0,749.0,742.0,746.0
Tripura,South Tripura,Maize,Kharif,1471.0,1523.0,1369.0,1463.0,2027.0,1865.0,2128.0,2124.0,1815.0
Tripura,South Tripura,Maize,Rabi,1723.0,1717.0,2172.0,2465.0,2496.0,2634.0,3376.0,3325.0,3195.0
Tripura,South Tripura,Moong,Kharif,575.0,567.0,617.0,644.0,637.0,626.0,664.0,680.0,618.0
Tripura,South Tripura,Moong,Rabi,617.0,606.0,619.0,649.0,710.0,656.0,820.0,833.0,730.0
Tripura,South Tripura,Rice,Kharif,2107.0,2125.0,1999.0,2001.0,2045.0,2228.0,1945.0,3391.0,3164.0
Tripura,South Tripura,Rice,Rabi,3285.0,3274.0,3137.0,3429.0,3327.0,3334.0,3541.0,3444.0,3671.0
Tripura,South Tripura,Rice,Summer,3321.0,3619.0,3518.0,3349.0,3408.0,3512.0,3298.0,,
Tripura,South Tripura,Shree Anna /Nutri Cereals,Kharif,808.0,714.0,792.0,806.0,772.0,771.0,961.0,980.0,875.0
Tripura,South Tripura,Shree Anna /Nutri Cereals,Rabi,,,770.0,778.0,824.0,833.0,,,
Tripura,South Tripura,Small Millets,Kharif,795.0,606.0,791.0,789.0,772.0,771.0,961.0,980.0,875.0
Tripura,South Tripura,Small Millets,Rabi,,,,,824.0,833.0,,,
Tripura,South Tripura,Tur,Kharif,686.0,712.0,727.0,792.0,773.0,765.0,777.0,775.0,806.0
Tripura,South Tripura,Urad,Kharif,690.0,679.0,623.0,663.0,744.0,714.0,833.0,832.0,809.0
Tripura,South Tripura,Urad,Rabi,813.0,776.0,739.0,756.0,814.0,784.0,783.0,784.0,832.0
Tripura,South Tripura,Wheat,Rabi,2313.0,2050.0,2089.0,,,,2000.0,1929.0,2000.0
Tripura,Unakoti,Gram,Rabi,533.0,739.0,647.0,582.0,625.0,1400.0,615.0,605.0,600.0
Tripura,Unakoti,Jowar,Kharif,792.0,800.0,762.0,784.0,,,,,
Tripura,Unakoti,Jowar,Rabi,,,,800.0,,,,,
Tripura,Unakoti,Lentil,Rabi,679.0,694.0,799.0,789.0,758.0,784.0,862.0,858.0,813.0
Tripura,Unakoti,Maize,Kharif,1354.0,1501.0,1261.0,1352.0,1706.0,1947.0,1971.0,2000.0,1690.0
Tripura,Unakoti,Maize,Rabi,1569.0,1550.0,2140.0,2470.0,2535.0,2649.0,3712.0,3698.0,3393.0
Tripura,Unakoti,Moong,Kharif,522.0,504.0,603.0,626.0,635.0,,664.0,669.0,642.0
Tripura,Unakoti,Moong,Rabi,570.0,568.0,648.0,675.0,727.0,661.0,847.0,856.0,764.0
Tripura,Unakoti,Rice,Kharif,2445.0,2672.0,2392.0,2706.0,2660.0,2648.0,2670.0,3259.0,3043.0
Tripura,Unakoti,Rice,Rabi,3041.0,3140.0,3148.0,3214.0,3097.0,3278.0,3369.0,3416.0,3560.0
Tripura,Unakoti,Rice,Summer,3330.0,3459.0,2794.0,2888.0,3324.0,3492.0,3487.0,,
Tripura,Unakoti,Shree Anna /Nutri Cereals,Kharif,789.0,795.0,808.0,814.0,775.0,767.0,1000.0,937.0,854.0
Tripura,Unakoti,Shree Anna /Nutri Cereals,Rabi,,,,800.0,857.0,867.0,,,
Tripura,Unakoti,Small Millets,Kharif,786.0,778.0,1000.0,852.0,775.0,767.0,1000.0,937.0,854.0
Tripura,Unakoti,Small Millets,Rabi,,,,,857.0,867.0,,,
Tripura,Unakoti,Tur,Kharif,731.0,775.0,745.0,752.0,746.0,736.0,778.0,776.0,787.0
Tripura,Unakoti,Urad,Kharif,514.0,541.0,573.0,603.0,682.0,623.0,741.0,742.0,733.0
Tripura,Unakoti,Urad,Rabi,724.0,683.0,635.0,646.0,721.0,671.0,737.0,731.0,741.0
Tripura,Unakoti,Wheat,Rabi,2296.0,2200.0,2057.0,2208.0,2000.0,2000.0,,2017.0,2083.0
Tripura,West Tripura,Gram,Rabi,579.0,828.0,646.0,594.0,667.0,,1000.0,,1000.0
Tripura,West Tripura,Jowar,Kharif,813.0,833.0,760.0,,,,,,
Tripura,West Tripura,Jowar,Rabi,,,,811.0,,,,,
Tripura,West Tripura,Lentil,Rabi,672.0,701.0,641.0,649.0,636.0,680.0,800.0,487.0,606.0
Tripura,West Tripura,Maize,Kharif,1326.0,1396.0,1305.0,1389.0,1420.0,1778.0,1829.0,1810.0,1594.0
Tripura,West Tripura,Maize,Rabi,1497.0,1494.0,2145.0,2461.0,2442.0,2513.0,3447.0,3429.0,3199.0
Tripura,West Tripura,Moong,Kharif,528.0,530.0,573.0,595.0,626.0,604.0,,999.0,500.0
Tripura,West Tripura,Moong,Rabi,594.0,588.0,636.0,674.0,738.0,625.0,869.0,867.0,753.0
Tripura,West Tripura,Rice,Kharif,1808.0,1973.0,1941.0,1811.0,2232.0,1499.0,1374.0,3336.0,3283.0
Tripura,West Tripura,Rice,Rabi,3064.0,3016.0,2987.0,3260.0,3212.0,3308.0,3430.0,3357.0,3671.0
Tripura,West Tripura,Rice,Summer,3322.0,2728.0,3245.0,3538.0,3398.0,3557.0,3506.0,,
Tripura,West Tripura,Shree Anna /Nutri Cereals,Kharif,809.0,833.0,780.0,765.0,755.0,741.0,1000.0,991.0,891.0
Tripura,West Tripura,Shree Anna /Nutri Cereals,Rabi,,,,811.0,859.0,851.0,,,
Tripura,West Tripura,Small Millets,Kharif,800.0,833.0,788.0,765.0,755.0,741.0,1000.0,991.0,891.0
Tripura,West Tripura,Small Millets,Rabi,,,,,859.0,851.0,,,
Tripura,West Tripura,Tur,Kharif,676.0,715.0,724.0,844.0,829.0,801.0,817.0,814.0,846.0
Tripura,West Tripura,Urad,Kharif,541.0,570.0,584.0,615.0,696.0,658.0,765.0,764.0,714.0
Tripura,West Tripura,Urad,Rabi,728.0,658.0,694.0,724.0,793.0,763.0,775.0,780.0,832.0
Tripura,West Tripura,Wheat,Rabi,2154.0,2042.0,2098.0,2171.0,2167.0,2167.0,2000.0,1929.0,2000.0
Uttar Pradesh,Agra,Bajra,Kharif,2449.0,2381.0,2282.0,2481.0,2447.0,2378.0,2266.0,2587.0,2422.0
Uttar Pradesh,Agra,Bajra,Summer,,,,,,,,,1685.0
Uttar Pradesh,Agra,Barley,Rabi,3421.0,3513.0,3478.0,3468.0,3716.0,3272.0,3484.0,3404.0,2934.0
Uttar Pradesh,Agra,Gram,Rabi,1870.0,1901.0,1592.0,1545.0,1724.0,1814.0,1254.0,1876.0,1804.0
Uttar Pradesh,Agra,Jowar,Kharif,1000.0,1011.0,1050.0,1112.0,1240.0,1083.0,1597.0,1600.0,1709.0
Uttar Pradesh,Agra,Lentil,Rabi,964.0,1029.0,1026.0,978.0,1013.0,944.0,950.0,999.0,1035.0
Uttar Pradesh,Agra,Maize,Kharif,2983.0,3080.0,3287.0,3515.0,3683.0,3250.0,2145.0,3555.0,3549.0
Uttar Pradesh,Agra,Maize,Rabi,,,,,,,,2875.0,
Uttar Pradesh,Agra,Maize,Summer,1876.0,2193.0,2071.0,2468.0,2892.0,2725.0,2878.0,3178.0,3483.0
Uttar Pradesh,Agra,Moong,Kharif,416.0,392.0,422.0,288.0,396.0,360.0,376.0,392.0,393.0
Uttar Pradesh,Agra,Moong,Summer,463.0,951.0,715.0,1268.0,1168.0,879.0,628.0,591.0,1064.0
Uttar Pradesh,Agra,Rice,Kharif,2726.0,2496.0,2462.0,2576.0,2721.0,2561.0,2688.0,2616.0,2729.0
Uttar Pradesh,Agra,Rice,Summer,,,,2588.0,,,,,
Uttar Pradesh,Agra,Shree Anna /Nutri Cereals,Kharif,2448.0,2380.0,2281.0,2480.0,2446.0,2377.0,2265.0,2587.0,2383.0
Uttar Pradesh,Agra,Shree Anna /Nutri Cereals,Summer,,,,,,,,,1685.0
Uttar Pradesh,Agra,Small Millets,Kharif,,,,,,,,,853.0
Uttar Pradesh,Agra,Tur,Kharif,900.0,1238.0,1118.0,1076.0,1793.0,1663.0,1501.0,1179.0,1556.0
Uttar Pradesh,Agra,Urad,Kharif,540.0,500.0,556.0,411.0,556.0,498.0,504.0,622.0,627.0
Uttar Pradesh,Agra,Urad,Summer,,,,,,,1273.0,912.0,764.0
Uttar Pradesh,Agra,Wheat,Rabi,4080.0,4037.0,4369.0,4045.0,4258.0,4050.0,4222.0,4229.0,4165.0
Uttar Pradesh,Aligarh,Bajra,Kharif,2296.0,2372.0,2197.0,2331.0,2399.0,2341.0,2615.0,2614.0,2067.0
Uttar Pradesh,Aligarh,Bajra,Summer,,,,,,,,,1438.0
Uttar Pradesh,Aligarh,Barley,Rabi,3339.0,3391.0,3289.0,4278.0,3469.0,3781.0,3501.0,3032.0,2980.0
Uttar Pradesh,Aligarh,Gram,Rabi,1079.0,1034.0,1231.0,1333.0,1208.0,1357.0,1357.0,1153.0,1347.0
Uttar Pradesh,Aligarh,Jowar,Kharif,1000.0,1000.0,1049.0,1000.0,1000.0,,,,1709.0
Uttar Pradesh,Aligarh,Lentil,Rabi,997.0,1233.0,1109.0,765.0,946.0,690.0,713.0,999.0,956.0
Uttar Pradesh,Aligarh,Maize,Kharif,2350.0,2708.0,2424.0,2581.0,2437.0,2437.0,2405.0,2330.0,2479.0
Uttar Pradesh,Aligarh,Maize,Rabi,,3000.0,,,2650.0,,3000.0,2875.0,
Uttar Pradesh,Aligarh,Maize,Summer,1876.0,2193.0,2068.0,2467.0,3480.0,3321.0,3150.0,4236.0,3655.0
Uttar Pradesh,Aligarh,Moong,Kharif,414.0,394.0,424.0,286.0,398.0,359.0,378.0,392.0,393.0
Uttar Pradesh,Aligarh,Moong,Summer,369.0,537.0,645.0,617.0,777.0,734.0,730.0,773.0,701.0
Uttar Pradesh,Aligarh,Rice,Kharif,2536.0,2671.0,2412.0,2610.0,2632.0,2494.0,2496.0,2558.0,2600.0
Uttar Pradesh,Aligarh,Rice,Summer,,,,2610.0,,,3439.0,3474.0,
Uttar Pradesh,Aligarh,Shree Anna /Nutri Cereals,Kharif,2296.0,2372.0,2172.0,2331.0,2399.0,2341.0,2615.0,2614.0,2042.0
Uttar Pradesh,Aligarh,Shree Anna /Nutri Cereals,Summer,,,,,,,,,1438.0
Uttar Pradesh,Aligarh,Small Millets,Kharif,,,,,,,,,901.0
Uttar Pradesh,Aligarh,Tur,Kharif,877.0,752.0,724.0,622.0,709.0,613.0,625.0,802.0,646.0
Uttar Pradesh,Aligarh,Urad,Kharif,540.0,501.0,554.0,410.0,556.0,498.0,502.0,622.0,627.0
Uttar Pradesh,Aligarh,Urad,Summer,653.0,600.0,1021.0,1149.0,1162.0,1051.0,894.0,923.0,1001.0
Uttar Pradesh,Aligarh,Wheat,Rabi,3980.0,4300.0,4266.0,4122.0,4182.0,4195.0,4196.0,3976.0,3764.0
Uttar Pradesh,Ambedkar Nagar,Bajra,Kharif,875.0,2000.0,2111.0,2111.0,2500.0,2000.0,2000.0,2173.0,2105.0
Uttar Pradesh,Ambedkar Nagar,Barley,Rabi,2772.0,2846.0,3056.0,3278.0,3137.0,3034.0,3068.0,2779.0,2768.0
Uttar Pradesh,Ambedkar Nagar,Gram,Rabi,1792.0,754.0,1554.0,759.0,1594.0,2347.0,1354.0,1153.0,1347.0
Uttar Pradesh,Ambedkar Nagar,Jowar,Kharif,1231.0,724.0,661.0,1359.0,1401.0,1905.0,1631.0,1598.0,556.0
Uttar Pradesh,Ambedkar Nagar,Lentil,Rabi,1178.0,956.0,909.0,806.0,790.0,863.0,923.0,1040.0,995.0
Uttar Pradesh,Ambedkar Nagar,Maize,Kharif,635.0,1687.0,1626.0,1190.0,1744.0,1515.0,1460.0,1258.0,1330.0
Uttar Pradesh,Ambedkar Nagar,Maize,Rabi,2789.0,3000.0,2833.0,2826.0,2650.0,2800.0,2750.0,2875.0,
Uttar Pradesh,Ambedkar Nagar,Maize,Summer,1876.0,2193.0,2066.0,2466.0,2891.0,2727.0,2882.0,3178.0,3483.0
Uttar Pradesh,Ambedkar Nagar,Moong,Kharif,455.0,429.0,429.0,286.0,400.0,,385.0,,393.0
Uttar Pradesh,Ambedkar Nagar,Moong,Summer,647.0,397.0,608.0,370.0,252.0,244.0,218.0,688.0,450.0
Uttar Pradesh,Ambedkar Nagar,Rice,Kharif,2544.0,3208.0,3028.0,3074.0,3027.0,2748.0,2725.0,2927.0,3129.0
Uttar Pradesh,Ambedkar Nagar,Shree Anna /Nutri Cereals,Kharif,1227.0,736.0,677.0,1370.0,1404.0,1905.0,1632.0,1599.0,784.0
Uttar Pradesh,Ambedkar Nagar,Small Millets,Kharif,,,,,,,,,879.0
Uttar Pradesh,Ambedkar Nagar,Tur,Kharif,839.0,759.0,911.0,1388.0,1051.0,718.0,825.0,966.0,1245.0
Uttar Pradesh,Ambedkar Nagar,Urad,Kharif,441.0,400.0,385.0,436.0,473.0,462.0,326.0,456.0,529.0
Uttar Pradesh,Ambedkar Nagar,Urad,Summer,647.0,424.0,781.0,403.0,347.0,489.0,1312.0,400.0,414.0
Uttar Pradesh,Ambedkar Nagar,Wheat,Rabi,3549.0,4111.0,4099.0,3918.0,3842.0,3684.0,3398.0,3557.0,3890.0
Uttar Pradesh,Amethi,Bajra,Kharif,801.0,1974.0,2068.0,2162.0,2389.0,2157.0,2160.0,2173.0,2105.0
Uttar Pradesh,Amethi,Barley,Rabi,2771.0,2846.0,3057.0,3216.0,3149.0,3034.0,3068.0,2779.0,2768.0
Uttar Pradesh,Amethi,Gram,Rabi,1792.0,754.0,1554.0,759.0,1588.0,2347.0,1354.0,1153.0,1347.0
Uttar Pradesh,Amethi,Jowar,Kharif,1230.0,724.0,661.0,1359.0,1377.0,1782.0,1631.0,1598.0,556.0
Uttar Pradesh,Amethi,Lentil,Rabi,1179.0,957.0,910.0,805.0,791.0,862.0,923.0,1040.0,995.0
Uttar Pradesh,Amethi,Maize,Kharif,636.0,1687.0,1626.0,1188.0,1746.0,1515.0,1460.0,1258.0,1330.0
Uttar Pradesh,Amethi,Maize,Rabi,2810.0,,2806.0,,2644.0,,,2875.0,2889.0
Uttar Pradesh,Amethi,Maize,Summer,1879.0,2196.0,2068.0,2464.0,2889.0,2727.0,2875.0,3178.0,3483.0
Uttar Pradesh,Amethi,Moong,Kharif,412.0,389.0,425.0,292.0,400.0,356.0,376.0,392.0,393.0
Uttar Pradesh,Amethi,Moong,Summer,645.0,398.0,436.0,368.0,334.0,271.0,586.0,881.0,959.0
Uttar Pradesh,Amethi,Rice,Kharif,2328.0,2431.0,2762.0,2735.0,2667.0,2409.0,2690.0,2804.0,2796.0
Uttar Pradesh,Amethi,Rice,Summer,,,,2734.0,,,,,
Uttar Pradesh,Amethi,Shree Anna /Nutri Cereals,Kharif,1173.0,855.0,793.0,1423.0,1459.0,1815.0,1649.0,1628.0,719.0
Uttar Pradesh,Amethi,Shree Anna /Nutri Cereals,Summer,,,,1000.0,,,,,
Uttar Pradesh,Amethi,Small Millets,Kharif,471.0,647.0,776.0,671.0,812.0,,754.0,,851.0
Uttar Pradesh,Amethi,Small Millets,Summer,,,,1000.0,,,,,
Uttar Pradesh,Amethi,Tur,Kharif,838.0,759.0,911.0,1388.0,1432.0,1012.0,825.0,966.0,1245.0
Uttar Pradesh,Amethi,Urad,Kharif,444.0,408.0,387.0,437.0,473.0,463.0,323.0,456.0,529.0
Uttar Pradesh,Amethi,Urad,Summer,537.0,521.0,584.0,448.0,545.0,489.0,792.0,675.0,706.0
Uttar Pradesh,Amethi,Wheat,Rabi,3061.0,3876.0,3542.0,3086.0,3878.0,3215.0,2945.0,2861.0,3175.0
Uttar Pradesh,Amroha,Bajra,Kharif,993.0,970.0,1138.0,1070.0,889.0,1256.0,1285.0,1227.0,1167.0
Uttar Pradesh,Amroha,Barley,Rabi,2795.0,2842.0,3080.0,3279.0,3143.0,3031.0,3071.0,2779.0,2768.0
Uttar Pradesh,Amroha,Gram,Rabi,,,,,1000.0,,,,1347.0
Uttar Pradesh,Amroha,Jowar,Kharif,,,,,,,,,556.0
Uttar Pradesh,Amroha,Lentil,Rabi,797.0,667.0,794.0,1103.0,1042.0,758.0,605.0,999.0,1035.0
Uttar Pradesh,Amroha,Maize,Kharif,1789.0,1662.0,1721.0,1818.0,2345.0,2345.0,2443.0,2167.0,2191.0
Uttar Pradesh,Amroha,Maize,Rabi,2800.0,3004.0,,,2667.0,,,2875.0,
Uttar Pradesh,Amroha,Maize,Summer,1875.0,2191.0,2068.0,2467.0,2892.0,2727.0,2878.0,3178.0,3663.0
Uttar Pradesh,Amroha,Moong,Kharif,385.0,382.0,431.0,294.0,392.0,,385.0,392.0,393.0
Uttar Pradesh,Amroha,Rice,Kharif,2057.0,2136.0,2506.0,2550.0,2809.0,2760.0,2474.0,2586.0,2526.0
Uttar Pradesh,Amroha,Shree Anna /Nutri Cereals,Kharif,993.0,970.0,1138.0,1070.0,889.0,1256.0,1285.0,1227.0,884.0
Uttar Pradesh,Amroha,Small Millets,Kharif,,,,,,,,,863.0
Uttar Pradesh,Amroha,Tur,Kharif,1080.0,740.0,1535.0,739.0,837.0,884.0,1252.0,932.0,1238.0
Uttar Pradesh,Amroha,Urad,Kharif,830.0,728.0,1024.0,760.0,854.0,786.0,723.0,1254.0,1285.0
Uttar Pradesh,Amroha,Urad,Summer,667.0,667.0,800.0,667.0,,667.0,897.0,912.0,1011.0
Uttar Pradesh,Amroha,Wheat,Rabi,3511.0,3706.0,3807.0,3873.0,4020.0,3948.0,4114.0,3984.0,3665.0
Uttar Pradesh,Auraiya,Bajra,Kharif,2321.0,2295.0,2473.0,2582.0,2845.0,2759.0,2461.0,2507.0,2350.0
Uttar Pradesh,Auraiya,Barley,Rabi,2786.0,3322.0,3218.0,3411.0,3359.0,2911.0,3215.0,2636.0,3372.0
Uttar Pradesh,Auraiya,Gram,Rabi,1423.0,1685.0,1415.0,1447.0,1412.0,1368.0,1124.0,1159.0,1225.0
Uttar Pradesh,Auraiya,Jowar,Kharif,1117.0,1532.0,1943.0,1640.0,1784.0,1748.0,1755.0,1151.0,17.0
Uttar Pradesh,Auraiya,Lentil,Rabi,821.0,731.0,857.0,881.0,778.0,641.0,1109.0,999.0,956.0
Uttar Pradesh,Auraiya,Maize,Kharif,2633.0,2680.0,2605.0,2734.0,3200.0,3200.0,2903.0,2838.0,2045.0
Uttar Pradesh,Auraiya,Maize,Rabi,,3000.0,,,2656.0,,2830.0,2875.0,
Uttar Pradesh,Auraiya,Maize,Summer,1875.0,2194.0,2067.0,2466.0,2975.0,2726.0,3533.0,3100.0,3483.0
Uttar Pradesh,Auraiya,Moong,Kharif,414.0,392.0,424.0,288.0,402.0,357.0,378.0,392.0,393.0
Uttar Pradesh,Auraiya,Moong,Summer,831.0,832.0,1169.0,830.0,1008.0,1230.0,1319.0,677.0,1396.0
Uttar Pradesh,Auraiya,Rice,Kharif,3056.0,2968.0,3087.0,3502.0,3621.0,3404.0,3699.0,3118.0,3084.0
Uttar Pradesh,Auraiya,Rice,Summer,,,,3667.0,,,3447.0,3474.0,
Uttar Pradesh,Auraiya,Shree Anna /Nutri Cereals,Kharif,2287.0,2279.0,2459.0,2552.0,2814.0,2723.0,2432.0,2444.0,1799.0
Uttar Pradesh,Auraiya,Small Millets,Kharif,,,,,,,,,851.0
Uttar Pradesh,Auraiya,Tur,Kharif,1424.0,1302.0,1494.0,1813.0,1265.0,1241.0,1241.0,941.0,1241.0
Uttar Pradesh,Auraiya,Urad,Kharif,629.0,812.0,1107.0,766.0,697.0,715.0,423.0,247.0,922.0
Uttar Pradesh,Auraiya,Urad,Summer,934.0,800.0,1048.0,937.0,1296.0,1456.0,1554.0,904.0,1857.0
Uttar Pradesh,Auraiya,Wheat,Rabi,4017.0,3878.0,4136.0,3884.0,4150.0,3968.0,4170.0,3967.0,3252.0
Uttar Pradesh,Ayodhya,Bajra,Kharif,1000.0,2000.0,2075.0,2000.0,2000.0,2000.0,2000.0,2173.0,2105.0
Uttar Pradesh,Ayodhya,Barley,Rabi,2770.0,2848.0,3055.0,3225.0,3130.0,3035.0,3066.0,2779.0,2768.0
Uttar Pradesh,Ayodhya,Gram,Rabi,1792.0,754.0,1554.0,759.0,1594.0,2347.0,1354.0,1153.0,1347.0
Uttar Pradesh,Ayodhya,Jowar,Kharif,1230.0,724.0,661.0,1359.0,1399.0,1711.0,1631.0,1598.0,556.0
Uttar Pradesh,Ayodhya,Lentil,Rabi,1179.0,957.0,910.0,805.0,791.0,862.0,923.0,1040.0,995.0
Uttar Pradesh,Ayodhya,Maize,Kharif,636.0,1687.0,1626.0,1189.0,1745.0,1515.0,2949.0,1258.0,1330.0
Uttar Pradesh,Ayodhya,Maize,Rabi,2810.0,3000.0,2802.0,2826.0,2658.0,2857.0,2824.0,2875.0,2889.0
Uttar Pradesh,Ayodhya,Maize,Summer,1876.0,2192.0,2067.0,2467.0,2892.0,2727.0,2878.0,3178.0,3483.0
Uttar Pradesh,Ayodhya,Moong,Kharif,333.0,500.0,385.0,286.0,0.0,500.0,500.0,547.0,393.0
Uttar Pradesh,Ayodhya,Moong,Summer,645.0,398.0,343.0,369.0,235.0,164.0,267.0,667.0,751.0
Uttar Pradesh,Ayodhya,Rice,Kharif,2554.0,2589.0,2947.0,2956.0,2876.0,2539.0,2575.0,3051.0,2987.0
Uttar Pradesh,Ayodhya,Rice,Summer,,,,2969.0,,,,,
Uttar Pradesh,Ayodhya,Shree Anna /Nutri Cereals,Kharif,1225.0,726.0,809.0,1358.0,1399.0,1711.0,1630.0,1594.0,967.0
Uttar Pradesh,Ayodhya,Shree Anna /Nutri Cereals,Summer,,,,,,,1000.0,,
Uttar Pradesh,Ayodhya,Small Millets,Kharif,400.0,667.0,667.0,667.0,1000.0,,750.0,886.0,853.0
Uttar Pradesh,Ayodhya,Small Millets,Summer,,,,,,,1000.0,,
Uttar Pradesh,Ayodhya,Tur,Kharif,838.0,759.0,911.0,1388.0,1458.0,1310.0,825.0,966.0,1245.0
Uttar Pradesh,Ayodhya,Urad,Kharif,444.0,408.0,387.0,437.0,473.0,463.0,323.0,456.0,529.0
Uttar Pradesh,Ayodhya,Urad,Summer,367.0,259.0,401.0,448.0,291.0,292.0,367.0,421.0,744.0
Uttar Pradesh,Ayodhya,Wheat,Rabi,3289.0,3779.0,3888.0,3713.0,3528.0,3396.0,3168.0,2992.0,3521.0
Uttar Pradesh,Azamgarh,Bajra,Kharif,1896.0,1929.0,2076.0,2161.0,2398.0,2160.0,2160.0,2173.0,2105.0
Uttar Pradesh,Azamgarh,Barley,Rabi,2039.0,2527.0,2828.0,3149.0,3425.0,2435.0,2832.0,2779.0,2768.0
Uttar Pradesh,Azamgarh,Gram,Rabi,1638.0,1052.0,954.0,1099.0,1481.0,1030.0,1057.0,1652.0,1745.0
Uttar Pradesh,Azamgarh,Jowar,Kharif,1000.0,1350.0,1500.0,1400.0,2400.0,2333.0,1667.0,1600.0,1709.0
Uttar Pradesh,Azamgarh,Lentil,Rabi,1369.0,1254.0,1479.0,1190.0,1409.0,1352.0,1460.0,999.0,1535.0
Uttar Pradesh,Azamgarh,Maize,Kharif,1625.0,1620.0,2312.0,1638.0,1769.0,1769.0,1957.0,2204.0,2736.0
Uttar Pradesh,Azamgarh,Maize,Rabi,1680.0,2026.0,2004.0,2000.0,2603.0,3000.0,2815.0,6106.0,
Uttar Pradesh,Azamgarh,Maize,Summer,1876.0,2194.0,2068.0,2466.0,2892.0,2728.0,2880.0,3178.0,2097.0
Uttar Pradesh,Azamgarh,Moong,Kharif,,0.0,333.0,281.0,500.0,500.0,500.0,392.0,393.0
Uttar Pradesh,Azamgarh,Moong,Summer,704.0,673.0,818.0,894.0,977.0,859.0,842.0,718.0,
Uttar Pradesh,Azamgarh,Rice,Kharif,2249.0,2371.0,2457.0,2477.0,2413.0,2390.0,2448.0,2323.0,2434.0
Uttar Pradesh,Azamgarh,Rice,Summer,,,,2477.0,,,3442.0,3474.0,
Uttar Pradesh,Azamgarh,Shree Anna /Nutri Cereals,Kharif,1756.0,1729.0,1949.0,2008.0,2288.0,2168.0,2014.0,2009.0,1875.0
Uttar Pradesh,Azamgarh,Small Millets,Kharif,545.0,500.0,667.0,727.0,778.0,,769.0,,856.0
Uttar Pradesh,Azamgarh,Tur,Kharif,1570.0,792.0,981.0,914.0,1270.0,1448.0,1088.0,932.0,1238.0
Uttar Pradesh,Azamgarh,Urad,Kharif,538.0,503.0,556.0,409.0,557.0,500.0,504.0,622.0,627.0
Uttar Pradesh,Azamgarh,Urad,Summer,651.0,631.0,787.0,714.0,762.0,732.0,894.0,912.0,1011.0
Uttar Pradesh,Azamgarh,Wheat,Rabi,3354.0,3440.0,3692.0,3453.0,3536.0,3474.0,3589.0,3471.0,3602.0
Uttar Pradesh,Baghpat,Bajra,Kharif,1171.0,1954.0,2351.0,1891.0,1881.0,1738.0,1601.0,2167.0,1843.0
Uttar Pradesh,Baghpat,Barley,Rabi,3479.0,3968.0,4208.0,4010.0,3921.0,4012.0,3262.0,3189.0,2768.0
Uttar Pradesh,Baghpat,Gram,Rabi,,,1200.0,,1182.0,,,,1347.0
Uttar Pradesh,Baghpat,Jowar,Kharif,727.0,,,,,1091.0,1636.0,1600.0,1709.0
Uttar Pradesh,Baghpat,Lentil,Rabi,960.0,1021.0,1020.0,977.0,1019.0,947.0,957.0,999.0,1035.0
Uttar Pradesh,Baghpat,Maize,Kharif,2375.0,2556.0,2556.0,2458.0,2636.0,2636.0,2462.0,2128.0,2250.0
Uttar Pradesh,Baghpat,Maize,Summer,,,,,,,500.0,3178.0,3483.0
Uttar Pradesh,Baghpat,Moong,Kharif,500.0,429.0,813.0,1333.0,1400.0,,,,393.0
Uttar Pradesh,Baghpat,Moong,Summer,600.0,793.0,725.0,632.0,875.0,941.0,926.0,728.0,1157.0
Uttar Pradesh,Baghpat,Rice,Kharif,2591.0,2787.0,2853.0,3078.0,2983.0,2888.0,2791.0,2793.0,2728.0
Uttar Pradesh,Baghpat,Shree Anna /Nutri Cereals,Kharif,1160.0,1954.0,2351.0,1891.0,1881.0,1726.0,1602.0,2157.0,1721.0
Uttar Pradesh,Baghpat,Small Millets,Kharif,,,,,,,,,962.0
Uttar Pradesh,Baghpat,Tur,Kharif,1220.0,1662.0,745.0,899.0,724.0,893.0,1250.0,1035.0,1154.0
Uttar Pradesh,Baghpat,Urad,Kharif,587.0,889.0,898.0,1096.0,1223.0,1123.0,1313.0,877.0,1312.0
Uttar Pradesh,Baghpat,Urad,Summer,650.0,627.0,788.0,715.0,757.0,732.0,894.0,912.0,
Uttar Pradesh,Baghpat,Wheat,Rabi,4737.0,4431.0,4559.0,4523.0,4573.0,4551.0,4537.0,4263.0,4398.0
Uttar Pradesh,Bahraich,Bajra,Kharif,1875.0,1929.0,2033.0,2133.0,2000.0,2143.0,2150.0,2173.0,2105.0
Uttar Pradesh,Bahraich,Barley,Rabi,2789.0,2846.0,3060.0,3269.0,3137.0,3034.0,3067.0,2779.0,2768.0
Uttar Pradesh,Bahraich,Gram,Rabi,1089.0,1049.0,1256.0,1348.0,1211.0,1347.0,1351.0,1153.0,1347.0
Uttar Pradesh,Bahraich,Jowar,Kharif,1058.0,1241.0,1286.0,1184.0,1222.0,1529.0,1595.0,1600.0,1709.0
Uttar Pradesh,Bahraich,Lentil,Rabi,856.0,1993.0,967.0,671.0,1072.0,945.0,859.0,860.0,823.0
Uttar Pradesh,Bahraich,Maize,Kharif,1410.0,1726.0,1343.0,1535.0,1446.0,1400.0,1540.0,1799.0,1344.0
Uttar Pradesh,Bahraich,Maize,Rabi,802.0,3003.0,2804.0,1951.0,1573.0,1828.0,2829.0,2225.0,2886.0
Uttar Pradesh,Bahraich,Maize,Summer,1876.0,2192.0,2067.0,2467.0,1457.0,1586.0,1510.0,1394.0,2617.0
Uttar Pradesh,Bahraich,Moong,Kharif,,,375.0,,,,417.0,,393.0
Uttar Pradesh,Bahraich,Moong,Summer,692.0,,828.0,,952.0,857.0,,718.0,947.0
Uttar Pradesh,Bahraich,Rice,Kharif,2262.0,2543.0,2607.0,2673.0,2697.0,2329.0,2328.0,2864.0,3066.0
Uttar Pradesh,Bahraich,Shree Anna /Nutri Cereals,Kharif,960.0,1149.0,1352.0,1277.0,1048.0,1670.0,1286.0,1761.0,1715.0
Uttar Pradesh,Bahraich,Small Millets,Kharif,364.0,667.0,818.0,606.0,848.0,,783.0,,876.0
Uttar Pradesh,Bahraich,Tur,Kharif,632.0,640.0,741.0,362.0,635.0,662.0,719.0,875.0,1154.0
Uttar Pradesh,Bahraich,Urad,Kharif,540.0,501.0,555.0,410.0,556.0,498.0,502.0,622.0,448.0
Uttar Pradesh,Bahraich,Urad,Summer,652.0,631.0,785.0,717.0,758.0,735.0,895.0,912.0,1011.0
Uttar Pradesh,Bahraich,Wheat,Rabi,3162.0,3751.0,3793.0,3063.0,3493.0,3518.0,3242.0,3168.0,3528.0
Uttar Pradesh,Ballia,Bajra,Kharif,1901.0,1931.0,2080.0,2159.0,2434.0,2156.0,2160.0,2173.0,2105.0
Uttar Pradesh,Ballia,Bajra,Summer,,,,,,,,,1601.0
Uttar Pradesh,Ballia,Barley,Rabi,2039.0,2582.0,2828.0,3005.0,3354.0,2435.0,2832.0,2779.0,2768.0
Uttar Pradesh,Ballia,Gram,Rabi,1762.0,1677.0,1983.0,1834.0,1672.0,1723.0,1797.0,1652.0,1745.0
Uttar Pradesh,Ballia,Jowar,Kharif,1169.0,1341.0,1382.0,1462.0,1672.0,1510.0,1593.0,1600.0,1709.0
Uttar Pradesh,Ballia,Lentil,Rabi,1370.0,1261.0,1479.0,1192.0,1417.0,1347.0,1464.0,999.0,1535.0
Uttar Pradesh,Ballia,Maize,Kharif,899.0,1900.0,1994.0,1256.0,1086.0,1013.0,1131.0,1601.0,2736.0
Uttar Pradesh,Ballia,Maize,Rabi,1688.0,2028.0,2005.0,1975.0,2604.0,2792.0,2822.0,6106.0,2925.0
Uttar Pradesh,Ballia,Maize,Summer,1876.0,2191.0,2067.0,,2892.0,2727.0,2879.0,3178.0,2097.0
Uttar Pradesh,Ballia,Moong,Kharif,500.0,500.0,500.0,250.0,389.0,,380.0,,393.0
Uttar Pradesh,Ballia,Moong,Summer,707.0,652.0,832.0,,965.0,855.0,862.0,718.0,
Uttar Pradesh,Ballia,Rice,Kharif,2386.0,2503.0,2491.0,2838.0,2554.0,2563.0,2459.0,2421.0,2527.0
Uttar Pradesh,Ballia,Rice,Summer,,2503.0,,,,,3436.0,3474.0,
Uttar Pradesh,Ballia,Shree Anna /Nutri Cereals,Kharif,1569.0,1651.0,1727.0,1605.0,2086.0,1835.0,1868.0,1888.0,1788.0
Uttar Pradesh,Ballia,Shree Anna /Nutri Cereals,Summer,920.0,878.0,898.0,,878.0,906.0,1081.0,,1601.0
Uttar Pradesh,Ballia,Small Millets,Kharif,700.0,600.0,700.0,800.0,700.0,,,,962.0
Uttar Pradesh,Ballia,Small Millets,Summer,920.0,878.0,898.0,,878.0,906.0,1081.0,,
Uttar Pradesh,Ballia,Tur,Kharif,1059.0,1172.0,1103.0,678.0,932.0,1383.0,1383.0,932.0,1238.0
Uttar Pradesh,Ballia,Urad,Kharif,,,,,,,500.0,622.0,627.0
Uttar Pradesh,Ballia,Urad,Summer,682.0,632.0,786.0,,786.0,727.0,889.0,912.0,
Uttar Pradesh,Ballia,Wheat,Rabi,3940.0,3616.0,3842.0,3813.0,3769.0,3772.0,3484.0,3396.0,3653.0
Uttar Pradesh,Balrampur,Bajra,Kharif,,,,,,,,,2105.0
Uttar Pradesh,Balrampur,Barley,Rabi,2795.0,2848.0,3061.0,3274.0,3134.0,3037.0,3067.0,2779.0,2768.0
Uttar Pradesh,Balrampur,Gram,Rabi,1086.0,1047.0,1256.0,1345.0,1210.0,1346.0,1348.0,1153.0,1347.0
Uttar Pradesh,Balrampur,Jowar,Kharif,1000.0,1000.0,,,1750.0,2000.0,1600.0,1600.0,1709.0
Uttar Pradesh,Balrampur,Lentil,Rabi,820.0,861.0,909.0,970.0,901.0,829.0,816.0,1028.0,983.0
Uttar Pradesh,Balrampur,Maize,Kharif,1288.0,1495.0,1261.0,1366.0,1288.0,1251.0,1540.0,1767.0,1340.0
Uttar Pradesh,Balrampur,Maize,Rabi,813.0,3000.0,2805.0,1949.0,1577.0,,2827.0,2225.0,2886.0
Uttar Pradesh,Balrampur,Maize,Summer,1876.0,2194.0,2065.0,2467.0,1889.0,1973.0,1694.0,1505.0,2491.0
Uttar Pradesh,Balrampur,Moong,Kharif,,,400.0,200.0,,,,,393.0
Uttar Pradesh,Balrampur,Moong,Summer,,,,,,,,718.0,
Uttar Pradesh,Balrampur,Rice,Kharif,2154.0,2450.0,2706.0,2772.0,2874.0,2537.0,2133.0,2972.0,2743.0
Uttar Pradesh,Balrampur,Rice,Summer,,,,2772.0,,,,,
Uttar Pradesh,Balrampur,Shree Anna /Nutri Cereals,Kharif,432.0,657.0,788.0,606.0,1750.0,2000.0,953.0,1600.0,1649.0
Uttar Pradesh,Balrampur,Small Millets,Kharif,364.0,636.0,788.0,606.0,,,868.0,,997.0
Uttar Pradesh,Balrampur,Tur,Kharif,620.0,736.0,648.0,421.0,650.0,578.0,721.0,862.0,1135.0
Uttar Pradesh,Balrampur,Urad,Kharif,540.0,501.0,555.0,410.0,556.0,498.0,502.0,622.0,448.0
Uttar Pradesh,Balrampur,Urad,Summer,654.0,643.0,800.0,714.0,759.0,714.0,923.0,912.0,1011.0
Uttar Pradesh,Balrampur,Wheat,Rabi,2867.0,3646.0,3504.0,3684.0,3403.0,3305.0,3049.0,3329.0,3135.0
Uttar Pradesh,Banda,Bajra,Kharif,963.0,1874.0,1013.0,1833.0,2216.0,1504.0,1839.0,1385.0,873.0
Uttar Pradesh,Banda,Barley,Rabi,2631.0,2842.0,2907.0,2385.0,1520.0,2421.0,3013.0,1983.0,2157.0
Uttar Pradesh,Banda,Gram,Rabi,838.0,907.0,1188.0,1320.0,1177.0,1305.0,1311.0,1202.0,1269.0
Uttar Pradesh,Banda,Jowar,Kharif,917.0,1613.0,1383.0,1850.0,2378.0,1738.0,1944.0,1696.0,1357.0
Uttar Pradesh,Banda,Lentil,Rabi,779.0,678.0,989.0,1037.0,1035.0,683.0,869.0,704.0,849.0
Uttar Pradesh,Banda,Maize,Kharif,,2222.0,2000.0,2500.0,2250.0,,2000.0,2181.0,2191.0
Uttar Pradesh,Banda,Maize,Summer,,,,,,,,,3483.0
Uttar Pradesh,Banda,Moong,Kharif,309.0,390.0,518.0,536.0,491.0,598.0,426.0,600.0,615.0
Uttar Pradesh,Banda,Moong,Summer,703.0,706.0,846.0,886.0,969.0,857.0,861.0,718.0,672.0
Uttar Pradesh,Banda,Rice,Kharif,1716.0,1971.0,2113.0,2635.0,2401.0,2392.0,2321.0,2402.0,2438.0
Uttar Pradesh,Banda,Shree Anna /Nutri Cereals,Kharif,923.0,1644.0,1332.0,1847.0,2359.0,1717.0,1924.0,1664.0,1229.0
Uttar Pradesh,Banda,Small Millets,Kharif,619.0,619.0,762.0,714.0,762.0,,714.0,,861.0
Uttar Pradesh,Banda,Tur,Kharif,1130.0,1508.0,1438.0,1835.0,2082.0,2101.0,1591.0,865.0,1241.0
Uttar Pradesh,Banda,Urad,Kharif,325.0,593.0,537.0,671.0,530.0,597.0,551.0,628.0,704.0
Uttar Pradesh,Banda,Urad,Summer,1000.0,,1000.0,1000.0,1000.0,,1000.0,912.0,
Uttar Pradesh,Banda,Wheat,Rabi,2345.0,2288.0,3063.0,2850.0,2807.0,3020.0,3278.0,3070.0,2790.0
Uttar Pradesh,Bara Banki,Bajra,Kharif,736.0,1973.0,2069.0,2160.0,2365.0,2156.0,2161.0,2173.0,2105.0
Uttar Pradesh,Bara Banki,Barley,Rabi,2770.0,2846.0,3045.0,3085.0,3139.0,3033.0,3066.0,2779.0,2768.0
Uttar Pradesh,Bara Banki,Gram,Rabi,1791.0,754.0,1556.0,760.0,1593.0,2346.0,1354.0,1153.0,1347.0
Uttar Pradesh,Bara Banki,Jowar,Kharif,1217.0,725.0,662.0,1358.0,1380.0,1687.0,1631.0,1598.0,556.0
Uttar Pradesh,Bara Banki,Lentil,Rabi,1179.0,915.0,801.0,752.0,776.0,888.0,847.0,1040.0,995.0
Uttar Pradesh,Bara Banki,Maize,Kharif,636.0,1687.0,1626.0,1189.0,1745.0,1515.0,876.0,1258.0,1330.0
Uttar Pradesh,Bara Banki,Maize,Rabi,2833.0,3002.0,2800.0,2821.0,2647.0,,2778.0,2875.0,2889.0
Uttar Pradesh,Bara Banki,Maize,Summer,1876.0,2191.0,2067.0,2467.0,2892.0,2727.0,2878.0,3178.0,3483.0
Uttar Pradesh,Bara Banki,Moong,Kharif,1000.0,0.0,419.0,0.0,0.0,,375.0,,393.0
Uttar Pradesh,Bara Banki,Moong,Summer,645.0,417.0,400.0,375.0,353.0,278.0,595.0,881.0,959.0
Uttar Pradesh,Bara Banki,Rice,Kharif,2726.0,2867.0,2891.0,3397.0,3272.0,2427.0,2444.0,3009.0,2872.0
Uttar Pradesh,Bara Banki,Rice,Summer,,,,,,,3444.0,3474.0,
Uttar Pradesh,Bara Banki,Shree Anna /Nutri Cereals,Kharif,1092.0,1103.0,1472.0,1549.0,1665.0,1812.0,1741.0,1702.0,1154.0
Uttar Pradesh,Bara Banki,Small Millets,Kharif,367.0,682.0,800.0,625.0,833.0,,773.0,886.0,852.0
Uttar Pradesh,Bara Banki,Tur,Kharif,838.0,759.0,911.0,1191.0,1294.0,1050.0,825.0,966.0,1245.0
Uttar Pradesh,Bara Banki,Urad,Kharif,444.0,408.0,387.0,437.0,473.0,463.0,323.0,456.0,529.0
Uttar Pradesh,Bara Banki,Urad,Summer,423.0,444.0,788.0,910.0,956.0,459.0,422.0,436.0,597.0
Uttar Pradesh,Bara Banki,Wheat,Rabi,3635.0,4022.0,3950.0,4041.0,4331.0,4042.0,3794.0,4059.0,4141.0
Uttar Pradesh,Bareilly,Bajra,Kharif,1470.0,1608.0,1587.0,1591.0,2230.0,2154.0,1901.0,1891.0,1258.0
Uttar Pradesh,Bareilly,Barley,Rabi,2522.0,2851.0,3075.0,3283.0,3130.0,3037.0,3074.0,2779.0,2768.0
Uttar Pradesh,Bareilly,Gram,Rabi,1167.0,1053.0,1263.0,1343.0,1188.0,1333.0,1353.0,1153.0,1347.0
Uttar Pradesh,Bareilly,Jowar,Kharif,987.0,1012.0,1054.0,1109.0,1231.0,1068.0,1589.0,1600.0,1709.0
Uttar Pradesh,Bareilly,Lentil,Rabi,830.0,1582.0,1286.0,834.0,1394.0,970.0,822.0,1250.0,1102.0
Uttar Pradesh,Bareilly,Maize,Kharif,2093.0,2210.0,2047.0,2248.0,3179.0,3171.0,2249.0,2169.0,2606.0
Uttar Pradesh,Bareilly,Maize,Rabi,3000.0,3000.0,,2750.0,,,,2875.0,2889.0
Uttar Pradesh,Bareilly,Maize,Summer,1876.0,2190.0,2075.0,2464.0,2891.0,2728.0,2697.0,3178.0,3483.0
Uttar Pradesh,Bareilly,Moong,Kharif,,0.0,333.0,333.0,400.0,250.0,374.0,392.0,393.0
Uttar Pradesh,Bareilly,Moong,Summer,,,,,,1000.0,,,
Uttar Pradesh,Bareilly,Rice,Kharif,2236.0,2461.0,2675.0,2391.0,3122.0,2501.0,2998.0,2888.0,2825.0
Uttar Pradesh,Bareilly,Rice,Summer,2236.0,2461.0,2675.0,2391.0,3464.0,3271.0,3439.0,3474.0,3068.0
Uttar Pradesh,Bareilly,Shree Anna /Nutri Cereals,Kharif,1460.0,1601.0,1581.0,1583.0,2215.0,2134.0,1898.0,1888.0,1416.0
Uttar Pradesh,Bareilly,Small Millets,Kharif,,,,,,,,,894.0
Uttar Pradesh,Bareilly,Tur,Kharif,819.0,917.0,783.0,1015.0,1250.0,1296.0,1252.0,932.0,1238.0
Uttar Pradesh,Bareilly,Urad,Kharif,642.0,535.0,1344.0,1345.0,1503.0,1415.0,893.0,1784.0,1323.0
Uttar Pradesh,Bareilly,Urad,Summer,654.0,636.0,785.0,,756.0,733.0,893.0,1266.0,
Uttar Pradesh,Bareilly,Wheat,Rabi,3656.0,3671.0,3909.0,3158.0,3867.0,3906.0,4075.0,4007.0,4031.0
Uttar Pradesh,Basti,Bajra,Kharif,,,,,,,,,2105.0
Uttar Pradesh,Basti,Barley,Rabi,2794.0,2840.0,3068.0,3286.0,3130.0,3028.0,3069.0,2779.0,2768.0
Uttar Pradesh,Basti,Gram,Rabi,1104.0,1072.0,,1347.0,1210.0,1346.0,1349.0,1153.0,1347.0
Uttar Pradesh,Basti,Jowar,Kharif,,,,,,,,,1709.0
Uttar Pradesh,Basti,Lentil,Rabi,964.0,1029.0,1026.0,978.0,1014.0,944.0,950.0,999.0,1035.0
Uttar Pradesh,Basti,Maize,Kharif,902.0,882.0,772.0,704.0,644.0,644.0,2142.0,2181.0,2191.0
Uttar Pradesh,Basti,Maize,Rabi,3000.0,3000.0,3000.0,2833.0,2659.0,2773.0,2822.0,2875.0,2889.0
Uttar Pradesh,Basti,Maize,Summer,1876.0,2191.0,2068.0,2468.0,2891.0,2729.0,2879.0,3178.0,3483.0
Uttar Pradesh,Basti,Moong,Kharif,,,,200.0,,,378.0,,393.0
Uttar Pradesh,Basti,Moong,Summer,702.0,677.0,833.0,892.0,966.0,854.0,857.0,718.0,
Uttar Pradesh,Basti,Rice,Kharif,2064.0,2967.0,2818.0,2707.0,2613.0,2540.0,2718.0,2540.0,2661.0
Uttar Pradesh,Basti,Rice,Summer,,,,2709.0,,,3440.0,3474.0,
Uttar Pradesh,Basti,Shree Anna /Nutri Cereals,Kharif,,,,,,,,886.0,1392.0
Uttar Pradesh,Basti,Small Millets,Kharif,,,,,,,,886.0,854.0
Uttar Pradesh,Basti,Tur,Kharif,747.0,710.0,734.0,593.0,590.0,884.0,1251.0,932.0,1238.0
Uttar Pradesh,Basti,Urad,Kharif,543.0,502.0,554.0,411.0,552.0,500.0,504.0,622.0,627.0
Uttar Pradesh,Basti,Urad,Summer,651.0,632.0,782.0,713.0,755.0,734.0,886.0,912.0,1011.0
Uttar Pradesh,Basti,Wheat,Rabi,3179.0,3944.0,3761.0,3073.0,3557.0,3638.0,3421.0,3345.0,3476.0
Uttar Pradesh,Bhadohi,Bajra,Kharif,1130.0,1353.0,754.0,1086.0,1037.0,914.0,1275.0,1591.0,1094.0
Uttar Pradesh,Bhadohi,Barley,Rabi,1604.0,1158.0,2027.0,3234.0,3102.0,2456.0,3068.0,2779.0,2768.0
Uttar Pradesh,Bhadohi,Gram,Rabi,1082.0,1063.0,1105.0,861.0,1226.0,1240.0,1396.0,892.0,1107.0
Uttar Pradesh,Bhadohi,Jowar,Kharif,1188.0,1114.0,956.0,1278.0,1056.0,1124.0,1287.0,1335.0,1286.0
Uttar Pradesh,Bhadohi,Lentil,Rabi,1200.0,,,,,,963.0,599.0,790.0
Uttar Pradesh,Bhadohi,Maize,Kharif,842.0,977.0,1133.0,1282.0,1306.0,1304.0,1221.0,2609.0,1318.0
Uttar Pradesh,Bhadohi,Maize,Rabi,2769.0,3000.0,,,814.0,,3000.0,2875.0,
Uttar Pradesh,Bhadohi,Maize,Summer,,,,,,,2878.0,3178.0,3483.0
Uttar Pradesh,Bhadohi,Moong,Kharif,,,429.0,273.0,,,500.0,,393.0
Uttar Pradesh,Bhadohi,Moong,Summer,714.0,632.0,842.0,895.0,957.0,853.0,861.0,718.0,947.0
Uttar Pradesh,Bhadohi,Rice,Kharif,2789.0,3182.0,3122.0,3075.0,3047.0,3069.0,3151.0,3250.0,3179.0
Uttar Pradesh,Bhadohi,Rice,Summer,,,,3075.0,3464.0,,,3474.0,
Uttar Pradesh,Bhadohi,Shree Anna /Nutri Cereals,Kharif,1137.0,1326.0,773.0,1115.0,1040.0,945.0,1276.0,1483.0,1142.0
Uttar Pradesh,Bhadohi,Small Millets,Kharif,,,,,,,,886.0,851.0
Uttar Pradesh,Bhadohi,Tur,Kharif,1812.0,1324.0,1016.0,844.0,1163.0,1150.0,1150.0,1420.0,1874.0
Uttar Pradesh,Bhadohi,Urad,Kharif,554.0,683.0,625.0,732.0,540.0,728.0,411.0,613.0,627.0
Uttar Pradesh,Bhadohi,Urad,Summer,684.0,667.0,786.0,714.0,765.0,727.0,889.0,912.0,1011.0
Uttar Pradesh,Bhadohi,Wheat,Rabi,3318.0,3806.0,3755.0,2746.0,3627.0,3558.0,2796.0,2712.0,3471.0
Uttar Pradesh,Bijnor,Bajra,Kharif,,,,,,,,,1528.0
Uttar Pradesh,Bijnor,Barley,Rabi,3000.0,3000.0,3000.0,3250.0,3250.0,3000.0,3000.0,2779.0,2768.0
Uttar Pradesh,Bijnor,Gram,Rabi,1074.0,1231.0,1286.0,1333.0,1208.0,1250.0,1250.0,1153.0,1347.0
Uttar Pradesh,Bijnor,Jowar,Kharif,,,,,1500.0,,,,1709.0
Uttar Pradesh,Bijnor,Lentil,Rabi,801.0,652.0,1079.0,1362.0,1372.0,758.0,605.0,999.0,1035.0
Uttar Pradesh,Bijnor,Maize,Kharif,2125.0,,2143.0,1602.0,3000.0,,,,2191.0
Uttar Pradesh,Bijnor,Maize,Rabi,,3000.0,,,,,,2875.0,2889.0
Uttar Pradesh,Bijnor,Maize,Summer,,,,,2923.0,,2846.0,3178.0,3663.0
Uttar Pradesh,Bijnor,Moong,Kharif,,,421.0,,,,,,393.0
Uttar Pradesh,Bijnor,Moong,Summer,750.0,667.0,875.0,833.0,944.0,875.0,,,
Uttar Pradesh,Bijnor,Rice,Kharif,2527.0,2511.0,2416.0,2655.0,2981.0,2787.0,2525.0,2663.0,2606.0
Uttar Pradesh,Bijnor,Rice,Summer,2542.0,2521.0,2400.0,2660.0,3459.0,,,3391.0,
Uttar Pradesh,Bijnor,Shree Anna /Nutri Cereals,Kharif,,,,,1500.0,,,,1673.0
Uttar Pradesh,Bijnor,Small Millets,Kharif,,,,,,,,,851.0
Uttar Pradesh,Bijnor,Tur,Kharif,1080.0,750.0,1500.0,750.0,1000.0,,1286.0,,1238.0
Uttar Pradesh,Bijnor,Urad,Kharif,831.0,761.0,782.0,894.0,978.0,1032.0,946.0,761.0,1615.0
Uttar Pradesh,Bijnor,Urad,Summer,652.0,630.0,782.0,722.0,757.0,,906.0,912.0,
Uttar Pradesh,Bijnor,Wheat,Rabi,3457.0,3620.0,3751.0,3499.0,3807.0,3753.0,3789.0,3627.0,3596.0
Uttar Pradesh,Budaun,Bajra,Kharif,1892.0,1544.0,1590.0,1595.0,2320.0,2287.0,2430.0,1729.0,1910.0
Uttar Pradesh,Budaun,Barley,Rabi,2514.0,2845.0,3067.0,3278.0,3137.0,3033.0,3068.0,2779.0,2768.0
Uttar Pradesh,Budaun,Gram,Rabi,1088.0,1061.0,1269.0,,1206.0,1351.0,1343.0,1153.0,1347.0
Uttar Pradesh,Budaun,Jowar,Kharif,983.0,1000.0,1050.0,,1238.0,1074.0,1592.0,,1709.0
Uttar Pradesh,Budaun,Lentil,Rabi,1740.0,779.0,1064.0,1355.0,1358.0,986.0,756.0,1250.0,1008.0
Uttar Pradesh,Budaun,Maize,Kharif,2153.0,2238.0,2270.0,2269.0,3377.0,3377.0,2248.0,2322.0,2673.0
Uttar Pradesh,Budaun,Maize,Rabi,2786.0,3000.0,,,,,2829.0,2875.0,
Uttar Pradesh,Budaun,Maize,Summer,1876.0,2192.0,2067.0,2467.0,2892.0,2727.0,2697.0,3178.0,3483.0
Uttar Pradesh,Budaun,Moong,Kharif,413.0,392.0,429.0,287.0,402.0,361.0,376.0,392.0,393.0
Uttar Pradesh,Budaun,Moong,Summer,714.0,714.0,857.0,,1000.0,,,,
Uttar Pradesh,Budaun,Rice,Kharif,2117.0,2046.0,2521.0,2639.0,2650.0,2540.0,2555.0,2196.0,2620.0
Uttar Pradesh,Budaun,Rice,Summer,2121.0,2061.0,2515.0,,3455.0,,,3474.0,3068.0
Uttar Pradesh,Budaun,Shree Anna /Nutri Cereals,Kharif,1890.0,1544.0,1589.0,1595.0,2318.0,2285.0,2429.0,1729.0,1908.0
Uttar Pradesh,Budaun,Small Millets,Kharif,,,,,,,,,879.0
Uttar Pradesh,Budaun,Tur,Kharif,819.0,908.0,,1016.0,887.0,949.0,1252.0,932.0,1238.0
Uttar Pradesh,Budaun,Urad,Kharif,591.0,617.0,1355.0,1316.0,1186.0,1185.0,833.0,1228.0,1415.0
Uttar Pradesh,Budaun,Urad,Summer,636.0,636.0,818.0,,727.0,719.0,897.0,1266.0,1011.0
Uttar Pradesh,Budaun,Wheat,Rabi,3509.0,3692.0,3891.0,4080.0,3905.0,3886.0,4238.0,4376.0,4044.0
Uttar Pradesh,Bulandshahr,Bajra,Kharif,1972.0,2041.0,2160.0,1926.0,1930.0,1745.0,1700.0,2256.0,1934.0
Uttar Pradesh,Bulandshahr,Barley,Rabi,3479.0,3960.0,4213.0,4006.0,3929.0,4014.0,3257.0,3189.0,2768.0
Uttar Pradesh,Bulandshahr,Gram,Rabi,1086.0,1043.0,1213.0,1333.0,1200.0,1357.0,1342.0,1153.0,1347.0
Uttar Pradesh,Bulandshahr,Jowar,Kharif,740.0,923.0,1091.0,1143.0,1222.0,1059.0,,1600.0,1709.0
Uttar Pradesh,Bulandshahr,Lentil,Rabi,964.0,1029.0,1026.0,978.0,1014.0,944.0,950.0,999.0,1035.0
Uttar Pradesh,Bulandshahr,Maize,Kharif,2344.0,2511.0,2551.0,2486.0,2628.0,2628.0,2438.0,2128.0,2250.0
Uttar Pradesh,Bulandshahr,Maize,Rabi,2833.0,,2810.0,,,2857.0,,2875.0,2889.0
Uttar Pradesh,Bulandshahr,Maize,Summer,1876.0,2192.0,2067.0,2467.0,2892.0,2727.0,583.0,3178.0,3483.0
Uttar Pradesh,Bulandshahr,Moong,Kharif,414.0,395.0,812.0,1325.0,1419.0,984.0,376.0,392.0,393.0
Uttar Pradesh,Bulandshahr,Moong,Summer,598.0,807.0,790.0,629.0,868.0,939.0,930.0,726.0,1263.0
Uttar Pradesh,Bulandshahr,Rice,Kharif,2526.0,3012.0,2829.0,2887.0,2840.0,2809.0,2443.0,2753.0,2699.0
Uttar Pradesh,Bulandshahr,Rice,Summer,,3000.0,3000.0,2909.0,3462.0,3286.0,3438.0,3474.0,3068.0
Uttar Pradesh,Bulandshahr,Shree Anna /Nutri Cereals,Kharif,1933.0,2040.0,2159.0,1926.0,1929.0,1738.0,1700.0,2249.0,1808.0
Uttar Pradesh,Bulandshahr,Shree Anna /Nutri Cereals,Summer,,,,,,,1000.0,,
Uttar Pradesh,Bulandshahr,Small Millets,Kharif,,,,,,,,,876.0
Uttar Pradesh,Bulandshahr,Small Millets,Summer,,,,,,,1000.0,,
Uttar Pradesh,Bulandshahr,Tur,Kharif,505.0,730.0,796.0,912.0,725.0,849.0,1251.0,1035.0,1154.0
Uttar Pradesh,Bulandshahr,Urad,Kharif,587.0,890.0,896.0,940.0,999.0,1046.0,1156.0,877.0,1314.0
Uttar Pradesh,Bulandshahr,Urad,Summer,648.0,635.0,786.0,718.0,759.0,736.0,895.0,912.0,1011.0
Uttar Pradesh,Bulandshahr,Wheat,Rabi,4271.0,4541.0,4528.0,4377.0,4404.0,4437.0,4286.0,4324.0,3954.0
Uttar Pradesh,Chandauli,Bajra,Kharif,771.0,1149.0,1143.0,899.0,1393.0,1090.0,734.0,1301.0,1382.0
Uttar Pradesh,Chandauli,Barley,Rabi,2293.0,2222.0,2461.0,2761.0,2350.0,2940.0,3069.0,2955.0,2768.0
Uttar Pradesh,Chandauli,Gram,Rabi,1078.0,1353.0,1317.0,1380.0,1379.0,1403.0,1311.0,1419.0,1488.0
Uttar Pradesh,Chandauli,Jowar,Kharif,792.0,1372.0,1294.0,615.0,2430.0,1802.0,1099.0,1253.0,2270.0
Uttar Pradesh,Chandauli,Lentil,Rabi,675.0,793.0,1279.0,1141.0,1227.0,1192.0,1251.0,1676.0,1603.0
Uttar Pradesh,Chandauli,Maize,Kharif,1536.0,1543.0,1722.0,2184.0,1578.0,1558.0,2651.0,1980.0,2070.0
Uttar Pradesh,Chandauli,Maize,Rabi,2800.0,3000.0,2810.0,2857.0,2643.0,2786.0,,,
Uttar Pradesh,Chandauli,Maize,Summer,,,,,,2500.0,,,3483.0
Uttar Pradesh,Chandauli,Moong,Kharif,438.0,400.0,688.0,313.0,1063.0,364.0,385.0,392.0,393.0
Uttar Pradesh,Chandauli,Moong,Summer,816.0,723.0,841.0,1323.0,1306.0,936.0,,,697.0
Uttar Pradesh,Chandauli,Rice,Kharif,2751.0,3072.0,3183.0,3339.0,3264.0,3360.0,3321.0,3570.0,3434.0
Uttar Pradesh,Chandauli,Rice,Summer,,,,3333.0,,3000.0,,,
Uttar Pradesh,Chandauli,Shree Anna /Nutri Cereals,Kharif,773.0,1184.0,1163.0,859.0,1528.0,1200.0,793.0,1221.0,1530.0
Uttar Pradesh,Chandauli,Shree Anna /Nutri Cereals,Summer,,,,,,912.0,1088.0,,
Uttar Pradesh,Chandauli,Small Millets,Kharif,,,,,,,,886.0,862.0
Uttar Pradesh,Chandauli,Small Millets,Summer,,,,,,912.0,1088.0,,
Uttar Pradesh,Chandauli,Tur,Kharif,753.0,1250.0,1103.0,857.0,944.0,1043.0,1043.0,918.0,1211.0
Uttar Pradesh,Chandauli,Urad,Kharif,768.0,552.0,753.0,802.0,1337.0,969.0,685.0,622.0,627.0
Uttar Pradesh,Chandauli,Urad,Summer,688.0,750.0,875.0,929.0,1313.0,,,,
Uttar Pradesh,Chandauli,Wheat,Rabi,2875.0,3367.0,3748.0,3407.0,3643.0,3523.0,3178.0,3580.0,3615.0
Uttar Pradesh,Chitrakoot,Bajra,Kharif,1034.0,856.0,1060.0,1847.0,2215.0,1532.0,1353.0,1042.0,877.0
Uttar Pradesh,Chitrakoot,Barley,Rabi,2632.0,3294.0,3157.0,2359.0,3115.0,2705.0,2701.0,1738.0,2102.0
Uttar Pradesh,Chitrakoot,Gram,Rabi,918.0,1074.0,1106.0,985.0,1275.0,1297.0,1109.0,1287.0,1360.0
Uttar Pradesh,Chitrakoot,Jowar,Kharif,1130.0,795.0,850.0,1543.0,1846.0,1459.0,1278.0,1478.0,1474.0
Uttar Pradesh,Chitrakoot,Lentil,Rabi,841.0,601.0,863.0,771.0,899.0,827.0,703.0,770.0,860.0
Uttar Pradesh,Chitrakoot,Maize,Kharif,2000.0,2200.0,2000.0,2400.0,2200.0,2000.0,2250.0,2181.0,2191.0
Uttar Pradesh,Chitrakoot,Maize,Rabi,,,2805.0,,,,2833.0,2875.0,
Uttar Pradesh,Chitrakoot,Maize,Summer,,2250.0,2000.0,,3000.0,2750.0,,,3483.0
Uttar Pradesh,Chitrakoot,Moong,Kharif,338.0,312.0,382.0,195.0,298.0,308.0,274.0,280.0,419.0
Uttar Pradesh,Chitrakoot,Moong,Summer,,,,,,,,,743.0
Uttar Pradesh,Chitrakoot,Rice,Kharif,2070.0,1880.0,1610.0,2026.0,2764.0,2235.0,2294.0,2331.0,2282.0
Uttar Pradesh,Chitrakoot,Shree Anna /Nutri Cereals,Kharif,1085.0,816.0,917.0,1656.0,1960.0,1483.0,1299.0,1342.0,973.0
Uttar Pradesh,Chitrakoot,Small Millets,Kharif,388.0,656.0,796.0,,835.0,,648.0,886.0,851.0
Uttar Pradesh,Chitrakoot,Tur,Kharif,1113.0,1370.0,1271.0,890.0,1598.0,1759.0,1654.0,876.0,1156.0
Uttar Pradesh,Chitrakoot,Urad,Kharif,489.0,387.0,408.0,117.0,295.0,261.0,290.0,246.0,363.0
Uttar Pradesh,Chitrakoot,Urad,Summer,,,,,,,,912.0,1011.0
Uttar Pradesh,Chitrakoot,Wheat,Rabi,3096.0,2640.0,2712.0,2653.0,3308.0,3189.0,3140.0,3029.0,2860.0
Uttar Pradesh,Deoria,Bajra,Kharif,1831.0,1932.0,2215.0,2194.0,2400.0,2156.0,2163.0,2173.0,2105.0
Uttar Pradesh,Deoria,Barley,Rabi,3450.0,3262.0,3167.0,3284.0,3136.0,3033.0,3069.0,2780.0,2768.0
Uttar Pradesh,Deoria,Gram,Rabi,1025.0,1064.0,1492.0,1256.0,1212.0,1342.0,1348.0,1153.0,1347.0
Uttar Pradesh,Deoria,Jowar,Kharif,1321.0,1651.0,1246.0,1725.0,2278.0,1796.0,1593.0,1600.0,1709.0
Uttar Pradesh,Deoria,Lentil,Rabi,719.0,832.0,844.0,634.0,753.0,628.0,713.0,1531.0,1465.0
Uttar Pradesh,Deoria,Maize,Kharif,2603.0,2136.0,2189.0,2265.0,687.0,638.0,1276.0,2098.0,2466.0
Uttar Pradesh,Deoria,Maize,Rabi,3038.0,3231.0,3388.0,3309.0,3043.0,3752.0,2810.0,2610.0,2834.0
Uttar Pradesh,Deoria,Maize,Summer,1876.0,2192.0,2068.0,2468.0,2891.0,2727.0,2879.0,3178.0,3483.0
Uttar Pradesh,Deoria,Moong,Kharif,,,455.0,0.0,,,,,393.0
Uttar Pradesh,Deoria,Moong,Summer,701.0,667.0,831.0,884.0,963.0,856.0,859.0,718.0,
Uttar Pradesh,Deoria,Rice,Kharif,2094.0,2299.0,2054.0,2672.0,2165.0,2328.0,2385.0,2326.0,2628.0
Uttar Pradesh,Deoria,Rice,Summer,2071.0,,2071.0,,3429.0,3250.0,3438.0,3474.0,
Uttar Pradesh,Deoria,Shree Anna /Nutri Cereals,Kharif,1736.0,1869.0,1809.0,2089.0,2387.0,2069.0,2019.0,1809.0,1761.0
Uttar Pradesh,Deoria,Small Millets,Kharif,,,,,,,,886.0,857.0
Uttar Pradesh,Deoria,Tur,Kharif,931.0,541.0,626.0,220.0,502.0,416.0,562.0,910.0,1201.0
Uttar Pradesh,Deoria,Urad,Kharif,500.0,500.0,500.0,333.0,500.0,400.0,500.0,622.0,627.0
Uttar Pradesh,Deoria,Urad,Summer,500.0,1000.0,,750.0,1000.0,667.0,1000.0,,
Uttar Pradesh,Deoria,Wheat,Rabi,3344.0,3143.0,3326.0,3358.0,3481.0,3345.0,3685.0,3548.0,3568.0
Uttar Pradesh,Etah,Bajra,Kharif,2296.0,2440.0,2583.0,2759.0,2719.0,2552.0,2538.0,2491.0,2294.0
Uttar Pradesh,Etah,Bajra,Summer,,,,,,,,,1596.0
Uttar Pradesh,Etah,Barley,Rabi,3916.0,3378.0,3289.0,4181.0,3467.0,3731.0,3444.0,3079.0,3034.0
Uttar Pradesh,Etah,Gram,Rabi,1085.0,1049.0,1253.0,1344.0,1209.0,1346.0,1349.0,1153.0,1347.0
Uttar Pradesh,Etah,Jowar,Kharif,,,,,,,,1600.0,1709.0
Uttar Pradesh,Etah,Lentil,Rabi,997.0,1233.0,1109.0,765.0,946.0,690.0,712.0,999.0,956.0
Uttar Pradesh,Etah,Maize,Kharif,2427.0,2470.0,2743.0,4773.0,4206.0,4128.0,3390.0,3411.0,3335.0
Uttar Pradesh,Etah,Maize,Rabi,2811.0,3000.0,2802.0,2828.0,2649.0,,2825.0,2875.0,2889.0
Uttar Pradesh,Etah,Maize,Summer,1876.0,2192.0,2067.0,2467.0,3934.0,3322.0,3513.0,3179.0,3810.0
Uttar Pradesh,Etah,Moong,Kharif,414.0,394.0,423.0,287.0,398.0,357.0,377.0,392.0,393.0
Uttar Pradesh,Etah,Moong,Summer,552.0,618.0,826.0,1263.0,1078.0,1039.0,1323.0,915.0,930.0
Uttar Pradesh,Etah,Rice,Kharif,2186.0,2580.0,2665.0,2911.0,2880.0,2671.0,2688.0,2649.0,2584.0
Uttar Pradesh,Etah,Rice,Summer,,,,2911.0,,,3500.0,3474.0,
Uttar Pradesh,Etah,Shree Anna /Nutri Cereals,Kharif,2296.0,2440.0,2583.0,2759.0,2719.0,2552.0,2538.0,2491.0,2263.0
Uttar Pradesh,Etah,Shree Anna /Nutri Cereals,Summer,,,,,,,1000.0,,1596.0
Uttar Pradesh,Etah,Small Millets,Kharif,,,,,750.0,,,,863.0
Uttar Pradesh,Etah,Small Millets,Summer,,,,,,,1000.0,,
Uttar Pradesh,Etah,Tur,Kharif,897.0,759.0,748.0,730.0,716.0,562.0,625.0,825.0,805.0
Uttar Pradesh,Etah,Urad,Kharif,540.0,501.0,555.0,410.0,556.0,498.0,502.0,622.0,627.0
Uttar Pradesh,Etah,Urad,Summer,653.0,613.0,1011.0,1154.0,1158.0,1057.0,893.0,923.0,1001.0
Uttar Pradesh,Etah,Wheat,Rabi,3881.0,3909.0,3843.0,4151.0,4126.0,3890.0,4139.0,3905.0,3625.0
Uttar Pradesh,Etawah,Bajra,Kharif,2330.0,2208.0,2788.0,2528.0,2601.0,2575.0,2490.0,2966.0,2900.0
Uttar Pradesh,Etawah,Barley,Rabi,2786.0,3671.0,3218.0,3437.0,3344.0,2911.0,3215.0,2636.0,3372.0
Uttar Pradesh,Etawah,Gram,Rabi,1304.0,1679.0,1459.0,1394.0,1443.0,1456.0,1224.0,1331.0,1395.0
Uttar Pradesh,Etawah,Jowar,Kharif,1120.0,1528.0,1672.0,1295.0,1838.0,1503.0,1718.0,1600.0,1734.0
Uttar Pradesh,Etawah,Lentil,Rabi,800.0,,1000.0,833.0,1000.0,,,999.0,956.0
Uttar Pradesh,Etawah,Maize,Kharif,2751.0,3611.0,2558.0,2812.0,3183.0,3138.0,2882.0,3148.0,3114.0
Uttar Pradesh,Etawah,Maize,Rabi,2842.0,3000.0,2810.0,2829.0,2647.0,,2750.0,2875.0,
Uttar Pradesh,Etawah,Maize,Summer,1875.0,2191.0,2067.0,2467.0,2976.0,2726.0,3533.0,3214.0,3483.0
Uttar Pradesh,Etawah,Moong,Kharif,400.0,391.0,422.0,286.0,397.0,357.0,381.0,392.0,393.0
Uttar Pradesh,Etawah,Moong,Summer,1050.0,905.0,948.0,1115.0,1726.0,953.0,1023.0,758.0,1106.0
Uttar Pradesh,Etawah,Rice,Kharif,2730.0,2861.0,3085.0,3112.0,3162.0,3066.0,3017.0,3220.0,3166.0
Uttar Pradesh,Etawah,Shree Anna /Nutri Cereals,Kharif,2325.0,2205.0,2784.0,2522.0,2597.0,2569.0,2485.0,2960.0,2888.0
Uttar Pradesh,Etawah,Small Millets,Kharif,,,,,,,,,856.0
Uttar Pradesh,Etawah,Tur,Kharif,2954.0,2431.0,2534.0,1813.0,1209.0,1571.0,1571.0,1194.0,1575.0
Uttar Pradesh,Etawah,Urad,Kharif,629.0,811.0,1107.0,693.0,663.0,710.0,292.0,610.0,348.0
Uttar Pradesh,Etawah,Urad,Summer,935.0,801.0,933.0,938.0,1037.0,1127.0,1242.0,923.0,1228.0
Uttar Pradesh,Etawah,Wheat,Rabi,4140.0,3754.0,4371.0,4113.0,4125.0,3833.0,4052.0,4107.0,4083.0
Uttar Pradesh,Farrukhabad,Bajra,Kharif,2150.0,1584.0,2124.0,2582.0,1949.0,1695.0,1775.0,1839.0,189.0
Uttar Pradesh,Farrukhabad,Barley,Rabi,2786.0,2961.0,3218.0,3424.0,3366.0,2911.0,3215.0,2636.0,3372.0
Uttar Pradesh,Farrukhabad,Gram,Rabi,1303.0,1680.0,1459.0,1394.0,1408.0,1456.0,1225.0,1331.0,1395.0
Uttar Pradesh,Farrukhabad,Jowar,Kharif,1117.0,1531.0,1671.0,1294.0,1976.0,1443.0,1716.0,1600.0,1734.0
Uttar Pradesh,Farrukhabad,Lentil,Rabi,796.0,614.0,702.0,952.0,861.0,643.0,1109.0,999.0,956.0
Uttar Pradesh,Farrukhabad,Maize,Kharif,2259.0,3457.0,3558.0,4037.0,3686.0,3186.0,2935.0,2601.0,2354.0
Uttar Pradesh,Farrukhabad,Maize,Rabi,2796.0,3003.0,2802.0,2667.0,2648.0,,2824.0,2875.0,
Uttar Pradesh,Farrukhabad,Maize,Summer,1876.0,2192.0,2067.0,2467.0,2976.0,2727.0,3532.0,3100.0,3483.0
Uttar Pradesh,Farrukhabad,Moong,Kharif,412.0,392.0,423.0,287.0,395.0,354.0,375.0,392.0,393.0
Uttar Pradesh,Farrukhabad,Moong,Summer,830.0,832.0,683.0,830.0,983.0,665.0,958.0,753.0,1106.0
Uttar Pradesh,Farrukhabad,Rice,Kharif,2641.0,3021.0,3023.0,3783.0,3250.0,2931.0,3178.0,3338.0,3329.0
Uttar Pradesh,Farrukhabad,Rice,Summer,,,,3780.0,,,3412.0,3474.0,3068.0
Uttar Pradesh,Farrukhabad,Shree Anna /Nutri Cereals,Kharif,1928.0,1572.0,2027.0,1867.0,1955.0,1637.0,1758.0,1654.0,819.0
Uttar Pradesh,Farrukhabad,Shree Anna /Nutri Cereals,Summer,,,,,,,1087.0,,
Uttar Pradesh,Farrukhabad,Small Millets,Kharif,,,,,,,,886.0,853.0
Uttar Pradesh,Farrukhabad,Small Millets,Summer,,,,,,,1087.0,,
Uttar Pradesh,Farrukhabad,Tur,Kharif,1424.0,1301.0,1494.0,1813.0,1288.0,1155.0,1606.0,1061.0,1387.0
Uttar Pradesh,Farrukhabad,Urad,Kharif,629.0,811.0,1107.0,693.0,663.0,710.0,293.0,610.0,348.0
Uttar Pradesh,Farrukhabad,Urad,Summer,934.0,801.0,713.0,938.0,923.0,930.0,1243.0,926.0,1228.0
Uttar Pradesh,Farrukhabad,Wheat,Rabi,3921.0,4498.0,4282.0,4206.0,4080.0,3877.0,4141.0,3883.0,4617.0
Uttar Pradesh,Fatehpur,Bajra,Kharif,959.0,1194.0,1109.0,1957.0,1714.0,1237.0,1212.0,886.0,927.0
Uttar Pradesh,Fatehpur,Barley,Rabi,2633.0,2917.0,3276.0,3305.0,3316.0,3361.0,2595.0,2922.0,2779.0
Uttar Pradesh,Fatehpur,Gram,Rabi,1280.0,1612.0,1266.0,1208.0,1424.0,1397.0,1311.0,1023.0,1392.0
Uttar Pradesh,Fatehpur,Jowar,Kharif,797.0,1282.0,1434.0,1588.0,1614.0,1661.0,1345.0,1422.0,1057.0
Uttar Pradesh,Fatehpur,Lentil,Rabi,848.0,720.0,918.0,864.0,1345.0,766.0,833.0,1032.0,990.0
Uttar Pradesh,Fatehpur,Maize,Kharif,1877.0,2193.0,1746.0,1827.0,2310.0,2124.0,2849.0,1288.0,2191.0
Uttar Pradesh,Fatehpur,Maize,Rabi,2810.0,3000.0,2667.0,2667.0,2649.0,2800.0,,2875.0,2889.0
Uttar Pradesh,Fatehpur,Maize,Summer,1857.0,2143.0,2000.0,2429.0,2893.0,2750.0,2917.0,3178.0,3483.0
Uttar Pradesh,Fatehpur,Moong,Kharif,338.0,558.0,296.0,474.0,735.0,741.0,636.0,232.0,835.0
Uttar Pradesh,Fatehpur,Moong,Summer,717.0,585.0,730.0,817.0,840.0,797.0,695.0,591.0,534.0
Uttar Pradesh,Fatehpur,Rice,Kharif,2485.0,2640.0,2918.0,3002.0,2933.0,2815.0,2853.0,2712.0,2653.0
Uttar Pradesh,Fatehpur,Rice,Summer,,,,,3470.0,,,3474.0,
Uttar Pradesh,Fatehpur,Shree Anna /Nutri Cereals,Kharif,869.0,1241.0,1234.0,1742.0,1658.0,1487.0,1285.0,1256.0,1005.0
Uttar Pradesh,Fatehpur,Small Millets,Kharif,,,,,,,,,1050.0
Uttar Pradesh,Fatehpur,Tur,Kharif,1083.0,1173.0,1107.0,1114.0,1357.0,958.0,1450.0,1099.0,1450.0
Uttar Pradesh,Fatehpur,Urad,Kharif,333.0,857.0,527.0,610.0,788.0,783.0,548.0,561.0,695.0
Uttar Pradesh,Fatehpur,Urad,Summer,623.0,610.0,763.0,714.0,1068.0,675.0,712.0,432.0,1470.0
Uttar Pradesh,Fatehpur,Wheat,Rabi,3495.0,3476.0,3988.0,3959.0,3796.0,3660.0,3759.0,3644.0,3359.0
Uttar Pradesh,Firozabad,Bajra,Kharif,2328.0,2350.0,2247.0,2351.0,2727.0,2345.0,2530.0,2742.0,3091.0
Uttar Pradesh,Firozabad,Bajra,Summer,,,,,,,,,2150.0
Uttar Pradesh,Firozabad,Barley,Rabi,3421.0,3170.0,3582.0,3672.0,3754.0,3087.0,3478.0,3085.0,2934.0
Uttar Pradesh,Firozabad,Gram,Rabi,1869.0,1898.0,1593.0,1545.0,2431.0,2584.0,1254.0,1993.0,1834.0
Uttar Pradesh,Firozabad,Jowar,Kharif,1000.0,1000.0,1049.0,1113.0,1238.0,1075.0,1594.0,1600.0,1709.0
Uttar Pradesh,Firozabad,Lentil,Rabi,958.0,1037.0,1000.0,974.0,1015.0,950.0,957.0,999.0,1035.0
Uttar Pradesh,Firozabad,Maize,Kharif,2848.0,2868.0,2672.0,3157.0,3025.0,3025.0,2142.0,2408.0,3248.0
Uttar Pradesh,Firozabad,Maize,Rabi,2804.0,,,2875.0,,,2778.0,2875.0,
Uttar Pradesh,Firozabad,Maize,Summer,1876.0,2193.0,2068.0,2467.0,2892.0,2728.0,2878.0,3178.0,3483.0
Uttar Pradesh,Firozabad,Moong,Kharif,412.0,394.0,421.0,290.0,395.0,357.0,377.0,392.0,393.0
Uttar Pradesh,Firozabad,Moong,Summer,464.0,953.0,986.0,1269.0,726.0,785.0,521.0,591.0,813.0
Uttar Pradesh,Firozabad,Rice,Kharif,2543.0,2737.0,2732.0,2840.0,2658.0,2538.0,2941.0,2889.0,3366.0
Uttar Pradesh,Firozabad,Rice,Summer,3000.0,3000.0,3000.0,,,3000.0,3436.0,3474.0,
Uttar Pradesh,Firozabad,Shree Anna /Nutri Cereals,Kharif,2326.0,2349.0,2245.0,2349.0,2724.0,2343.0,2529.0,2741.0,3067.0
Uttar Pradesh,Firozabad,Shree Anna /Nutri Cereals,Summer,,,,,,,1075.0,,2150.0
Uttar Pradesh,Firozabad,Small Millets,Kharif,,,,,,,,,962.0
Uttar Pradesh,Firozabad,Small Millets,Summer,,,,,,,1075.0,,
Uttar Pradesh,Firozabad,Tur,Kharif,900.0,1237.0,1117.0,1076.0,1883.0,1596.0,1501.0,1179.0,1556.0
Uttar Pradesh,Firozabad,Urad,Kharif,541.0,504.0,556.0,410.0,556.0,498.0,501.0,622.0,627.0
Uttar Pradesh,Firozabad,Urad,Summer,608.0,898.0,749.0,1403.0,756.0,912.0,1279.0,912.0,714.0
Uttar Pradesh,Firozabad,Wheat,Rabi,3795.0,3395.0,3768.0,4050.0,4138.0,3534.0,4234.0,3998.0,3766.0
Uttar Pradesh,Gautam Buddha Nagar,Bajra,Kharif,1170.0,1004.0,1356.0,1556.0,1430.0,1729.0,1183.0,1785.0,1306.0
Uttar Pradesh,Gautam Buddha Nagar,Barley,Rabi,3479.0,3960.0,4212.0,4006.0,3929.0,4014.0,3257.0,3189.0,2768.0
Uttar Pradesh,Gautam Buddha Nagar,Gram,Rabi,,,,,1000.0,1000.0,1375.0,1153.0,1347.0
Uttar Pradesh,Gautam Buddha Nagar,Jowar,Kharif,,,1051.0,,,,,,1709.0
Uttar Pradesh,Gautam Buddha Nagar,Lentil,Rabi,966.0,1023.0,1030.0,976.0,1000.0,945.0,952.0,999.0,1035.0
Uttar Pradesh,Gautam Buddha Nagar,Maize,Kharif,536.0,1626.0,2545.0,2479.0,2610.0,2612.0,2438.0,2128.0,2250.0
Uttar Pradesh,Gautam Buddha Nagar,Maize,Rabi,,,,,,,,2875.0,
Uttar Pradesh,Gautam Buddha Nagar,Maize,Summer,,,,,,,,,3483.0
Uttar Pradesh,Gautam Buddha Nagar,Moong,Kharif,333.0,333.0,778.0,1333.0,1333.0,,374.0,,393.0
Uttar Pradesh,Gautam Buddha Nagar,Moong,Summer,598.0,808.0,575.0,,922.0,938.0,924.0,742.0,878.0
Uttar Pradesh,Gautam Buddha Nagar,Rice,Kharif,2440.0,2558.0,2862.0,2922.0,2790.0,2333.0,2198.0,2855.0,2803.0
Uttar Pradesh,Gautam Buddha Nagar,Rice,Summer,,,,2923.0,,,,,3068.0
Uttar Pradesh,Gautam Buddha Nagar,Shree Anna /Nutri Cereals,Kharif,1170.0,1004.0,1167.0,1556.0,1430.0,1729.0,1183.0,1785.0,1549.0
Uttar Pradesh,Gautam Buddha Nagar,Small Millets,Kharif,,,,,,,,,856.0
Uttar Pradesh,Gautam Buddha Nagar,Tur,Kharif,1220.0,1661.0,744.0,898.0,725.0,884.0,1251.0,1035.0,1154.0
Uttar Pradesh,Gautam Buddha Nagar,Urad,Kharif,1000.0,1000.0,1000.0,1000.0,1000.0,1000.0,1310.0,877.0,1312.0
Uttar Pradesh,Gautam Buddha Nagar,Urad,Summer,658.0,630.0,781.0,,753.0,,,,
Uttar Pradesh,Gautam Buddha Nagar,Wheat,Rabi,4081.0,3902.0,4138.0,4223.0,4017.0,3849.0,4058.0,4172.0,3962.0
Uttar Pradesh,Ghaziabad,Bajra,Kharif,1171.0,1952.0,,1891.0,,1738.0,1603.0,2167.0,1843.0
Uttar Pradesh,Ghaziabad,Barley,Rabi,3476.0,3963.0,4219.0,4000.0,3929.0,4010.0,3257.0,3189.0,2768.0
Uttar Pradesh,Ghaziabad,Gram,Rabi,,,,,,1000.0,1364.0,1153.0,1347.0
Uttar Pradesh,Ghaziabad,Jowar,Kharif,,1000.0,,,,,1596.0,,1709.0
Uttar Pradesh,Ghaziabad,Lentil,Rabi,966.0,1034.0,1034.0,971.0,1000.0,938.0,947.0,999.0,1035.0
Uttar Pradesh,Ghaziabad,Maize,Kharif,2327.0,2500.0,2546.0,2479.0,2611.0,,2440.0,2128.0,2250.0
Uttar Pradesh,Ghaziabad,Maize,Rabi,,,,,,,,2875.0,2889.0
Uttar Pradesh,Ghaziabad,Maize,Summer,,,2000.0,,3000.0,2500.0,,,3483.0
Uttar Pradesh,Ghaziabad,Moong,Kharif,500.0,500.0,778.0,1500.0,1500.0,1000.0,400.0,392.0,393.0
Uttar Pradesh,Ghaziabad,Moong,Summer,,,714.0,,857.0,929.0,,,1157.0
Uttar Pradesh,Ghaziabad,Rice,Kharif,2465.0,2603.0,2564.0,2791.0,2906.0,2700.0,2499.0,2717.0,2661.0
Uttar Pradesh,Ghaziabad,Shree Anna /Nutri Cereals,Kharif,1171.0,1940.0,,1891.0,,1738.0,1600.0,2167.0,1725.0
Uttar Pradesh,Ghaziabad,Small Millets,Kharif,,,,,,,,,848.0
Uttar Pradesh,Ghaziabad,Tur,Kharif,1221.0,1661.0,745.0,898.0,726.0,884.0,1252.0,1035.0,1154.0
Uttar Pradesh,Ghaziabad,Urad,Kharif,584.0,895.0,893.0,1087.0,1228.0,1131.0,1315.0,877.0,1312.0
Uttar Pradesh,Ghaziabad,Urad,Summer,,,833.0,,833.0,,,,1011.0
Uttar Pradesh,Ghaziabad,Wheat,Rabi,4164.0,4032.0,4253.0,4108.0,4266.0,4199.0,3975.0,4342.0,3773.0
Uttar Pradesh,Ghazipur,Bajra,Kharif,679.0,1049.0,1790.0,1340.0,1589.0,1055.0,1502.0,1100.0,1560.0
Uttar Pradesh,Ghazipur,Barley,Rabi,2172.0,2221.0,2512.0,2811.0,2319.0,2941.0,3068.0,2955.0,2768.0
Uttar Pradesh,Ghazipur,Gram,Rabi,2442.0,1733.0,1846.0,1768.0,1652.0,1740.0,1797.0,1397.0,1488.0
Uttar Pradesh,Ghazipur,Jowar,Kharif,726.0,1913.0,2130.0,1394.0,2654.0,2043.0,1136.0,1279.0,2270.0
Uttar Pradesh,Ghazipur,Lentil,Rabi,1101.0,1086.0,1163.0,1252.0,1251.0,1286.0,1605.0,1676.0,1603.0
Uttar Pradesh,Ghazipur,Maize,Kharif,496.0,990.0,1708.0,783.0,1565.0,1565.0,2652.0,1980.0,2070.0
Uttar Pradesh,Ghazipur,Maize,Rabi,2802.0,3000.0,2806.0,,,,3000.0,2875.0,2889.0
Uttar Pradesh,Ghazipur,Maize,Summer,1875.0,2190.0,2087.0,2469.0,2889.0,2723.0,2876.0,3178.0,3483.0
Uttar Pradesh,Ghazipur,Moong,Kharif,415.0,395.0,676.0,289.0,1105.0,350.0,381.0,392.0,393.0
Uttar Pradesh,Ghazipur,Moong,Summer,814.0,713.0,967.0,1320.0,831.0,826.0,878.0,1227.0,786.0
Uttar Pradesh,Ghazipur,Rice,Kharif,2147.0,2482.0,2636.0,2605.0,2921.0,2699.0,3358.0,2672.0,2970.0
Uttar Pradesh,Ghazipur,Rice,Summer,,,,2606.0,,,3500.0,3474.0,
Uttar Pradesh,Ghazipur,Shree Anna /Nutri Cereals,Kharif,686.0,1182.0,1844.0,1347.0,1751.0,1218.0,1438.0,1135.0,1820.0
Uttar Pradesh,Ghazipur,Shree Anna /Nutri Cereals,Summer,,,,,,904.0,1077.0,,
Uttar Pradesh,Ghazipur,Small Millets,Kharif,,,,,,,,,912.0
Uttar Pradesh,Ghazipur,Small Millets,Summer,,,,,,904.0,1077.0,,
Uttar Pradesh,Ghazipur,Tur,Kharif,875.0,1269.0,1227.0,1024.0,1473.0,1151.0,1151.0,918.0,1211.0
Uttar Pradesh,Ghazipur,Urad,Kharif,769.0,547.0,753.0,43.0,910.0,904.0,683.0,622.0,627.0
Uttar Pradesh,Ghazipur,Urad,Summer,700.0,775.0,907.0,910.0,827.0,797.0,1003.0,1127.0,804.0
Uttar Pradesh,Ghazipur,Wheat,Rabi,3209.0,2973.0,3296.0,3446.0,3483.0,3882.0,3597.0,3687.0,3806.0
Uttar Pradesh,Gonda,Bajra,Kharif,,,,,,,,,2105.0
Uttar Pradesh,Gonda,Barley,Rabi,2794.0,2846.0,3060.0,3278.0,3137.0,3033.0,3068.0,2779.0,2768.0
Uttar Pradesh,Gonda,Gram,Rabi,1085.0,1048.0,1256.0,1347.0,1211.0,1346.0,1349.0,1153.0,1347.0
Uttar Pradesh,Gonda,Jowar,Kharif,,,,,,,,,1709.0
Uttar Pradesh,Gonda,Lentil,Rabi,914.0,927.0,931.0,1101.0,1286.0,1218.0,931.0,1123.0,1074.0
Uttar Pradesh,Gonda,Maize,Kharif,1202.0,1214.0,1190.0,1229.0,1124.0,1124.0,1591.0,1764.0,1338.0
Uttar Pradesh,Gonda,Maize,Rabi,806.0,3000.0,2803.0,1947.0,1585.0,1825.0,2828.0,2225.0,2886.0
Uttar Pradesh,Gonda,Maize,Summer,1876.0,2192.0,2067.0,2467.0,2233.0,2266.0,1833.0,1591.0,2143.0
Uttar Pradesh,Gonda,Moong,Kharif,1000.0,0.0,444.0,276.0,0.0,,,,393.0
Uttar Pradesh,Gonda,Moong,Summer,707.0,671.0,831.0,883.0,967.0,854.0,882.0,718.0,
Uttar Pradesh,Gonda,Rice,Kharif,2312.0,2348.0,2382.0,2575.0,2433.0,2326.0,2264.0,2654.0,2590.0
Uttar Pradesh,Gonda,Rice,Summer,,,,2556.0,,3274.0,,,
Uttar Pradesh,Gonda,Shree Anna /Nutri Cereals,Kharif,,,,,,,,,1524.0
Uttar Pradesh,Gonda,Small Millets,Kharif,,,,,,,,,856.0
Uttar Pradesh,Gonda,Tur,Kharif,620.0,736.0,648.0,421.0,650.0,578.0,721.0,862.0,1135.0
Uttar Pradesh,Gonda,Urad,Kharif,540.0,501.0,555.0,410.0,556.0,498.0,502.0,622.0,448.0
Uttar Pradesh,Gonda,Urad,Summer,651.0,633.0,786.0,715.0,759.0,734.0,900.0,912.0,1011.0
Uttar Pradesh,Gonda,Wheat,Rabi,3096.0,3004.0,3150.0,3282.0,3355.0,3275.0,3188.0,3435.0,3688.0
Uttar Pradesh,Gorakhpur,Bajra,Kharif,1875.0,1889.0,2143.0,2125.0,2429.0,2125.0,2111.0,2173.0,2105.0
Uttar Pradesh,Gorakhpur,Barley,Rabi,3450.0,3262.0,3179.0,3320.0,3228.0,3034.0,3068.0,2779.0,2768.0
Uttar Pradesh,Gorakhpur,Gram,Rabi,1024.0,1066.0,1497.0,1254.0,1153.0,1346.0,1348.0,1153.0,1347.0
Uttar Pradesh,Gorakhpur,Jowar,Kharif,,,,,,,,1600.0,1709.0
Uttar Pradesh,Gorakhpur,Lentil,Rabi,718.0,833.0,843.0,635.0,753.0,628.0,714.0,1531.0,1465.0
Uttar Pradesh,Gorakhpur,Maize,Kharif,1202.0,457.0,957.0,977.0,217.0,217.0,1001.0,1886.0,2466.0
Uttar Pradesh,Gorakhpur,Maize,Rabi,3500.0,3474.0,3400.0,3502.0,3122.0,,2829.0,2676.0,2788.0
Uttar Pradesh,Gorakhpur,Maize,Summer,1877.0,2190.0,2069.0,2468.0,2893.0,2728.0,2878.0,3178.0,3483.0
Uttar Pradesh,Gorakhpur,Moong,Kharif,,,424.0,333.0,,,,,393.0
Uttar Pradesh,Gorakhpur,Moong,Summer,703.0,667.0,833.0,889.0,967.0,850.0,818.0,718.0,
Uttar Pradesh,Gorakhpur,Rice,Kharif,1850.0,2552.0,2668.0,2796.0,2409.0,2232.0,2389.0,2869.0,2877.0
Uttar Pradesh,Gorakhpur,Rice,Summer,1854.0,2548.0,,2799.0,3464.0,3266.0,3440.0,3474.0,
Uttar Pradesh,Gorakhpur,Shree Anna /Nutri Cereals,Kharif,909.0,1074.0,1250.0,1136.0,1364.0,2125.0,1070.0,1211.0,1729.0
Uttar Pradesh,Gorakhpur,Small Millets,Kharif,357.0,667.0,769.0,571.0,867.0,,794.0,886.0,855.0
Uttar Pradesh,Gorakhpur,Tur,Kharif,931.0,541.0,626.0,220.0,717.0,776.0,776.0,950.0,1254.0
Uttar Pradesh,Gorakhpur,Urad,Kharif,571.0,400.0,563.0,375.0,500.0,400.0,571.0,622.0,627.0
Uttar Pradesh,Gorakhpur,Urad,Summer,625.0,625.0,789.0,714.0,750.0,750.0,,,
Uttar Pradesh,Gorakhpur,Wheat,Rabi,3645.0,4236.0,4018.0,3696.0,3743.0,3630.0,3775.0,3930.0,4002.0
Uttar Pradesh,Hamirpur,Bajra,Kharif,789.0,1041.0,486.0,1846.0,2228.0,1529.0,1494.0,1144.0,876.0
Uttar Pradesh,Hamirpur,Barley,Rabi,2631.0,2599.0,2908.0,2655.0,2626.0,2773.0,2767.0,2395.0,2421.0
Uttar Pradesh,Hamirpur,Gram,Rabi,828.0,934.0,1149.0,1181.0,1103.0,1240.0,1256.0,875.0,1117.0
Uttar Pradesh,Hamirpur,Jowar,Kharif,673.0,879.0,853.0,1129.0,1019.0,977.0,1531.0,1891.0,1412.0
Uttar Pradesh,Hamirpur,Lentil,Rabi,935.0,866.0,971.0,1024.0,1026.0,869.0,631.0,862.0,902.0
Uttar Pradesh,Hamirpur,Maize,Kharif,1857.0,,2070.0,2500.0,2313.0,,,2181.0,2191.0
Uttar Pradesh,Hamirpur,Maize,Rabi,2802.0,3003.0,,,,,,2875.0,2889.0
Uttar Pradesh,Hamirpur,Maize,Summer,,,,,,,,,3483.0
Uttar Pradesh,Hamirpur,Moong,Kharif,403.0,468.0,424.0,167.0,375.0,416.0,346.0,333.0,500.0
Uttar Pradesh,Hamirpur,Moong,Summer,722.0,667.0,813.0,884.0,957.0,861.0,863.0,718.0,800.0
Uttar Pradesh,Hamirpur,Rice,Kharif,1777.0,1951.0,2073.0,2528.0,2457.0,2373.0,2411.0,2390.0,2100.0
Uttar Pradesh,Hamirpur,Shree Anna /Nutri Cereals,Kharif,674.0,885.0,845.0,1156.0,1038.0,980.0,1531.0,1874.0,1395.0
Uttar Pradesh,Hamirpur,Small Millets,Kharif,800.0,600.0,,,,,,886.0,859.0
Uttar Pradesh,Hamirpur,Tur,Kharif,931.0,1013.0,1229.0,1088.0,1282.0,1328.0,1238.0,858.0,1650.0
Uttar Pradesh,Hamirpur,Urad,Kharif,479.0,539.0,491.0,168.0,409.0,411.0,415.0,345.0,561.0
Uttar Pradesh,Hamirpur,Urad,Summer,,,,,,,893.0,912.0,1011.0
Uttar Pradesh,Hamirpur,Wheat,Rabi,3036.0,3130.0,3210.0,3271.0,3211.0,3214.0,3217.0,3329.0,3312.0
Uttar Pradesh,Hapur,Bajra,Kharif,1000.0,,1000.0,2000.0,2000.0,2000.0,1667.0,2167.0,1843.0
Uttar Pradesh,Hapur,Bajra,Summer,,,,,,,,,1601.0
Uttar Pradesh,Hapur,Barley,Rabi,3479.0,3961.0,4213.0,4006.0,3928.0,4013.0,3258.0,3189.0,2768.0
Uttar Pradesh,Hapur,Gram,Rabi,,1000.0,,,1000.0,1500.0,1250.0,1153.0,1347.0
Uttar Pradesh,Hapur,Jowar,Kharif,,,,,1000.0,,,,1709.0
Uttar Pradesh,Hapur,Lentil,Rabi,965.0,1031.0,1027.0,978.0,1012.0,943.0,951.0,999.0,1035.0
Uttar Pradesh,Hapur,Maize,Kharif,2328.0,2715.0,2397.0,2318.0,2255.0,2255.0,2438.0,2128.0,1975.0
Uttar Pradesh,Hapur,Maize,Rabi,,,,,,,,2875.0,2889.0
Uttar Pradesh,Hapur,Maize,Summer,1874.0,2192.0,2065.0,2467.0,2891.0,2728.0,587.0,3178.0,3483.0
Uttar Pradesh,Hapur,Moong,Kharif,426.0,400.0,822.0,1316.0,1429.0,985.0,382.0,392.0,393.0
Uttar Pradesh,Hapur,Moong,Summer,599.0,805.0,723.0,629.0,877.0,940.0,930.0,728.0,1157.0
Uttar Pradesh,Hapur,Rice,Kharif,2601.0,2846.0,2579.0,2871.0,2772.0,2673.0,2404.0,2512.0,2468.0
Uttar Pradesh,Hapur,Rice,Summer,,,,2871.0,,,,,3068.0
Uttar Pradesh,Hapur,Shree Anna /Nutri Cereals,Kharif,1000.0,,1000.0,2000.0,1500.0,2000.0,1667.0,2167.0,1712.0
Uttar Pradesh,Hapur,Shree Anna /Nutri Cereals,Summer,,,,,,,,,1601.0
Uttar Pradesh,Hapur,Small Millets,Kharif,,,,,,,,,850.0
Uttar Pradesh,Hapur,Tur,Kharif,1220.0,1660.0,745.0,899.0,726.0,884.0,1251.0,1035.0,1154.0
Uttar Pradesh,Hapur,Urad,Kharif,587.0,889.0,896.0,1096.0,1223.0,1123.0,1313.0,877.0,1312.0
Uttar Pradesh,Hapur,Urad,Summer,655.0,632.0,787.0,717.0,764.0,740.0,898.0,912.0,
Uttar Pradesh,Hapur,Wheat,Rabi,4423.0,4154.0,4217.0,4484.0,4181.0,4375.0,4242.0,4556.0,3840.0
Uttar Pradesh,Hardoi,Bajra,Kharif,1353.0,1292.0,1342.0,2013.0,1538.0,1332.0,1642.0,2054.0,1614.0
Uttar Pradesh,Hardoi,Barley,Rabi,2738.0,3011.0,2797.0,2904.0,2536.0,2715.0,3050.0,2461.0,2353.0
Uttar Pradesh,Hardoi,Gram,Rabi,750.0,942.0,1135.0,701.0,1053.0,847.0,1034.0,862.0,962.0
Uttar Pradesh,Hardoi,Jowar,Kharif,1363.0,1559.0,994.0,1080.0,1007.0,1304.0,1723.0,1589.0,1828.0
Uttar Pradesh,Hardoi,Lentil,Rabi,1057.0,1189.0,1204.0,912.0,1082.0,1158.0,1108.0,999.0,1108.0
Uttar Pradesh,Hardoi,Maize,Kharif,2438.0,2427.0,1966.0,2372.0,2355.0,1895.0,2397.0,2397.0,1767.0
Uttar Pradesh,Hardoi,Maize,Rabi,2800.0,3000.0,2802.0,2828.0,2649.0,2667.0,2829.0,2875.0,2889.0
Uttar Pradesh,Hardoi,Maize,Summer,1875.0,2192.0,2067.0,2467.0,2892.0,2727.0,2877.0,3178.0,3818.0
Uttar Pradesh,Hardoi,Moong,Kharif,595.0,645.0,649.0,602.0,609.0,622.0,588.0,547.0,460.0
Uttar Pradesh,Hardoi,Moong,Summer,485.0,472.0,1204.0,799.0,551.0,1051.0,886.0,1113.0,
Uttar Pradesh,Hardoi,Rice,Kharif,2395.0,2518.0,2341.0,2969.0,2866.0,2706.0,2677.0,2763.0,2793.0
Uttar Pradesh,Hardoi,Rice,Summer,2390.0,2522.0,2342.0,2970.0,3463.0,,0.0,3688.0,2663.0
Uttar Pradesh,Hardoi,Shree Anna /Nutri Cereals,Kharif,1359.0,1449.0,1146.0,1430.0,1228.0,1315.0,1694.0,1716.0,1754.0
Uttar Pradesh,Hardoi,Shree Anna /Nutri Cereals,Summer,,,,900.0,,,,,
Uttar Pradesh,Hardoi,Small Millets,Kharif,,,,,,,,886.0,855.0
Uttar Pradesh,Hardoi,Small Millets,Summer,,,,900.0,,,,,
Uttar Pradesh,Hardoi,Tur,Kharif,986.0,1177.0,732.0,512.0,1013.0,702.0,619.0,1019.0,1342.0
Uttar Pradesh,Hardoi,Urad,Kharif,556.0,516.0,600.0,589.0,589.0,576.0,516.0,583.0,820.0
Uttar Pradesh,Hardoi,Urad,Summer,577.0,607.0,719.0,781.0,593.0,715.0,829.0,1199.0,643.0
Uttar Pradesh,Hardoi,Wheat,Rabi,3636.0,3674.0,3718.0,3571.0,3745.0,3792.0,3913.0,3733.0,3699.0
Uttar Pradesh,Hathras,Bajra,Kharif,1851.0,2340.0,2375.0,2325.0,2766.0,2404.0,2333.0,2666.0,2271.0
Uttar Pradesh,Hathras,Bajra,Summer,,,,,,,,,1580.0
Uttar Pradesh,Hathras,Barley,Rabi,3469.0,3375.0,3289.0,3838.0,3460.0,3568.0,3257.0,3185.0,3155.0
Uttar Pradesh,Hathras,Gram,Rabi,1118.0,1057.0,1200.0,1400.0,1227.0,1346.0,1346.0,1153.0,1347.0
Uttar Pradesh,Hathras,Jowar,Kharif,1000.0,1000.0,1000.0,1125.0,1200.0,1000.0,1636.0,1600.0,1709.0
Uttar Pradesh,Hathras,Lentil,Rabi,998.0,1233.0,1109.0,766.0,944.0,689.0,713.0,999.0,956.0
Uttar Pradesh,Hathras,Maize,Kharif,1837.0,2008.0,1738.0,2381.0,2556.0,2556.0,2766.0,2492.0,2368.0
Uttar Pradesh,Hathras,Maize,Rabi,2778.0,,,,2644.0,,,2875.0,2889.0
Uttar Pradesh,Hathras,Maize,Summer,1876.0,2192.0,2067.0,2466.0,3478.0,3322.0,3150.0,4236.0,3655.0
Uttar Pradesh,Hathras,Moong,Kharif,403.0,385.0,421.0,292.0,385.0,500.0,367.0,392.0,393.0
Uttar Pradesh,Hathras,Moong,Summer,502.0,530.0,590.0,807.0,631.0,853.0,733.0,786.0,993.0
Uttar Pradesh,Hathras,Rice,Kharif,2176.0,2289.0,2339.0,2551.0,2742.0,2412.0,2492.0,2598.0,2604.0
Uttar Pradesh,Hathras,Rice,Summer,,2250.0,2308.0,2547.0,3500.0,,3500.0,3474.0,
Uttar Pradesh,Hathras,Shree Anna /Nutri Cereals,Kharif,1851.0,2340.0,2375.0,2325.0,2766.0,2404.0,2333.0,2666.0,2254.0
Uttar Pradesh,Hathras,Shree Anna /Nutri Cereals,Summer,,,,,,,,,1580.0
Uttar Pradesh,Hathras,Small Millets,Kharif,,,,,,,,,868.0
Uttar Pradesh,Hathras,Tur,Kharif,959.0,782.0,801.0,975.0,729.0,458.0,625.0,883.0,1165.0
Uttar Pradesh,Hathras,Urad,Kharif,542.0,504.0,560.0,409.0,557.0,500.0,516.0,622.0,627.0
Uttar Pradesh,Hathras,Urad,Summer,643.0,623.0,1000.0,1150.0,1157.0,1059.0,890.0,923.0,
Uttar Pradesh,Hathras,Wheat,Rabi,4066.0,3778.0,4144.0,3994.0,4096.0,3968.0,4028.0,3921.0,3958.0
Uttar Pradesh,Jalaun,Bajra,Kharif,1150.0,1617.0,1535.0,1891.0,1852.0,1719.0,1241.0,2173.0,1646.0
Uttar Pradesh,Jalaun,Barley,Rabi,2578.0,2407.0,2875.0,2307.0,3082.0,2934.0,2962.0,2860.0,2720.0
Uttar Pradesh,Jalaun,Gram,Rabi,1205.0,1412.0,1374.0,1483.0,1410.0,1203.0,1214.0,1265.0,1478.0
Uttar Pradesh,Jalaun,Jowar,Kharif,951.0,1883.0,1410.0,1405.0,1643.0,2269.0,1593.0,1894.0,2309.0
Uttar Pradesh,Jalaun,Lentil,Rabi,1338.0,1302.0,1356.0,1348.0,1243.0,1250.0,1231.0,1297.0,1426.0
Uttar Pradesh,Jalaun,Maize,Kharif,,800.0,1000.0,667.0,1091.0,1167.0,1286.0,1679.0,794.0
Uttar Pradesh,Jalaun,Maize,Rabi,,3000.0,,,2647.0,2800.0,,2875.0,
Uttar Pradesh,Jalaun,Maize,Summer,,,,,,,3000.0,3178.0,3483.0
Uttar Pradesh,Jalaun,Moong,Kharif,327.0,663.0,1077.0,550.0,554.0,266.0,427.0,491.0,332.0
Uttar Pradesh,Jalaun,Moong,Summer,706.0,667.0,826.0,886.0,971.0,851.0,862.0,718.0,1058.0
Uttar Pradesh,Jalaun,Rice,Kharif,1552.0,1265.0,2157.0,2564.0,1879.0,1846.0,1336.0,2191.0,2261.0
Uttar Pradesh,Jalaun,Shree Anna /Nutri Cereals,Kharif,1083.0,1700.0,1508.0,1759.0,1795.0,1904.0,1338.0,1692.0,2033.0
Uttar Pradesh,Jalaun,Small Millets,Kharif,375.0,625.0,750.0,,,,,886.0,1044.0
Uttar Pradesh,Jalaun,Tur,Kharif,1203.0,1721.0,719.0,994.0,1821.0,1694.0,1694.0,952.0,1256.0
Uttar Pradesh,Jalaun,Urad,Kharif,434.0,735.0,598.0,507.0,555.0,1555.0,302.0,1156.0,413.0
Uttar Pradesh,Jalaun,Urad,Summer,,,,,,737.0,,,
Uttar Pradesh,Jalaun,Wheat,Rabi,3716.0,3624.0,3714.0,3733.0,3685.0,3425.0,3578.0,3792.0,3790.0
Uttar Pradesh,Jaunpur,Bajra,Kharif,1160.0,1174.0,1261.0,1556.0,1544.0,1248.0,1409.0,931.0,1382.0
Uttar Pradesh,Jaunpur,Barley,Rabi,2292.0,2220.0,2461.0,3063.0,2364.0,2941.0,3068.0,2955.0,2768.0
Uttar Pradesh,Jaunpur,Gram,Rabi,2272.0,1481.0,1295.0,1392.0,1882.0,2474.0,2099.0,1431.0,1570.0
Uttar Pradesh,Jaunpur,Jowar,Kharif,1190.0,1413.0,1966.0,1130.0,3139.0,1849.0,1289.0,1498.0,2270.0
Uttar Pradesh,Jaunpur,Lentil,Rabi,900.0,939.0,1221.0,1196.0,1237.0,1243.0,1555.0,1676.0,1603.0
Uttar Pradesh,Jaunpur,Maize,Kharif,1541.0,1547.0,1712.0,2242.0,1564.0,1564.0,2652.0,2076.0,2070.0
Uttar Pradesh,Jaunpur,Maize,Rabi,2793.0,3000.0,2800.0,2829.0,2648.0,,2822.0,2875.0,2889.0
Uttar Pradesh,Jaunpur,Maize,Summer,1877.0,2194.0,2068.0,2467.0,2891.0,2728.0,2874.0,3178.0,3483.0
Uttar Pradesh,Jaunpur,Moong,Kharif,364.0,444.0,688.0,291.0,1100.0,400.0,333.0,392.0,393.0
Uttar Pradesh,Jaunpur,Moong,Summer,815.0,713.0,809.0,1319.0,1494.0,957.0,879.0,1080.0,570.0
Uttar Pradesh,Jaunpur,Rice,Kharif,2342.0,2306.0,2484.0,2804.0,2774.0,2633.0,2815.0,2827.0,2775.0
Uttar Pradesh,Jaunpur,Rice,Summer,,,,2805.0,,,3500.0,3474.0,
Uttar Pradesh,Jaunpur,Shree Anna /Nutri Cereals,Kharif,1170.0,1264.0,1535.0,1427.0,2090.0,1469.0,1365.0,1150.0,1921.0
Uttar Pradesh,Jaunpur,Small Millets,Kharif,,,,,,,,886.0,851.0
Uttar Pradesh,Jaunpur,Tur,Kharif,837.0,697.0,1256.0,1174.0,1193.0,1897.0,1897.0,868.0,1145.0
Uttar Pradesh,Jaunpur,Urad,Kharif,1045.0,546.0,1076.0,932.0,1387.0,865.0,722.0,622.0,627.0
Uttar Pradesh,Jaunpur,Urad,Summer,699.0,775.0,818.0,908.0,1596.0,717.0,761.0,1232.0,659.0
Uttar Pradesh,Jaunpur,Wheat,Rabi,3230.0,3540.0,3711.0,3595.0,3698.0,4001.0,3986.0,4068.0,3922.0
Uttar Pradesh,Jhansi,Bajra,Kharif,1154.0,1750.0,1429.0,1870.0,692.0,1714.0,1429.0,2173.0,164.0
Uttar Pradesh,Jhansi,Barley,Rabi,2471.0,2414.0,2783.0,2919.0,2330.0,2495.0,2966.0,2093.0,2301.0
Uttar Pradesh,Jhansi,Gram,Rabi,1218.0,1009.0,1500.0,1846.0,1071.0,1372.0,1466.0,1128.0,1496.0
Uttar Pradesh,Jhansi,Jowar,Kharif,952.0,848.0,1706.0,985.0,1233.0,2283.0,1593.0,1894.0,2309.0
Uttar Pradesh,Jhansi,Lentil,Rabi,918.0,831.0,1199.0,1396.0,862.0,997.0,1154.0,1102.0,1273.0
Uttar Pradesh,Jhansi,Maize,Kharif,810.0,707.0,740.0,399.0,572.0,572.0,1858.0,1679.0,630.0
Uttar Pradesh,Jhansi,Maize,Rabi,2802.0,,2803.0,,,,,2875.0,
Uttar Pradesh,Jhansi,Maize,Summer,,2000.0,,,3000.0,,,,3483.0
Uttar Pradesh,Jhansi,Moong,Kharif,354.0,292.0,173.0,68.0,286.0,261.0,305.0,556.0,232.0
Uttar Pradesh,Jhansi,Moong,Summer,703.0,,840.0,880.0,960.0,855.0,861.0,718.0,682.0
Uttar Pradesh,Jhansi,Rice,Kharif,1368.0,1707.0,1992.0,2366.0,2310.0,2143.0,1987.0,2234.0,2197.0
Uttar Pradesh,Jhansi,Shree Anna /Nutri Cereals,Kharif,952.0,848.0,1676.0,1004.0,1218.0,2257.0,1593.0,1890.0,2150.0
Uttar Pradesh,Jhansi,Small Millets,Kharif,696.0,652.0,696.0,783.0,739.0,643.0,,917.0,874.0
Uttar Pradesh,Jhansi,Tur,Kharif,944.0,660.0,669.0,705.0,1452.0,1700.0,1695.0,716.0,945.0
Uttar Pradesh,Jhansi,Urad,Kharif,389.0,325.0,163.0,71.0,299.0,222.0,243.0,351.0,420.0
Uttar Pradesh,Jhansi,Urad,Summer,600.0,,,1000.0,1000.0,,895.0,912.0,1011.0
Uttar Pradesh,Jhansi,Wheat,Rabi,3071.0,2633.0,3258.0,3417.0,3027.0,3385.0,3434.0,3307.0,3393.0
Uttar Pradesh,Kannauj,Bajra,Kharif,1395.0,1757.0,1683.0,2056.0,2223.0,1577.0,1641.0,2063.0,1980.0
Uttar Pradesh,Kannauj,Barley,Rabi,2785.0,2961.0,3218.0,3285.0,3333.0,2911.0,3215.0,2636.0,3372.0
Uttar Pradesh,Kannauj,Gram,Rabi,1303.0,1680.0,1459.0,1394.0,1461.0,1456.0,1224.0,1331.0,1395.0
Uttar Pradesh,Kannauj,Jowar,Kharif,1116.0,1531.0,1671.0,1295.0,1914.0,1466.0,1716.0,1600.0,1734.0
Uttar Pradesh,Kannauj,Lentil,Rabi,796.0,747.0,846.0,879.0,789.0,640.0,1107.0,999.0,956.0
Uttar Pradesh,Kannauj,Maize,Kharif,1950.0,3218.0,2541.0,5264.0,3284.0,3048.0,2917.0,2599.0,2818.0
Uttar Pradesh,Kannauj,Maize,Rabi,2786.0,3000.0,2803.0,2844.0,2667.0,2786.0,2821.0,2875.0,
Uttar Pradesh,Kannauj,Maize,Summer,1876.0,2192.0,2067.0,2467.0,2976.0,2727.0,3532.0,3224.0,3483.0
Uttar Pradesh,Kannauj,Moong,Kharif,415.0,395.0,426.0,289.0,400.0,356.0,377.0,392.0,393.0
Uttar Pradesh,Kannauj,Moong,Summer,1168.0,458.0,490.0,1001.0,638.0,996.0,830.0,662.0,911.0
Uttar Pradesh,Kannauj,Rice,Kharif,2670.0,3193.0,2669.0,3997.0,3454.0,2761.0,2979.0,3109.0,3348.0
Uttar Pradesh,Kannauj,Rice,Summer,,,,4000.0,,,,,
Uttar Pradesh,Kannauj,Shree Anna /Nutri Cereals,Kharif,1310.0,1621.0,1680.0,1835.0,2127.0,1544.0,1683.0,2002.0,1809.0
Uttar Pradesh,Kannauj,Shree Anna /Nutri Cereals,Summer,,,,,,,1075.0,,
Uttar Pradesh,Kannauj,Small Millets,Kharif,,,,,,,,,856.0
Uttar Pradesh,Kannauj,Small Millets,Summer,,,,,,,1075.0,,
Uttar Pradesh,Kannauj,Tur,Kharif,1423.0,1301.0,1495.0,1813.0,1273.0,967.0,1606.0,1061.0,1387.0
Uttar Pradesh,Kannauj,Urad,Kharif,630.0,812.0,1106.0,694.0,675.0,711.0,294.0,610.0,420.0
Uttar Pradesh,Kannauj,Urad,Summer,934.0,802.0,1036.0,938.0,1003.0,1128.0,1084.0,1005.0,1084.0
Uttar Pradesh,Kannauj,Wheat,Rabi,4119.0,4533.0,4600.0,4450.0,4139.0,3854.0,3988.0,4130.0,4548.0
Uttar Pradesh,Kanpur Dehat,Bajra,Kharif,2475.0,1848.0,3037.0,2574.0,2479.0,2403.0,2450.0,2488.0,2581.0
Uttar Pradesh,Kanpur Dehat,Barley,Rabi,2786.0,3264.0,3580.0,3293.0,3272.0,2911.0,3215.0,2636.0,3372.0
Uttar Pradesh,Kanpur Dehat,Gram,Rabi,1215.0,1669.0,1664.0,1426.0,1411.0,1386.0,1254.0,1323.0,1400.0
Uttar Pradesh,Kanpur Dehat,Jowar,Kharif,1443.0,1629.0,1297.0,1311.0,1566.0,1397.0,1615.0,1600.0,1614.0
Uttar Pradesh,Kanpur Dehat,Lentil,Rabi,796.0,744.0,845.0,878.0,788.0,643.0,1109.0,999.0,956.0
Uttar Pradesh,Kanpur Dehat,Maize,Kharif,2999.0,2755.0,2464.0,3892.0,2915.0,2815.0,2827.0,1312.0,2295.0
Uttar Pradesh,Kanpur Dehat,Maize,Rabi,2750.0,3000.0,2805.0,2829.0,2648.0,2750.0,2857.0,2875.0,
Uttar Pradesh,Kanpur Dehat,Maize,Summer,1879.0,2189.0,2064.0,2465.0,2975.0,2726.0,3530.0,3100.0,3483.0
Uttar Pradesh,Kanpur Dehat,Moong,Kharif,415.0,395.0,423.0,287.0,399.0,360.0,377.0,392.0,393.0
Uttar Pradesh,Kanpur Dehat,Moong,Summer,831.0,832.0,956.0,830.0,1320.0,1047.0,1245.0,697.0,985.0
Uttar Pradesh,Kanpur Dehat,Rice,Kharif,3167.0,2981.0,3609.0,3483.0,3229.0,3238.0,3286.0,3295.0,3061.0
Uttar Pradesh,Kanpur Dehat,Rice,Summer,,,,3485.0,,,,,
Uttar Pradesh,Kanpur Dehat,Shree Anna /Nutri Cereals,Kharif,2046.0,1760.0,2293.0,2093.0,2102.0,1966.0,2059.0,2064.0,2366.0
Uttar Pradesh,Kanpur Dehat,Small Millets,Kharif,667.0,,,833.0,667.0,,,,860.0
Uttar Pradesh,Kanpur Dehat,Tur,Kharif,2108.0,2176.0,2289.0,2291.0,1871.0,1769.0,1769.0,1340.0,1387.0
Uttar Pradesh,Kanpur Dehat,Urad,Kharif,793.0,872.0,664.0,852.0,619.0,751.0,215.0,647.0,733.0
Uttar Pradesh,Kanpur Dehat,Urad,Summer,934.0,801.0,1204.0,939.0,1210.0,1203.0,1187.0,761.0,538.0
Uttar Pradesh,Kanpur Dehat,Wheat,Rabi,4588.0,4282.0,4431.0,4254.0,4072.0,3794.0,4042.0,4265.0,4438.0
Uttar Pradesh,Kanpur Nagar,Bajra,Kharif,1608.0,1757.0,2827.0,1750.0,1800.0,1425.0,1670.0,3007.0,3168.0
Uttar Pradesh,Kanpur Nagar,Barley,Rabi,1162.0,2367.0,1529.0,2067.0,3076.0,2911.0,3215.0,2636.0,3372.0
Uttar Pradesh,Kanpur Nagar,Gram,Rabi,1441.0,1894.0,1138.0,1403.0,1631.0,1585.0,1211.0,1397.0,1476.0
Uttar Pradesh,Kanpur Nagar,Jowar,Kharif,894.0,2543.0,2352.0,1508.0,1987.0,1660.0,1798.0,1632.0,1781.0
Uttar Pradesh,Kanpur Nagar,Lentil,Rabi,796.0,1067.0,1075.0,742.0,698.0,643.0,1109.0,999.0,956.0
Uttar Pradesh,Kanpur Nagar,Maize,Kharif,2426.0,3641.0,2337.0,2737.0,2723.0,2723.0,2538.0,1998.0,3230.0
Uttar Pradesh,Kanpur Nagar,Maize,Rabi,2802.0,3002.0,2805.0,2830.0,2648.0,,2829.0,2875.0,2889.0
Uttar Pradesh,Kanpur Nagar,Maize,Summer,1876.0,2192.0,2067.0,2467.0,2976.0,2727.0,3532.0,2401.0,3483.0
Uttar Pradesh,Kanpur Nagar,Moong,Kharif,413.0,394.0,424.0,287.0,397.0,357.0,377.0,392.0,393.0
Uttar Pradesh,Kanpur Nagar,Moong,Summer,831.0,832.0,800.0,829.0,784.0,996.0,926.0,597.0,801.0
Uttar Pradesh,Kanpur Nagar,Rice,Kharif,2939.0,3001.0,2793.0,3433.0,3483.0,2932.0,2989.0,3129.0,3061.0
Uttar Pradesh,Kanpur Nagar,Rice,Summer,,,,3400.0,,,,,
Uttar Pradesh,Kanpur Nagar,Shree Anna /Nutri Cereals,Kharif,951.0,2469.0,2386.0,1528.0,1970.0,1642.0,1789.0,1770.0,1973.0
Uttar Pradesh,Kanpur Nagar,Small Millets,Kharif,353.0,647.0,824.0,647.0,824.0,,647.0,,892.0
Uttar Pradesh,Kanpur Nagar,Tur,Kharif,1134.0,2382.0,2010.0,1188.0,2036.0,2144.0,1606.0,1061.0,1387.0
Uttar Pradesh,Kanpur Nagar,Urad,Kharif,614.0,688.0,1020.0,545.0,694.0,673.0,315.0,750.0,253.0
Uttar Pradesh,Kanpur Nagar,Urad,Summer,933.0,801.0,725.0,939.0,804.0,1128.0,888.0,752.0,629.0
Uttar Pradesh,Kanpur Nagar,Wheat,Rabi,4065.0,3854.0,4166.0,4065.0,3948.0,3477.0,3921.0,3731.0,4225.0
Uttar Pradesh,Kasganj,Bajra,Kharif,2236.0,2269.0,2489.0,3100.0,3169.0,2356.0,2657.0,2347.0,2478.0
Uttar Pradesh,Kasganj,Barley,Rabi,2742.0,3398.0,3289.0,4181.0,3467.0,3731.0,3444.0,3079.0,3034.0
Uttar Pradesh,Kasganj,Gram,Rabi,1083.0,1000.0,1258.0,1345.0,1213.0,1346.0,1348.0,1153.0,1347.0
Uttar Pradesh,Kasganj,Jowar,Kharif,1000.0,1000.0,1048.0,1109.0,1244.0,1059.0,1600.0,1600.0,1709.0
Uttar Pradesh,Kasganj,Lentil,Rabi,997.0,1233.0,1109.0,765.0,946.0,690.0,713.0,999.0,956.0
Uttar Pradesh,Kasganj,Maize,Kharif,2631.0,2724.0,2770.0,3471.0,3474.0,3274.0,2924.0,2747.0,2505.0
Uttar Pradesh,Kasganj,Maize,Rabi,,3000.0,,,2652.0,,2667.0,2875.0,
Uttar Pradesh,Kasganj,Maize,Summer,1876.0,2192.0,2067.0,2467.0,3234.0,3322.0,2941.0,4810.0,3535.0
Uttar Pradesh,Kasganj,Moong,Kharif,415.0,392.0,425.0,287.0,399.0,358.0,377.0,392.0,393.0
Uttar Pradesh,Kasganj,Moong,Summer,459.0,571.0,693.0,841.0,837.0,853.0,732.0,793.0,787.0
Uttar Pradesh,Kasganj,Rice,Kharif,2564.0,2375.0,2527.0,3232.0,3069.0,2683.0,2578.0,2673.0,2679.0
Uttar Pradesh,Kasganj,Rice,Summer,,,,3222.0,,,,,
Uttar Pradesh,Kasganj,Shree Anna /Nutri Cereals,Kharif,2236.0,2267.0,2487.0,3097.0,3167.0,2354.0,2655.0,2347.0,2456.0
Uttar Pradesh,Kasganj,Small Millets,Kharif,,,,,,,,,850.0
Uttar Pradesh,Kasganj,Tur,Kharif,897.0,759.0,747.0,731.0,726.0,561.0,625.0,825.0,805.0
Uttar Pradesh,Kasganj,Urad,Kharif,540.0,501.0,555.0,410.0,556.0,498.0,502.0,622.0,627.0
Uttar Pradesh,Kasganj,Urad,Summer,652.0,612.0,1012.0,1155.0,1158.0,1056.0,894.0,923.0,
Uttar Pradesh,Kasganj,Wheat,Rabi,3713.0,3974.0,4264.0,3924.0,3805.0,3913.0,4142.0,3891.0,3811.0
Uttar Pradesh,Kaushambi,Bajra,Kharif,994.0,1181.0,1551.0,1149.0,1456.0,1854.0,1297.0,571.0,1124.0
Uttar Pradesh,Kaushambi,Barley,Rabi,2529.0,2949.0,3037.0,2846.0,3007.0,2841.0,2056.0,2922.0,2779.0
Uttar Pradesh,Kaushambi,Gram,Rabi,1137.0,1429.0,1170.0,1304.0,1163.0,1454.0,1197.0,1328.0,1403.0
Uttar Pradesh,Kaushambi,Jowar,Kharif,690.0,886.0,1014.0,876.0,1211.0,1619.0,1417.0,1748.0,994.0
Uttar Pradesh,Kaushambi,Lentil,Rabi,849.0,890.0,1178.0,747.0,1281.0,1248.0,1184.0,1032.0,1285.0
Uttar Pradesh,Kaushambi,Maize,Kharif,1872.0,2194.0,1742.0,1827.0,2305.0,2119.0,2849.0,1288.0,2191.0
Uttar Pradesh,Kaushambi,Maize,Rabi,2786.0,,2798.0,,2632.0,,2800.0,2875.0,2889.0
Uttar Pradesh,Kaushambi,Maize,Summer,1876.0,2190.0,2070.0,2470.0,2892.0,2726.0,2879.0,3178.0,3483.0
Uttar Pradesh,Kaushambi,Moong,Kharif,333.0,564.0,320.0,474.0,739.0,733.0,644.0,232.0,835.0
Uttar Pradesh,Kaushambi,Moong,Summer,717.0,585.0,927.0,818.0,724.0,774.0,741.0,629.0,1054.0
Uttar Pradesh,Kaushambi,Rice,Kharif,2332.0,2407.0,2394.0,2529.0,2798.0,2732.0,3072.0,3004.0,3471.0
Uttar Pradesh,Kaushambi,Shree Anna /Nutri Cereals,Kharif,866.0,1086.0,1445.0,1076.0,1366.0,1754.0,1339.0,1072.0,1106.0
Uttar Pradesh,Kaushambi,Small Millets,Kharif,750.0,750.0,750.0,750.0,750.0,,750.0,,867.0
Uttar Pradesh,Kaushambi,Tur,Kharif,1757.0,1571.0,1820.0,852.0,1396.0,1766.0,1766.0,799.0,1054.0
Uttar Pradesh,Kaushambi,Urad,Kharif,451.0,750.0,416.0,784.0,548.0,567.0,395.0,580.0,403.0
Uttar Pradesh,Kaushambi,Urad,Summer,622.0,609.0,1042.0,714.0,674.0,677.0,778.0,1078.0,1072.0
Uttar Pradesh,Kaushambi,Wheat,Rabi,3285.0,3171.0,3494.0,3120.0,3306.0,3360.0,3651.0,3423.0,4367.0
Uttar Pradesh,Kheri,Bajra,Kharif,1424.0,1128.0,904.0,1597.0,1298.0,1276.0,1368.0,1822.0,1402.0
Uttar Pradesh,Kheri,Barley,Rabi,2739.0,2622.0,2798.0,3145.0,2850.0,2715.0,3050.0,,
Uttar Pradesh,Kheri,Gram,Rabi,752.0,940.0,1135.0,704.0,1064.0,846.0,1035.0,862.0,962.0
Uttar Pradesh,Kheri,Jowar,Kharif,1249.0,1023.0,894.0,704.0,943.0,1642.0,1353.0,1632.0,1413.0
Uttar Pradesh,Kheri,Lentil,Rabi,867.0,844.0,963.0,871.0,953.0,871.0,912.0,1001.0,958.0
Uttar Pradesh,Kheri,Maize,Kharif,1826.0,1427.0,1308.0,1295.0,1588.0,1528.0,1413.0,2088.0,2143.0
Uttar Pradesh,Kheri,Maize,Rabi,2802.0,3000.0,2804.0,2867.0,2500.0,,2815.0,2875.0,2889.0
Uttar Pradesh,Kheri,Maize,Summer,1876.0,2192.0,2067.0,2467.0,2892.0,2727.0,2878.0,3178.0,3818.0
Uttar Pradesh,Kheri,Moong,Kharif,595.0,647.0,647.0,602.0,610.0,622.0,586.0,547.0,460.0
Uttar Pradesh,Kheri,Moong,Summer,480.0,474.0,1104.0,800.0,553.0,901.0,642.0,1088.0,381.0
Uttar Pradesh,Kheri,Rice,Kharif,2774.0,3126.0,3384.0,3239.0,3430.0,2839.0,2814.0,3018.0,3161.0
Uttar Pradesh,Kheri,Rice,Summer,2774.0,3126.0,3384.0,3239.0,3464.0,3000.0,3439.0,3688.0,3839.0
Uttar Pradesh,Kheri,Shree Anna /Nutri Cereals,Kharif,1331.0,1097.0,895.0,1496.0,1235.0,1392.0,1325.0,1779.0,1401.0
Uttar Pradesh,Kheri,Shree Anna /Nutri Cereals,Summer,,,,,,903.0,1081.0,,
Uttar Pradesh,Kheri,Small Millets,Kharif,368.0,667.0,789.0,632.0,842.0,,658.0,,892.0
Uttar Pradesh,Kheri,Small Millets,Summer,,,,,,903.0,1081.0,,
Uttar Pradesh,Kheri,Tur,Kharif,986.0,1176.0,732.0,511.0,836.0,707.0,619.0,1019.0,1342.0
Uttar Pradesh,Kheri,Urad,Kharif,715.0,533.0,1071.0,835.0,701.0,819.0,606.0,1099.0,559.0
Uttar Pradesh,Kheri,Urad,Summer,704.0,758.0,689.0,610.0,691.0,820.0,719.0,901.0,624.0
Uttar Pradesh,Kheri,Wheat,Rabi,3782.0,4112.0,4251.0,4232.0,4112.0,4094.0,4123.0,3976.0,3993.0
Uttar Pradesh,Kushinagar,Bajra,Kharif,1833.0,1932.0,2215.0,2193.0,2449.0,2159.0,2161.0,2173.0,2105.0
Uttar Pradesh,Kushinagar,Barley,Rabi,3452.0,,3184.0,3250.0,3134.0,3037.0,3065.0,,
Uttar Pradesh,Kushinagar,Gram,Rabi,1000.0,,,1333.0,,1353.0,1333.0,1153.0,1347.0
Uttar Pradesh,Kushinagar,Jowar,Kharif,,,,,2000.0,2000.0,2000.0,,1709.0
Uttar Pradesh,Kushinagar,Lentil,Rabi,718.0,833.0,843.0,635.0,753.0,628.0,714.0,1531.0,1465.0
Uttar Pradesh,Kushinagar,Maize,Kharif,1763.0,2836.0,2654.0,3079.0,713.0,713.0,1548.0,2712.0,2466.0
Uttar Pradesh,Kushinagar,Maize,Rabi,3750.0,3564.0,3391.0,3596.0,3183.0,2304.0,2821.0,2715.0,2564.0
Uttar Pradesh,Kushinagar,Maize,Summer,1876.0,2192.0,2067.0,2467.0,2892.0,2727.0,2878.0,3178.0,3483.0
Uttar Pradesh,Kushinagar,Moong,Kharif,1000.0,0.0,417.0,,0.0,333.0,364.0,,393.0
Uttar Pradesh,Kushinagar,Moong,Summer,710.0,671.0,826.0,887.0,966.0,855.0,863.0,718.0,
Uttar Pradesh,Kushinagar,Rice,Kharif,2008.0,2750.0,2524.0,2902.0,2563.0,2607.0,2525.0,2567.0,2749.0
Uttar Pradesh,Kushinagar,Rice,Summer,,,,2902.0,,,,,
Uttar Pradesh,Kushinagar,Shree Anna /Nutri Cereals,Kharif,1682.0,1669.0,2110.0,1990.0,2200.0,2157.0,1864.0,2173.0,1869.0
Uttar Pradesh,Kushinagar,Small Millets,Kharif,370.0,667.0,815.0,630.0,852.0,,630.0,,851.0
Uttar Pradesh,Kushinagar,Tur,Kharif,931.0,541.0,626.0,220.0,640.0,617.0,657.0,928.0,1224.0
Uttar Pradesh,Kushinagar,Urad,Kharif,524.0,526.0,560.0,417.0,559.0,486.0,511.0,622.0,627.0
Uttar Pradesh,Kushinagar,Urad,Summer,654.0,633.0,782.0,712.0,757.0,732.0,895.0,912.0,
Uttar Pradesh,Kushinagar,Wheat,Rabi,2982.0,3503.0,3193.0,3696.0,3743.0,3763.0,3697.0,3614.0,3839.0
Uttar Pradesh,Lalitpur,Bajra,Kharif,,,,,,,,,164.0
Uttar Pradesh,Lalitpur,Barley,Rabi,2440.0,1944.0,3320.0,2800.0,2138.0,3092.0,2525.0,2139.0,2080.0
Uttar Pradesh,Lalitpur,Gram,Rabi,1570.0,1295.0,1686.0,1570.0,1376.0,1718.0,1594.0,1102.0,1179.0
Uttar Pradesh,Lalitpur,Jowar,Kharif,952.0,1244.0,1705.0,986.0,1589.0,1583.0,1591.0,,2309.0
Uttar Pradesh,Lalitpur,Lentil,Rabi,1675.0,1173.0,1464.0,1418.0,1250.0,1406.0,823.0,926.0,1090.0
Uttar Pradesh,Lalitpur,Maize,Kharif,1166.0,897.0,850.0,748.0,1129.0,1129.0,1231.0,1291.0,823.0
Uttar Pradesh,Lalitpur,Maize,Rabi,,,,,2750.0,,,2875.0,
Uttar Pradesh,Lalitpur,Maize,Summer,,,,,,,,,3483.0
Uttar Pradesh,Lalitpur,Moong,Kharif,566.0,379.0,327.0,98.0,273.0,159.0,451.0,340.0,469.0
Uttar Pradesh,Lalitpur,Moong,Summer,705.0,682.0,830.0,885.0,965.0,853.0,866.0,718.0,841.0
Uttar Pradesh,Lalitpur,Rice,Kharif,647.0,459.0,744.0,547.0,1336.0,512.0,2577.0,2161.0,1231.0
Uttar Pradesh,Lalitpur,Shree Anna /Nutri Cereals,Kharif,919.0,1155.0,1534.0,972.0,1525.0,1477.0,1422.0,,1890.0
Uttar Pradesh,Lalitpur,Small Millets,Kharif,560.0,640.0,760.0,625.0,780.0,656.0,764.0,,869.0
Uttar Pradesh,Lalitpur,Tur,Kharif,,,667.0,,800.0,1083.0,,,1248.0
Uttar Pradesh,Lalitpur,Urad,Kharif,545.0,457.0,389.0,102.0,386.0,221.0,502.0,533.0,584.0
Uttar Pradesh,Lalitpur,Urad,Summer,652.0,,788.0,712.0,762.0,738.0,,912.0,
Uttar Pradesh,Lalitpur,Wheat,Rabi,3065.0,2780.0,3411.0,3202.0,3122.0,3619.0,3650.0,3568.0,3401.0
Uttar Pradesh,Lucknow,Bajra,Kharif,1423.0,1128.0,904.0,1597.0,2430.0,1395.0,1383.0,1158.0,1402.0
Uttar Pradesh,Lucknow,Barley,Rabi,2736.0,2624.0,2813.0,2596.0,2854.0,2716.0,3051.0,2461.0,2353.0
Uttar Pradesh,Lucknow,Gram,Rabi,751.0,942.0,1139.0,702.0,1416.0,982.0,741.0,1074.0,969.0
Uttar Pradesh,Lucknow,Jowar,Kharif,1247.0,1011.0,893.0,699.0,922.0,1194.0,1549.0,1630.0,1413.0
Uttar Pradesh,Lucknow,Lentil,Rabi,714.0,2317.0,854.0,693.0,817.0,1189.0,1102.0,957.0,852.0
Uttar Pradesh,Lucknow,Maize,Kharif,1591.0,1075.0,1439.0,1612.0,2543.0,2215.0,583.0,1757.0,1560.0
Uttar Pradesh,Lucknow,Maize,Rabi,2667.0,3000.0,,2800.0,3000.0,2750.0,,2875.0,2889.0
Uttar Pradesh,Lucknow,Maize,Summer,1878.0,2191.0,2067.0,2470.0,2894.0,2723.0,2875.0,3178.0,3818.0
Uttar Pradesh,Lucknow,Moong,Kharif,595.0,646.0,648.0,603.0,608.0,620.0,584.0,547.0,460.0
Uttar Pradesh,Lucknow,Moong,Summer,483.0,469.0,1086.0,793.0,541.0,886.0,652.0,1088.0,
Uttar Pradesh,Lucknow,Rice,Kharif,1948.0,2707.0,2725.0,2444.0,2366.0,2492.0,2624.0,2563.0,2774.0
Uttar Pradesh,Lucknow,Shree Anna /Nutri Cereals,Kharif,1300.0,1042.0,896.0,991.0,1337.0,1245.0,1511.0,1499.0,1412.0
Uttar Pradesh,Lucknow,Small Millets,Kharif,625.0,625.0,750.0,750.0,875.0,,500.0,,962.0
Uttar Pradesh,Lucknow,Tur,Kharif,987.0,1177.0,731.0,513.0,968.0,660.0,619.0,1019.0,1342.0
Uttar Pradesh,Lucknow,Urad,Kharif,550.0,486.0,469.0,572.0,876.0,583.0,492.0,492.0,542.0
Uttar Pradesh,Lucknow,Urad,Summer,360.0,902.0,765.0,1070.0,1121.0,861.0,910.0,1049.0,645.0
Uttar Pradesh,Lucknow,Wheat,Rabi,2842.0,3263.0,3605.0,3100.0,3392.0,3541.0,3498.0,3581.0,3310.0
Uttar Pradesh,Mahoba,Bajra,Kharif,,,484.0,1857.0,2250.0,1667.0,1500.0,1144.0,876.0
Uttar Pradesh,Mahoba,Barley,Rabi,2632.0,2458.0,2908.0,2583.0,1843.0,2225.0,3040.0,1902.0,1956.0
Uttar Pradesh,Mahoba,Gram,Rabi,781.0,689.0,1169.0,1652.0,1022.0,1274.0,1599.0,1157.0,1340.0
Uttar Pradesh,Mahoba,Jowar,Kharif,957.0,802.0,1016.0,714.0,1818.0,778.0,1610.0,1638.0,1396.0
Uttar Pradesh,Mahoba,Lentil,Rabi,605.0,443.0,657.0,1110.0,689.0,551.0,788.0,857.0,740.0
Uttar Pradesh,Mahoba,Maize,Kharif,1800.0,2192.0,2000.0,2400.0,2400.0,2091.0,2154.0,2181.0,2191.0
Uttar Pradesh,Mahoba,Maize,Rabi,2791.0,3000.0,,,,,,,
Uttar Pradesh,Mahoba,Maize,Summer,,,,,,,,,301.0
Uttar Pradesh,Mahoba,Moong,Kharif,296.0,209.0,308.0,57.0,194.0,194.0,217.0,181.0,335.0
Uttar Pradesh,Mahoba,Moong,Summer,,,,,,,,718.0,743.0
Uttar Pradesh,Mahoba,Rice,Kharif,1784.0,1944.0,2067.0,2527.0,2461.0,2367.0,2413.0,2390.0,2100.0
Uttar Pradesh,Mahoba,Shree Anna /Nutri Cereals,Kharif,956.0,801.0,996.0,725.0,1817.0,779.0,1608.0,1637.0,1383.0
Uttar Pradesh,Mahoba,Small Millets,Kharif,533.0,667.0,,733.0,800.0,,667.0,,856.0
Uttar Pradesh,Mahoba,Tur,Kharif,1030.0,880.0,1198.0,621.0,742.0,1035.0,1235.0,795.0,1049.0
Uttar Pradesh,Mahoba,Urad,Kharif,484.0,279.0,377.0,33.0,228.0,173.0,216.0,182.0,226.0
Uttar Pradesh,Mahoba,Urad,Summer,,,,,,,,912.0,1011.0
Uttar Pradesh,Mahoba,Wheat,Rabi,2529.0,1791.0,2816.0,2879.0,2708.0,2841.0,3940.0,3816.0,3160.0
Uttar Pradesh,Mahrajganj,Bajra,Kharif,,,,,,,,,2105.0
Uttar Pradesh,Mahrajganj,Barley,Rabi,3448.0,3286.0,3188.0,,3134.0,3032.0,3063.0,2779.0,2768.0
Uttar Pradesh,Mahrajganj,Gram,Rabi,1000.0,1000.0,,,,1344.0,1355.0,1153.0,1347.0
Uttar Pradesh,Mahrajganj,Jowar,Kharif,,,,,,,,,1709.0
Uttar Pradesh,Mahrajganj,Lentil,Rabi,718.0,833.0,843.0,635.0,753.0,628.0,714.0,1531.0,1465.0
Uttar Pradesh,Mahrajganj,Maize,Kharif,2000.0,1930.0,1815.0,2159.0,581.0,548.0,1290.0,2213.0,2466.0
Uttar Pradesh,Mahrajganj,Maize,Rabi,3333.0,3500.0,3333.0,3500.0,3167.0,2786.0,2814.0,2676.0,2788.0
Uttar Pradesh,Mahrajganj,Maize,Summer,1875.0,2191.0,2068.0,2466.0,2893.0,2727.0,2878.0,3178.0,3483.0
Uttar Pradesh,Mahrajganj,Moong,Kharif,,,,308.0,,,,,393.0
Uttar Pradesh,Mahrajganj,Moong,Summer,704.0,679.0,835.0,884.0,968.0,848.0,857.0,718.0,
Uttar Pradesh,Mahrajganj,Rice,Kharif,2537.0,2487.0,2933.0,2814.0,2689.0,2745.0,2585.0,2771.0,2759.0
Uttar Pradesh,Mahrajganj,Rice,Summer,2536.0,2485.0,,,3464.0,,,3474.0,
Uttar Pradesh,Mahrajganj,Shree Anna /Nutri Cereals,Kharif,667.0,667.0,667.0,,667.0,,,,1758.0
Uttar Pradesh,Mahrajganj,Small Millets,Kharif,667.0,667.0,667.0,,667.0,,,,962.0
Uttar Pradesh,Mahrajganj,Tur,Kharif,931.0,540.0,626.0,220.0,594.0,565.0,657.0,928.0,1224.0
Uttar Pradesh,Mahrajganj,Urad,Kharif,600.0,571.0,667.0,407.0,571.0,1000.0,1000.0,622.0,627.0
Uttar Pradesh,Mahrajganj,Urad,Summer,660.0,620.0,783.0,,755.0,735.0,894.0,912.0,1011.0
Uttar Pradesh,Mahrajganj,Wheat,Rabi,3528.0,3546.0,4130.0,4032.0,3745.0,3554.0,3695.0,3754.0,3699.0
Uttar Pradesh,Mainpuri,Bajra,Kharif,2660.0,2565.0,2617.0,3026.0,2786.0,2424.0,2340.0,2721.0,2942.0
Uttar Pradesh,Mainpuri,Bajra,Summer,,,,,,,,,2047.0
Uttar Pradesh,Mainpuri,Barley,Rabi,3421.0,4478.0,3478.0,3453.0,3706.0,3272.0,3484.0,3404.0,2934.0
Uttar Pradesh,Mainpuri,Gram,Rabi,1870.0,1900.0,1592.0,1545.0,3110.0,3156.0,1254.0,2145.0,2266.0
Uttar Pradesh,Mainpuri,Jowar,Kharif,1000.0,1006.0,1048.0,1116.0,1237.0,1064.0,1592.0,1600.0,1709.0
Uttar Pradesh,Mainpuri,Lentil,Rabi,967.0,1033.0,1024.0,981.0,1017.0,944.0,952.0,999.0,1035.0
Uttar Pradesh,Mainpuri,Maize,Kharif,3009.0,3118.0,3411.0,3581.0,3819.0,3289.0,2142.0,3791.0,3632.0
Uttar Pradesh,Mainpuri,Maize,Rabi,2794.0,3000.0,2810.0,2829.0,2647.0,,2824.0,2875.0,
Uttar Pradesh,Mainpuri,Maize,Summer,1875.0,2191.0,2067.0,2468.0,2892.0,2727.0,2877.0,3178.0,3483.0
Uttar Pradesh,Mainpuri,Moong,Kharif,412.0,394.0,425.0,287.0,398.0,360.0,379.0,392.0,393.0
Uttar Pradesh,Mainpuri,Moong,Summer,940.0,1003.0,747.0,1467.0,1590.0,878.0,1353.0,591.0,772.0
Uttar Pradesh,Mainpuri,Rice,Kharif,2525.0,3011.0,3273.0,2679.0,2908.0,2688.0,2515.0,2949.0,3016.0
Uttar Pradesh,Mainpuri,Rice,Summer,,3013.0,3273.0,,3460.0,,3444.0,3474.0,
Uttar Pradesh,Mainpuri,Shree Anna /Nutri Cereals,Kharif,2619.0,2523.0,2579.0,2987.0,2747.0,2391.0,2322.0,2694.0,2866.0
Uttar Pradesh,Mainpuri,Shree Anna /Nutri Cereals,Summer,,,,,,,,,2047.0
Uttar Pradesh,Mainpuri,Small Millets,Kharif,,,,,,,,,859.0
Uttar Pradesh,Mainpuri,Tur,Kharif,900.0,1238.0,1118.0,1077.0,1854.0,1587.0,1501.0,1179.0,1556.0
Uttar Pradesh,Mainpuri,Urad,Kharif,539.0,501.0,554.0,410.0,555.0,497.0,502.0,622.0,627.0
Uttar Pradesh,Mainpuri,Urad,Summer,608.0,899.0,621.0,1403.0,1733.0,912.0,1279.0,912.0,803.0
Uttar Pradesh,Mainpuri,Wheat,Rabi,4015.0,4418.0,4441.0,4230.0,4249.0,3857.0,4010.0,4170.0,3712.0
Uttar Pradesh,Mathura,Bajra,Kharif,1405.0,1718.0,1978.0,2291.0,2640.0,2370.0,2174.0,2475.0,2372.0
Uttar Pradesh,Mathura,Bajra,Summer,,,,,,,,,1650.0
Uttar Pradesh,Mathura,Barley,Rabi,3421.0,3234.0,3478.0,3270.0,3651.0,3616.0,3495.0,3540.0,2934.0
Uttar Pradesh,Mathura,Gram,Rabi,,1897.0,1592.0,,,2591.0,1273.0,1993.0,
Uttar Pradesh,Mathura,Jowar,Kharif,1000.0,1000.0,1032.0,1143.0,1236.0,1193.0,1593.0,1600.0,1709.0
Uttar Pradesh,Mathura,Lentil,Rabi,962.0,1025.0,1036.0,980.0,1000.0,943.0,950.0,999.0,1035.0
Uttar Pradesh,Mathura,Maize,Kharif,2983.0,3083.0,3292.0,3513.0,3684.0,3243.0,2145.0,3555.0,3549.0
Uttar Pradesh,Mathura,Maize,Rabi,2778.0,,,,,,,,
Uttar Pradesh,Mathura,Maize,Summer,1871.0,2189.0,2067.0,,2892.0,2738.0,2880.0,3178.0,3483.0
Uttar Pradesh,Mathura,Moong,Kharif,423.0,385.0,429.0,286.0,429.0,333.0,389.0,392.0,393.0
Uttar Pradesh,Mathura,Moong,Summer,293.0,477.0,422.0,888.0,781.0,929.0,647.0,591.0,1018.0
Uttar Pradesh,Mathura,Rice,Kharif,2314.0,1811.0,980.0,1984.0,2110.0,1864.0,1841.0,2047.0,2211.0
Uttar Pradesh,Mathura,Shree Anna /Nutri Cereals,Kharif,1405.0,1718.0,1977.0,2291.0,2634.0,2368.0,2173.0,2474.0,2215.0
Uttar Pradesh,Mathura,Shree Anna /Nutri Cereals,Summer,,,,,,,,,1650.0
Uttar Pradesh,Mathura,Small Millets,Kharif,,,,,,,,,851.0
Uttar Pradesh,Mathura,Tur,Kharif,751.0,746.0,907.0,1055.0,1911.0,1591.0,1501.0,1179.0,1556.0
Uttar Pradesh,Mathura,Urad,Kharif,538.0,500.0,553.0,407.0,557.0,500.0,500.0,622.0,627.0
Uttar Pradesh,Mathura,Wheat,Rabi,4104.0,3515.0,4174.0,2847.0,3513.0,3490.0,3583.0,3892.0,3717.0
Uttar Pradesh,Mau,Bajra,Kharif,1904.0,1938.0,2091.0,2167.0,2524.0,2146.0,2160.0,2173.0,2105.0
Uttar Pradesh,Mau,Bajra,Summer,,,,,,,,,1601.0
Uttar Pradesh,Mau,Barley,Rabi,2040.0,2537.0,2829.0,3198.0,3463.0,2435.0,2832.0,2779.0,2768.0
Uttar Pradesh,Mau,Gram,Rabi,1637.0,1052.0,953.0,1099.0,1527.0,1362.0,1411.0,1652.0,1745.0
Uttar Pradesh,Mau,Jowar,Kharif,1200.0,1333.0,1385.0,1462.0,2250.0,2400.0,1593.0,1600.0,1709.0
Uttar Pradesh,Mau,Lentil,Rabi,1372.0,1261.0,1479.0,1192.0,1417.0,1348.0,1464.0,999.0,1535.0
Uttar Pradesh,Mau,Maize,Kharif,1034.0,1852.0,2059.0,1353.0,1203.0,1152.0,1301.0,1710.0,2736.0
Uttar Pradesh,Mau,Maize,Rabi,1691.0,2000.0,2000.0,2000.0,2571.0,,2818.0,6106.0,
Uttar Pradesh,Mau,Maize,Summer,1878.0,2190.0,2065.0,2469.0,2893.0,2725.0,2880.0,3178.0,2097.0
Uttar Pradesh,Mau,Moong,Kharif,500.0,333.0,500.0,500.0,500.0,500.0,377.0,392.0,393.0
Uttar Pradesh,Mau,Moong,Summer,695.0,672.0,833.0,881.0,970.0,856.0,863.0,718.0,
Uttar Pradesh,Mau,Rice,Kharif,2289.0,2386.0,2444.0,2672.0,2568.0,2375.0,2558.0,2024.0,2682.0
Uttar Pradesh,Mau,Shree Anna /Nutri Cereals,Kharif,1494.0,1494.0,1397.0,1659.0,1975.0,1831.0,1938.0,2166.0,1882.0
Uttar Pradesh,Mau,Shree Anna /Nutri Cereals,Summer,,1000.0,,1000.0,,909.0,1091.0,,1601.0
Uttar Pradesh,Mau,Small Millets,Kharif,619.0,571.0,739.0,750.0,783.0,650.0,667.0,,850.0
Uttar Pradesh,Mau,Small Millets,Summer,,1000.0,,1000.0,,909.0,1091.0,,
Uttar Pradesh,Mau,Tur,Kharif,1382.0,983.0,1028.0,805.0,1116.0,1442.0,1383.0,932.0,1238.0
Uttar Pradesh,Mau,Urad,Kharif,,,559.0,,,,502.0,622.0,627.0
Uttar Pradesh,Mau,Urad,Summer,643.0,636.0,762.0,737.0,,733.0,897.0,912.0,1011.0
Uttar Pradesh,Mau,Wheat,Rabi,3331.0,3701.0,3849.0,3464.0,3770.0,3700.0,3429.0,3343.0,3505.0
Uttar Pradesh,Meerut,Bajra,Kharif,1167.0,1944.0,1214.0,,1875.0,1750.0,1586.0,2167.0,1843.0
Uttar Pradesh,Meerut,Barley,Rabi,3484.0,3960.0,4211.0,4000.0,3933.0,4015.0,3254.0,3189.0,2768.0
Uttar Pradesh,Meerut,Gram,Rabi,1000.0,1000.0,1167.0,,1143.0,1364.0,1333.0,1153.0,1347.0
Uttar Pradesh,Meerut,Jowar,Kharif,,,1051.0,,,,,,1286.0
Uttar Pradesh,Meerut,Lentil,Rabi,964.0,1029.0,1025.0,979.0,1015.0,944.0,949.0,999.0,1035.0
Uttar Pradesh,Meerut,Maize,Kharif,2326.0,2500.0,1645.0,2066.0,1981.0,1985.0,2437.0,2184.0,2250.0
Uttar Pradesh,Meerut,Maize,Rabi,,3000.0,,,,,3000.0,2875.0,2889.0
Uttar Pradesh,Meerut,Maize,Summer,1877.0,2188.0,2071.0,2471.0,2891.0,2723.0,585.0,3178.0,3483.0
Uttar Pradesh,Meerut,Moong,Kharif,410.0,389.0,818.0,1314.0,1433.0,977.0,386.0,392.0,393.0
Uttar Pradesh,Meerut,Moong,Summer,595.0,808.0,719.0,632.0,877.0,936.0,933.0,728.0,
Uttar Pradesh,Meerut,Rice,Kharif,2646.0,2931.0,2844.0,2923.0,2940.0,2905.0,2467.0,2535.0,2556.0
Uttar Pradesh,Meerut,Rice,Summer,2650.0,2920.0,2842.0,2909.0,3462.0,3273.0,3444.0,3474.0,3068.0
Uttar Pradesh,Meerut,Shree Anna /Nutri Cereals,Kharif,1167.0,1944.0,1066.0,,1875.0,1750.0,1586.0,2167.0,1302.0
Uttar Pradesh,Meerut,Small Millets,Kharif,,,,,,,,,909.0
Uttar Pradesh,Meerut,Tur,Kharif,1220.0,1661.0,745.0,898.0,727.0,884.0,1252.0,1035.0,1154.0
Uttar Pradesh,Meerut,Urad,Kharif,587.0,890.0,896.0,1338.0,1442.0,1234.0,1535.0,877.0,1292.0
Uttar Pradesh,Meerut,Urad,Summer,652.0,632.0,785.0,716.0,761.0,734.0,896.0,912.0,1011.0
Uttar Pradesh,Meerut,Wheat,Rabi,4363.0,4365.0,4664.0,4557.0,4566.0,4180.0,4282.0,4210.0,4049.0
Uttar Pradesh,Mirzapur,Bajra,Kharif,1246.0,1179.0,1514.0,1344.0,1304.0,1160.0,1384.0,1895.0,1332.0
Uttar Pradesh,Mirzapur,Barley,Rabi,1605.0,1135.0,2028.0,2746.0,2698.0,2572.0,3068.0,2779.0,2768.0
Uttar Pradesh,Mirzapur,Gram,Rabi,1148.0,1417.0,1266.0,846.0,1378.0,1274.0,1311.0,886.0,1131.0
Uttar Pradesh,Mirzapur,Jowar,Kharif,1112.0,1038.0,1050.0,1561.0,1100.0,1165.0,1297.0,1398.0,1286.0
Uttar Pradesh,Mirzapur,Lentil,Rabi,887.0,1047.0,1037.0,606.0,931.0,910.0,834.0,704.0,818.0
Uttar Pradesh,Mirzapur,Maize,Kharif,411.0,1500.0,1410.0,869.0,1239.0,1239.0,1097.0,793.0,1318.0
Uttar Pradesh,Mirzapur,Maize,Rabi,2800.0,3000.0,2805.0,2833.0,818.0,2778.0,2822.0,2875.0,2889.0
Uttar Pradesh,Mirzapur,Maize,Summer,2000.0,2000.0,2000.0,,3000.0,2500.0,,,3483.0
Uttar Pradesh,Mirzapur,Moong,Kharif,407.0,393.0,425.0,288.0,400.0,354.0,379.0,392.0,393.0
Uttar Pradesh,Mirzapur,Moong,Summer,750.0,750.0,,,1000.0,750.0,,,
Uttar Pradesh,Mirzapur,Rice,Kharif,2640.0,2547.0,2856.0,3031.0,3262.0,3125.0,3266.0,3002.0,3081.0
Uttar Pradesh,Mirzapur,Shree Anna /Nutri Cereals,Kharif,1204.0,1146.0,1411.0,1401.0,1250.0,1161.0,1367.0,1681.0,1281.0
Uttar Pradesh,Mirzapur,Small Millets,Kharif,,,,,,,,886.0,854.0
Uttar Pradesh,Mirzapur,Tur,Kharif,1217.0,1132.0,1045.0,708.0,1027.0,1001.0,1001.0,799.0,1054.0
Uttar Pradesh,Mirzapur,Urad,Kharif,554.0,683.0,768.0,1003.0,542.0,730.0,411.0,613.0,627.0
Uttar Pradesh,Mirzapur,Urad,Summer,600.0,600.0,800.0,,800.0,,,,1011.0
Uttar Pradesh,Mirzapur,Wheat,Rabi,2794.0,2948.0,3146.0,2424.0,3277.0,3502.0,3338.0,3218.0,3421.0
Uttar Pradesh,Moradabad,Bajra,Kharif,1291.0,1508.0,746.0,1644.0,1875.0,1885.0,1672.0,1372.0,1469.0
Uttar Pradesh,Moradabad,Barley,Rabi,2714.0,2800.0,3000.0,3000.0,3167.0,3000.0,3000.0,,
Uttar Pradesh,Moradabad,Gram,Rabi,1105.0,1250.0,,1350.0,1190.0,1333.0,1364.0,1153.0,1347.0
Uttar Pradesh,Moradabad,Jowar,Kharif,1000.0,1000.0,1059.0,1111.0,1222.0,1051.0,1588.0,1600.0,1709.0
Uttar Pradesh,Moradabad,Lentil,Rabi,800.0,664.0,800.0,1101.0,1039.0,759.0,605.0,999.0,1035.0
Uttar Pradesh,Moradabad,Maize,Kharif,2145.0,2115.0,2133.0,1606.0,2912.0,2810.0,2214.0,2102.0,2191.0
Uttar Pradesh,Moradabad,Maize,Rabi,,,,,,,,2875.0,2889.0
Uttar Pradesh,Moradabad,Maize,Summer,1878.0,2176.0,2048.0,2478.0,2889.0,2714.0,2857.0,3178.0,3663.0
Uttar Pradesh,Moradabad,Moong,Kharif,1000.0,375.0,412.0,267.0,400.0,500.0,500.0,392.0,393.0
Uttar Pradesh,Moradabad,Moong,Summer,500.0,,667.0,1000.0,,,,,
Uttar Pradesh,Moradabad,Rice,Kharif,2296.0,2308.0,2504.0,2760.0,3220.0,2890.0,2813.0,2937.0,2873.0
Uttar Pradesh,Moradabad,Rice,Summer,2296.0,2308.0,2504.0,2759.0,3464.0,3354.0,3439.0,3391.0,3068.0
Uttar Pradesh,Moradabad,Shree Anna /Nutri Cereals,Kharif,1288.0,1500.0,750.0,1639.0,1868.0,1875.0,1671.0,1321.0,1561.0
Uttar Pradesh,Moradabad,Small Millets,Kharif,,,,,,,,886.0,855.0
Uttar Pradesh,Moradabad,Tur,Kharif,1000.0,714.0,1541.0,,,883.0,,932.0,1239.0
Uttar Pradesh,Moradabad,Urad,Kharif,620.0,874.0,896.0,712.0,1166.0,1188.0,695.0,1069.0,1321.0
Uttar Pradesh,Moradabad,Urad,Summer,571.0,,750.0,667.0,833.0,778.0,875.0,912.0,
Uttar Pradesh,Moradabad,Wheat,Rabi,3513.0,3701.0,4001.0,3766.0,4331.0,4155.0,4181.0,4081.0,3987.0
Uttar Pradesh,Muzaffarnagar,Bajra,Kharif,,,,,,,,,2105.0
Uttar Pradesh,Muzaffarnagar,Barley,Rabi,2795.0,2844.0,3070.0,3277.0,3136.0,3034.0,3068.0,2779.0,2768.0
Uttar Pradesh,Muzaffarnagar,Gram,Rabi,1074.0,1063.0,1250.0,1344.0,1222.0,1350.0,1368.0,1153.0,1347.0
Uttar Pradesh,Muzaffarnagar,Jowar,Kharif,,,,,,,,,1709.0
Uttar Pradesh,Muzaffarnagar,Lentil,Rabi,691.0,1030.0,741.0,490.0,2165.0,686.0,1255.0,999.0,956.0
Uttar Pradesh,Muzaffarnagar,Maize,Kharif,1560.0,1583.0,2389.0,2556.0,2722.0,1837.0,1837.0,1150.0,2208.0
Uttar Pradesh,Muzaffarnagar,Maize,Rabi,,,,,2636.0,,,2875.0,2889.0
Uttar Pradesh,Muzaffarnagar,Maize,Summer,2000.0,2333.0,2000.0,2500.0,3000.0,2667.0,3000.0,3178.0,3483.0
Uttar Pradesh,Muzaffarnagar,Moong,Kharif,1000.0,375.0,400.0,0.0,0.0,,0.0,,393.0
Uttar Pradesh,Muzaffarnagar,Moong,Summer,700.0,684.0,830.0,895.0,971.0,857.0,,,
Uttar Pradesh,Muzaffarnagar,Rice,Kharif,2226.0,2573.0,2155.0,2730.0,2725.0,2714.0,2587.0,2582.0,2540.0
Uttar Pradesh,Muzaffarnagar,Rice,Summer,,3000.0,2000.0,2750.0,3000.0,3000.0,,3474.0,
Uttar Pradesh,Muzaffarnagar,Shree Anna /Nutri Cereals,Kharif,,,,,,,,,1734.0
Uttar Pradesh,Muzaffarnagar,Small Millets,Kharif,,,,,,,,,867.0
Uttar Pradesh,Muzaffarnagar,Tur,Kharif,804.0,729.0,762.0,708.0,,,,,1238.0
Uttar Pradesh,Muzaffarnagar,Urad,Kharif,540.0,501.0,555.0,410.0,556.0,498.0,502.0,622.0,627.0
Uttar Pradesh,Muzaffarnagar,Urad,Summer,1024.0,890.0,1081.0,443.0,764.0,749.0,600.0,912.0,1011.0
Uttar Pradesh,Muzaffarnagar,Wheat,Rabi,4171.0,3985.0,4247.0,3981.0,4335.0,3962.0,4395.0,4208.0,3960.0
Uttar Pradesh,Pilibhit,Bajra,Kharif,,,,,,,,1725.0,184.0
Uttar Pradesh,Pilibhit,Barley,Rabi,2500.0,3000.0,3000.0,,3000.0,3000.0,3000.0,,
Uttar Pradesh,Pilibhit,Gram,Rabi,1000.0,1049.0,1260.0,1341.0,1200.0,1400.0,1400.0,1153.0,1347.0
Uttar Pradesh,Pilibhit,Jowar,Kharif,,,,,,,,,1709.0
Uttar Pradesh,Pilibhit,Lentil,Rabi,1190.0,1118.0,1017.0,972.0,1018.0,1106.0,921.0,1250.0,1007.0
Uttar Pradesh,Pilibhit,Maize,Kharif,2093.0,2211.0,2050.0,2249.0,3183.0,3173.0,2249.0,2169.0,2606.0
Uttar Pradesh,Pilibhit,Maize,Rabi,,,,3000.0,2500.0,3000.0,,2875.0,2889.0
Uttar Pradesh,Pilibhit,Maize,Summer,1879.0,2222.0,2059.0,2467.0,2882.0,2725.0,2701.0,3178.0,3483.0
Uttar Pradesh,Pilibhit,Moong,Kharif,,,,,,,,,393.0
Uttar Pradesh,Pilibhit,Moong,Summer,692.0,636.0,750.0,900.0,960.0,854.0,882.0,718.0,
Uttar Pradesh,Pilibhit,Rice,Kharif,3132.0,3276.0,3089.0,3391.0,3641.0,3373.0,3232.0,2431.0,3209.0
Uttar Pradesh,Pilibhit,Rice,Summer,3132.0,3276.0,3089.0,,,3271.0,3439.0,3474.0,3068.0
Uttar Pradesh,Pilibhit,Shree Anna /Nutri Cereals,Kharif,,,,,,,,1725.0,1568.0
Uttar Pradesh,Pilibhit,Shree Anna /Nutri Cereals,Summer,,,,,,912.0,1078.0,,
Uttar Pradesh,Pilibhit,Small Millets,Kharif,,,,,,,,,923.0
Uttar Pradesh,Pilibhit,Small Millets,Summer,,,,,,912.0,1078.0,,
Uttar Pradesh,Pilibhit,Tur,Kharif,1000.0,1000.0,759.0,,750.0,1000.0,1200.0,,1238.0
Uttar Pradesh,Pilibhit,Urad,Kharif,661.0,634.0,1027.0,1200.0,1167.0,,,,1382.0
Uttar Pradesh,Pilibhit,Urad,Summer,650.0,625.0,785.0,716.0,757.0,740.0,,,
Uttar Pradesh,Pilibhit,Wheat,Rabi,4200.0,4237.0,4442.0,4293.0,4449.0,4009.0,4237.0,4207.0,4509.0
Uttar Pradesh,Pratapgarh,Bajra,Kharif,831.0,784.0,1400.0,1226.0,1104.0,1930.0,1285.0,479.0,117.0
Uttar Pradesh,Pratapgarh,Barley,Rabi,2530.0,2768.0,3038.0,2416.0,3036.0,2818.0,2056.0,2922.0,2779.0
Uttar Pradesh,Pratapgarh,Gram,Rabi,905.0,1172.0,1223.0,1095.0,1048.0,997.0,1099.0,1111.0,1154.0
Uttar Pradesh,Pratapgarh,Jowar,Kharif,1031.0,810.0,919.0,1287.0,1288.0,812.0,1555.0,1276.0,2017.0
Uttar Pradesh,Pratapgarh,Lentil,Rabi,847.0,886.0,1186.0,756.0,1289.0,1255.0,1190.0,1032.0,1193.0
Uttar Pradesh,Pratapgarh,Maize,Kharif,1875.0,2192.0,1747.0,1828.0,2310.0,2123.0,2849.0,1288.0,2191.0
Uttar Pradesh,Pratapgarh,Maize,Rabi,2806.0,3000.0,2815.0,,2625.0,,3000.0,2875.0,2889.0
Uttar Pradesh,Pratapgarh,Maize,Summer,1893.0,2190.0,2070.0,2476.0,2905.0,2731.0,2880.0,3178.0,3483.0
Uttar Pradesh,Pratapgarh,Moong,Kharif,340.0,559.0,296.0,474.0,734.0,743.0,637.0,232.0,835.0
Uttar Pradesh,Pratapgarh,Moong,Summer,628.0,369.0,1054.0,476.0,662.0,902.0,789.0,754.0,1796.0
Uttar Pradesh,Pratapgarh,Rice,Kharif,2192.0,2364.0,2572.0,2558.0,2626.0,2526.0,2819.0,2272.0,2437.0
Uttar Pradesh,Pratapgarh,Rice,Summer,,,,,,,3442.0,3474.0,
Uttar Pradesh,Pratapgarh,Shree Anna /Nutri Cereals,Kharif,880.0,790.0,1306.0,1239.0,1143.0,1640.0,1347.0,738.0,558.0
Uttar Pradesh,Pratapgarh,Shree Anna /Nutri Cereals,Summer,1000.0,,,833.0,833.0,900.0,1086.0,,
Uttar Pradesh,Pratapgarh,Small Millets,Kharif,,,,,,,,886.0,863.0
Uttar Pradesh,Pratapgarh,Small Millets,Summer,1000.0,,,833.0,833.0,900.0,1086.0,,
Uttar Pradesh,Pratapgarh,Tur,Kharif,1251.0,848.0,866.0,958.0,997.0,1020.0,1020.0,881.0,1623.0
Uttar Pradesh,Pratapgarh,Urad,Kharif,616.0,622.0,584.0,640.0,666.0,754.0,567.0,603.0,665.0
Uttar Pradesh,Pratapgarh,Urad,Summer,602.0,537.0,1063.0,827.0,655.0,628.0,817.0,1212.0,1917.0
Uttar Pradesh,Pratapgarh,Wheat,Rabi,3080.0,3167.0,3420.0,3435.0,3417.0,3306.0,3367.0,3245.0,3272.0
Uttar Pradesh,Prayagraj,Bajra,Kharif,953.0,746.0,1344.0,1232.0,1205.0,1056.0,1749.0,617.0,706.0
Uttar Pradesh,Prayagraj,Barley,Rabi,3000.0,2523.0,3160.0,2040.0,3105.0,2365.0,1615.0,2922.0,2779.0
Uttar Pradesh,Prayagraj,Gram,Rabi,939.0,1364.0,1243.0,930.0,1270.0,1218.0,1424.0,1166.0,1317.0
Uttar Pradesh,Prayagraj,Jowar,Kharif,689.0,628.0,1184.0,1418.0,1724.0,1352.0,2507.0,1286.0,998.0
Uttar Pradesh,Prayagraj,Lentil,Rabi,848.0,914.0,1197.0,735.0,1272.0,1285.0,1213.0,1032.0,1209.0
Uttar Pradesh,Prayagraj,Maize,Kharif,1876.0,2188.0,1748.0,1825.0,2306.0,2122.0,2852.0,1288.0,2191.0
Uttar Pradesh,Prayagraj,Maize,Rabi,,3000.0,2813.0,2836.0,2656.0,2781.0,2829.0,2875.0,2889.0
Uttar Pradesh,Prayagraj,Maize,Summer,,,,,,2500.0,,,3483.0
Uttar Pradesh,Prayagraj,Moong,Kharif,,500.0,300.0,500.0,500.0,500.0,750.0,232.0,835.0
Uttar Pradesh,Prayagraj,Moong,Summer,686.0,488.0,1174.0,491.0,573.0,705.0,772.0,604.0,856.0
Uttar Pradesh,Prayagraj,Rice,Kharif,2763.0,2744.0,3120.0,3121.0,3144.0,2980.0,3017.0,3139.0,3157.0
Uttar Pradesh,Prayagraj,Rice,Summer,,,,,,3200.0,3439.0,3474.0,
Uttar Pradesh,Prayagraj,Shree Anna /Nutri Cereals,Kharif,925.0,719.0,1319.0,1260.0,1286.0,1106.0,1855.0,750.0,721.0
Uttar Pradesh,Prayagraj,Shree Anna /Nutri Cereals,Summer,,,,,,917.0,1083.0,,
Uttar Pradesh,Prayagraj,Small Millets,Kharif,360.0,640.0,800.0,600.0,840.0,,,,856.0
Uttar Pradesh,Prayagraj,Small Millets,Summer,,,,,,917.0,1083.0,,
Uttar Pradesh,Prayagraj,Tur,Kharif,1373.0,1955.0,921.0,901.0,968.0,1492.0,1492.0,805.0,1062.0
Uttar Pradesh,Prayagraj,Urad,Kharif,451.0,750.0,416.0,637.0,731.0,756.0,542.0,580.0,665.0
Uttar Pradesh,Prayagraj,Urad,Summer,537.0,384.0,1059.0,698.0,620.0,746.0,735.0,987.0,867.0
Uttar Pradesh,Prayagraj,Wheat,Rabi,2998.0,3761.0,3553.0,2815.0,3585.0,2873.0,2302.0,2475.0,2800.0
Uttar Pradesh,Rae Bareli,Bajra,Kharif,1423.0,1129.0,905.0,1597.0,1323.0,1277.0,1439.0,1822.0,1402.0
Uttar Pradesh,Rae Bareli,Barley,Rabi,2738.0,2279.0,2798.0,2671.0,2684.0,2715.0,3050.0,2461.0,2353.0
Uttar Pradesh,Rae Bareli,Gram,Rabi,886.0,923.0,901.0,765.0,685.0,672.0,897.0,862.0,911.0
Uttar Pradesh,Rae Bareli,Jowar,Kharif,632.0,743.0,437.0,637.0,649.0,1227.0,1325.0,1847.0,1413.0
Uttar Pradesh,Rae Bareli,Lentil,Rabi,720.0,932.0,893.0,816.0,905.0,882.0,1013.0,957.0,852.0
Uttar Pradesh,Rae Bareli,Maize,Kharif,1897.0,2069.0,1793.0,1965.0,2022.0,1700.0,1960.0,2163.0,199.0
Uttar Pradesh,Rae Bareli,Maize,Rabi,2800.0,3000.0,,2832.0,,,,2875.0,2889.0
Uttar Pradesh,Rae Bareli,Maize,Summer,,,,,,,,,3818.0
Uttar Pradesh,Rae Bareli,Moong,Kharif,595.0,647.0,648.0,602.0,610.0,622.0,586.0,547.0,460.0
Uttar Pradesh,Rae Bareli,Moong,Summer,491.0,479.0,638.0,792.0,532.0,455.0,537.0,1088.0,381.0
Uttar Pradesh,Rae Bareli,Rice,Kharif,2407.0,2448.0,2468.0,2594.0,2970.0,2750.0,2821.0,2885.0,2933.0
Uttar Pradesh,Rae Bareli,Shree Anna /Nutri Cereals,Kharif,714.0,783.0,501.0,743.0,723.0,1232.0,1335.0,1844.0,1412.0
Uttar Pradesh,Rae Bareli,Shree Anna /Nutri Cereals,Summer,,,1000.0,,1000.0,912.0,1088.0,,
Uttar Pradesh,Rae Bareli,Small Millets,Kharif,,,,,,,,,927.0
Uttar Pradesh,Rae Bareli,Small Millets,Summer,,,1000.0,,1000.0,912.0,1088.0,,
Uttar Pradesh,Rae Bareli,Tur,Kharif,707.0,851.0,804.0,473.0,566.0,666.0,561.0,1043.0,1376.0
Uttar Pradesh,Rae Bareli,Urad,Kharif,322.0,303.0,156.0,253.0,339.0,280.0,309.0,282.0,309.0
Uttar Pradesh,Rae Bareli,Urad,Summer,425.0,412.0,541.0,526.0,412.0,453.0,470.0,901.0,397.0
Uttar Pradesh,Rae Bareli,Wheat,Rabi,3277.0,3363.0,3446.0,3363.0,3899.0,3230.0,3487.0,3360.0,3212.0
Uttar Pradesh,Rampur,Bajra,Kharif,1251.0,996.0,1157.0,1674.0,976.0,1254.0,1155.0,1403.0,1408.0
Uttar Pradesh,Rampur,Barley,Rabi,3000.0,2889.0,,,,,,,
Uttar Pradesh,Rampur,Gram,Rabi,,1211.0,,,1200.0,1000.0,1364.0,1153.0,1347.0
Uttar Pradesh,Rampur,Jowar,Kharif,994.0,1009.0,1051.0,1113.0,1236.0,1077.0,1593.0,1600.0,1709.0
Uttar Pradesh,Rampur,Lentil,Rabi,1175.0,674.0,680.0,931.0,813.0,758.0,605.0,999.0,1035.0
Uttar Pradesh,Rampur,Maize,Kharif,2146.0,2102.0,2167.0,1604.0,2912.0,2807.0,2817.0,2102.0,2191.0
Uttar Pradesh,Rampur,Maize,Rabi,2667.0,3000.0,,,2642.0,,,2875.0,2889.0
Uttar Pradesh,Rampur,Maize,Summer,1873.0,2184.0,2083.0,2483.0,2899.0,2750.0,2876.0,3178.0,3663.0
Uttar Pradesh,Rampur,Moong,Kharif,375.0,429.0,412.0,286.0,375.0,,,,393.0
Uttar Pradesh,Rampur,Moong,Summer,,,,,,,,,947.0
Uttar Pradesh,Rampur,Rice,Kharif,2440.0,2369.0,2741.0,2875.0,3184.0,2815.0,2718.0,2940.0,2883.0
Uttar Pradesh,Rampur,Rice,Summer,2440.0,2369.0,2741.0,2875.0,3464.0,3354.0,3439.0,3391.0,
Uttar Pradesh,Rampur,Shree Anna /Nutri Cereals,Kharif,1159.0,998.0,1116.0,1643.0,1038.0,1202.0,1272.0,1468.0,1589.0
Uttar Pradesh,Rampur,Shree Anna /Nutri Cereals,Summer,,,,1000.0,,,,,
Uttar Pradesh,Rampur,Small Millets,Kharif,,,,,,,,,997.0
Uttar Pradesh,Rampur,Small Millets,Summer,,,,1000.0,,,,,
Uttar Pradesh,Rampur,Tur,Kharif,1082.0,,1537.0,,,2020.0,,932.0,1238.0
Uttar Pradesh,Rampur,Urad,Kharif,764.0,862.0,885.0,839.0,974.0,936.0,635.0,1210.0,1746.0
Uttar Pradesh,Rampur,Urad,Summer,,,,,761.0,,913.0,912.0,1011.0
Uttar Pradesh,Rampur,Wheat,Rabi,3920.0,4008.0,4298.0,4104.0,4234.0,4185.0,4122.0,4237.0,4281.0
Uttar Pradesh,Saharanpur,Bajra,Kharif,2000.0,,,2000.0,2500.0,2000.0,2000.0,2173.0,2105.0
Uttar Pradesh,Saharanpur,Barley,Rabi,2798.0,2850.0,3063.0,4182.0,3143.0,3043.0,3064.0,,
Uttar Pradesh,Saharanpur,Gram,Rabi,1074.0,1000.0,1250.0,1333.0,1333.0,1308.0,1333.0,1153.0,1347.0
Uttar Pradesh,Saharanpur,Jowar,Kharif,,,,,,,,,1709.0
Uttar Pradesh,Saharanpur,Lentil,Rabi,690.0,1029.0,739.0,488.0,2163.0,687.0,1254.0,999.0,956.0
Uttar Pradesh,Saharanpur,Maize,Kharif,1575.0,1586.0,2388.0,2554.0,1984.0,1848.0,1836.0,1150.0,2208.0
Uttar Pradesh,Saharanpur,Maize,Rabi,2800.0,3000.0,,,,,,2875.0,2889.0
Uttar Pradesh,Saharanpur,Maize,Summer,2000.0,2200.0,2000.0,2500.0,2800.0,2750.0,2877.0,3178.0,3483.0
Uttar Pradesh,Saharanpur,Moong,Kharif,,,,200.0,,,,,393.0
Uttar Pradesh,Saharanpur,Moong,Summer,750.0,,800.0,,,833.0,833.0,718.0,
Uttar Pradesh,Saharanpur,Rice,Kharif,2471.0,2674.0,2521.0,2703.0,2842.0,2772.0,2461.0,2463.0,2499.0
Uttar Pradesh,Saharanpur,Rice,Summer,,,,2700.0,,,3436.0,3474.0,2811.0
Uttar Pradesh,Saharanpur,Shree Anna /Nutri Cereals,Kharif,2000.0,,,2000.0,2500.0,2000.0,2000.0,2173.0,1719.0
Uttar Pradesh,Saharanpur,Small Millets,Kharif,,,,,,,,,863.0
Uttar Pradesh,Saharanpur,Tur,Kharif,,,,,,,,,1238.0
Uttar Pradesh,Saharanpur,Urad,Kharif,540.0,501.0,554.0,410.0,556.0,498.0,502.0,622.0,627.0
Uttar Pradesh,Saharanpur,Urad,Summer,865.0,891.0,1082.0,443.0,833.0,750.0,584.0,912.0,1011.0
Uttar Pradesh,Saharanpur,Wheat,Rabi,3757.0,3894.0,4217.0,3892.0,4159.0,4067.0,4167.0,3921.0,4322.0
Uttar Pradesh,Sambhal,Bajra,Kharif,1529.0,1393.0,1542.0,1393.0,2028.0,1855.0,1749.0,1756.0,1561.0
Uttar Pradesh,Sambhal,Barley,Rabi,2795.0,2846.0,3068.0,3277.0,3136.0,3034.0,3067.0,2779.0,2768.0
Uttar Pradesh,Sambhal,Gram,Rabi,,,,1333.0,1250.0,1250.0,1333.0,1153.0,1347.0
Uttar Pradesh,Sambhal,Jowar,Kharif,994.0,1011.0,1051.0,1115.0,1232.0,1080.0,1596.0,1600.0,1709.0
Uttar Pradesh,Sambhal,Lentil,Rabi,802.0,664.0,801.0,1100.0,1039.0,758.0,605.0,999.0,1035.0
Uttar Pradesh,Sambhal,Maize,Kharif,2368.0,2300.0,2439.0,1494.0,3131.0,3029.0,2100.0,2044.0,2191.0
Uttar Pradesh,Sambhal,Maize,Rabi,2794.0,3000.0,,2829.0,,,2822.0,2875.0,
Uttar Pradesh,Sambhal,Maize,Summer,1876.0,2192.0,2067.0,2467.0,2892.0,2727.0,2878.0,3178.0,3483.0
Uttar Pradesh,Sambhal,Moong,Kharif,411.0,392.0,425.0,286.0,398.0,359.0,376.0,392.0,393.0
Uttar Pradesh,Sambhal,Moong,Summer,,,,,,,,,947.0
Uttar Pradesh,Sambhal,Rice,Kharif,2243.0,2585.0,2565.0,2719.0,2961.0,2715.0,2775.0,2758.0,2695.0
Uttar Pradesh,Sambhal,Rice,Summer,,,,,,,3439.0,3391.0,
Uttar Pradesh,Sambhal,Shree Anna /Nutri Cereals,Kharif,1527.0,1393.0,1541.0,1392.0,2026.0,1853.0,1749.0,1755.0,1565.0
Uttar Pradesh,Sambhal,Small Millets,Kharif,,,,,,,,,874.0
Uttar Pradesh,Sambhal,Tur,Kharif,1083.0,740.0,1536.0,736.0,880.0,901.0,1252.0,932.0,1238.0
Uttar Pradesh,Sambhal,Urad,Kharif,960.0,865.0,898.0,842.0,1229.0,1064.0,755.0,1089.0,1610.0
Uttar Pradesh,Sambhal,Urad,Summer,667.0,667.0,794.0,,760.0,,,,1011.0
Uttar Pradesh,Sambhal,Wheat,Rabi,3493.0,3572.0,4033.0,4123.0,4095.0,3997.0,4114.0,3979.0,3912.0
Uttar Pradesh,Sant Kabir Nagar,Bajra,Kharif,1692.0,2000.0,2089.0,2308.0,2727.0,2143.0,2153.0,2173.0,2105.0
Uttar Pradesh,Sant Kabir Nagar,Barley,Rabi,2796.0,2845.0,3066.0,3248.0,3137.0,3034.0,3067.0,2779.0,2768.0
Uttar Pradesh,Sant Kabir Nagar,Gram,Rabi,1104.0,1072.0,1249.0,1348.0,1223.0,1346.0,1350.0,1153.0,1347.0
Uttar Pradesh,Sant Kabir Nagar,Jowar,Kharif,,,1067.0,1000.0,,,1556.0,,1709.0
Uttar Pradesh,Sant Kabir Nagar,Lentil,Rabi,964.0,1029.0,1026.0,978.0,1014.0,944.0,950.0,999.0,1035.0
Uttar Pradesh,Sant Kabir Nagar,Maize,Kharif,902.0,882.0,772.0,704.0,644.0,644.0,2142.0,2181.0,2191.0
Uttar Pradesh,Sant Kabir Nagar,Maize,Rabi,,3000.0,2795.0,2813.0,2644.0,,2833.0,2875.0,2889.0
Uttar Pradesh,Sant Kabir Nagar,Maize,Summer,1865.0,2205.0,2071.0,2471.0,2909.0,2735.0,2885.0,3178.0,3483.0
Uttar Pradesh,Sant Kabir Nagar,Moong,Kharif,,,435.0,,,,377.0,,393.0
Uttar Pradesh,Sant Kabir Nagar,Moong,Summer,,,,,,,,,947.0
Uttar Pradesh,Sant Kabir Nagar,Rice,Kharif,2070.0,2106.0,2212.0,3143.0,2995.0,2970.0,2867.0,2834.0,2776.0
Uttar Pradesh,Sant Kabir Nagar,Rice,Summer,2075.0,2104.0,2209.0,3144.0,3464.0,3266.0,3439.0,3474.0,
Uttar Pradesh,Sant Kabir Nagar,Shree Anna /Nutri Cereals,Kharif,1040.0,857.0,1545.0,1462.0,1708.0,2143.0,1822.0,1981.0,1574.0
Uttar Pradesh,Sant Kabir Nagar,Small Millets,Kharif,333.0,667.0,769.0,583.0,846.0,,750.0,886.0,853.0
Uttar Pradesh,Sant Kabir Nagar,Tur,Kharif,747.0,710.0,734.0,593.0,592.0,886.0,1251.0,932.0,1238.0
Uttar Pradesh,Sant Kabir Nagar,Urad,Kharif,500.0,500.0,579.0,400.0,571.0,429.0,508.0,622.0,627.0
Uttar Pradesh,Sant Kabir Nagar,Urad,Summer,,,,,,,,,1011.0
Uttar Pradesh,Sant Kabir Nagar,Wheat,Rabi,3377.0,3205.0,3356.0,3906.0,4139.0,4140.0,4036.0,3808.0,3754.0
Uttar Pradesh,Shahjahanpur,Bajra,Kharif,1418.0,1556.0,1485.0,1674.0,2697.0,1945.0,1384.0,1175.0,1190.0
Uttar Pradesh,Shahjahanpur,Barley,Rabi,2516.0,2845.0,3065.0,3278.0,3140.0,3034.0,3068.0,2779.0,2768.0
Uttar Pradesh,Shahjahanpur,Gram,Rabi,1081.0,1048.0,1255.0,1350.0,1232.0,1349.0,1347.0,1153.0,1347.0
Uttar Pradesh,Shahjahanpur,Jowar,Kharif,987.0,1006.0,1048.0,1107.0,1236.0,1089.0,1593.0,1600.0,1709.0
Uttar Pradesh,Shahjahanpur,Lentil,Rabi,1124.0,998.0,1454.0,1037.0,1192.0,1295.0,1117.0,1250.0,1196.0
Uttar Pradesh,Shahjahanpur,Maize,Kharif,1842.0,2111.0,1211.0,2186.0,2506.0,2506.0,2248.0,1617.0,1382.0
Uttar Pradesh,Shahjahanpur,Maize,Rabi,2801.0,3000.0,2806.0,3000.0,2648.0,3000.0,2833.0,2875.0,2889.0
Uttar Pradesh,Shahjahanpur,Maize,Summer,1877.0,2191.0,2068.0,2467.0,2892.0,2728.0,,,3483.0
Uttar Pradesh,Shahjahanpur,Moong,Kharif,413.0,385.0,422.0,278.0,396.0,356.0,374.0,392.0,393.0
Uttar Pradesh,Shahjahanpur,Moong,Summer,708.0,672.0,818.0,,962.0,849.0,,,
Uttar Pradesh,Shahjahanpur,Rice,Kharif,2974.0,3259.0,3109.0,3535.0,3829.0,3303.0,3329.0,3130.0,3220.0
Uttar Pradesh,Shahjahanpur,Rice,Summer,2974.0,3259.0,3109.0,3535.0,3464.0,3271.0,3439.0,3474.0,3068.0
Uttar Pradesh,Shahjahanpur,Shree Anna /Nutri Cereals,Kharif,1317.0,1420.0,1467.0,1545.0,2432.0,1729.0,1428.0,1278.0,1332.0
Uttar Pradesh,Shahjahanpur,Small Millets,Kharif,,,,,,,,,863.0
Uttar Pradesh,Shahjahanpur,Tur,Kharif,821.0,909.0,767.0,1016.0,833.0,1324.0,1252.0,932.0,1238.0
Uttar Pradesh,Shahjahanpur,Urad,Kharif,968.0,677.0,691.0,674.0,875.0,652.0,797.0,633.0,1513.0
Uttar Pradesh,Shahjahanpur,Urad,Summer,650.0,632.0,782.0,719.0,756.0,735.0,902.0,1266.0,1011.0
Uttar Pradesh,Shahjahanpur,Wheat,Rabi,4206.0,3996.0,4466.0,4345.0,4456.0,4469.0,4349.0,4425.0,4459.0
Uttar Pradesh,Shamli,Bajra,Kharif,,,,,,,,,2105.0
Uttar Pradesh,Shamli,Barley,Rabi,2790.0,2847.0,3070.0,3274.0,3133.0,3036.0,3066.0,2779.0,2768.0
Uttar Pradesh,Shamli,Gram,Rabi,1167.0,1049.0,1500.0,1333.0,1214.0,1333.0,1400.0,1153.0,1347.0
Uttar Pradesh,Shamli,Jowar,Kharif,,,,,,,,,1709.0
Uttar Pradesh,Shamli,Lentil,Rabi,685.0,1026.0,738.0,488.0,2163.0,684.0,1257.0,999.0,956.0
Uttar Pradesh,Shamli,Maize,Kharif,1580.0,1582.0,2392.0,2553.0,1987.0,1843.0,1831.0,1150.0,2208.0
Uttar Pradesh,Shamli,Maize,Rabi,,3000.0,,,,,2827.0,2875.0,2889.0
Uttar Pradesh,Shamli,Maize,Summer,,,,,,,3000.0,3178.0,3483.0
Uttar Pradesh,Shamli,Moong,Kharif,,,,,,,,,393.0
Uttar Pradesh,Shamli,Moong,Summer,690.0,654.0,824.0,,,840.0,,,
Uttar Pradesh,Shamli,Rice,Kharif,2819.0,2999.0,2657.0,3414.0,3085.0,2910.0,2591.0,2790.0,2778.0
Uttar Pradesh,Shamli,Rice,Summer,2819.0,3000.0,2663.0,3415.0,3464.0,3268.0,3439.0,3474.0,
Uttar Pradesh,Shamli,Shree Anna /Nutri Cereals,Kharif,,,,,,,,,1712.0
Uttar Pradesh,Shamli,Small Millets,Kharif,,,,,,,,,851.0
Uttar Pradesh,Shamli,Tur,Kharif,,,,,1143.0,,1222.0,,1238.0
Uttar Pradesh,Shamli,Urad,Kharif,541.0,500.0,555.0,409.0,555.0,499.0,502.0,622.0,627.0
Uttar Pradesh,Shamli,Urad,Summer,866.0,890.0,1081.0,443.0,763.0,750.0,584.0,912.0,1011.0
Uttar Pradesh,Shamli,Wheat,Rabi,4245.0,4594.0,4572.0,4759.0,4808.0,4354.0,4888.0,4599.0,4306.0
Uttar Pradesh,Shrawasti,Bajra,Kharif,2000.0,1900.0,,2000.0,2429.0,,2150.0,2173.0,2105.0
Uttar Pradesh,Shrawasti,Bajra,Summer,,,,,,,,,1601.0
Uttar Pradesh,Shrawasti,Barley,Rabi,2790.0,2852.0,3060.0,3273.0,3137.0,3032.0,3063.0,,2768.0
Uttar Pradesh,Shrawasti,Gram,Rabi,1077.0,1056.0,1250.0,1349.0,1213.0,1333.0,1361.0,1153.0,1347.0
Uttar Pradesh,Shrawasti,Jowar,Kharif,1083.0,,1286.0,,1513.0,1074.0,1587.0,,1709.0
Uttar Pradesh,Shrawasti,Lentil,Rabi,760.0,789.0,798.0,658.0,665.0,670.0,637.0,728.0,722.0
Uttar Pradesh,Shrawasti,Maize,Kharif,893.0,1059.0,994.0,963.0,863.0,836.0,1355.0,1596.0,1262.0
Uttar Pradesh,Shrawasti,Maize,Rabi,750.0,3002.0,2805.0,1969.0,1578.0,1833.0,2818.0,2225.0,2886.0
Uttar Pradesh,Shrawasti,Maize,Summer,1879.0,2191.0,2068.0,2468.0,1888.0,1975.0,1689.0,1505.0,2491.0
Uttar Pradesh,Shrawasti,Moong,Kharif,,,417.0,333.0,,,380.0,,393.0
Uttar Pradesh,Shrawasti,Moong,Summer,,,,,,,,718.0,
Uttar Pradesh,Shrawasti,Rice,Kharif,2614.0,2575.0,2537.0,2430.0,2625.0,1947.0,2164.0,2513.0,2924.0
Uttar Pradesh,Shrawasti,Rice,Summer,,,,,,,,3474.0,
Uttar Pradesh,Shrawasti,Shree Anna /Nutri Cereals,Kharif,1154.0,1900.0,1286.0,2000.0,1588.0,1074.0,1783.0,2173.0,1713.0
Uttar Pradesh,Shrawasti,Shree Anna /Nutri Cereals,Summer,,,,,,,,,1601.0
Uttar Pradesh,Shrawasti,Small Millets,Kharif,,,,,,,,,962.0
Uttar Pradesh,Shrawasti,Tur,Kharif,620.0,736.0,648.0,421.0,697.0,423.0,725.0,830.0,1095.0
Uttar Pradesh,Shrawasti,Urad,Kharif,539.0,502.0,556.0,409.0,556.0,499.0,503.0,622.0,448.0
Uttar Pradesh,Shrawasti,Urad,Summer,700.0,600.0,750.0,727.0,833.0,769.0,857.0,912.0,1011.0
Uttar Pradesh,Shrawasti,Wheat,Rabi,3001.0,3222.0,3421.0,3319.0,3394.0,3602.0,3350.0,3620.0,3780.0
Uttar Pradesh,Siddharthnagar,Bajra,Kharif,,,,,,,,,2105.0
Uttar Pradesh,Siddharthnagar,Barley,Rabi,2800.0,2857.0,3000.0,3333.0,3167.0,3000.0,3000.0,2779.0,2768.0
Uttar Pradesh,Siddharthnagar,Gram,Rabi,1111.0,1048.0,1214.0,1333.0,1231.0,1333.0,1375.0,1153.0,1347.0
Uttar Pradesh,Siddharthnagar,Jowar,Kharif,,,,,,,,1600.0,1709.0
Uttar Pradesh,Siddharthnagar,Lentil,Rabi,964.0,1029.0,1026.0,978.0,1014.0,944.0,950.0,999.0,1035.0
Uttar Pradesh,Siddharthnagar,Maize,Kharif,901.0,882.0,772.0,704.0,644.0,644.0,2142.0,2181.0,2191.0
Uttar Pradesh,Siddharthnagar,Maize,Rabi,3000.0,3000.0,2786.0,2846.0,2636.0,,2821.0,2875.0,2889.0
Uttar Pradesh,Siddharthnagar,Maize,Summer,1857.0,2167.0,2000.0,2333.0,2833.0,2750.0,2833.0,3178.0,3483.0
Uttar Pradesh,Siddharthnagar,Moong,Kharif,,,,,,,,,393.0
Uttar Pradesh,Siddharthnagar,Moong,Summer,,,,,,,864.0,718.0,
Uttar Pradesh,Siddharthnagar,Rice,Kharif,2327.0,2589.0,3154.0,2858.0,2853.0,2628.0,2324.0,2804.0,2776.0
Uttar Pradesh,Siddharthnagar,Rice,Summer,,,,2858.0,,3273.0,3438.0,3474.0,
Uttar Pradesh,Siddharthnagar,Shree Anna /Nutri Cereals,Kharif,,,,,,,,1600.0,965.0
Uttar Pradesh,Siddharthnagar,Shree Anna /Nutri Cereals,Summer,,,,,,917.0,1083.0,,
Uttar Pradesh,Siddharthnagar,Small Millets,Kharif,,,,,,,,,851.0
Uttar Pradesh,Siddharthnagar,Small Millets,Summer,,,,,,917.0,1083.0,,
Uttar Pradesh,Siddharthnagar,Tur,Kharif,747.0,710.0,734.0,593.0,590.0,884.0,1251.0,932.0,1238.0
Uttar Pradesh,Siddharthnagar,Urad,Kharif,538.0,500.0,555.0,410.0,557.0,498.0,502.0,622.0,627.0
Uttar Pradesh,Siddharthnagar,Urad,Summer,,,,,,,897.0,912.0,1011.0
Uttar Pradesh,Siddharthnagar,Wheat,Rabi,3957.0,3979.0,4375.0,4054.0,3962.0,4106.0,4003.0,3838.0,3531.0
Uttar Pradesh,Sitapur,Bajra,Kharif,637.0,862.0,922.0,797.0,835.0,1156.0,1158.0,1698.0,857.0
Uttar Pradesh,Sitapur,Barley,Rabi,2738.0,2622.0,2797.0,3138.0,2841.0,2715.0,3051.0,2461.0,2353.0
Uttar Pradesh,Sitapur,Gram,Rabi,750.0,942.0,1136.0,701.0,1065.0,845.0,1034.0,862.0,962.0
Uttar Pradesh,Sitapur,Jowar,Kharif,1242.0,1012.0,894.0,699.0,618.0,1712.0,1709.0,1469.0,436.0
Uttar Pradesh,Sitapur,Lentil,Rabi,746.0,714.0,745.0,729.0,818.0,745.0,969.0,904.0,736.0
Uttar Pradesh,Sitapur,Maize,Kharif,1231.0,892.0,587.0,1110.0,1169.0,1100.0,1115.0,2055.0,1779.0
Uttar Pradesh,Sitapur,Maize,Rabi,2798.0,3000.0,2821.0,2667.0,2600.0,2833.0,3000.0,2875.0,
Uttar Pradesh,Sitapur,Maize,Summer,1876.0,2194.0,2064.0,2466.0,2893.0,2729.0,2877.0,3178.0,3818.0
Uttar Pradesh,Sitapur,Moong,Kharif,667.0,643.0,649.0,606.0,615.0,600.0,563.0,547.0,460.0
Uttar Pradesh,Sitapur,Moong,Summer,0.0,,,,,909.0,655.0,1088.0,
Uttar Pradesh,Sitapur,Rice,Kharif,2330.0,2344.0,2471.0,2926.0,2842.0,2755.0,2118.0,2906.0,2970.0
Uttar Pradesh,Sitapur,Rice,Summer,2328.0,2340.0,2474.0,2930.0,3462.0,,3423.0,,2954.0
Uttar Pradesh,Sitapur,Shree Anna /Nutri Cereals,Kharif,1015.0,950.0,910.0,727.0,708.0,1539.0,1554.0,1535.0,557.0
Uttar Pradesh,Sitapur,Small Millets,Kharif,442.0,643.0,759.0,609.0,793.0,667.0,762.0,,858.0
Uttar Pradesh,Sitapur,Tur,Kharif,1749.0,2198.0,915.0,512.0,1192.0,619.0,619.0,1019.0,1342.0
Uttar Pradesh,Sitapur,Urad,Kharif,461.0,660.0,521.0,495.0,531.0,684.0,611.0,895.0,693.0
Uttar Pradesh,Sitapur,Urad,Summer,704.0,756.0,685.0,608.0,549.0,821.0,732.0,724.0,827.0
Uttar Pradesh,Sitapur,Wheat,Rabi,3372.0,3252.0,3480.0,3359.0,3630.0,3791.0,3780.0,3738.0,3693.0
Uttar Pradesh,Sonbhadra,Bajra,Kharif,1427.0,,1599.0,1379.0,1405.0,1044.0,1340.0,1776.0,1246.0
Uttar Pradesh,Sonbhadra,Barley,Rabi,1774.0,1173.0,1941.0,2863.0,2826.0,2382.0,3068.0,2779.0,2768.0
Uttar Pradesh,Sonbhadra,Gram,Rabi,1215.0,1378.0,1071.0,1204.0,1418.0,1203.0,1501.0,899.0,1095.0
Uttar Pradesh,Sonbhadra,Jowar,Kharif,1480.0,1777.0,1375.0,1199.0,1065.0,1608.0,1274.0,1287.0,1286.0
Uttar Pradesh,Sonbhadra,Lentil,Rabi,844.0,853.0,727.0,730.0,760.0,852.0,1054.0,545.0,774.0
Uttar Pradesh,Sonbhadra,Maize,Kharif,906.0,933.0,1111.0,1316.0,1310.0,1310.0,1232.0,1609.0,1318.0
Uttar Pradesh,Sonbhadra,Maize,Rabi,2800.0,3000.0,2802.0,2828.0,818.0,,2821.0,2875.0,2889.0
Uttar Pradesh,Sonbhadra,Maize,Summer,,,,,3000.0,,,,3483.0
Uttar Pradesh,Sonbhadra,Moong,Kharif,429.0,385.0,421.0,296.0,400.0,359.0,380.0,392.0,393.0
Uttar Pradesh,Sonbhadra,Moong,Summer,500.0,750.0,667.0,864.0,1000.0,1000.0,,,
Uttar Pradesh,Sonbhadra,Rice,Kharif,2596.0,2719.0,2884.0,2914.0,2944.0,3125.0,2738.0,2452.0,2473.0
Uttar Pradesh,Sonbhadra,Shree Anna /Nutri Cereals,Kharif,846.0,873.0,981.0,860.0,861.0,985.0,875.0,1186.0,904.0
Uttar Pradesh,Sonbhadra,Small Millets,Kharif,628.0,650.0,751.0,732.0,761.0,647.0,728.0,886.0,856.0
Uttar Pradesh,Sonbhadra,Tur,Kharif,993.0,881.0,1003.0,904.0,929.0,954.0,954.0,783.0,1033.0
Uttar Pradesh,Sonbhadra,Urad,Kharif,554.0,683.0,596.0,632.0,541.0,729.0,411.0,613.0,627.0
Uttar Pradesh,Sonbhadra,Urad,Summer,,,785.0,,,,,,
Uttar Pradesh,Sonbhadra,Wheat,Rabi,2408.0,2357.0,2704.0,2386.0,2624.0,2775.0,2848.0,2702.0,3019.0
Uttar Pradesh,Sultanpur,Bajra,Kharif,799.0,1970.0,2069.0,2164.0,2417.0,2158.0,2159.0,2173.0,2105.0
Uttar Pradesh,Sultanpur,Barley,Rabi,2771.0,2846.0,3057.0,3185.0,3141.0,3034.0,3068.0,2779.0,2768.0
Uttar Pradesh,Sultanpur,Gram,Rabi,1792.0,754.0,1555.0,759.0,1592.0,2347.0,1354.0,1153.0,1347.0
Uttar Pradesh,Sultanpur,Jowar,Kharif,1230.0,724.0,661.0,1359.0,1396.0,1798.0,1631.0,1598.0,556.0
Uttar Pradesh,Sultanpur,Lentil,Rabi,1179.0,1063.0,1177.0,914.0,831.0,803.0,1131.0,1040.0,995.0
Uttar Pradesh,Sultanpur,Maize,Kharif,636.0,1687.0,1626.0,1189.0,1745.0,1515.0,1460.0,1258.0,1330.0
Uttar Pradesh,Sultanpur,Maize,Rabi,2808.0,3000.0,2794.0,2833.0,2648.0,2789.0,2800.0,2875.0,2889.0
Uttar Pradesh,Sultanpur,Maize,Summer,1876.0,2192.0,2066.0,2467.0,2891.0,2728.0,2879.0,3178.0,3483.0
Uttar Pradesh,Sultanpur,Moong,Kharif,400.0,500.0,462.0,280.0,385.0,375.0,375.0,392.0,393.0
Uttar Pradesh,Sultanpur,Moong,Summer,644.0,398.0,463.0,369.0,436.0,374.0,772.0,1001.0,1073.0
Uttar Pradesh,Sultanpur,Rice,Kharif,2319.0,3195.0,3531.0,3120.0,2988.0,2925.0,2778.0,3246.0,3281.0
Uttar Pradesh,Sultanpur,Shree Anna /Nutri Cereals,Kharif,1218.0,761.0,781.0,1392.0,1431.0,1807.0,1645.0,1600.0,717.0
Uttar Pradesh,Sultanpur,Small Millets,Kharif,714.0,714.0,571.0,750.0,714.0,625.0,,886.0,851.0
Uttar Pradesh,Sultanpur,Tur,Kharif,838.0,759.0,911.0,1388.0,1455.0,1322.0,825.0,966.0,1245.0
Uttar Pradesh,Sultanpur,Urad,Kharif,444.0,408.0,387.0,437.0,473.0,463.0,323.0,456.0,529.0
Uttar Pradesh,Sultanpur,Urad,Summer,589.0,644.0,520.0,383.0,639.0,581.0,866.0,1016.0,1001.0
Uttar Pradesh,Sultanpur,Wheat,Rabi,3387.0,4030.0,4174.0,3968.0,3860.0,4070.0,3857.0,4194.0,4030.0
Uttar Pradesh,Unnao,Bajra,Kharif,1366.0,633.0,905.0,1597.0,1301.0,1277.0,1439.0,1822.0,1402.0
Uttar Pradesh,Unnao,Barley,Rabi,2738.0,2623.0,2797.0,2950.0,2700.0,2715.0,3050.0,2461.0,2353.0
Uttar Pradesh,Unnao,Gram,Rabi,892.0,1295.0,1636.0,1224.0,1158.0,1116.0,1399.0,887.0,1014.0
Uttar Pradesh,Unnao,Jowar,Kharif,1247.0,985.0,566.0,571.0,466.0,1172.0,1512.0,1497.0,
Uttar Pradesh,Unnao,Lentil,Rabi,714.0,634.0,638.0,813.0,915.0,883.0,1012.0,957.0,852.0
Uttar Pradesh,Unnao,Maize,Kharif,1615.0,2244.0,2219.0,1962.0,2037.0,1725.0,1994.0,1958.0,2229.0
Uttar Pradesh,Unnao,Maize,Rabi,,3000.0,,2750.0,3000.0,,,2875.0,2889.0
Uttar Pradesh,Unnao,Maize,Summer,1876.0,2192.0,2067.0,2467.0,2892.0,2726.0,2878.0,3178.0,3818.0
Uttar Pradesh,Unnao,Moong,Kharif,595.0,647.0,648.0,602.0,610.0,622.0,586.0,547.0,460.0
Uttar Pradesh,Unnao,Moong,Summer,480.0,476.0,1097.0,797.0,548.0,898.0,640.0,1088.0,381.0
Uttar Pradesh,Unnao,Rice,Kharif,1942.0,2097.0,1829.0,2634.0,2340.0,2255.0,2363.0,2126.0,2173.0
Uttar Pradesh,Unnao,Shree Anna /Nutri Cereals,Kharif,1281.0,895.0,654.0,878.0,673.0,1198.0,1496.0,1572.0,114.0
Uttar Pradesh,Unnao,Small Millets,Kharif,,,,,,,,,1047.0
Uttar Pradesh,Unnao,Tur,Kharif,828.0,1177.0,938.0,1786.0,1655.0,751.0,751.0,959.0,1265.0
Uttar Pradesh,Unnao,Urad,Kharif,562.0,647.0,681.0,679.0,607.0,588.0,522.0,443.0,426.0
Uttar Pradesh,Unnao,Urad,Summer,842.0,756.0,684.0,741.0,789.0,1069.0,860.0,958.0,728.0
Uttar Pradesh,Unnao,Wheat,Rabi,3191.0,3267.0,3874.0,3305.0,3480.0,3410.0,3504.0,3293.0,3094.0
Uttar Pradesh,Varanasi,Bajra,Kharif,704.0,950.0,1773.0,1463.0,1067.0,1500.0,1334.0,1669.0,910.0
Uttar Pradesh,Varanasi,Barley,Rabi,2293.0,2221.0,2466.0,2474.0,2224.0,2940.0,3068.0,2955.0,2768.0
Uttar Pradesh,Varanasi,Gram,Rabi,1684.0,1493.0,1131.0,1980.0,1263.0,668.0,1254.0,1231.0,1388.0
Uttar Pradesh,Varanasi,Jowar,Kharif,811.0,1039.0,1991.0,2001.0,1243.0,2418.0,1478.0,2325.0,
Uttar Pradesh,Varanasi,Lentil,Rabi,898.0,609.0,1218.0,606.0,1238.0,1243.0,1553.0,1676.0,1603.0
Uttar Pradesh,Varanasi,Maize,Kharif,1753.0,1774.0,1664.0,1683.0,1695.0,1515.0,2652.0,566.0,2070.0
Uttar Pradesh,Varanasi,Maize,Rabi,2833.0,3000.0,2750.0,2830.0,2647.0,2833.0,2815.0,2875.0,2889.0
Uttar Pradesh,Varanasi,Maize,Summer,1875.0,2179.0,2054.0,,2897.0,2725.0,2800.0,3178.0,3483.0
Uttar Pradesh,Varanasi,Moong,Kharif,414.0,394.0,685.0,285.0,1096.0,357.0,377.0,392.0,393.0
Uttar Pradesh,Varanasi,Moong,Summer,815.0,720.0,845.0,1319.0,1311.0,917.0,885.0,1212.0,
Uttar Pradesh,Varanasi,Rice,Kharif,2455.0,2549.0,2529.0,2656.0,2629.0,2741.0,2823.0,3026.0,3069.0
Uttar Pradesh,Varanasi,Shree Anna /Nutri Cereals,Kharif,738.0,978.0,1845.0,1628.0,1125.0,1799.0,1380.0,1833.0,446.0
Uttar Pradesh,Varanasi,Small Millets,Kharif,,,,,,,,886.0,853.0
Uttar Pradesh,Varanasi,Tur,Kharif,810.0,1237.0,1180.0,827.0,2014.0,1565.0,1492.0,1043.0,1376.0
Uttar Pradesh,Varanasi,Urad,Kharif,1139.0,538.0,865.0,476.0,1344.0,1300.0,576.0,622.0,627.0
Uttar Pradesh,Varanasi,Urad,Summer,700.0,780.0,855.0,912.0,1292.0,745.0,897.0,1146.0,778.0
Uttar Pradesh,Varanasi,Wheat,Rabi,3372.0,3381.0,3496.0,3300.0,3672.0,3595.0,2454.0,2836.0,3561.0
Uttarakhand,Almora,Barley,Rabi,925.0,986.0,1086.0,1252.0,747.0,1057.0,1022.0,1108.0,1214.0
Uttarakhand,Almora,Gram,Rabi,552.0,609.0,561.0,500.0,462.0,545.0,,608.0,375.0
Uttarakhand,Almora,Lentil,Rabi,765.0,355.0,919.0,773.0,680.0,897.0,756.0,810.0,580.0
Uttarakhand,Almora,Maize,Kharif,843.0,1307.0,1397.0,1340.0,1950.0,1810.0,1520.0,1526.0,1225.0
Uttarakhand,Almora,Moong,Kharif,,,,,,1000.0,,,
Uttarakhand,Almora,Ragi,Kharif,1348.0,1095.0,969.0,1211.0,1207.0,1292.0,1315.0,1191.0,1280.0
Uttarakhand,Almora,Rice,Kharif,1281.0,1221.0,1251.0,1137.0,1299.0,1377.0,1095.0,1310.0,1393.0
Uttarakhand,Almora,Shree Anna /Nutri Cereals,Kharif,1326.0,1144.0,998.0,1184.0,1220.0,1352.0,1332.0,1231.0,1210.0
Uttarakhand,Almora,Small Millets,Kharif,1269.0,1277.0,1063.0,1124.0,1251.0,1499.0,1368.0,1322.0,1083.0
Uttarakhand,Almora,Tur,Kharif,571.0,546.0,542.0,639.0,648.0,648.0,818.0,817.0,951.0
Uttarakhand,Almora,Urad,Kharif,1171.0,1165.0,1165.0,1040.0,1000.0,1423.0,1078.0,1080.0,835.0
Uttarakhand,Almora,Wheat,Rabi,921.0,1201.0,1433.0,1495.0,1049.0,1596.0,1349.0,1405.0,1435.0
Uttarakhand,Bageshwar,Barley,Rabi,1460.0,1205.0,1353.0,1491.0,1208.0,1570.0,1336.0,1308.0,1224.0
Uttarakhand,Bageshwar,Gram,Rabi,,,1000.0,1000.0,1000.0,,500.0,,526.0
Uttarakhand,Bageshwar,Lentil,Rabi,730.0,638.0,1026.0,803.0,680.0,904.0,670.0,840.0,908.0
Uttarakhand,Bageshwar,Maize,Kharif,1335.0,1309.0,2113.0,1339.0,1951.0,1810.0,1520.0,1539.0,1383.0
Uttarakhand,Bageshwar,Ragi,Kharif,1612.0,1068.0,1087.0,1562.0,1344.0,1564.0,1456.0,1466.0,1672.0
Uttarakhand,Bageshwar,Rice,Kharif,1480.0,1327.0,1226.0,1623.0,1580.0,1609.0,1557.0,1571.0,1680.0
Uttarakhand,Bageshwar,Shree Anna /Nutri Cereals,Kharif,1540.0,1036.0,1082.0,1529.0,1352.0,1539.0,1422.0,1452.0,1582.0
Uttarakhand,Bageshwar,Small Millets,Kharif,1031.0,817.0,1050.0,1264.0,1438.0,1338.0,1251.0,1339.0,1101.0
Uttarakhand,Bageshwar,Tur,Kharif,,,1000.0,667.0,,,,817.0,
Uttarakhand,Bageshwar,Urad,Kharif,756.0,404.0,1109.0,1034.0,1000.0,1422.0,1081.0,1067.0,1145.0
Uttarakhand,Bageshwar,Wheat,Rabi,1459.0,1637.0,1692.0,1912.0,1711.0,1836.0,1393.0,1788.0,1770.0
Uttarakhand,Chamoli,Barley,Rabi,1277.0,1302.0,1441.0,1445.0,1486.0,1469.0,1603.0,1319.0,1430.0
Uttarakhand,Chamoli,Gram,Rabi,,,,1000.0,,,,,
Uttarakhand,Chamoli,Lentil,Rabi,754.0,762.0,800.0,870.0,512.0,521.0,452.0,597.0,526.0
Uttarakhand,Chamoli,Maize,Kharif,1689.0,1723.0,1726.0,1622.0,1654.0,2179.0,1975.0,2000.0,2056.0
Uttarakhand,Chamoli,Ragi,Kharif,1521.0,1538.0,1374.0,1458.0,1643.0,1494.0,1599.0,1627.0,1608.0
Uttarakhand,Chamoli,Rice,Kharif,1300.0,1456.0,1218.0,1326.0,1599.0,1443.0,1447.0,1615.0,1741.0
Uttarakhand,Chamoli,Shree Anna /Nutri Cereals,Kharif,1447.0,1463.0,1349.0,1393.0,1592.0,1476.0,1527.0,1657.0,1611.0
Uttarakhand,Chamoli,Small Millets,Kharif,1310.0,1326.0,1304.0,1279.0,1496.0,1440.0,1408.0,1720.0,1617.0
Uttarakhand,Chamoli,Tur,Kharif,575.0,543.0,542.0,638.0,784.0,1045.0,879.0,880.0,990.0
Uttarakhand,Chamoli,Urad,Kharif,1072.0,1359.0,800.0,952.0,1000.0,769.0,1297.0,842.0,815.0
Uttarakhand,Chamoli,Wheat,Rabi,1382.0,1420.0,1932.0,1986.0,1447.0,1687.0,1755.0,1741.0,1673.0
Uttarakhand,Champawat,Barley,Rabi,1356.0,1728.0,1699.0,1882.0,1209.0,1572.0,1643.0,1513.0,1661.0
Uttarakhand,Champawat,Gram,Rabi,636.0,667.0,636.0,588.0,619.0,609.0,607.0,608.0,604.0
Uttarakhand,Champawat,Lentil,Rabi,938.0,995.0,1084.0,1222.0,945.0,871.0,1051.0,722.0,780.0
Uttarakhand,Champawat,Maize,Kharif,1199.0,2110.0,2441.0,2293.0,2173.0,2689.0,2976.0,2939.0,3246.0
Uttarakhand,Champawat,Maize,Summer,1143.0,1143.0,1250.0,1250.0,2125.0,2750.0,3000.0,2625.0,3246.0
Uttarakhand,Champawat,Moong,Kharif,0.0,,,,,,,,
Uttarakhand,Champawat,Moong,Summer,1000.0,,,,1000.0,1000.0,1000.0,,837.0
Uttarakhand,Champawat,Ragi,Kharif,1575.0,1799.0,1579.0,1595.0,1931.0,1521.0,1800.0,2323.0,2454.0
Uttarakhand,Champawat,Rice,Kharif,1444.0,1755.0,1539.0,1467.0,1467.0,1311.0,1294.0,2058.0,1773.0
Uttarakhand,Champawat,Shree Anna /Nutri Cereals,Kharif,1549.0,1794.0,1568.0,1578.0,1887.0,1504.0,1783.0,2206.0,2251.0
Uttarakhand,Champawat,Small Millets,Kharif,1420.0,1758.0,1507.0,1475.0,1668.0,1439.0,1712.0,1800.0,1413.0
Uttarakhand,Champawat,Tur,Kharif,529.0,500.0,542.0,636.0,500.0,1000.0,1000.0,1000.0,
Uttarakhand,Champawat,Urad,Kharif,1100.0,1112.0,897.0,1041.0,1000.0,1422.0,1131.0,1067.0,1131.0
Uttarakhand,Champawat,Wheat,Rabi,1771.0,2047.0,2224.0,2756.0,1580.0,2288.0,1976.0,2549.0,3152.0
Uttarakhand,Dehradun,Barley,Rabi,1575.0,1553.0,1631.0,2043.0,1916.0,1894.0,2313.0,1988.0,2048.0
Uttarakhand,Dehradun,Gram,Rabi,810.0,833.0,875.0,889.0,889.0,824.0,882.0,865.0,854.0
Uttarakhand,Dehradun,Lentil,Rabi,848.0,654.0,877.0,1034.0,1060.0,809.0,911.0,569.0,602.0
Uttarakhand,Dehradun,Maize,Kharif,2207.0,2747.0,2502.0,2696.0,2768.0,3298.0,2767.0,3196.0,3777.0
Uttarakhand,Dehradun,Maize,Summer,2167.0,,2000.0,,,,,,
Uttarakhand,Dehradun,Moong,Kharif,0.0,500.0,1000.0,1000.0,,,,,
Uttarakhand,Dehradun,Moong,Summer,1000.0,,,,,,,,
Uttarakhand,Dehradun,Ragi,Kharif,1584.0,1660.0,2123.0,1679.0,1800.0,1929.0,1706.0,1783.0,1797.0
Uttarakhand,Dehradun,Rice,Kharif,2036.0,2105.0,2349.0,2738.0,2863.0,2604.0,1967.0,2321.0,2847.0
Uttarakhand,Dehradun,Shree Anna /Nutri Cereals,Kharif,1278.0,1395.0,1639.0,1396.0,1641.0,1760.0,1599.0,1555.0,1741.0
Uttarakhand,Dehradun,Small Millets,Kharif,958.0,1054.0,1000.0,1123.0,1510.0,1463.0,1387.0,1363.0,1002.0
Uttarakhand,Dehradun,Tur,Kharif,834.0,882.0,882.0,901.0,1333.0,1225.0,881.0,863.0,1284.0
Uttarakhand,Dehradun,Urad,Kharif,788.0,1067.0,928.0,902.0,1000.0,924.0,814.0,815.0,593.0
Uttarakhand,Dehradun,Urad,Summer,1000.0,700.0,1000.0,1000.0,1222.0,875.0,750.0,,889.0
Uttarakhand,Dehradun,Wheat,Rabi,2431.0,2340.0,2580.0,2722.0,2977.0,2259.0,2719.0,3217.0,3204.0
Uttarakhand,Haridwar,Barley,Rabi,1500.0,1714.0,1286.0,2000.0,1600.0,2000.0,2000.0,,
Uttarakhand,Haridwar,Gram,Rabi,667.0,833.0,500.0,500.0,1000.0,667.0,667.0,,
Uttarakhand,Haridwar,Lentil,Rabi,712.0,533.0,631.0,822.0,1071.0,995.0,994.0,1043.0,734.0
Uttarakhand,Haridwar,Maize,Kharif,2207.0,2280.0,2047.0,1776.0,2249.0,3544.0,3711.0,4072.0,3055.0
Uttarakhand,Haridwar,Maize,Summer,2182.0,2182.0,2200.0,2222.0,2200.0,3571.0,3714.0,3235.0,
Uttarakhand,Haridwar,Moong,Kharif,,,1000.0,1000.0,1000.0,1000.0,,,
Uttarakhand,Haridwar,Moong,Summer,1000.0,667.0,,667.0,,,,,
Uttarakhand,Haridwar,Rice,Kharif,2045.0,2435.0,2238.0,2543.0,2437.0,2450.0,2260.0,2228.0,2503.0
Uttarakhand,Haridwar,Rice,Summer,3750.0,3250.0,3273.0,3565.0,3500.0,3815.0,3444.0,,3921.0
Uttarakhand,Haridwar,Urad,Kharif,784.0,1066.0,1067.0,907.0,1000.0,918.0,809.0,815.0,854.0
Uttarakhand,Haridwar,Urad,Summer,570.0,675.0,646.0,1056.0,1189.0,900.0,800.0,1022.0,894.0
Uttarakhand,Haridwar,Wheat,Rabi,3225.0,3426.0,3611.0,3128.0,3977.0,3656.0,3274.0,3576.0,3670.0
Uttarakhand,Nainital,Barley,Rabi,1382.0,1462.0,1406.0,1739.0,1282.0,1708.0,1386.0,1174.0,1586.0
Uttarakhand,Nainital,Gram,Rabi,888.0,889.0,887.0,800.0,800.0,854.0,846.0,993.0,898.0
Uttarakhand,Nainital,Lentil,Rabi,742.0,746.0,744.0,1223.0,944.0,872.0,1050.0,908.0,960.0
Uttarakhand,Nainital,Maize,Kharif,1334.0,1325.0,1325.0,1340.0,1718.0,2688.0,2976.0,2939.0,2587.0
Uttarakhand,Nainital,Maize,Summer,,1000.0,1500.0,2000.0,2000.0,3000.0,3000.0,,
Uttarakhand,Nainital,Moong,Kharif,488.0,538.0,444.0,556.0,571.0,560.0,,,
Uttarakhand,Nainital,Ragi,Kharif,1450.0,1635.0,1172.0,1691.0,1571.0,1750.0,1665.0,1446.0,1610.0
Uttarakhand,Nainital,Rice,Kharif,2827.0,3426.0,3187.0,3275.0,3399.0,3330.0,3015.0,3447.0,3442.0
Uttarakhand,Nainital,Rice,Summer,3781.0,3213.0,3287.0,3564.0,3592.0,3813.0,3452.0,3571.0,3920.0
Uttarakhand,Nainital,Shree Anna /Nutri Cereals,Kharif,1442.0,1615.0,1176.0,1649.0,1560.0,1707.0,1637.0,1439.0,1601.0
Uttarakhand,Nainital,Small Millets,Kharif,1404.0,1438.0,1194.0,1134.0,1447.0,1189.0,1432.0,1400.0,1536.0
Uttarakhand,Nainital,Tur,Kharif,577.0,,1000.0,1000.0,600.0,700.0,833.0,817.0,750.0
Uttarakhand,Nainital,Urad,Kharif,716.0,726.0,1111.0,1160.0,1000.0,1532.0,1132.0,964.0,1236.0
Uttarakhand,Nainital,Wheat,Rabi,2889.0,2960.0,3482.0,3967.0,3824.0,3762.0,3511.0,3856.0,4047.0
Uttarakhand,Pauri Garhwal,Barley,Rabi,1148.0,1477.0,1580.0,1459.0,1275.0,1481.0,1341.0,1217.0,1539.0
Uttarakhand,Pauri Garhwal,Gram,Rabi,652.0,655.0,658.0,649.0,655.0,667.0,667.0,,667.0
Uttarakhand,Pauri Garhwal,Lentil,Rabi,596.0,540.0,799.0,871.0,512.0,517.0,460.0,597.0,841.0
Uttarakhand,Pauri Garhwal,Maize,Kharif,1800.0,2065.0,1872.0,1990.0,1654.0,2179.0,1975.0,1494.0,2358.0
Uttarakhand,Pauri Garhwal,Ragi,Kharif,1378.0,1350.0,1171.0,1383.0,1378.0,1395.0,1400.0,1597.0,1687.0
Uttarakhand,Pauri Garhwal,Rice,Kharif,1398.0,1385.0,1270.0,1525.0,1754.0,1716.0,1773.0,1464.0,1723.0
Uttarakhand,Pauri Garhwal,Shree Anna /Nutri Cereals,Kharif,1350.0,1355.0,1197.0,1367.0,1349.0,1422.0,1397.0,1564.0,1502.0
Uttarakhand,Pauri Garhwal,Small Millets,Kharif,1307.0,1363.0,1237.0,1341.0,1303.0,1462.0,1392.0,1518.0,1183.0
Uttarakhand,Pauri Garhwal,Tur,Kharif,599.0,802.0,798.0,637.0,785.0,1044.0,949.0,875.0,990.0
Uttarakhand,Pauri Garhwal,Urad,Kharif,800.0,505.0,595.0,745.0,1000.0,871.0,679.0,797.0,811.0
Uttarakhand,Pauri Garhwal,Wheat,Rabi,1230.0,1577.0,2038.0,1822.0,1657.0,1826.0,1677.0,1986.0,1974.0
Uttarakhand,Pithoragarh,Barley,Rabi,1403.0,1370.0,1423.0,1171.0,1633.0,1673.0,1530.0,1638.0,1572.0
Uttarakhand,Pithoragarh,Gram,Rabi,721.0,,759.0,703.0,705.0,710.0,727.0,725.0,723.0
Uttarakhand,Pithoragarh,Lentil,Rabi,784.0,812.0,887.0,1189.0,734.0,940.0,1180.0,789.0,931.0
Uttarakhand,Pithoragarh,Maize,Kharif,1334.0,1380.0,1648.0,1908.0,1580.0,1500.0,1464.0,1669.0,1797.0
Uttarakhand,Pithoragarh,Ragi,Kharif,1542.0,1551.0,1532.0,1811.0,1603.0,1713.0,1633.0,1646.0,1522.0
Uttarakhand,Pithoragarh,Rice,Kharif,1319.0,1171.0,1266.0,1323.0,1344.0,1370.0,1296.0,1365.0,1479.0
Uttarakhand,Pithoragarh,Shree Anna /Nutri Cereals,Kharif,1491.0,1529.0,1498.0,1766.0,1576.0,1671.0,1637.0,1622.0,1324.0
Uttarakhand,Pithoragarh,Small Millets,Kharif,1189.0,1356.0,1286.0,1473.0,1367.0,1309.0,1668.0,1402.0,1112.0
Uttarakhand,Pithoragarh,Tur,Kharif,,,667.0,,500.0,,778.0,817.0,
Uttarakhand,Pithoragarh,Urad,Kharif,716.0,918.0,880.0,1160.0,1000.0,1532.0,1080.0,964.0,1104.0
Uttarakhand,Pithoragarh,Wheat,Rabi,1594.0,1796.0,1826.0,1891.0,1686.0,1790.0,1574.0,1718.0,1696.0
Uttarakhand,Rudraprayag,Barley,Rabi,1205.0,1244.0,1228.0,1306.0,1194.0,1091.0,1216.0,1319.0,1545.0
Uttarakhand,Rudraprayag,Lentil,Rabi,750.0,538.0,808.0,867.0,500.0,500.0,469.0,597.0,
Uttarakhand,Rudraprayag,Maize,Kharif,1810.0,1788.0,1562.0,1622.0,1652.0,2179.0,1975.0,2000.0,2056.0
Uttarakhand,Rudraprayag,Ragi,Kharif,1591.0,1383.0,1324.0,1307.0,1452.0,1483.0,1579.0,1440.0,1656.0
Uttarakhand,Rudraprayag,Rice,Kharif,1378.0,1304.0,1272.0,1328.0,1343.0,1404.0,1423.0,1413.0,1613.0
Uttarakhand,Rudraprayag,Shree Anna /Nutri Cereals,Kharif,1514.0,1420.0,1231.0,1380.0,1464.0,1444.0,1644.0,1415.0,1590.0
Uttarakhand,Rudraprayag,Small Millets,Kharif,1342.0,1496.0,1075.0,1533.0,1491.0,1379.0,1724.0,1384.0,1503.0
Uttarakhand,Rudraprayag,Tur,Kharif,1070.0,1053.0,1051.0,636.0,785.0,1041.0,947.0,946.0,990.0
Uttarakhand,Rudraprayag,Urad,Kharif,1164.0,1342.0,972.0,1013.0,1000.0,769.0,970.0,969.0,1271.0
Uttarakhand,Rudraprayag,Wheat,Rabi,1230.0,1330.0,1560.0,1589.0,951.0,1376.0,1244.0,1608.0,1609.0
Uttarakhand,Tehri Garhwal,Barley,Rabi,1496.0,1271.0,1704.0,1553.0,1234.0,1485.0,1495.0,1493.0,1457.0
Uttarakhand,Tehri Garhwal,Gram,Rabi,643.0,600.0,643.0,750.0,704.0,667.0,636.0,685.0,645.0
Uttarakhand,Tehri Garhwal,Lentil,Rabi,604.0,608.0,539.0,806.0,792.0,727.0,573.0,407.0,334.0
Uttarakhand,Tehri Garhwal,Maize,Kharif,1688.0,2253.0,1678.0,1620.0,1896.0,1754.0,2083.0,2253.0,2988.0
Uttarakhand,Tehri Garhwal,Ragi,Kharif,1727.0,1583.0,1393.0,1544.0,1817.0,1725.0,1654.0,1922.0,1665.0
Uttarakhand,Tehri Garhwal,Rice,Kharif,1571.0,1967.0,1780.0,1696.0,2507.0,2085.0,2064.0,2357.0,2127.0
Uttarakhand,Tehri Garhwal,Shree Anna /Nutri Cereals,Kharif,1606.0,1433.0,1485.0,1551.0,1739.0,1795.0,1694.0,1739.0,1482.0
Uttarakhand,Tehri Garhwal,Small Millets,Kharif,1514.0,1322.0,1551.0,1556.0,1678.0,1840.0,1720.0,1621.0,1370.0
Uttarakhand,Tehri Garhwal,Tur,Kharif,1078.0,1133.0,878.0,940.0,1306.0,1065.0,1134.0,1133.0,1299.0
Uttarakhand,Tehri Garhwal,Urad,Kharif,724.0,576.0,770.0,940.0,1000.0,978.0,1048.0,1048.0,715.0
Uttarakhand,Tehri Garhwal,Wheat,Rabi,1419.0,1583.0,2111.0,1989.0,1818.0,2067.0,2055.0,2079.0,2106.0
Uttarakhand,Udham Singh Nagar,Bajra,Kharif,,,,,,1000.0,,,
Uttarakhand,Udham Singh Nagar,Barley,Rabi,1333.0,1571.0,1333.0,2000.0,1600.0,2000.0,2000.0,,
Uttarakhand,Udham Singh Nagar,Gram,Rabi,800.0,909.0,1000.0,833.0,667.0,900.0,800.0,,944.0
Uttarakhand,Udham Singh Nagar,Lentil,Rabi,832.0,869.0,1229.0,1275.0,839.0,891.0,718.0,1043.0,1422.0
Uttarakhand,Udham Singh Nagar,Maize,Kharif,1344.0,1333.0,1325.0,1338.0,2175.0,2687.0,3000.0,2939.0,3020.0
Uttarakhand,Udham Singh Nagar,Maize,Summer,1333.0,1340.0,1330.0,1334.0,2174.0,2687.0,2973.0,3235.0,3020.0
Uttarakhand,Udham Singh Nagar,Moong,Kharif,500.0,600.0,,,1000.0,,,,
Uttarakhand,Udham Singh Nagar,Moong,Summer,,667.0,,571.0,571.0,1000.0,1000.0,,837.0
Uttarakhand,Udham Singh Nagar,Ragi,Kharif,,,,,,1500.0,,,
Uttarakhand,Udham Singh Nagar,Rice,Kharif,3277.0,3540.0,3215.0,3466.0,3722.0,3602.0,3207.0,3204.0,3322.0
Uttarakhand,Udham Singh Nagar,Rice,Summer,3780.0,3214.0,3289.0,3564.0,3595.0,3817.0,3527.0,3571.0,3921.0
Uttarakhand,Udham Singh Nagar,Shree Anna /Nutri Cereals,Kharif,,,,,,1133.0,,587.0,
Uttarakhand,Udham Singh Nagar,Small Millets,Kharif,,,,,,,,587.0,
Uttarakhand,Udham Singh Nagar,Tur,Kharif,500.0,1000.0,500.0,,,,,,
Uttarakhand,Udham Singh Nagar,Urad,Kharif,717.0,795.0,1113.0,1160.0,1000.0,1423.0,1131.0,1067.0,1068.0
Uttarakhand,Udham Singh Nagar,Urad,Summer,583.0,714.0,,1000.0,1167.0,1000.0,,1022.0,947.0
Uttarakhand,Udham Singh Nagar,Wheat,Rabi,4262.0,4323.0,4156.0,3898.0,4445.0,3979.0,4157.0,4488.0,4307.0
Uttarakhand,Uttarkashi,Barley,Rabi,1492.0,2049.0,1487.0,1522.0,1378.0,1432.0,1436.0,1610.0,1633.0
Uttarakhand,Uttarkashi,Gram,Rabi,500.0,600.0,833.0,667.0,727.0,720.0,707.0,718.0,716.0
Uttarakhand,Uttarkashi,Lentil,Rabi,591.0,500.0,680.0,735.0,521.0,858.0,971.0,803.0,372.0
Uttarakhand,Uttarkashi,Maize,Kharif,1615.0,2665.0,1367.0,1301.0,2238.0,3057.0,3114.0,3089.0,3355.0
Uttarakhand,Uttarkashi,Ragi,Kharif,1650.0,1763.0,1301.0,1549.0,1740.0,1645.0,1733.0,1946.0,2005.0
Uttarakhand,Uttarkashi,Rice,Kharif,1770.0,1715.0,1627.0,1677.0,1896.0,1853.0,1573.0,1940.0,1917.0
Uttarakhand,Uttarkashi,Shree Anna /Nutri Cereals,Kharif,1629.0,1553.0,1317.0,1440.0,1695.0,1626.0,1542.0,1828.0,1611.0
Uttarakhand,Uttarkashi,Small Millets,Kharif,1600.0,1279.0,1335.0,1302.0,1630.0,1600.0,1268.0,1689.0,1232.0
Uttarakhand,Uttarkashi,Tur,Kharif,879.0,924.0,550.0,900.0,1466.0,1110.0,816.0,703.0,1078.0
Uttarakhand,Uttarkashi,Urad,Kharif,704.0,919.0,952.0,638.0,1000.0,1192.0,860.0,842.0,663.0
Uttarakhand,Uttarkashi,Wheat,Rabi,1700.0,1660.0,1901.0,1726.0,1674.0,1823.0,1894.0,2204.0,1942.0
West Bengal,Alipurduar,Gram,Rabi,1016.0,1419.0,1117.0,1314.0,1254.0,1188.0,1260.0,1226.0,
West Bengal,Alipurduar,Lentil,Rabi,574.0,514.0,556.0,850.0,498.0,700.0,593.0,929.0,
West Bengal,Alipurduar,Maize,Kharif,5447.0,2451.0,5450.0,4291.0,2301.0,2259.0,3187.0,3196.0,
West Bengal,Alipurduar,Maize,Rabi,,6800.0,4200.0,4650.0,4700.0,4720.0,2562.0,5757.0,
West Bengal,Alipurduar,Maize,Summer,,5595.0,6070.0,6085.0,6079.0,6180.0,8396.0,7680.0,
West Bengal,Alipurduar,Moong,Kharif,689.0,683.0,851.0,835.0,850.0,860.0,879.0,885.0,
West Bengal,Alipurduar,Moong,Rabi,920.0,611.0,615.0,628.0,629.0,645.0,652.0,640.0,
West Bengal,Alipurduar,Moong,Summer,913.0,633.0,1081.0,833.0,1060.0,1046.0,1033.0,848.0,
West Bengal,Alipurduar,Ragi,Kharif,927.0,1091.0,857.0,815.0,,,826.0,1120.0,
West Bengal,Alipurduar,Rice,Kharif,2196.0,2237.0,1726.0,1968.0,1988.0,1888.0,1674.0,2530.0,
West Bengal,Alipurduar,Rice,Rabi,1985.0,2182.0,2129.0,2412.0,2174.0,2492.0,2463.0,,
West Bengal,Alipurduar,Rice,Summer,2833.0,3027.0,3107.0,3064.0,2112.0,2430.0,2606.0,2981.0,
West Bengal,Alipurduar,Shree Anna /Nutri Cereals,Kharif,927.0,1091.0,857.0,815.0,,,826.0,1120.0,
West Bengal,Alipurduar,Tur,Kharif,,,,,,,,1336.0,
West Bengal,Alipurduar,Tur,Rabi,,1652.0,1563.0,3265.0,1192.0,1574.0,1578.0,,
West Bengal,Alipurduar,Urad,Kharif,676.0,543.0,747.0,732.0,782.0,400.0,681.0,966.0,
West Bengal,Alipurduar,Urad,Rabi,1361.0,444.0,604.0,615.0,626.0,700.0,715.0,730.0,
West Bengal,Alipurduar,Wheat,Rabi,2197.0,1965.0,1999.0,2706.0,2054.0,2732.0,3032.0,3161.0,
West Bengal,Bankura,Gram,Rabi,1072.0,1321.0,1263.0,1463.0,1197.0,1164.0,1388.0,1602.0,
West Bengal,Bankura,Lentil,Rabi,815.0,816.0,1250.0,846.0,843.0,621.0,950.0,892.0,
West Bengal,Bankura,Maize,Kharif,2448.0,1595.0,,2366.0,2355.0,2402.0,2665.0,3045.0,
West Bengal,Bankura,Maize,Rabi,3083.0,3336.0,3263.0,3012.0,2980.0,3415.0,1880.0,7270.0,
West Bengal,Bankura,Maize,Summer,3242.0,3269.0,2848.0,2826.0,2814.0,2804.0,4741.0,4928.0,
West Bengal,Bankura,Moong,Kharif,,,,,,,,812.0,
West Bengal,Bankura,Moong,Rabi,649.0,543.0,,,,500.0,500.0,490.0,
West Bengal,Bankura,Moong,Summer,1031.0,1573.0,1267.0,409.0,1231.0,989.0,1497.0,2108.0,
West Bengal,Bankura,Ragi,Kharif,,,,,,,,1010.0,
West Bengal,Bankura,Rice,Kharif,2695.0,2615.0,2792.0,2488.0,2456.0,2441.0,3145.0,2860.0,
West Bengal,Bankura,Rice,Rabi,2754.0,2732.0,2300.0,2534.0,3101.0,3104.0,2796.0,,
West Bengal,Bankura,Rice,Summer,3254.0,3407.0,2906.0,2888.0,3536.0,3175.0,3629.0,3853.0,
West Bengal,Bankura,Shree Anna /Nutri Cereals,Kharif,541.0,572.0,558.0,515.0,544.0,517.0,552.0,995.0,
West Bengal,Bankura,Small Millets,Kharif,541.0,572.0,558.0,515.0,544.0,517.0,552.0,570.0,
West Bengal,Bankura,Tur,Rabi,1091.0,1611.0,1353.0,1160.0,1042.0,1532.0,1286.0,,
West Bengal,Bankura,Urad,Kharif,828.0,361.0,333.0,500.0,333.0,429.0,487.0,506.0,
West Bengal,Bankura,Urad,Rabi,,550.0,567.0,582.0,,538.0,525.0,503.0,
West Bengal,Bankura,Wheat,Rabi,2657.0,2584.0,2568.0,1852.0,2612.0,2569.0,2249.0,2582.0,
West Bengal,Birbhum,Barley,Rabi,1371.0,1273.0,2000.0,1700.0,1667.0,1600.0,,,
West Bengal,Birbhum,Gram,Rabi,1297.0,1482.0,1507.0,1614.0,1441.0,1287.0,1466.0,1464.0,
West Bengal,Birbhum,Lentil,Rabi,918.0,981.0,1003.0,1018.0,800.0,924.0,972.0,987.0,
West Bengal,Birbhum,Maize,Kharif,2723.0,2451.0,3119.0,3313.0,2969.0,2851.0,3722.0,4339.0,
West Bengal,Birbhum,Maize,Rabi,944.0,2050.0,1050.0,3280.0,3520.0,3556.0,7460.0,7270.0,
West Bengal,Birbhum,Maize,Summer,2424.0,2180.0,2079.0,1561.0,1970.0,2016.0,6843.0,7197.0,
West Bengal,Birbhum,Moong,Summer,1198.0,1979.0,1665.0,1650.0,797.0,1542.0,1146.0,1303.0,
West Bengal,Birbhum,Ragi,Kharif,,,,,,,,960.0,
West Bengal,Birbhum,Rice,Kharif,2925.0,2880.0,3127.0,2950.0,2876.0,4748.0,2931.0,3227.0,
West Bengal,Birbhum,Rice,Rabi,3231.0,3216.0,3003.0,3358.0,3135.0,3375.0,3042.0,,
West Bengal,Birbhum,Rice,Summer,3428.0,3389.0,3484.0,3819.0,4116.0,3551.0,3618.0,3631.0,
West Bengal,Birbhum,Shree Anna /Nutri Cereals,Kharif,,,,,,,,960.0,
West Bengal,Birbhum,Tur,Kharif,,,,,,,,1336.0,
West Bengal,Birbhum,Tur,Rabi,1237.0,1651.0,1564.0,3269.0,1192.0,1572.0,1576.0,,
West Bengal,Birbhum,Urad,Kharif,618.0,584.0,641.0,684.0,656.0,701.0,729.0,1060.0,
West Bengal,Birbhum,Urad,Rabi,,,,,,,911.0,907.0,
West Bengal,Birbhum,Wheat,Rabi,2761.0,2839.0,3009.0,3002.0,2852.0,2674.0,3044.0,2990.0,
West Bengal,Cooch Behar,Bajra,Kharif,254.0,,,,,,,,
West Bengal,Cooch Behar,Gram,Rabi,,,,,1250.0,1193.0,1259.0,1226.0,
West Bengal,Cooch Behar,Lentil,Rabi,613.0,485.0,461.0,817.0,432.0,480.0,374.0,574.0,
West Bengal,Cooch Behar,Maize,Kharif,2626.0,2451.0,3201.0,2954.0,2301.0,2259.0,3188.0,3196.0,
West Bengal,Cooch Behar,Maize,Rabi,6494.0,6900.0,6020.0,6150.0,7500.0,7800.0,2562.0,5158.0,
West Bengal,Cooch Behar,Maize,Summer,6178.0,6600.0,6125.0,6125.0,6719.0,6900.0,9287.0,8843.0,
West Bengal,Cooch Behar,Moong,Kharif,,600.0,591.0,583.0,583.0,583.0,600.0,620.0,
West Bengal,Cooch Behar,Moong,Rabi,802.0,731.0,720.0,722.0,717.0,767.0,780.0,750.0,
West Bengal,Cooch Behar,Moong,Summer,912.0,633.0,1508.0,836.0,1058.0,1046.0,1035.0,848.0,
West Bengal,Cooch Behar,Ragi,Kharif,800.0,,,,,,,,
West Bengal,Cooch Behar,Rice,Kharif,1813.0,1785.0,2129.0,1822.0,1922.0,2194.0,2702.0,2686.0,
West Bengal,Cooch Behar,Rice,Rabi,2403.0,2471.0,2742.0,2927.0,2399.0,3056.0,3051.0,,
West Bengal,Cooch Behar,Rice,Summer,3447.0,3810.0,3805.0,3774.0,3393.0,3612.0,3511.0,3663.0,
West Bengal,Cooch Behar,Shree Anna /Nutri Cereals,Kharif,708.0,1199.0,1200.0,1220.0,1184.0,1118.0,1103.0,1109.0,
West Bengal,Cooch Behar,Small Millets,Kharif,777.0,1199.0,1200.0,1220.0,1184.0,1118.0,1103.0,1109.0,
West Bengal,Cooch Behar,Urad,Kharif,584.0,617.0,364.0,705.0,783.0,401.0,681.0,966.0,
West Bengal,Cooch Behar,Urad,Rabi,793.0,760.0,751.0,780.0,780.0,790.0,820.0,830.0,
West Bengal,Cooch Behar,Wheat,Rabi,1507.0,3011.0,1857.0,2707.0,1950.0,2795.0,3032.0,3161.0,
West Bengal,Dakshin Dinajpur,Gram,Rabi,933.0,1472.0,1107.0,1458.0,1269.0,1213.0,1154.0,1122.0,
West Bengal,Dakshin Dinajpur,Lentil,Rabi,568.0,566.0,874.0,783.0,946.0,761.0,844.0,868.0,
West Bengal,Dakshin Dinajpur,Maize,Kharif,,3972.0,4686.0,,4353.0,4241.0,4348.0,5031.0,
West Bengal,Dakshin Dinajpur,Maize,Summer,4679.0,5000.0,6000.0,7150.0,8250.0,10138.0,12525.0,11620.0,
West Bengal,Dakshin Dinajpur,Moong,Summer,688.0,1090.0,943.0,729.0,1088.0,1041.0,1655.0,1991.0,
West Bengal,Dakshin Dinajpur,Rice,Kharif,2512.0,2545.0,2843.0,2674.0,2847.0,2608.0,1993.0,2786.0,
West Bengal,Dakshin Dinajpur,Rice,Rabi,2924.0,2907.0,3049.0,3116.0,2720.0,2986.0,3007.0,,
West Bengal,Dakshin Dinajpur,Rice,Summer,3404.0,3297.0,3387.0,3264.0,3253.0,3515.0,3779.0,3713.0,
West Bengal,Dakshin Dinajpur,Tur,Rabi,,,,,1683.0,1568.0,2106.0,,
West Bengal,Dakshin Dinajpur,Urad,Kharif,453.0,710.0,605.0,575.0,565.0,652.0,489.0,592.0,
West Bengal,Dakshin Dinajpur,Wheat,Rabi,3198.0,3731.0,3973.0,2983.0,3885.0,3430.0,3514.0,3491.0,
West Bengal,Darjeeling,Barley,Rabi,1425.0,,,,,,,,
West Bengal,Darjeeling,Gram,Rabi,1000.0,1438.0,1167.0,,,,,1226.0,
West Bengal,Darjeeling,Lentil,Rabi,622.0,528.0,527.0,846.0,594.0,591.0,744.0,736.0,
West Bengal,Darjeeling,Maize,Kharif,1960.0,2451.0,2383.0,2262.0,2532.0,2558.0,2545.0,2807.0,
West Bengal,Darjeeling,Maize,Rabi,3113.0,3500.0,,,,,,5158.0,
West Bengal,Darjeeling,Maize,Summer,3451.0,2300.0,5000.0,,,,,6917.0,
West Bengal,Darjeeling,Moong,Kharif,844.0,851.0,854.0,,,,,,
West Bengal,Darjeeling,Moong,Rabi,773.0,769.0,,,,,,,
West Bengal,Darjeeling,Moong,Summer,910.0,635.0,1080.0,834.0,1058.0,1044.0,1038.0,848.0,
West Bengal,Darjeeling,Ragi,Kharif,1124.0,,,,1000.0,1000.0,1050.0,970.0,
West Bengal,Darjeeling,Rice,Kharif,2269.0,1964.0,2132.0,2060.0,2003.0,2071.0,2276.0,2471.0,
West Bengal,Darjeeling,Rice,Rabi,2169.0,2374.0,2358.0,2667.0,2674.0,2559.0,2424.0,,
West Bengal,Darjeeling,Rice,Summer,2411.0,2402.0,3067.0,2790.0,3102.0,3176.0,2574.0,2384.0,
West Bengal,Darjeeling,Shree Anna /Nutri Cereals,Kharif,1124.0,,,,1000.0,1000.0,1050.0,970.0,
West Bengal,Darjeeling,Shree Anna /Nutri Cereals,Rabi,1420.0,800.0,1235.0,1000.0,,,,,
West Bengal,Darjeeling,Small Millets,Rabi,1420.0,800.0,1235.0,1000.0,,,,,
West Bengal,Darjeeling,Tur,Kharif,,,,,,,,1336.0,
West Bengal,Darjeeling,Tur,Rabi,1227.0,1655.0,1567.0,3286.0,1185.0,1586.0,1577.0,,
West Bengal,Darjeeling,Urad,Kharif,745.0,621.0,674.0,704.0,782.0,401.0,680.0,966.0,
West Bengal,Darjeeling,Urad,Rabi,833.0,500.0,520.0,520.0,,,,,
West Bengal,Darjeeling,Wheat,Rabi,1411.0,3012.0,1856.0,2707.0,2044.0,2343.0,3033.0,3161.0,
West Bengal,Hooghly,Gram,Rabi,1258.0,1436.0,1255.0,,1419.0,1262.0,1408.0,1399.0,
West Bengal,Hooghly,Lentil,Rabi,549.0,1003.0,333.0,327.0,351.0,366.0,398.0,478.0,
West Bengal,Hooghly,Maize,Kharif,,2451.0,,3325.0,2970.0,2857.0,3719.0,4333.0,
West Bengal,Hooghly,Maize,Rabi,,2880.0,2800.0,2814.0,2686.0,2520.0,7462.0,7270.0,
West Bengal,Hooghly,Maize,Summer,2017.0,2448.0,2415.0,2064.0,1968.0,2575.0,6598.0,7033.0,
West Bengal,Hooghly,Moong,Kharif,,,,,600.0,417.0,,509.0,
West Bengal,Hooghly,Moong,Rabi,726.0,,444.0,579.0,625.0,,,646.0,
West Bengal,Hooghly,Moong,Summer,981.0,1578.0,1452.0,1650.0,797.0,1216.0,1146.0,1311.0,
West Bengal,Hooghly,Rice,Kharif,2806.0,2663.0,3288.0,2450.0,3147.0,2946.0,3184.0,3117.0,
West Bengal,Hooghly,Rice,Rabi,3076.0,3133.0,3163.0,3233.0,3237.0,3253.0,3297.0,,
West Bengal,Hooghly,Rice,Summer,3337.0,3566.0,3570.0,3684.0,3276.0,3405.0,3357.0,3316.0,
West Bengal,Hooghly,Tur,Kharif,,,,,,,,1336.0,
West Bengal,Hooghly,Tur,Rabi,1240.0,,1561.0,3267.0,1200.0,1569.0,1590.0,,
West Bengal,Hooghly,Urad,Kharif,600.0,,,1000.0,,750.0,667.0,877.0,
West Bengal,Hooghly,Urad,Rabi,769.0,1148.0,457.0,531.0,600.0,,722.0,710.0,
West Bengal,Hooghly,Wheat,Rabi,2700.0,2417.0,3024.0,3100.0,2925.0,2800.0,3000.0,,
West Bengal,Howrah,Gram,Rabi,750.0,1273.0,600.0,,864.0,786.0,1000.0,1004.0,
West Bengal,Howrah,Lentil,Rabi,826.0,1111.0,1200.0,730.0,688.0,937.0,824.0,828.0,
West Bengal,Howrah,Maize,Kharif,,,,,,3000.0,6286.0,8446.0,
West Bengal,Howrah,Maize,Rabi,,,,1583.0,1597.0,3625.0,9436.0,8003.0,
West Bengal,Howrah,Maize,Summer,1378.0,3252.0,2133.0,621.0,2158.0,1578.0,7860.0,6717.0,
West Bengal,Howrah,Moong,Kharif,1088.0,,,,,,,,
West Bengal,Howrah,Moong,Summer,772.0,912.0,760.0,81.0,655.0,947.0,853.0,723.0,
West Bengal,Howrah,Rice,Kharif,890.0,2047.0,2743.0,2743.0,2838.0,2953.0,3228.0,2470.0,
West Bengal,Howrah,Rice,Rabi,2277.0,2412.0,2773.0,2220.0,2676.0,1483.0,2735.0,,
West Bengal,Howrah,Rice,Summer,3243.0,3425.0,3453.0,3746.0,3008.0,3375.0,3026.0,3122.0,
West Bengal,Howrah,Tur,Kharif,,,,,,,,1336.0,
West Bengal,Howrah,Urad,Kharif,750.0,,636.0,667.0,,500.0,667.0,710.0,
West Bengal,Howrah,Urad,Rabi,,,,,,,1000.0,,
West Bengal,Howrah,Wheat,Rabi,2014.0,1724.0,1602.0,2703.0,3245.0,3222.0,2504.0,2264.0,
West Bengal,Jalpaiguri,Barley,Rabi,1300.0,,,,,,1858.0,,
West Bengal,Jalpaiguri,Gram,Rabi,1013.0,1419.0,1122.0,1300.0,1238.0,1192.0,1263.0,1226.0,
West Bengal,Jalpaiguri,Lentil,Rabi,428.0,552.0,372.0,410.0,512.0,444.0,564.0,739.0,
West Bengal,Jalpaiguri,Maize,Kharif,1551.0,2451.0,3200.0,2954.0,2301.0,2259.0,3187.0,3196.0,
West Bengal,Jalpaiguri,Maize,Rabi,3773.0,3714.0,4975.0,5115.0,5150.0,5160.0,2562.0,2801.0,
West Bengal,Jalpaiguri,Maize,Summer,2812.0,3019.0,4980.0,4985.0,5050.0,5055.0,5841.0,6756.0,
West Bengal,Jalpaiguri,Moong,Kharif,704.0,481.0,474.0,480.0,476.0,460.0,450.0,465.0,
West Bengal,Jalpaiguri,Moong,Rabi,929.0,,850.0,824.0,800.0,800.0,829.0,780.0,
West Bengal,Jalpaiguri,Moong,Summer,913.0,634.0,1078.0,836.0,1059.0,1048.0,1038.0,848.0,
West Bengal,Jalpaiguri,Ragi,Kharif,810.0,793.0,793.0,813.0,800.0,,,,
West Bengal,Jalpaiguri,Rice,Kharif,2473.0,2178.0,2692.0,2379.0,2096.0,2256.0,2414.0,2683.0,
West Bengal,Jalpaiguri,Rice,Rabi,2411.0,2515.0,2794.0,2645.0,2640.0,2656.0,2687.0,,
West Bengal,Jalpaiguri,Rice,Summer,2555.0,2653.0,2804.0,2990.0,3112.0,3128.0,2969.0,3177.0,
West Bengal,Jalpaiguri,Shree Anna /Nutri Cereals,Kharif,810.0,793.0,793.0,813.0,800.0,,,,
West Bengal,Jalpaiguri,Shree Anna /Nutri Cereals,Rabi,538.0,,,,,,,,
West Bengal,Jalpaiguri,Small Millets,Rabi,538.0,,,,,,,,
West Bengal,Jalpaiguri,Tur,Kharif,,,,,,,,1336.0,
West Bengal,Jalpaiguri,Tur,Rabi,,1651.0,1563.0,3260.0,1196.0,1571.0,1578.0,,
West Bengal,Jalpaiguri,Urad,Kharif,630.0,401.0,665.0,511.0,426.0,338.0,558.0,796.0,
West Bengal,Jalpaiguri,Urad,Rabi,1360.0,830.0,835.0,825.0,827.0,817.0,829.0,770.0,
West Bengal,Jalpaiguri,Wheat,Rabi,1669.0,3850.0,1857.0,2707.0,2044.0,2795.0,3033.0,3161.0,
West Bengal,Jhargram,Gram,Rabi,,1328.0,1303.0,1608.0,1297.0,1454.0,1468.0,1228.0,
West Bengal,Jhargram,Lentil,Rabi,908.0,662.0,1621.0,691.0,1475.0,1572.0,1834.0,1497.0,
West Bengal,Jhargram,Maize,Kharif,2451.0,1597.0,1944.0,2366.0,3286.0,2402.0,2666.0,3727.0,
West Bengal,Jhargram,Maize,Rabi,,,,2411.0,2420.0,2450.0,1879.0,7270.0,
West Bengal,Jhargram,Maize,Summer,,,,2240.0,2810.0,2791.0,4237.0,5538.0,
West Bengal,Jhargram,Moong,Kharif,,,,,,,,850.0,
West Bengal,Jhargram,Moong,Rabi,,,,830.0,850.0,840.0,850.0,800.0,
West Bengal,Jhargram,Moong,Summer,481.0,522.0,438.0,367.0,466.0,466.0,520.0,513.0,
West Bengal,Jhargram,Ragi,Kharif,,,,,,,,500.0,
West Bengal,Jhargram,Rice,Kharif,2949.0,2396.0,2818.0,2461.0,2507.0,2261.0,2490.0,2789.0,
West Bengal,Jhargram,Rice,Rabi,2748.0,2896.0,2874.0,3097.0,2829.0,2766.0,2800.0,,
West Bengal,Jhargram,Rice,Summer,3541.0,3339.0,3354.0,3631.0,3298.0,3245.0,3172.0,3099.0,
West Bengal,Jhargram,Shree Anna /Nutri Cereals,Kharif,,,,,,,,500.0,
West Bengal,Jhargram,Tur,Kharif,,,,,,,,1336.0,
West Bengal,Jhargram,Tur,Rabi,1126.0,1204.0,991.0,1161.0,1044.0,1537.0,1272.0,,
West Bengal,Jhargram,Urad,Kharif,350.0,366.0,304.0,450.0,362.0,420.0,479.0,506.0,
West Bengal,Jhargram,Urad,Rabi,,,,652.0,783.0,727.0,761.0,730.0,
West Bengal,Jhargram,Wheat,Rabi,2312.0,2452.0,2814.0,1852.0,2499.0,2573.0,2428.0,,
West Bengal,Kalimpong,Barley,Rabi,,1400.0,1400.0,2600.0,2600.0,2500.0,,,
West Bengal,Kalimpong,Maize,Kharif,2068.0,2451.0,2353.0,2335.0,2426.0,2481.0,3894.0,3634.0,
West Bengal,Kalimpong,Maize,Summer,,1107.0,2880.0,1800.0,4200.0,1795.0,7742.0,4778.0,
West Bengal,Kalimpong,Moong,Kharif,,,277.0,,,,,,
West Bengal,Kalimpong,Ragi,Kharif,,1000.0,1000.0,1500.0,1200.0,1570.0,1570.0,1080.0,
West Bengal,Kalimpong,Rice,Kharif,,,,,,,,1727.0,
West Bengal,Kalimpong,Rice,Rabi,1903.0,1927.0,1764.0,1611.0,1906.0,2085.0,1665.0,,
West Bengal,Kalimpong,Shree Anna /Nutri Cereals,Kharif,,1000.0,1000.0,1500.0,1200.0,1570.0,1570.0,1080.0,
West Bengal,Kalimpong,Shree Anna /Nutri Cereals,Rabi,,1412.0,1575.0,1556.0,1554.0,1556.0,,,
West Bengal,Kalimpong,Small Millets,Rabi,,1412.0,1575.0,1556.0,1554.0,1556.0,,,
West Bengal,Kalimpong,Tur,Rabi,,,,3250.0,,,,,
West Bengal,Kalimpong,Urad,Kharif,750.0,625.0,667.0,667.0,750.0,385.0,636.0,966.0,
West Bengal,Kalimpong,Urad,Rabi,,567.0,,,,,,,
West Bengal,Kalimpong,Wheat,Rabi,1763.0,3009.0,1854.0,2707.0,2044.0,,,,
West Bengal,Malda,Barley,Rabi,1412.0,1417.0,,,,,,,
West Bengal,Malda,Gram,Rabi,929.0,971.0,1046.0,1673.0,1345.0,1342.0,1313.0,1486.0,
West Bengal,Malda,Lentil,Rabi,1009.0,916.0,1146.0,922.0,957.0,1254.0,1226.0,1147.0,
West Bengal,Malda,Maize,Kharif,3980.0,3803.0,4278.0,4204.0,3961.0,3888.0,3258.0,4508.0,
West Bengal,Malda,Maize,Rabi,5000.0,9050.0,9100.0,9100.0,9355.0,9355.0,7920.0,9587.0,
West Bengal,Malda,Maize,Summer,5213.0,6094.0,7344.0,7845.0,7795.0,7790.0,8372.0,8112.0,
West Bengal,Malda,Moong,Kharif,569.0,,,,,,,,
West Bengal,Malda,Moong,Rabi,345.0,,,,,,,748.0,
West Bengal,Malda,Moong,Summer,507.0,1085.0,944.0,746.0,1089.0,1042.0,1656.0,2198.0,
West Bengal,Malda,Rice,Kharif,2512.0,2545.0,3191.0,2675.0,2847.0,2608.0,1993.0,2863.0,
West Bengal,Malda,Rice,Rabi,3195.0,2506.0,2703.0,3161.0,2708.0,2939.0,2940.0,,
West Bengal,Malda,Rice,Summer,4040.0,3989.0,4479.0,3464.0,3770.0,3631.0,3929.0,4176.0,
West Bengal,Malda,Tur,Kharif,,,,,,,,2016.0,
West Bengal,Malda,Tur,Rabi,1755.0,2400.0,3168.0,3270.0,1673.0,1570.0,2111.0,,
West Bengal,Malda,Urad,Kharif,795.0,1067.0,927.0,888.0,934.0,961.0,962.0,1092.0,
West Bengal,Malda,Urad,Rabi,,,,,,,,730.0,
West Bengal,Malda,Wheat,Rabi,3090.0,3249.0,3497.0,2589.0,2983.0,2872.0,3284.0,3542.0,
West Bengal,Murshidabad,Barley,Rabi,1421.0,1431.0,1902.0,1917.0,1890.0,1325.0,,2425.0,
West Bengal,Murshidabad,Gram,Rabi,918.0,1531.0,1126.0,1404.0,1323.0,1277.0,1156.0,1111.0,
West Bengal,Murshidabad,Jowar,Kharif,,,,550.0,552.0,552.0,590.0,660.0,
West Bengal,Murshidabad,Lentil,Rabi,1042.0,1203.0,831.0,894.0,1035.0,665.0,824.0,880.0,
West Bengal,Murshidabad,Maize,Kharif,3166.0,3965.0,4682.0,4484.0,4355.0,4237.0,5056.0,5000.0,
West Bengal,Murshidabad,Maize,Rabi,5155.0,4573.0,5051.0,6067.0,5846.0,5846.0,8687.0,7858.0,
West Bengal,Murshidabad,Maize,Summer,5026.0,3655.0,5944.0,8308.0,8298.0,5934.0,5704.0,6471.0,
West Bengal,Murshidabad,Moong,Kharif,938.0,1413.0,1457.0,1697.0,1075.0,1069.0,950.0,1081.0,
West Bengal,Murshidabad,Moong,Rabi,1354.0,1482.0,827.0,882.0,760.0,686.0,,,
West Bengal,Murshidabad,Moong,Summer,702.0,1085.0,944.0,728.0,1089.0,1042.0,1417.0,2026.0,
West Bengal,Murshidabad,Rice,Kharif,2535.0,2545.0,2697.0,2730.0,2811.0,2565.0,1967.0,3029.0,
West Bengal,Murshidabad,Rice,Rabi,3127.0,2934.0,2922.0,2963.0,2997.0,3163.0,2976.0,,
West Bengal,Murshidabad,Rice,Summer,3699.0,3851.0,3229.0,3312.0,3639.0,3661.0,3504.0,3411.0,
West Bengal,Murshidabad,Shree Anna /Nutri Cereals,Kharif,,,,550.0,552.0,552.0,590.0,660.0,
West Bengal,Murshidabad,Tur,Kharif,,,,,,,,1881.0,
West Bengal,Murshidabad,Tur,Rabi,1719.0,2148.0,2958.0,3201.0,1521.0,1575.0,2069.0,,
West Bengal,Murshidabad,Urad,Kharif,819.0,629.0,673.0,679.0,552.0,768.0,637.0,578.0,
West Bengal,Murshidabad,Urad,Rabi,1063.0,1084.0,1105.0,1120.0,1137.0,1108.0,1002.0,,
West Bengal,Murshidabad,Wheat,Rabi,2636.0,3048.0,,2589.0,2917.0,2827.0,2786.0,2766.0,
West Bengal,Nadia,Barley,Rabi,1469.0,,,,,,,,
West Bengal,Nadia,Gram,Rabi,878.0,1209.0,682.0,396.0,836.0,720.0,963.0,941.0,
West Bengal,Nadia,Lentil,Rabi,843.0,969.0,609.0,734.0,794.0,565.0,1184.0,947.0,
West Bengal,Nadia,Maize,Kharif,2723.0,2450.0,3117.0,3313.0,2969.0,2852.0,6043.0,9872.0,
West Bengal,Nadia,Maize,Rabi,2504.0,4051.0,4783.0,4827.0,4889.0,5576.0,8865.0,7182.0,
West Bengal,Nadia,Maize,Summer,2661.0,4164.0,4065.0,3975.0,6475.0,6296.0,7605.0,6042.0,
West Bengal,Nadia,Moong,Kharif,768.0,705.0,720.0,753.0,700.0,,,,
West Bengal,Nadia,Moong,Rabi,827.0,850.0,,,,,,,
West Bengal,Nadia,Moong,Summer,669.0,605.0,302.0,288.0,590.0,643.0,1759.0,721.0,
West Bengal,Nadia,Rice,Kharif,2662.0,2841.0,2633.0,2547.0,2693.0,2797.0,2769.0,3153.0,
West Bengal,Nadia,Rice,Rabi,3085.0,3268.0,3194.0,3279.0,2944.0,3020.0,3120.0,,
West Bengal,Nadia,Rice,Summer,3792.0,3621.0,3730.0,3818.0,3647.0,3614.0,3608.0,3430.0,
West Bengal,Nadia,Tur,Kharif,,,,,,,,1336.0,
West Bengal,Nadia,Tur,Rabi,1238.0,1649.0,1563.0,3268.0,1192.0,1591.0,1583.0,,
West Bengal,Nadia,Urad,Kharif,796.0,744.0,729.0,652.0,730.0,599.0,778.0,769.0,
West Bengal,Nadia,Urad,Rabi,823.0,808.0,,,,,,,
West Bengal,Nadia,Wheat,Rabi,3208.0,,,2707.0,3139.0,3003.0,3208.0,3247.0,
West Bengal,North 24 Parganas,Gram,Rabi,871.0,1243.0,683.0,430.0,868.0,773.0,1038.0,1004.0,
West Bengal,North 24 Parganas,Lentil,Rabi,847.0,822.0,740.0,924.0,1011.0,862.0,855.0,858.0,
West Bengal,North 24 Parganas,Maize,Kharif,2723.0,2454.0,,3316.0,2967.0,2851.0,6308.0,8424.0,
West Bengal,North 24 Parganas,Maize,Rabi,3826.0,3690.0,3608.0,,3618.0,3633.0,3426.0,3183.0,
West Bengal,North 24 Parganas,Maize,Summer,2458.0,2527.0,1819.0,2346.0,3717.0,2835.0,7851.0,6717.0,
West Bengal,North 24 Parganas,Moong,Kharif,750.0,1000.0,1000.0,1000.0,,,,,
West Bengal,North 24 Parganas,Moong,Rabi,,,967.0,968.0,,979.0,989.0,99.0,
West Bengal,North 24 Parganas,Moong,Summer,669.0,605.0,301.0,287.0,590.0,644.0,743.0,721.0,
West Bengal,North 24 Parganas,Rice,Kharif,2690.0,2934.0,2880.0,3016.0,3166.0,3175.0,3087.0,3156.0,
West Bengal,North 24 Parganas,Rice,Rabi,2799.0,2902.0,3296.0,2541.0,3121.0,3391.0,3117.0,,
West Bengal,North 24 Parganas,Rice,Summer,3455.0,3440.0,3578.0,3769.0,3639.0,3695.0,3613.0,3645.0,
West Bengal,North 24 Parganas,Tur,Kharif,,,,,,,,1336.0,
West Bengal,North 24 Parganas,Tur,Rabi,1227.0,1654.0,1500.0,,1185.0,1565.0,1569.0,,
West Bengal,North 24 Parganas,Urad,Kharif,739.0,650.0,653.0,579.0,673.0,550.0,702.0,710.0,
West Bengal,North 24 Parganas,Urad,Rabi,1169.0,,,,762.0,1013.0,1012.0,1025.0,
West Bengal,North 24 Parganas,Wheat,Rabi,3086.0,2000.0,1602.0,2706.0,3243.0,3219.0,3290.0,3241.0,
West Bengal,Paschim Bardhaman,Gram,Rabi,1500.0,1436.0,1097.0,1058.0,830.0,1249.0,1405.0,1399.0,
West Bengal,Paschim Bardhaman,Lentil,Rabi,581.0,910.0,706.0,756.0,742.0,723.0,943.0,795.0,
West Bengal,Paschim Bardhaman,Maize,Kharif,2722.0,2438.0,3083.0,3333.0,3000.0,2853.0,3722.0,4333.0,
West Bengal,Paschim Bardhaman,Maize,Rabi,,2249.0,2250.0,2276.0,2349.0,2399.0,7461.0,7270.0,
West Bengal,Paschim Bardhaman,Maize,Summer,,2252.0,2251.0,2400.0,2549.0,2451.0,6599.0,7033.0,
West Bengal,Paschim Bardhaman,Moong,Rabi,,500.0,500.0,,,,,,
West Bengal,Paschim Bardhaman,Moong,Summer,,1578.0,1452.0,1648.0,794.0,1218.0,1145.0,1311.0,
West Bengal,Paschim Bardhaman,Rice,Kharif,2925.0,2867.0,3130.0,2954.0,2879.0,3417.0,2909.0,2647.0,
West Bengal,Paschim Bardhaman,Rice,Rabi,3407.0,3193.0,2635.0,3091.0,3027.0,3085.0,2905.0,,
West Bengal,Paschim Bardhaman,Rice,Summer,3297.0,3520.0,3583.0,3291.0,3161.0,3082.0,3087.0,2899.0,
West Bengal,Paschim Bardhaman,Tur,Kharif,,,,,,,,1336.0,
West Bengal,Paschim Bardhaman,Tur,Rabi,1222.0,1667.0,1500.0,,1197.0,1575.0,1577.0,,
West Bengal,Paschim Bardhaman,Urad,Kharif,,,,,,708.0,727.0,877.0,
West Bengal,Paschim Bardhaman,Wheat,Rabi,2742.0,2623.0,2410.0,4248.0,2350.0,2646.0,2329.0,2365.0,
West Bengal,Paschim Medinipur,Gram,Rabi,1056.0,1330.0,1311.0,1600.0,1298.0,1454.0,1466.0,1228.0,
West Bengal,Paschim Medinipur,Lentil,Rabi,1017.0,1357.0,1575.0,1237.0,1634.0,1264.0,1445.0,1363.0,
West Bengal,Paschim Medinipur,Maize,Kharif,,1605.0,1945.0,2366.0,3320.0,2402.0,2667.0,2634.0,
West Bengal,Paschim Medinipur,Maize,Rabi,2650.0,3101.0,3276.0,3467.0,3721.0,2700.0,1878.0,7270.0,
West Bengal,Paschim Medinipur,Maize,Summer,2520.0,3201.0,3288.0,3319.0,3570.0,2851.0,4740.0,4928.0,
West Bengal,Paschim Medinipur,Moong,Kharif,648.0,,,800.0,,,,,
West Bengal,Paschim Medinipur,Moong,Rabi,,756.0,765.0,750.0,763.0,699.0,809.0,800.0,
West Bengal,Paschim Medinipur,Moong,Summer,916.0,797.0,637.0,396.0,594.0,712.0,1082.0,1315.0,
West Bengal,Paschim Medinipur,Ragi,Kharif,,,,,,,,800.0,
West Bengal,Paschim Medinipur,Rice,Kharif,2540.0,2423.0,2618.0,2393.0,2766.0,2664.0,2675.0,2993.0,
West Bengal,Paschim Medinipur,Rice,Rabi,2790.0,3054.0,3121.0,2698.0,3012.0,2626.0,3204.0,,
West Bengal,Paschim Medinipur,Rice,Summer,3613.0,3775.0,3787.0,3361.0,3521.0,3475.0,3554.0,3528.0,
West Bengal,Paschim Medinipur,Shree Anna /Nutri Cereals,Kharif,,,,,,,,800.0,
West Bengal,Paschim Medinipur,Tur,Kharif,,,,,,,,1336.0,
West Bengal,Paschim Medinipur,Tur,Rabi,1128.0,1205.0,990.0,1160.0,1040.0,1548.0,1278.0,,
West Bengal,Paschim Medinipur,Urad,Kharif,,429.0,302.0,448.0,361.0,420.0,478.0,506.0,
West Bengal,Paschim Medinipur,Urad,Rabi,840.0,727.0,717.0,778.0,661.0,900.0,826.0,840.0,
West Bengal,Paschim Medinipur,Wheat,Rabi,1855.0,2700.0,2794.0,1852.0,2499.0,2573.0,2426.0,,
West Bengal,Purba Bardhaman,Barley,Rabi,,,667.0,,,,,,
West Bengal,Purba Bardhaman,Gram,Rabi,1260.0,1295.0,1215.0,1577.0,1414.0,1231.0,1217.0,1398.0,
West Bengal,Purba Bardhaman,Lentil,Rabi,747.0,1147.0,980.0,893.0,963.0,900.0,928.0,861.0,
West Bengal,Purba Bardhaman,Maize,Kharif,,2442.0,3143.0,3333.0,2947.0,2850.0,3719.0,4333.0,
West Bengal,Purba Bardhaman,Maize,Rabi,2085.0,1222.0,1200.0,1205.0,1200.0,1190.0,7444.0,7270.0,
West Bengal,Purba Bardhaman,Maize,Summer,2252.0,2263.0,2548.0,2826.0,1866.0,1443.0,6595.0,7033.0,
West Bengal,Purba Bardhaman,Moong,Kharif,667.0,1125.0,1143.0,1154.0,1077.0,904.0,1000.0,840.0,
West Bengal,Purba Bardhaman,Moong,Rabi,400.0,,,,,,,,
West Bengal,Purba Bardhaman,Moong,Summer,906.0,677.0,1437.0,1650.0,798.0,1217.0,1146.0,1311.0,
West Bengal,Purba Bardhaman,Rice,Kharif,3091.0,3028.0,3054.0,1105.0,2747.0,3217.0,2815.0,3387.0,
West Bengal,Purba Bardhaman,Rice,Rabi,3330.0,2862.0,3220.0,3551.0,3238.0,2945.0,2910.0,,
West Bengal,Purba Bardhaman,Rice,Summer,2329.0,3566.0,3584.0,3875.0,3796.0,3605.0,3729.0,3802.0,
West Bengal,Purba Bardhaman,Tur,Kharif,,,,,,,,1336.0,
West Bengal,Purba Bardhaman,Tur,Rabi,1235.0,1648.0,1565.0,3273.0,1194.0,1563.0,1625.0,,
West Bengal,Purba Bardhaman,Urad,Kharif,667.0,630.0,642.0,682.0,650.0,703.0,727.0,877.0,
West Bengal,Purba Bardhaman,Urad,Rabi,957.0,897.0,752.0,757.0,,,,,
West Bengal,Purba Bardhaman,Wheat,Rabi,2323.0,2668.0,3411.0,3099.0,3435.0,2749.0,2812.0,2541.0,
West Bengal,Purba Medinipur,Gram,Rabi,,,1307.0,1603.0,1297.0,1455.0,1468.0,1228.0,
West Bengal,Purba Medinipur,Lentil,Rabi,1000.0,872.0,844.0,783.0,1359.0,835.0,1354.0,500.0,
West Bengal,Purba Medinipur,Maize,Kharif,,,1917.0,,2357.0,2500.0,,2634.0,
West Bengal,Purba Medinipur,Maize,Summer,1535.0,1608.0,1608.0,1556.0,1613.0,2962.0,4739.0,4928.0,
West Bengal,Purba Medinipur,Moong,Summer,721.0,880.0,656.0,410.0,3221.0,1752.0,1440.0,1186.0,
West Bengal,Purba Medinipur,Rice,Kharif,2253.0,1501.0,1458.0,1724.0,1953.0,790.0,2206.0,2656.0,
West Bengal,Purba Medinipur,Rice,Rabi,2272.0,2426.0,2859.0,1991.0,2735.0,1996.0,2763.0,,
West Bengal,Purba Medinipur,Rice,Summer,3488.0,3652.0,3799.0,4043.0,3912.0,4163.0,3930.0,3714.0,
West Bengal,Purba Medinipur,Urad,Kharif,354.0,364.0,302.0,447.0,363.0,421.0,481.0,506.0,
West Bengal,Purba Medinipur,Wheat,Rabi,2313.0,2400.0,2793.0,,,,,,
West Bengal,Purulia,Bajra,Kharif,377.0,400.0,408.0,397.0,429.0,431.0,429.0,410.0,
West Bengal,Purulia,Gram,Rabi,1077.0,1152.0,1234.0,1630.0,1106.0,1473.0,1454.0,1098.0,
West Bengal,Purulia,Jowar,Kharif,385.0,500.0,469.0,483.0,508.0,508.0,517.0,497.0,
West Bengal,Purulia,Lentil,Rabi,800.0,247.0,373.0,262.0,447.0,589.0,398.0,468.0,
West Bengal,Purulia,Maize,Kharif,2430.0,1647.0,1974.0,2226.0,2157.0,2230.0,2467.0,1918.0,
West Bengal,Purulia,Maize,Rabi,,,1420.0,1778.0,1778.0,1799.0,1751.0,7270.0,
West Bengal,Purulia,Maize,Summer,6273.0,2107.0,2239.0,3020.0,2409.0,2811.0,1979.0,1990.0,
West Bengal,Purulia,Moong,Kharif,606.0,550.0,540.0,580.0,580.0,585.0,590.0,597.0,
West Bengal,Purulia,Moong,Rabi,844.0,700.0,560.0,625.0,630.0,656.0,674.0,663.0,
West Bengal,Purulia,Moong,Summer,,537.0,782.0,620.0,727.0,1267.0,1158.0,1637.0,
West Bengal,Purulia,Ragi,Kharif,404.0,400.0,307.0,321.0,426.0,429.0,448.0,650.0,
West Bengal,Purulia,Rice,Kharif,2546.0,2306.0,2520.0,2315.0,2517.0,2274.0,2706.0,2055.0,
West Bengal,Purulia,Rice,Rabi,2347.0,2752.0,2187.0,2781.0,2685.0,2950.0,2379.0,,
West Bengal,Purulia,Rice,Summer,2560.0,2285.0,3026.0,3022.0,2609.0,2760.0,2982.0,2923.0,
West Bengal,Purulia,Shree Anna /Nutri Cereals,Kharif,328.0,345.0,335.0,332.0,403.0,405.0,412.0,543.0,
West Bengal,Purulia,Small Millets,Kharif,255.0,314.0,333.0,323.0,388.0,386.0,392.0,424.0,
West Bengal,Purulia,Tur,Rabi,1124.0,1144.0,978.0,1117.0,1082.0,1568.0,1258.0,,
West Bengal,Purulia,Urad,Kharif,386.0,398.0,358.0,495.0,373.0,469.0,526.0,552.0,
West Bengal,Purulia,Urad,Rabi,514.0,631.0,,,,,,,
West Bengal,Purulia,Wheat,Rabi,1768.0,2039.0,2538.0,1804.0,1779.0,2573.0,2450.0,2374.0,
West Bengal,South 24 Parganas,Gram,Rabi,871.0,1233.0,685.0,430.0,872.0,773.0,1042.0,1004.0,
West Bengal,South 24 Parganas,Lentil,Rabi,1180.0,988.0,1183.0,426.0,961.0,1007.0,793.0,1044.0,
West Bengal,South 24 Parganas,Maize,Kharif,,,3120.0,,3000.0,2846.0,6310.0,8446.0,
West Bengal,South 24 Parganas,Maize,Rabi,,,,2368.0,5600.0,5129.0,9424.0,8003.0,
West Bengal,South 24 Parganas,Maize,Summer,2512.0,1800.0,1571.0,1865.0,1855.0,1908.0,7855.0,6717.0,
West Bengal,South 24 Parganas,Moong,Summer,665.0,591.0,283.0,295.0,587.0,631.0,672.0,721.0,
West Bengal,South 24 Parganas,Rice,Kharif,2579.0,2608.0,2813.0,3007.0,2512.0,3069.0,2515.0,2596.0,
West Bengal,South 24 Parganas,Rice,Rabi,2287.0,2375.0,2478.0,2042.0,2443.0,2488.0,2497.0,,
West Bengal,South 24 Parganas,Rice,Summer,3483.0,3590.0,3610.0,3932.0,4030.0,4274.0,4099.0,3902.0,
West Bengal,South 24 Parganas,Tur,Kharif,,,,,,,,1336.0,
West Bengal,South 24 Parganas,Tur,Rabi,1238.0,1667.0,1565.0,3269.0,1191.0,1573.0,1576.0,,
West Bengal,South 24 Parganas,Urad,Kharif,739.0,649.0,654.0,579.0,674.0,551.0,704.0,710.0,
West Bengal,South 24 Parganas,Wheat,Rabi,3082.0,1996.0,1603.0,2707.0,3243.0,3219.0,3289.0,3241.0,
West Bengal,Uttar Dinajpur,Barley,Rabi,1611.0,,,,,,,,
West Bengal,Uttar Dinajpur,Gram,Rabi,917.0,1472.0,1105.0,1460.0,1268.0,1212.0,1154.0,1122.0,
West Bengal,Uttar Dinajpur,Lentil,Rabi,552.0,631.0,608.0,581.0,606.0,536.0,583.0,612.0,
West Bengal,Uttar Dinajpur,Maize,Kharif,2730.0,3965.0,4682.0,4484.0,4355.0,4237.0,4356.0,5031.0,
West Bengal,Uttar Dinajpur,Maize,Rabi,6104.0,8300.0,8360.0,10225.0,10500.0,10550.0,7502.0,6759.0,
West Bengal,Uttar Dinajpur,Maize,Summer,6247.0,8200.0,10200.0,9300.0,9800.0,9680.0,7286.0,7624.0,
West Bengal,Uttar Dinajpur,Moong,Kharif,1209.0,885.0,,,,,,,
West Bengal,Uttar Dinajpur,Moong,Rabi,,,,,,667.0,670.0,680.0,
West Bengal,Uttar Dinajpur,Moong,Summer,850.0,1085.0,945.0,382.0,1089.0,1042.0,1656.0,1104.0,
West Bengal,Uttar Dinajpur,Ragi,Kharif,825.0,,,,,,,,
West Bengal,Uttar Dinajpur,Rice,Kharif,2513.0,2545.0,2843.0,2675.0,2847.0,2608.0,1992.0,2890.0,
West Bengal,Uttar Dinajpur,Rice,Rabi,2677.0,2033.0,2838.0,3052.0,2588.0,2692.0,2808.0,,
West Bengal,Uttar Dinajpur,Rice,Summer,2938.0,3284.0,3306.0,3237.0,2920.0,2969.0,3119.0,3143.0,
West Bengal,Uttar Dinajpur,Shree Anna /Nutri Cereals,Kharif,410.0,,,,,,,,
West Bengal,Uttar Dinajpur,Small Millets,Kharif,300.0,,,,,,,,
West Bengal,Uttar Dinajpur,Tur,Kharif,,,,,,,,2016.0,
West Bengal,Uttar Dinajpur,Tur,Rabi,,,,,1674.0,1571.0,2107.0,,
West Bengal,Uttar Dinajpur,Urad,Kharif,706.0,684.0,645.0,803.0,733.0,601.0,766.0,718.0,
West Bengal,Uttar Dinajpur,Urad,Rabi,804.0,580.0,959.0,972.0,966.0,971.0,955.0,965.0,
West Bengal,Uttar Dinajpur,Wheat,Rabi,2376.0,2896.0,2610.0,2256.0,2645.0,2921.0,2743.0,2924.0,
